offense_code_encoded,offense_category_name_encoded,crime_against_encoded,ct_flag_encoded,hc_flag_encoded,weapon_name_encoded,arrest_type_name_encoded,sex_code_encoded,race_desc_encoded,ethnicity_name_encoded,avg_arrestee_age,MULTIPLE_ARRESTS,ARREST
9,3,0,0,1,12,0,1,0,1,24.0,0,1
43,8,2,0,0,12,0,1,0,1,35.0,0,1
49,0,2,0,0,12,0,0,0,1,33.0,0,1
49,0,2,0,0,8,0,1,0,1,30.0,0,1
9,3,0,0,1,12,2,1,0,1,39.0,0,1
9,3,0,0,1,12,2,1,5,0,27.0,0,1
9,3,0,0,1,12,0,1,0,1,17.0,0,1
9,3,0,0,1,12,0,1,0,1,17.0,0,1
9,3,0,0,1,12,2,1,0,1,32.0,0,1
31,7,1,0,1,12,2,0,0,1,34.0,0,1
49,0,2,0,0,12,0,0,0,1,27.0,0,1
9,3,0,0,1,12,2,1,0,1,52.0,0,1
8,3,0,0,1,12,2,1,0,1,41.0,0,1
31,7,1,0,1,5,0,1,5,2,19.0,0,1
9,3,0,0,1,5,0,1,0,1,25.0,0,1
8,3,0,0,1,5,0,1,0,1,27.0,0,1
49,0,2,0,0,12,0,1,0,1,38.0,0,1
49,0,2,0,0,12,0,1,0,1,25.0,0,1
40,30,2,0,1,12,2,1,5,2,77.0,0,1
8,3,0,0,1,12,1,1,5,0,30.0,0,1
21,21,1,1,1,12,1,1,5,0,32.0,0,1
8,3,0,0,1,5,0,1,0,1,38.0,0,1
32,10,2,0,1,3,2,0,5,0,24.0,1,1
49,0,2,0,0,12,0,1,0,1,32.0,0,1
32,10,2,0,1,12,2,1,0,1,42.0,0,1
9,3,0,0,1,12,2,1,0,1,35.0,0,1
43,8,2,0,0,12,2,0,0,1,32.0,1,1
32,10,2,0,1,12,2,1,0,1,48.0,0,1
43,8,2,0,0,0,2,1,0,1,32.0,0,1
9,3,0,0,1,12,2,0,0,1,45.0,0,1
9,3,0,0,1,12,2,0,0,1,43.0,0,1
8,3,0,0,1,12,2,1,5,0,61.0,0,1
16,19,1,0,1,12,1,0,5,0,27.0,1,1
16,19,1,0,1,12,1,0,5,0,25.0,1,1
9,3,0,0,1,12,0,0,5,0,20.0,0,1
9,3,0,0,1,12,0,0,5,0,45.0,0,1
9,3,0,0,1,12,0,1,5,0,36.0,0,1
16,19,1,0,1,12,1,0,5,0,35.0,0,1
8,3,0,0,1,12,0,1,5,1,37.0,0,1
32,10,2,0,1,12,2,1,5,0,28.0,0,1
20,19,1,1,1,12,2,1,2,1,38.0,0,1
11,2,1,0,1,12,1,1,5,1,56.0,0,1
9,3,0,0,1,12,1,1,5,0,12.0,0,1
16,19,1,0,1,12,0,1,5,1,55.0,0,1
32,10,2,0,1,12,0,1,5,0,28.0,0,1
2,18,0,0,1,12,0,1,5,0,28.0,0,1
13,5,1,1,1,12,0,1,5,1,48.0,0,1
8,3,0,0,1,12,0,0,5,1,58.0,0,1
16,19,1,0,1,12,0,1,5,0,24.0,0,1
8,3,0,0,1,12,0,1,5,0,18.0,0,1
9,3,0,0,1,12,0,1,5,0,52.0,0,1
9,3,0,0,1,12,1,1,5,0,30.0,0,1
21,21,1,1,1,12,2,1,5,0,31.0,0,1
42,1,2,0,0,12,2,1,4,3,42.0,0,1
31,7,1,0,1,12,2,1,5,0,23.0,0,1
9,3,0,0,1,12,1,1,5,1,60.0,0,1
9,3,0,0,1,12,1,0,2,1,44.0,0,1
9,3,0,0,1,12,1,1,4,3,33.0,0,1
22,6,1,0,1,12,2,1,5,0,61.0,0,1
24,14,1,1,1,12,2,1,5,0,42.0,0,1
9,3,0,0,1,12,1,0,5,1,22.0,0,1
32,10,2,0,1,3,2,1,5,0,21.0,0,1
9,3,0,0,1,12,1,1,1,3,31.0,0,1
31,7,1,0,1,12,1,1,5,3,21.0,0,1
31,7,1,0,1,12,2,1,5,0,26.0,0,1
32,10,2,0,1,12,2,1,4,3,36.0,0,1
49,0,2,0,0,12,2,1,5,0,27.666666666666668,1,1
9,3,0,0,1,12,1,0,5,0,33.0,0,1
8,3,0,0,1,12,2,0,5,0,35.0,1,1
9,3,0,0,1,12,2,1,5,0,40.0,0,1
21,21,1,1,1,12,2,0,5,0,27.0,0,1
9,3,0,0,1,12,2,1,5,0,63.0,0,1
30,28,1,0,1,3,2,0,2,3,43.0,0,1
32,10,2,0,1,12,2,1,5,0,29.0,0,1
31,7,1,0,1,12,1,1,5,0,37.0,0,1
9,3,0,0,1,12,1,1,5,0,26.0,0,1
33,10,2,0,1,12,2,0,5,0,30.0,0,1
9,3,0,0,1,6,1,1,5,0,58.0,0,1
8,3,0,0,1,4,2,1,5,0,64.0,0,1
16,19,1,0,1,12,2,0,5,0,36.0,0,1
32,10,2,0,1,12,2,1,2,1,25.0,0,1
9,3,0,0,1,12,2,0,5,3,31.0,0,1
13,5,1,1,1,12,2,0,5,0,21.0,0,1
30,28,1,0,1,3,1,1,5,0,15.0,0,1
9,3,0,0,1,12,2,1,3,1,42.0,0,1
33,10,2,0,1,12,1,0,5,0,22.0,0,1
32,10,2,0,1,12,1,0,5,0,22.0,0,1
9,3,0,0,1,12,2,0,4,3,22.0,0,1
9,3,0,0,1,12,1,1,5,0,22.0,0,1
9,3,0,0,1,12,2,1,5,0,26.0,0,1
30,28,1,0,1,12,2,0,5,1,37.5,1,1
9,3,0,0,1,12,1,1,5,0,43.0,0,1
9,3,0,0,1,12,2,1,5,3,28.0,0,1
20,19,1,1,1,12,2,0,4,3,31.0,0,1
9,3,0,0,1,12,1,1,3,1,21.0,0,1
30,28,1,0,1,12,2,1,5,0,19.0,0,1
9,3,0,0,1,12,2,1,5,0,36.0,0,1
21,21,1,1,1,12,2,1,5,0,43.0,0,1
16,19,1,0,1,12,1,0,5,0,27.0,0,1
9,3,0,0,1,5,2,1,5,0,30.0,0,1
32,10,2,0,1,12,2,1,3,1,27.0,0,1
33,10,2,0,1,12,2,1,5,0,41.0,0,1
18,19,1,1,1,12,2,1,5,0,45.0,0,1
9,3,0,0,1,12,1,1,5,0,22.0,0,1
9,3,0,0,1,12,1,1,5,3,32.0,0,1
9,3,0,0,1,12,1,1,5,0,32.0,0,1
9,3,0,0,1,12,1,1,4,3,31.0,0,1
9,3,0,0,1,12,1,0,5,0,29.0,0,1
16,19,1,0,1,12,1,0,5,0,32.0,0,1
8,3,0,0,1,3,2,1,5,0,62.0,0,1
10,3,0,0,1,12,1,1,5,1,59.0,0,1
9,3,0,0,1,12,2,0,5,0,37.0,0,1
9,3,0,0,1,12,1,0,5,3,16.0,0,1
9,3,0,0,1,12,1,0,0,1,45.0,0,1
9,3,0,0,1,12,1,1,5,0,37.0,0,1
20,19,1,1,1,12,1,1,4,3,34.0,0,1
40,30,2,0,1,3,2,1,5,0,36.0,0,1
9,3,0,0,1,0,1,1,5,0,34.0,0,1
31,7,1,0,1,12,1,1,5,0,37.5,1,1
20,19,1,1,1,12,2,0,0,1,45.0,0,1
9,3,0,0,1,12,1,0,4,3,29.5,1,1
8,3,0,0,1,0,2,1,5,0,26.0,0,1
31,7,1,0,1,12,1,1,5,0,34.0,0,1
10,3,0,0,1,12,1,0,5,3,64.0,0,1
32,10,2,0,1,12,2,1,5,0,61.0,0,1
9,3,0,0,1,12,2,1,5,0,31.0,0,1
40,30,2,0,1,3,2,1,5,0,32.0,0,1
16,19,1,0,1,12,2,0,5,0,43.0,0,1
40,30,2,0,1,3,2,0,5,0,31.0,1,1
30,28,1,0,1,12,2,0,5,0,30.0,0,1
32,10,2,0,1,12,2,1,5,0,29.0,0,1
32,10,2,0,1,12,2,1,5,0,36.0,0,1
30,28,1,0,1,12,2,0,0,0,33.5,1,1
8,3,0,0,1,3,2,1,5,0,26.0,0,1
32,10,2,0,1,12,2,1,5,3,41.0,0,1
16,19,1,0,1,12,1,1,5,0,41.0,0,1
10,3,0,0,1,12,2,1,0,3,36.0,0,1
31,7,1,0,1,12,1,1,5,0,56.0,0,1
13,5,1,1,1,12,2,1,5,0,40.0,0,1
40,30,2,0,1,3,2,1,5,0,20.0,0,1
9,3,0,0,1,5,2,1,5,0,42.0,0,1
32,10,2,0,1,12,2,1,5,1,41.0,0,1
32,10,2,0,1,12,2,1,5,3,37.0,0,1
9,3,0,0,1,12,1,1,5,0,33.0,0,1
32,10,2,0,1,12,2,1,5,3,31.0,0,1
9,3,0,0,1,12,2,1,5,0,16.0,0,1
9,3,0,0,1,12,2,1,5,0,27.0,0,1
9,3,0,0,1,12,2,0,0,1,45.0,0,1
9,3,0,0,1,12,2,1,5,0,27.0,0,1
9,3,0,0,1,12,2,1,5,1,32.0,0,1
9,3,0,0,1,12,1,1,5,0,29.0,0,1
9,3,0,0,1,12,2,1,5,0,34.0,0,1
29,11,1,1,1,12,1,1,4,3,37.0,0,1
40,30,2,0,1,12,1,1,5,0,13.0,0,1
25,14,1,1,1,12,1,1,5,1,59.0,0,1
8,3,0,0,1,12,2,1,5,0,51.0,0,1
9,3,0,0,1,12,1,1,5,0,38.0,0,1
32,10,2,0,1,12,2,0,5,3,23.0,0,1
32,10,2,0,1,12,2,0,5,0,40.0,1,1
32,10,2,0,1,12,2,1,5,0,50.0,0,1
8,3,0,0,1,0,2,1,5,1,17.0,0,1
16,19,1,0,1,12,1,0,5,0,33.0,0,1
9,3,0,0,1,12,1,1,5,0,38.0,0,1
9,3,0,0,1,12,1,1,0,1,24.0,0,1
9,3,0,0,1,12,1,1,0,1,17.0,0,1
9,3,0,0,1,12,1,0,0,1,20.0,0,1
20,19,1,1,1,12,2,0,0,1,37.0,0,1
31,7,1,0,1,12,1,1,0,1,31.0,0,1
9,3,0,0,1,12,2,0,0,1,28.0,0,1
31,7,1,0,1,12,1,1,0,1,31.0,0,1
9,3,0,0,1,12,2,1,0,1,25.0,0,1
21,21,1,1,1,12,2,1,5,0,44.0,0,1
9,3,0,0,1,12,1,0,0,1,45.0,0,1
9,3,0,0,1,12,1,0,0,1,27.0,0,1
32,10,2,0,1,12,1,1,5,0,26.0,0,1
9,3,0,0,1,12,0,0,5,0,24.0,0,1
43,8,2,0,0,12,0,1,0,1,30.0,0,1
9,3,0,0,1,12,0,1,5,0,37.0,0,1
16,19,1,0,1,12,1,1,0,1,32.0,0,1
9,3,0,0,1,3,0,1,5,0,53.0,0,1
9,3,0,0,1,12,1,1,0,1,44.0,0,1
8,3,0,0,1,12,2,0,5,2,45.0,0,1
40,30,2,0,1,3,0,1,5,1,29.0,0,1
31,7,1,0,1,12,0,1,5,0,53.0,0,1
11,2,1,0,1,12,2,1,4,1,56.0,0,1
8,3,0,0,1,12,2,1,5,0,32.5,1,1
8,3,0,0,1,12,0,1,5,0,30.0,0,1
21,21,1,1,1,12,2,1,5,0,21.0,0,1
31,7,1,0,1,12,2,1,5,0,47.5,1,1
9,3,0,0,1,12,2,1,5,1,42.0,0,1
16,19,1,0,1,12,2,1,5,0,40.0,0,1
31,7,1,0,1,12,2,1,0,1,25.0,0,1
9,3,0,0,1,12,2,0,5,0,45.0,0,1
21,21,1,1,1,12,2,1,5,0,29.0,0,1
30,28,1,0,1,3,2,0,5,0,32.5,1,1
30,28,1,0,1,12,2,1,5,1,27.0,0,1
9,3,0,0,1,12,2,1,5,0,19.0,0,1
13,5,1,1,1,12,2,1,5,1,40.0,0,1
9,3,0,0,1,12,2,1,5,1,40.0,0,1
32,10,2,0,1,12,2,1,5,0,50.0,0,1
30,28,1,0,1,12,2,1,5,0,43.0,0,1
9,3,0,0,1,12,0,1,0,1,20.0,0,1
40,30,2,0,1,6,0,1,5,0,30.0,0,1
31,7,1,0,1,12,2,1,5,0,39.0,0,1
8,3,0,0,1,12,0,1,5,0,42.0,0,1
40,30,2,0,1,3,0,1,5,0,50.0,0,1
40,30,2,0,1,1,0,1,5,0,27.0,0,1
8,3,0,0,1,12,0,1,5,0,36.0,0,1
31,7,1,0,1,12,0,1,5,0,49.0,0,1
7,25,1,1,1,6,2,1,5,0,45.0,0,1
16,19,1,0,1,12,0,0,5,0,58.0,0,1
32,10,2,0,1,12,0,0,5,0,24.0,0,1
49,0,2,0,0,12,2,0,5,0,43.0,0,1
9,3,0,0,1,12,0,1,5,1,41.0,0,1
16,19,1,0,1,12,2,1,5,0,34.0,0,1
32,10,2,0,1,12,2,1,5,0,22.0,0,1
31,7,1,0,1,12,2,1,5,1,71.0,0,1
9,3,0,0,1,12,2,1,5,0,37.0,0,1
32,10,2,0,1,12,2,1,5,0,44.0,0,1
49,0,2,0,0,12,0,1,5,0,29.0,0,1
49,0,2,0,0,12,0,1,5,0,29.0,0,1
31,7,1,0,1,12,0,0,5,0,18.0,0,1
31,7,1,0,1,12,0,1,5,3,22.0,0,1
13,5,1,1,1,12,0,0,5,2,40.0,0,1
40,30,2,0,1,12,0,1,5,0,39.0,0,1
8,3,0,0,1,3,0,1,5,0,44.0,0,1
9,3,0,0,1,12,1,1,5,0,17.0,0,1
8,3,0,0,1,5,0,1,5,0,43.0,0,1
9,3,0,0,1,12,0,0,5,0,21.0,0,1
32,10,2,0,1,3,2,1,5,0,21.0,0,1
2,18,0,0,1,12,2,1,5,1,36.0,0,1
20,19,1,1,1,12,2,1,5,0,35.0,0,1
40,30,2,0,1,3,0,1,5,0,16.0,0,1
40,30,2,0,1,3,1,1,5,1,16.333333333333332,1,1
9,3,0,0,1,12,0,1,5,1,36.0,0,1
9,3,0,0,1,12,0,1,5,0,27.0,0,1
33,10,2,0,1,12,1,0,5,0,27.0,0,1
32,10,2,0,1,12,0,1,5,0,38.0,0,1
16,19,1,0,1,12,0,1,5,0,38.0,0,1
9,3,0,0,1,12,0,1,5,1,36.0,0,1
8,3,0,0,1,12,2,1,5,0,38.0,0,1
49,0,2,0,0,12,2,1,5,0,46.0,0,1
9,3,0,0,1,12,0,0,5,0,24.0,0,1
9,3,0,0,1,12,1,0,5,0,16.0,0,1
8,3,0,0,1,3,2,1,5,0,21.0,0,1
2,18,0,0,1,3,0,1,5,1,26.0,0,1
9,3,0,0,1,12,0,1,5,1,32.0,0,1
46,20,2,0,0,12,1,1,5,0,17.0,0,1
9,3,0,0,1,12,0,1,5,1,19.0,0,1
9,3,0,0,1,12,0,0,5,1,38.0,0,1
2,18,0,0,1,12,0,1,5,0,31.0,0,1
9,3,0,0,1,12,0,0,5,0,36.0,0,1
13,5,1,1,1,12,2,1,5,0,40.0,0,1
8,3,0,0,1,3,0,1,5,0,43.0,0,1
9,3,0,0,1,12,0,0,5,0,50.0,0,1
23,14,1,1,1,12,0,0,5,0,52.0,0,1
16,19,1,0,1,12,2,0,5,1,26.0,0,1
16,19,1,0,1,12,1,0,5,0,34.0,0,1
16,19,1,0,1,12,1,1,5,1,42.0,0,1
31,7,1,0,1,12,0,0,5,1,41.0,0,1
9,3,0,0,1,12,2,1,5,1,68.0,0,1
9,3,0,0,1,12,0,1,5,0,30.0,0,1
9,3,0,0,1,12,1,0,5,0,16.0,0,1
9,3,0,0,1,12,0,1,5,0,40.0,0,1
9,3,0,0,1,12,1,0,5,0,17.0,0,1
16,19,1,0,1,12,0,1,5,0,35.0,0,1
31,7,1,0,1,12,0,1,5,1,44.0,0,1
9,3,0,0,1,12,0,1,5,0,37.0,0,1
9,3,0,0,1,12,1,1,5,1,31.0,0,1
9,3,0,0,1,3,2,1,5,0,38.0,0,1
9,3,0,0,1,12,1,0,5,0,12.0,0,1
9,3,0,0,1,12,0,0,5,0,18.0,0,1
9,3,0,0,1,12,0,1,5,1,28.0,0,1
9,3,0,0,1,12,2,1,5,0,22.0,0,1
2,18,0,0,1,12,2,1,5,0,50.0,0,1
9,3,0,0,1,12,0,0,5,0,17.0,0,1
8,3,0,0,1,10,2,1,5,0,40.0,0,1
9,3,0,0,1,12,2,1,5,0,17.0,0,1
9,3,0,0,1,12,0,0,5,1,45.0,0,1
9,3,0,0,1,12,0,1,5,0,24.0,0,1
9,3,0,0,1,12,2,1,5,0,34.0,0,1
16,19,1,0,1,12,2,1,5,0,18.0,0,1
9,3,0,0,1,12,0,1,5,0,49.0,0,1
9,3,0,0,1,12,1,1,5,0,9.0,0,1
9,3,0,0,1,12,0,1,5,0,20.0,0,1
9,3,0,0,1,12,0,0,5,0,57.0,0,1
31,7,1,0,1,12,1,1,5,0,14.5,1,1
16,19,1,0,1,12,1,1,5,0,28.0,0,1
9,3,0,0,1,12,0,0,5,0,43.0,0,1
13,5,1,1,1,12,0,1,5,0,40.0,0,1
9,3,0,0,1,12,0,0,5,1,30.0,0,1
9,3,0,0,1,12,1,0,5,0,15.0,0,1
9,3,0,0,1,12,0,0,5,0,28.0,0,1
9,3,0,0,1,12,0,1,5,0,35.0,0,1
43,8,2,0,0,12,0,0,0,1,25.0,0,1
32,10,2,0,1,12,0,1,0,1,57.0,0,1
9,3,0,0,1,12,0,0,0,1,61.0,0,1
9,3,0,0,1,12,1,1,0,1,15.0,0,1
40,30,2,0,1,10,0,1,5,0,40.0,0,1
32,10,2,0,1,3,0,1,5,1,44.0,0,1
9,3,0,0,1,12,0,1,5,1,25.0,0,1
9,3,0,0,1,12,2,0,0,1,34.0,0,1
9,3,0,0,1,12,1,1,0,1,15.0,0,1
9,3,0,0,1,12,2,1,5,1,45.0,0,1
9,3,0,0,1,12,0,1,0,1,39.0,0,1
9,3,0,0,1,12,0,1,0,1,32.0,0,1
9,3,0,0,1,12,1,1,5,0,28.0,0,1
40,30,2,0,1,3,2,1,5,1,53.0,0,1
16,19,1,0,1,12,2,0,5,1,22.0,0,1
8,3,0,0,1,0,0,0,5,0,34.0,0,1
13,5,1,1,1,12,0,1,5,0,37.0,0,1
9,3,0,0,1,12,0,0,5,0,15.0,0,1
16,19,1,0,1,12,0,0,5,0,18.0,0,1
32,10,2,0,1,12,2,1,5,1,44.0,0,1
8,3,0,0,1,1,2,0,2,1,35.0,0,1
7,25,1,1,1,5,0,1,5,1,18.0,0,1
31,7,1,0,1,12,0,0,2,0,24.0,0,1
16,19,1,0,1,12,0,1,5,0,26.0,0,1
9,3,0,0,1,12,0,1,5,0,23.0,0,1
16,19,1,0,1,12,1,0,5,0,17.0,0,1
40,30,2,0,1,12,0,0,5,0,16.666666666666668,1,1
13,5,1,1,1,12,0,1,5,1,45.0,0,1
9,3,0,0,1,12,0,1,5,0,46.0,0,1
49,0,2,0,0,12,2,0,5,0,49.0,1,1
9,3,0,0,1,12,0,1,5,0,33.0,0,1
32,10,2,0,1,12,2,1,5,1,46.0,0,1
32,10,2,0,1,12,0,1,5,0,33.0,0,1
16,19,1,0,1,12,0,1,5,0,19.0,0,1
21,21,1,1,1,12,0,1,5,0,16.0,0,1
30,28,1,0,1,12,0,1,5,0,29.0,0,1
49,0,2,0,0,12,0,0,5,1,47.0,0,1
40,30,2,0,1,10,0,1,2,1,21.5,1,1
9,3,0,0,1,12,0,0,5,0,14.0,0,1
16,19,1,0,1,12,1,1,2,1,38.0,0,1
49,0,2,0,0,12,0,0,5,0,20.5,1,1
16,19,1,0,1,12,0,0,5,1,33.0,0,1
49,0,2,0,0,12,2,1,5,0,29.0,0,1
21,21,1,1,1,12,0,1,2,1,30.0,0,1
32,10,2,0,1,12,0,1,5,0,17.0,0,1
8,3,0,0,1,12,2,1,5,0,20.0,0,1
16,19,1,0,1,12,0,1,5,2,43.0,0,1
13,5,1,1,1,12,0,1,2,1,40.0,0,1
9,3,0,0,1,12,0,1,5,0,14.0,0,1
9,3,0,0,1,12,0,1,0,1,55.0,0,1
9,3,0,0,1,12,0,0,0,0,22.0,0,1
32,10,2,0,1,12,0,0,0,2,39.0,0,1
8,3,0,0,1,12,0,0,0,2,32.0,0,1
9,3,0,0,1,12,0,1,0,1,29.0,0,1
9,3,0,0,1,12,0,1,5,0,53.0,0,1
31,7,1,0,1,12,2,1,5,0,28.0,0,1
16,19,1,0,1,12,1,0,5,1,26.0,0,1
40,30,2,0,1,4,2,1,2,2,48.0,0,1
20,19,1,1,1,12,2,1,5,0,27.0,0,1
16,19,1,0,1,12,1,1,0,1,36.0,0,1
31,7,1,0,1,12,2,1,5,1,31.0,0,1
32,10,2,0,1,12,2,0,5,0,36.0,0,1
9,3,0,0,1,12,2,0,0,0,52.0,0,1
9,3,0,0,1,12,2,0,5,2,33.0,0,1
16,19,1,0,1,12,1,1,5,2,31.0,0,1
32,10,2,0,1,12,2,1,5,0,34.0,0,1
32,10,2,0,1,12,2,1,0,1,36.0,0,1
16,19,1,0,1,12,2,1,5,2,31.0,0,1
32,10,2,0,1,12,2,0,5,2,24.0,0,1
8,3,0,0,1,12,2,1,5,0,26.0,0,1
20,19,1,1,1,12,2,0,5,0,31.0,0,1
16,19,1,0,1,12,2,1,5,0,34.0,0,1
9,3,0,0,1,12,2,1,5,2,15.0,0,1
32,10,2,0,1,12,2,0,5,2,24.0,0,1
31,7,1,0,1,12,2,1,5,0,28.0,0,1
8,3,0,0,1,5,2,1,5,1,19.0,0,1
8,3,0,0,1,12,2,1,5,3,17.0,0,1
32,10,2,0,1,12,2,0,0,1,29.0,0,1
9,3,0,0,1,12,2,0,5,0,20.0,0,1
32,10,2,0,1,12,2,1,5,0,43.0,0,1
10,3,0,0,1,12,2,1,5,0,38.0,0,1
29,11,1,1,1,12,1,1,4,3,25.0,0,1
8,3,0,0,1,12,2,1,5,0,45.0,0,1
9,3,0,0,1,12,2,0,5,0,43.0,0,1
9,3,0,0,1,12,1,1,5,0,42.0,0,1
33,10,2,0,1,12,2,1,5,0,32.0,0,1
32,10,2,0,1,12,2,1,5,0,33.0,0,1
9,3,0,0,1,12,1,1,5,0,35.0,0,1
9,3,0,0,1,12,2,0,5,0,37.0,0,1
8,3,0,0,1,12,2,1,5,0,72.0,0,1
9,3,0,0,1,12,2,1,5,0,18.0,0,1
9,3,0,0,1,12,2,0,5,0,22.0,0,1
9,3,0,0,1,12,2,0,0,1,38.0,0,1
30,28,1,0,1,12,2,0,5,0,45.0,0,1
20,19,1,1,1,3,1,1,5,0,30.0,0,1
9,3,0,0,1,12,2,0,2,1,47.0,0,1
13,5,1,1,1,12,2,1,5,1,40.0,0,1
8,3,0,0,1,12,1,1,5,0,45.0,0,1
9,3,0,0,1,12,2,1,5,0,46.0,0,1
31,7,1,0,1,12,2,1,5,0,27.0,0,1
9,3,0,0,1,12,1,1,5,0,19.0,0,1
47,29,2,0,0,12,2,0,5,0,42.0,1,1
31,7,1,0,1,12,1,1,5,0,13.0,0,1
9,3,0,0,1,12,0,1,5,0,31.0,0,1
9,3,0,0,1,12,0,1,4,0,32.0,0,1
9,3,0,0,1,12,0,1,5,1,37.0,0,1
8,3,0,0,1,12,0,1,5,0,32.0,0,1
32,10,2,0,1,12,2,0,4,0,17.0,0,1
9,3,0,0,1,12,1,1,5,0,57.0,0,1
9,3,0,0,1,12,0,1,5,1,24.0,0,1
32,10,2,0,1,12,2,1,5,0,16.0,0,1
9,3,0,0,1,12,0,1,5,1,58.0,0,1
13,5,1,1,1,12,0,0,5,0,29.5,1,1
9,3,0,0,1,12,0,0,5,0,52.0,0,1
9,3,0,0,1,12,2,0,5,0,13.0,0,1
32,10,2,0,1,12,2,1,5,0,13.0,0,1
9,3,0,0,1,12,0,1,5,1,77.0,0,1
16,19,1,0,1,12,0,1,5,0,30.0,0,1
16,19,1,0,1,12,2,1,5,0,15.0,0,1
32,10,2,0,1,12,2,1,5,0,14.0,0,1
8,3,0,0,1,12,0,1,5,0,28.0,0,1
32,10,2,0,1,12,1,0,5,0,19.0,0,1
49,0,2,0,0,12,0,1,5,0,20.0,0,1
32,10,2,0,1,12,2,0,5,0,14.5,1,1
13,5,1,1,1,12,0,0,5,0,23.0,0,1
9,3,0,0,1,12,2,0,5,0,13.0,0,1
9,3,0,0,1,0,1,0,5,0,44.0,1,1
40,30,2,0,1,2,0,1,5,0,39.0,0,1
16,19,1,0,1,12,1,1,5,1,28.0,0,1
16,19,1,0,1,12,0,1,0,1,33.0,0,1
32,10,2,0,1,12,0,1,0,1,22.0,0,1
16,19,1,0,1,12,2,0,0,1,36.0,0,1
16,19,1,0,1,12,2,0,0,1,38.0,0,1
9,3,0,0,1,12,2,1,0,1,40.0,0,1
8,3,0,0,1,12,2,1,0,1,25.0,0,1
9,3,0,0,1,12,1,1,5,0,71.0,0,1
16,19,1,0,1,12,0,1,5,1,25.0,0,1
16,19,1,0,1,12,0,1,5,0,35.0,0,1
23,14,1,1,1,12,0,1,0,1,43.0,0,1
16,19,1,0,1,12,0,0,5,0,27.0,0,1
9,3,0,0,1,12,0,0,5,0,31.0,0,1
30,28,1,0,1,12,0,0,0,1,33.0,0,1
8,3,0,0,1,5,0,0,0,1,21.0,0,1
32,10,2,0,1,12,0,0,0,1,34.0,0,1
9,3,0,0,1,0,0,0,0,1,32.0,0,1
32,10,2,0,1,12,0,1,5,1,33.0,0,1
30,28,1,0,1,12,0,0,0,1,37.0,0,1
16,19,1,0,1,12,1,1,0,1,57.0,0,1
9,3,0,0,1,12,2,0,0,1,32.0,0,1
9,3,0,0,1,12,0,0,0,1,29.0,0,1
9,3,0,0,1,12,0,1,0,1,34.0,0,1
9,3,0,0,1,12,0,0,0,1,44.0,0,1
9,3,0,0,1,12,0,1,5,1,33.0,0,1
16,19,1,0,1,12,0,1,5,1,32.0,0,1
30,28,1,0,1,5,0,1,5,0,31.0,0,1
9,3,0,0,1,12,2,1,5,1,23.0,0,1
16,19,1,0,1,12,1,1,5,1,18.0,0,1
9,3,0,0,1,12,1,0,5,1,47.5,1,1
16,19,1,0,1,12,0,0,0,1,24.0,0,1
16,19,1,0,1,12,1,0,5,1,60.0,0,1
49,0,2,0,0,12,0,0,0,1,25.0,0,1
9,3,0,0,1,0,0,0,0,1,29.0,0,1
16,19,1,0,1,12,1,0,5,1,33.0,0,1
9,3,0,0,1,12,2,0,5,0,33.0,0,1
31,7,1,0,1,5,1,1,0,1,40.0,0,1
16,19,1,0,1,12,0,0,0,1,34.0,0,1
16,19,1,0,1,12,0,0,5,1,45.0,0,1
9,3,0,0,1,12,0,0,4,1,22.0,0,1
16,19,1,0,1,12,0,0,5,0,37.0,0,1
16,19,1,0,1,12,0,1,0,1,30.0,0,1
9,3,0,0,1,12,2,1,0,1,22.0,0,1
16,19,1,0,1,12,2,1,0,1,40.0,0,1
16,19,1,0,1,12,0,1,5,1,31.0,0,1
32,10,2,0,1,12,0,1,5,1,37.0,0,1
32,10,2,0,1,12,0,1,5,1,33.0,0,1
9,3,0,0,1,12,0,1,0,1,21.0,0,1
32,10,2,0,1,12,0,0,5,1,32.0,0,1
8,3,0,0,1,1,0,1,5,1,40.0,0,1
8,3,0,0,1,12,2,1,1,1,36.0,0,1
32,10,2,0,1,12,2,1,0,1,44.0,0,1
16,19,1,0,1,12,0,1,5,0,52.0,0,1
9,3,0,0,1,12,0,1,5,1,51.0,0,1
9,3,0,0,1,12,2,0,0,1,28.0,0,1
20,19,1,1,1,12,1,1,5,1,43.0,0,1
10,3,0,0,1,12,0,1,5,0,17.0,0,1
16,19,1,0,1,12,2,0,5,0,26.0,0,1
9,3,0,0,1,12,0,0,0,1,21.0,0,1
16,19,1,0,1,12,0,0,5,1,30.0,0,1
13,5,1,1,1,5,2,0,0,1,26.0,0,1
9,3,0,0,1,12,2,1,0,1,26.0,0,1
16,19,1,0,1,12,0,1,0,1,30.0,0,1
16,19,1,0,1,12,1,0,5,1,58.0,0,1
32,10,2,0,1,12,0,1,0,1,33.0,0,1
32,10,2,0,1,0,0,1,5,0,43.0,0,1
9,3,0,0,1,12,0,1,0,1,38.0,0,1
16,19,1,0,1,12,1,1,5,1,31.0,0,1
9,3,0,0,1,12,2,1,0,1,22.0,0,1
8,3,0,0,1,3,2,1,5,1,22.0,0,1
9,3,0,0,1,5,0,1,0,1,32.0,1,1
32,10,2,0,1,12,0,1,5,1,47.0,0,1
9,3,0,0,1,12,2,0,0,1,33.0,0,1
10,3,0,0,1,12,2,1,0,1,27.0,0,1
31,7,1,0,1,12,1,0,5,1,44.0,0,1
32,10,2,0,1,12,0,1,0,1,21.0,0,1
21,21,1,1,1,12,2,1,0,1,29.0,0,1
9,3,0,0,1,12,0,0,0,1,22.0,0,1
32,10,2,0,1,12,0,1,0,1,30.0,0,1
16,19,1,0,1,12,2,1,5,1,33.0,0,1
16,19,1,0,1,12,2,1,5,1,36.0,0,1
16,19,1,0,1,12,0,0,0,1,30.0,0,1
31,7,1,0,1,12,1,0,5,1,60.0,0,1
9,3,0,0,1,12,0,1,0,1,27.0,0,1
32,10,2,0,1,12,0,0,0,1,34.0,0,1
16,19,1,0,1,12,1,1,5,1,49.0,0,1
9,3,0,0,1,12,0,1,5,1,25.0,0,1
16,19,1,0,1,12,2,0,0,1,33.0,0,1
9,3,0,0,1,12,0,0,0,1,53.0,0,1
16,19,1,0,1,12,0,1,0,1,32.0,1,1
16,19,1,0,1,12,0,1,5,1,42.0,0,1
16,19,1,0,1,12,0,1,5,1,59.0,0,1
30,28,1,0,1,12,0,1,2,1,51.0,0,1
9,3,0,0,1,12,0,1,0,1,23.0,0,1
16,19,1,0,1,12,2,1,0,1,62.0,0,1
10,3,0,0,1,12,2,1,5,1,50.0,0,1
16,19,1,0,1,12,1,1,5,1,34.0,0,1
9,3,0,0,1,12,0,1,0,1,14.0,0,1
9,3,0,0,1,12,0,1,0,1,25.0,0,1
10,3,0,0,1,12,0,1,0,1,34.0,0,1
9,3,0,0,1,12,0,1,5,1,21.0,0,1
16,19,1,0,1,12,0,0,0,1,36.0,0,1
16,19,1,0,1,12,1,0,0,1,47.0,0,1
16,19,1,0,1,12,0,0,0,1,52.0,0,1
13,5,1,1,1,12,2,1,0,1,22.0,0,1
3,26,0,0,1,12,0,1,0,1,38.0,0,1
8,3,0,0,1,5,0,1,5,1,15.0,0,1
16,19,1,0,1,12,0,1,0,1,36.0,0,1
31,7,1,0,1,12,0,1,0,1,26.0,0,1
7,25,1,1,1,3,0,1,5,1,22.0,0,1
32,10,2,0,1,12,2,1,0,1,38.0,0,1
13,5,1,1,1,12,1,1,0,1,59.0,0,1
31,7,1,0,1,5,1,0,0,1,29.0,0,1
9,3,0,0,1,12,2,0,0,1,43.0,0,1
9,3,0,0,1,12,2,0,0,1,29.0,0,1
21,21,1,1,1,12,2,1,0,1,29.0,0,1
31,7,1,0,1,12,2,1,0,1,39.0,0,1
32,10,2,0,1,12,1,1,0,1,34.0,0,1
32,10,2,0,1,12,2,1,0,1,28.0,0,1
9,3,0,0,1,12,2,1,0,1,33.0,0,1
43,8,2,0,0,12,2,0,0,3,47.0,0,1
9,3,0,0,1,12,1,1,0,1,42.0,0,1
32,10,2,0,1,12,2,0,4,1,34.0,0,1
8,3,0,0,1,12,0,1,5,0,50.0,0,1
8,3,0,0,1,1,2,1,5,1,21.0,0,1
9,3,0,0,1,12,0,1,5,1,21.0,0,1
10,3,0,0,1,12,0,1,2,1,24.0,0,1
9,3,0,0,1,12,2,1,5,1,51.0,0,1
13,5,1,1,1,12,2,1,5,1,35.0,0,1
49,0,2,0,0,12,0,1,0,1,35.0,0,1
9,3,0,0,1,12,2,1,0,1,56.0,0,1
9,3,0,0,1,12,2,1,0,1,32.0,0,1
16,19,1,0,1,12,0,1,5,1,42.0,0,1
16,19,1,0,1,12,1,0,5,0,49.0,1,1
40,30,2,0,1,12,0,1,5,0,40.0,0,1
16,19,1,0,1,12,1,1,0,1,26.0,0,1
9,3,0,0,1,12,0,0,0,1,36.0,0,1
9,3,0,0,1,12,0,1,0,1,33.0,0,1
16,19,1,0,1,12,1,1,0,1,20.0,0,1
20,19,1,1,1,12,1,1,5,0,38.0,0,1
8,3,0,0,1,12,1,0,0,1,26.0,0,1
9,3,0,0,1,12,1,1,0,1,26.0,0,1
9,3,0,0,1,12,1,0,0,1,25.0,0,1
31,7,1,0,1,12,1,1,0,1,38.0,0,1
9,3,0,0,1,12,0,1,0,1,37.0,0,1
7,25,1,1,1,12,0,1,0,1,55.0,0,1
9,3,0,0,1,12,0,1,5,0,56.0,0,1
9,3,0,0,1,12,1,1,0,1,24.0,0,1
9,3,0,0,1,12,0,0,5,1,22.0,0,1
8,3,0,0,1,12,0,1,5,0,37.0,0,1
16,19,1,0,1,12,0,1,0,1,44.0,0,1
16,19,1,0,1,12,1,0,0,1,25.0,0,1
16,19,1,0,1,12,0,1,5,0,38.5,1,1
9,3,0,0,1,12,1,1,0,1,25.0,0,1
49,0,2,0,0,12,2,1,0,1,43.0,0,1
9,3,0,0,1,12,1,0,0,1,67.0,0,1
32,10,2,0,1,12,0,1,0,1,19.0,0,1
49,0,2,0,0,12,2,1,0,1,39.0,0,1
9,3,0,0,1,12,0,1,0,1,29.0,0,1
9,3,0,0,1,12,0,1,0,1,22.0,0,1
23,14,1,1,1,12,1,1,0,1,37.0,0,1
16,19,1,0,1,12,1,1,0,1,35.0,1,1
16,19,1,0,1,12,1,1,5,0,43.0,0,1
8,3,0,0,1,12,0,1,0,1,50.0,0,1
31,7,1,0,1,12,1,0,0,1,29.0,0,1
17,19,1,1,1,12,1,0,5,0,31.0,0,1
32,10,2,0,1,12,1,1,0,1,29.0,0,1
16,19,1,0,1,12,1,0,0,1,18.0,0,1
22,6,1,0,1,12,0,0,0,2,63.0,0,1
16,19,1,0,1,12,1,1,0,1,23.0,0,1
9,3,0,0,1,12,1,0,0,1,25.0,0,1
9,3,0,0,1,12,2,0,0,1,22.0,0,1
16,19,1,0,1,12,1,0,0,1,23.5,1,1
9,3,0,0,1,12,1,0,0,1,27.0,0,1
40,30,2,0,1,12,1,1,5,0,33.0,0,1
16,19,1,0,1,12,1,0,0,0,30.0,0,1
31,7,1,0,1,12,1,1,0,2,21.0,0,1
9,3,0,0,1,12,1,0,0,1,35.0,0,1
9,3,0,0,1,12,0,1,0,1,37.0,0,1
9,3,0,0,1,12,0,0,0,1,20.0,0,1
9,3,0,0,1,12,2,0,0,1,21.0,0,1
9,3,0,0,1,12,1,0,0,1,28.0,0,1
9,3,0,0,1,12,1,0,0,1,30.0,0,1
9,3,0,0,1,12,2,1,0,1,34.0,0,1
9,3,0,0,1,12,2,0,0,1,26.0,0,1
9,3,0,0,1,12,0,0,5,1,44.0,0,1
31,7,1,0,1,12,1,1,5,0,13.0,0,1
9,3,0,0,1,12,2,1,5,0,33.0,0,1
8,3,0,0,1,5,2,0,5,0,39.0,0,1
21,21,1,1,1,12,2,1,5,0,29.0,0,1
33,10,2,0,1,12,2,1,5,0,45.0,0,1
9,3,0,0,1,12,2,1,5,0,44.0,0,1
8,3,0,0,1,5,1,1,5,2,81.0,0,1
9,3,0,0,1,12,2,1,5,2,41.0,0,1
16,19,1,0,1,12,1,1,5,0,50.0,0,1
30,28,1,0,1,12,2,1,5,0,16.0,0,1
31,7,1,0,1,12,0,0,5,0,32.0,0,1
16,19,1,0,1,12,0,0,5,0,29.0,0,1
16,19,1,0,1,12,1,1,5,1,49.0,0,1
9,3,0,0,1,12,0,1,5,0,21.0,0,1
16,19,1,0,1,12,0,1,5,1,34.0,0,1
9,3,0,0,1,12,0,1,4,3,26.0,0,1
29,11,1,1,1,12,0,1,4,3,21.0,0,1
49,0,2,0,0,12,0,0,5,0,23.0,0,1
23,14,1,1,1,12,0,1,5,1,61.0,0,1
7,25,1,1,1,12,0,0,5,0,27.0,0,1
9,3,0,0,1,12,0,1,5,0,25.0,0,1
8,3,0,0,1,12,0,1,5,1,66.0,0,1
16,19,1,0,1,12,1,1,5,1,21.0,0,1
16,19,1,0,1,12,1,0,5,1,46.0,0,1
9,3,0,0,1,12,0,0,5,1,38.0,0,1
16,19,1,0,1,12,1,1,5,1,49.0,0,1
16,19,1,0,1,12,1,0,5,0,59.0,0,1
32,10,2,0,1,12,2,1,5,0,13.0,0,1
0,16,0,0,1,3,0,1,5,0,19.0,0,1
16,19,1,0,1,12,1,1,5,0,26.0,0,1
16,19,1,0,1,12,1,0,4,0,40.0,1,1
9,3,0,0,1,12,0,1,5,1,37.0,0,1
8,3,0,0,1,5,0,0,5,0,13.0,0,1
16,19,1,0,1,12,0,1,5,0,44.0,0,1
16,19,1,0,1,12,1,1,5,3,49.0,0,1
8,3,0,0,1,3,0,1,5,0,21.0,0,1
9,3,0,0,1,12,0,0,5,0,27.0,0,1
9,3,0,0,1,12,2,0,4,3,14.0,0,1
16,19,1,0,1,12,0,1,2,1,39.0,0,1
32,10,2,0,1,12,2,0,5,0,17.0,0,1
16,19,1,0,1,12,1,1,5,1,30.0,0,1
32,10,2,0,1,12,0,1,5,1,34.0,0,1
9,3,0,0,1,0,0,1,5,1,29.0,0,1
31,7,1,0,1,12,0,0,5,0,23.0,0,1
40,30,2,0,1,5,2,1,2,1,13.0,0,1
16,19,1,0,1,12,1,1,5,0,38.0,0,1
30,28,1,0,1,12,0,1,4,3,39.0,0,1
9,3,0,0,1,0,0,1,5,0,27.0,0,1
45,13,0,0,0,12,2,0,5,0,14.5,1,1
9,3,0,0,1,12,1,1,5,1,46.0,0,1
35,23,2,0,0,12,2,0,5,0,14.0,0,1
32,10,2,0,0,12,2,1,5,1,16.0,0,1
32,10,2,0,0,12,2,0,5,0,12.0,0,1
8,3,0,0,0,5,0,1,5,1,39.0,0,1
8,3,0,0,0,12,0,1,5,0,27.0,0,1
16,19,1,0,0,12,1,0,5,1,32.0,0,1
9,3,0,0,0,12,1,0,5,0,60.0,0,1
9,3,0,0,0,12,0,1,5,0,40.0,0,1
9,3,0,0,0,12,2,1,5,0,15.0,0,1
9,3,0,0,0,12,0,0,5,1,38.0,0,1
30,28,1,0,0,12,0,0,4,0,34.0,0,1
49,0,2,0,0,12,0,1,5,0,33.0,0,1
29,11,1,1,0,12,0,1,5,1,37.0,0,1
18,19,1,1,0,12,0,1,4,0,26.0,0,1
16,19,1,0,0,12,1,1,5,0,46.0,0,1
18,19,1,1,0,12,0,1,5,3,23.0,0,1
9,3,0,0,0,12,2,1,5,0,16.0,0,1
32,10,2,0,0,12,2,0,5,0,15.0,0,1
49,0,2,0,0,12,2,1,5,1,16.0,0,1
16,19,1,0,0,12,1,1,5,0,49.0,0,1
16,19,1,0,0,12,1,1,5,0,40.0,0,1
21,21,1,1,0,12,2,0,5,0,14.0,1,1
9,3,0,0,0,12,0,0,5,0,22.0,0,1
44,9,2,0,0,12,0,0,5,0,33.0,0,1
9,3,0,0,0,12,0,0,5,1,22.0,0,1
16,19,1,0,0,12,1,0,5,1,37.0,0,1
16,19,1,0,0,12,0,1,5,1,34.0,0,1
47,29,2,0,0,12,0,1,5,0,29.0,0,1
31,7,1,0,0,12,1,1,4,0,26.0,0,1
9,3,0,0,0,12,2,1,2,2,17.0,0,1
16,19,1,0,1,12,1,1,5,0,40.0,0,1
16,19,1,0,1,12,0,1,5,1,44.0,0,1
16,19,1,0,1,12,1,0,5,0,41.0,0,1
9,3,0,0,1,12,0,1,5,0,22.0,0,1
33,10,2,0,1,12,1,0,2,1,18.0,0,1
9,3,0,0,1,12,1,1,5,0,34.0,0,1
16,19,1,0,1,12,1,1,5,0,39.0,0,1
9,3,0,0,1,12,0,0,5,0,19.0,0,1
9,3,0,0,1,12,2,0,5,0,13.0,0,1
9,3,0,0,1,12,0,0,5,0,23.0,0,1
40,30,2,0,1,10,0,1,5,0,27.5,1,1
9,3,0,0,1,12,0,1,4,3,18.0,0,1
9,3,0,0,1,12,2,0,5,0,14.5,1,1
9,3,0,0,1,12,2,0,4,3,15.0,0,1
13,5,1,1,1,12,2,1,5,0,16.0,0,1
16,19,1,0,1,12,1,0,5,0,33.0,0,1
8,3,0,0,1,5,0,1,5,3,20.0,0,1
9,3,0,0,1,12,0,1,5,0,28.0,0,1
9,3,0,0,1,12,0,1,5,0,38.0,0,1
32,10,2,0,1,12,2,1,4,3,12.0,0,1
9,3,0,0,1,12,1,1,5,0,23.0,0,1
40,30,2,0,1,3,0,1,5,0,28.0,0,1
16,19,1,0,1,12,1,0,5,3,20.0,0,1
9,3,0,0,1,12,0,1,5,0,20.0,0,1
32,10,2,0,1,12,0,1,5,1,45.0,0,1
16,19,1,0,1,12,0,0,4,0,32.5,1,1
16,19,1,0,1,12,1,1,5,0,20.0,0,1
9,3,0,0,1,12,0,1,5,0,39.0,0,1
31,7,1,0,1,12,0,1,5,0,34.0,0,1
16,19,1,0,1,12,1,0,5,0,30.0,0,1
9,3,0,0,1,12,0,1,5,0,60.0,0,1
32,10,2,0,1,12,2,0,4,3,14.0,0,1
9,3,0,0,1,12,1,1,5,1,28.0,0,1
16,19,1,0,1,12,0,1,5,0,31.0,0,1
9,3,0,0,1,12,2,0,0,1,32.5,1,1
9,3,0,0,1,12,0,0,0,1,43.0,1,1
31,7,1,0,1,12,0,1,0,1,44.0,0,1
33,10,2,0,1,12,2,0,0,1,37.0,0,1
9,3,0,0,1,12,2,0,0,0,23.0,0,1
32,10,2,0,1,12,2,1,5,1,27.0,0,1
9,3,0,0,1,12,0,1,0,1,44.0,0,1
9,3,0,0,1,12,2,1,5,1,20.0,0,1
7,25,1,1,1,5,0,0,0,1,29.5,1,1
8,3,0,0,1,12,0,1,5,1,27.0,0,1
8,3,0,0,1,12,0,1,0,1,29.0,0,1
9,3,0,0,1,12,0,1,0,1,26.0,0,1
32,10,2,0,1,12,2,1,5,1,29.0,0,1
6,26,0,0,1,12,2,1,5,1,28.0,0,1
8,3,0,0,1,12,0,1,0,1,39.0,0,1
31,7,1,0,1,12,0,1,5,1,19.0,0,1
32,10,2,0,1,12,1,0,0,1,15.5,1,1
33,10,2,0,1,12,2,1,0,1,32.0,0,1
9,3,0,0,1,12,1,0,0,1,17.0,0,1
16,19,1,0,1,12,2,0,5,1,52.0,0,1
33,10,2,0,1,12,0,0,5,0,30.0,0,1
9,3,0,0,1,12,2,0,0,1,31.0,0,1
8,3,0,0,1,12,0,0,5,0,53.0,0,1
8,3,0,0,1,12,0,1,0,1,29.0,0,1
32,10,2,0,1,12,0,1,5,0,16.0,0,1
9,3,0,0,1,12,2,1,5,0,25.0,0,1
9,3,0,0,1,12,0,0,5,0,25.0,0,1
10,3,0,0,1,12,1,1,5,1,39.0,0,1
6,26,0,0,1,12,0,1,5,1,60.0,0,1
10,3,0,0,1,12,2,1,0,1,15.0,0,1
9,3,0,0,1,12,0,1,0,1,27.0,0,1
9,3,0,0,1,12,2,0,0,1,28.0,0,1
9,3,0,0,1,12,0,1,0,1,34.0,0,1
2,18,0,0,1,12,0,1,0,0,33.0,0,1
10,3,0,0,1,12,2,1,0,1,14.0,0,1
9,3,0,0,1,12,2,1,5,1,35.0,0,1
9,3,0,0,1,12,1,1,5,1,16.0,0,1
8,3,0,0,1,12,0,0,5,0,29.0,0,1
9,3,0,0,1,12,2,1,0,1,41.0,0,1
9,3,0,0,1,12,0,1,5,1,31.0,0,1
9,3,0,0,1,12,0,0,0,1,45.0,0,1
9,3,0,0,1,12,2,0,5,1,22.0,0,1
32,10,2,0,1,12,1,0,5,1,15.0,0,1
9,3,0,0,1,12,0,1,5,1,30.0,0,1
16,19,1,0,1,12,2,0,0,1,31.0,0,1
32,10,2,0,1,12,0,1,5,1,24.0,0,1
9,3,0,0,1,12,2,1,0,1,25.0,0,1
32,10,2,0,1,12,2,1,5,1,58.0,0,1
2,18,0,0,1,12,0,1,5,1,22.0,0,1
9,3,0,0,1,12,1,1,5,1,14.0,0,1
9,3,0,0,1,12,2,1,0,1,32.0,0,1
9,3,0,0,1,12,1,0,0,1,30.0,0,1
9,3,0,0,1,12,0,1,0,1,26.0,0,1
32,10,2,0,1,12,2,1,5,1,43.0,0,1
9,3,0,0,1,12,1,1,0,0,15.0,0,1
32,10,2,0,1,12,1,0,5,1,15.0,0,1
9,3,0,0,1,12,0,1,0,1,63.0,0,1
8,3,0,0,1,12,2,1,5,0,32.0,0,1
9,3,0,0,1,12,0,1,0,1,29.0,0,1
8,3,0,0,1,12,0,1,0,1,17.0,0,1
43,8,2,0,0,12,0,1,0,1,32.0,0,1
30,28,1,0,1,12,2,1,5,0,39.0,0,1
30,28,1,0,1,12,2,1,2,3,44.0,0,1
32,10,2,0,1,12,2,1,5,3,30.0,0,1
9,3,0,0,1,12,1,0,5,0,27.0,0,1
9,3,0,0,1,12,1,1,2,1,25.0,0,1
9,3,0,0,1,12,1,1,5,0,38.0,0,1
9,3,0,0,1,12,1,0,5,0,35.0,0,1
9,3,0,0,1,12,1,0,5,0,33.0,0,1
9,3,0,0,1,12,1,1,5,1,53.0,0,1
40,30,2,0,1,3,1,1,1,1,47.0,0,1
32,10,2,0,1,12,2,1,5,0,28.0,0,1
9,3,0,0,1,8,1,1,5,0,46.0,0,1
8,3,0,0,1,12,1,1,5,0,65.0,0,1
16,19,1,0,1,12,1,0,2,1,23.0,0,1
9,3,0,0,1,12,1,1,5,1,57.0,0,1
16,19,1,0,1,12,1,1,4,0,42.0,0,1
8,3,0,0,1,12,1,1,5,1,21.0,0,1
9,3,0,0,1,12,1,1,4,0,25.0,0,1
16,19,1,0,1,12,1,1,5,0,42.0,0,1
9,3,0,0,1,12,1,0,5,0,19.0,0,1
9,3,0,0,1,12,1,1,5,0,28.0,0,1
9,3,0,0,1,12,1,1,5,3,29.0,0,1
8,3,0,0,1,12,1,1,0,1,22.0,0,1
9,3,0,0,1,12,1,1,5,3,32.0,0,1
9,3,0,0,1,12,1,1,2,1,42.0,0,1
31,7,1,0,1,12,1,1,2,3,19.0,0,1
8,3,0,0,1,12,1,1,5,0,22.0,0,1
9,3,0,0,1,12,1,1,2,3,50.0,0,1
9,3,0,0,1,12,1,1,5,3,19.0,0,1
33,10,2,0,1,12,1,0,5,1,35.5,1,1
10,3,0,0,1,12,1,1,4,3,29.0,0,1
9,3,0,0,1,12,1,0,5,3,37.0,0,1
10,3,0,0,1,12,1,1,5,3,53.0,0,1
9,3,0,0,1,12,1,1,5,3,27.0,0,1
9,3,0,0,1,12,1,1,5,0,22.0,0,1
9,3,0,0,1,12,1,0,5,1,38.0,0,1
17,19,1,1,1,12,1,1,0,3,38.0,0,1
32,10,2,0,1,12,2,1,5,3,29.0,0,1
9,3,0,0,1,12,1,1,5,1,44.0,0,1
9,3,0,0,1,12,1,1,5,0,30.0,0,1
31,7,1,0,1,12,1,1,2,3,20.0,0,1
9,3,0,0,1,12,1,1,5,0,60.0,0,1
9,3,0,0,1,12,1,1,5,0,45.0,0,1
9,3,0,0,1,12,1,1,5,3,43.0,0,1
9,3,0,0,1,12,1,1,4,3,46.0,0,1
9,3,0,0,1,12,1,0,5,0,32.0,0,1
31,7,1,0,1,12,1,1,5,1,22.0,0,1
9,3,0,0,1,12,1,0,4,0,38.0,0,1
9,3,0,0,1,12,1,1,5,1,23.0,0,1
9,3,0,0,1,12,1,0,4,3,22.0,0,1
9,3,0,0,1,12,1,0,4,1,18.0,0,1
9,3,0,0,1,12,1,0,5,0,33.0,0,1
31,7,1,0,1,12,1,0,5,0,30.0,0,1
9,3,0,0,1,12,1,1,4,3,37.0,0,1
33,10,2,0,1,12,1,1,4,3,39.0,0,1
33,10,2,0,1,12,1,1,5,0,31.0,0,1
9,3,0,0,1,12,1,0,5,1,30.0,0,1
9,3,0,0,1,12,1,1,5,1,40.0,0,1
9,3,0,0,1,12,1,0,2,1,37.0,0,1
9,3,0,0,1,12,1,0,0,0,27.0,0,1
9,3,0,0,1,12,1,1,5,0,35.0,0,1
31,7,1,0,1,12,1,0,5,3,34.0,0,1
16,19,1,0,1,12,1,0,0,1,38.0,0,1
31,7,1,0,1,12,1,1,2,1,18.0,0,1
9,3,0,0,1,12,1,0,5,3,32.0,0,1
9,3,0,0,1,12,1,1,5,0,63.0,0,1
9,3,0,0,1,12,1,1,5,0,39.0,0,1
9,3,0,0,1,12,1,1,5,1,37.0,0,1
9,3,0,0,1,12,1,0,5,1,68.0,0,1
9,3,0,0,1,12,1,1,2,3,24.0,0,1
31,7,1,0,1,12,1,1,5,3,29.0,0,1
9,3,0,0,1,12,1,1,0,1,30.0,0,1
28,14,1,1,1,12,1,1,5,0,49.0,0,1
9,3,0,0,1,12,1,1,5,0,62.0,0,1
9,3,0,0,1,12,1,1,5,3,44.0,0,1
40,30,2,0,1,4,1,1,5,0,16.0,0,1
9,3,0,0,1,12,1,1,5,0,38.0,0,1
9,3,0,0,1,12,1,1,4,1,33.0,0,1
8,3,0,0,1,12,1,1,4,3,60.0,0,1
9,3,0,0,1,3,1,1,5,0,35.0,0,1
40,30,2,0,1,12,1,1,5,0,23.0,0,1
9,3,0,0,1,0,1,0,5,1,41.0,0,1
9,3,0,0,1,12,1,1,1,1,26.0,0,1
8,3,0,0,1,12,1,0,5,0,44.0,0,1
31,7,1,0,1,12,1,1,5,3,23.0,0,1
9,3,0,0,1,3,1,1,5,1,42.0,0,1
9,3,0,0,1,12,1,1,5,0,20.0,0,1
9,3,0,0,1,12,1,1,5,0,39.0,0,1
16,19,1,0,1,12,1,1,0,1,25.0,0,1
9,3,0,0,1,12,1,1,4,0,28.0,0,1
9,3,0,0,1,3,1,1,5,0,23.0,0,1
9,3,0,0,1,12,1,0,5,0,40.0,0,1
16,19,1,0,1,12,1,0,5,0,27.0,0,1
9,3,0,0,1,12,1,1,0,1,22.0,0,1
9,3,0,0,1,12,1,1,5,1,49.0,0,1
9,3,0,0,1,12,1,1,5,3,27.0,0,1
9,3,0,0,1,12,1,0,2,1,31.0,0,1
9,3,0,0,1,12,1,1,5,0,28.0,0,1
31,7,1,0,1,12,1,1,4,3,53.0,0,1
31,7,1,0,1,12,1,1,5,0,14.0,0,1
9,3,0,0,1,12,1,0,5,0,21.0,0,1
9,3,0,0,1,12,1,1,5,0,22.0,0,1
9,3,0,0,1,12,1,0,4,3,20.0,0,1
9,3,0,0,1,12,1,0,0,1,55.0,0,1
8,3,0,0,1,12,1,0,5,0,31.0,0,1
9,3,0,0,1,12,1,1,5,0,54.0,0,1
9,3,0,0,1,12,1,0,0,1,47.0,0,1
31,7,1,0,1,12,1,1,2,1,28.0,0,1
9,3,0,0,1,12,1,1,5,1,36.0,0,1
9,3,0,0,1,2,1,0,2,3,60.0,0,1
9,3,0,0,1,12,1,0,5,0,18.0,0,1
9,3,0,0,1,12,1,0,5,0,36.0,0,1
9,3,0,0,1,12,1,1,5,0,39.0,0,1
9,3,0,0,1,12,1,1,2,1,31.0,0,1
9,3,0,0,1,12,1,1,5,3,63.0,0,1
9,3,0,0,1,12,1,1,2,1,60.0,0,1
9,3,0,0,1,12,1,1,5,0,23.0,0,1
9,3,0,0,1,12,1,1,5,1,29.0,0,1
9,3,0,0,1,12,1,0,5,0,36.0,0,1
9,3,0,0,1,12,1,1,4,3,22.0,0,1
9,3,0,0,1,12,1,1,5,0,25.0,0,1
9,3,0,0,1,12,1,1,5,1,27.0,0,1
9,3,0,0,1,12,1,1,2,1,42.0,0,1
9,3,0,0,1,12,1,1,5,1,29.0,0,1
9,3,0,0,1,12,1,1,0,0,23.0,0,1
31,7,1,0,1,12,1,1,5,0,33.0,0,1
9,3,0,0,1,12,1,1,0,3,34.0,0,1
9,3,0,0,1,12,1,1,4,0,30.0,0,1
31,7,1,0,1,12,1,0,5,1,54.0,0,1
9,3,0,0,1,12,1,0,0,1,50.0,0,1
9,3,0,0,1,12,1,1,2,1,68.0,0,1
9,3,0,0,1,12,1,0,2,1,18.0,0,1
9,3,0,0,1,12,1,0,5,0,50.0,0,1
9,3,0,0,1,12,1,1,0,0,37.0,0,1
10,3,0,0,1,12,1,1,2,1,48.0,0,1
9,3,0,0,1,12,1,1,5,1,45.0,0,1
9,3,0,0,1,12,1,1,5,1,24.0,0,1
9,3,0,0,1,12,1,1,2,1,39.0,0,1
9,3,0,0,1,12,1,1,5,0,39.0,0,1
32,10,2,0,1,12,1,1,5,0,21.0,0,1
9,3,0,0,1,12,1,0,5,0,20.0,0,1
9,3,0,0,1,12,1,1,5,0,30.0,0,1
9,3,0,0,1,12,1,1,4,3,45.0,0,1
9,3,0,0,1,12,1,1,5,0,61.0,0,1
9,3,0,0,1,12,1,0,2,1,55.0,0,1
9,3,0,0,1,12,1,1,0,1,22.0,0,1
9,3,0,0,1,12,1,1,5,1,40.0,0,1
9,3,0,0,1,12,1,1,4,0,37.0,0,1
9,3,0,0,1,12,1,1,5,0,36.0,0,1
9,3,0,0,1,12,1,1,1,1,27.0,0,1
9,3,0,0,1,12,1,0,0,1,57.0,0,1
16,19,1,0,1,12,1,0,4,0,39.5,1,1
9,3,0,0,1,12,1,1,5,1,38.0,0,1
16,19,1,0,1,12,1,1,5,1,37.0,0,1
9,3,0,0,1,12,1,0,5,1,29.0,0,1
9,3,0,0,1,12,1,0,5,0,35.0,0,1
9,3,0,0,1,12,1,0,5,3,55.0,0,1
31,7,1,0,1,12,1,0,2,1,22.0,0,1
31,7,1,0,1,12,1,1,4,3,32.0,0,1
9,3,0,0,1,12,1,1,5,0,24.0,0,1
16,19,1,0,1,12,1,0,0,1,43.0,0,1
9,3,0,0,1,12,1,1,0,3,26.0,0,1
16,19,1,0,1,12,1,1,5,0,45.0,0,1
9,3,0,0,1,12,1,1,5,1,28.0,0,1
9,3,0,0,1,12,1,1,5,0,21.0,0,1
10,3,0,0,1,12,1,0,5,0,36.0,0,1
16,19,1,0,1,12,1,0,5,3,26.0,0,1
31,7,1,0,1,12,1,1,5,3,31.0,0,1
9,3,0,0,1,12,1,1,5,0,36.0,0,1
9,3,0,0,1,12,1,1,5,1,24.0,0,1
9,3,0,0,1,12,1,1,5,0,23.0,0,1
9,3,0,0,1,12,1,1,5,1,53.0,0,1
9,3,0,0,1,12,1,1,1,1,50.0,0,1
9,3,0,0,1,12,1,1,5,0,47.0,0,1
8,3,0,0,1,12,1,1,5,3,37.0,0,1
31,7,1,0,1,12,1,1,5,0,45.0,0,1
9,3,0,0,1,12,1,1,5,3,52.0,0,1
8,3,0,0,1,12,1,1,5,3,63.0,0,1
31,7,1,0,1,12,1,1,5,0,33.0,0,1
9,3,0,0,1,12,1,0,5,0,53.0,0,1
10,3,0,0,1,12,1,1,5,0,22.0,0,1
9,3,0,0,1,12,1,0,0,3,33.0,0,1
9,3,0,0,1,12,1,1,5,0,29.0,0,1
8,3,0,0,1,12,1,1,5,0,52.0,0,1
16,19,1,0,1,12,1,1,5,0,29.0,0,1
16,19,1,0,1,12,1,1,5,0,42.0,0,1
9,3,0,0,1,12,1,1,5,0,19.0,0,1
20,19,1,1,1,12,1,1,5,0,37.0,0,1
31,7,1,0,1,12,1,1,4,3,31.0,0,1
31,7,1,0,1,12,1,0,5,0,20.0,0,1
9,3,0,0,1,12,1,1,2,1,29.0,0,1
16,19,1,0,1,12,1,0,5,3,44.0,0,1
9,3,0,0,1,12,1,0,4,3,36.0,0,1
9,3,0,0,1,12,1,0,5,1,23.0,0,1
9,3,0,0,1,12,1,0,5,0,38.0,0,1
13,5,1,1,1,12,2,0,5,1,32.0,0,1
31,7,1,0,1,12,0,0,5,0,30.0,0,1
30,28,1,0,1,12,0,1,5,0,38.0,0,1
49,0,2,0,0,12,2,1,5,0,24.0,0,1
9,3,0,0,1,12,2,1,0,1,47.0,0,1
9,3,0,0,1,12,2,1,0,1,44.0,0,1
9,3,0,0,1,12,2,1,0,1,48.0,0,1
9,3,0,0,1,12,2,1,0,1,31.0,0,1
9,3,0,0,1,12,2,1,0,3,33.0,0,1
44,9,2,0,0,12,2,0,0,1,19.0,0,1
16,19,1,0,1,12,0,1,5,1,30.0,0,1
32,10,2,0,1,12,2,0,5,1,36.0,0,1
31,7,1,0,1,12,1,1,0,3,34.0,0,1
14,19,1,0,1,12,1,1,5,0,47.0,0,1
10,3,0,0,1,12,1,1,0,1,36.0,0,1
49,0,2,0,0,12,2,1,5,1,39.0,0,1
9,3,0,0,1,12,1,0,0,1,16.0,0,1
21,21,1,1,1,12,2,1,5,0,28.0,0,1
9,3,0,0,1,12,1,0,5,0,28.5,1,1
8,3,0,0,1,12,2,1,5,0,27.0,0,1
13,5,1,1,1,12,2,1,5,0,33.5,1,1
9,3,0,0,1,12,2,1,5,0,52.0,0,1
8,3,0,0,1,1,2,0,5,0,19.0,1,1
20,19,1,1,1,12,1,1,5,0,45.0,0,1
31,7,1,0,1,12,1,1,5,0,28.0,0,1
8,3,0,0,1,12,2,0,5,1,22.0,0,1
9,3,0,0,1,12,1,1,5,0,21.0,0,1
13,5,1,1,1,12,1,1,5,0,37.0,0,1
9,3,0,0,1,12,1,1,5,0,29.0,0,1
32,10,2,0,1,12,2,1,2,3,43.0,0,1
30,28,1,0,1,12,2,1,5,1,23.0,0,1
18,19,1,1,1,12,2,1,5,0,37.0,0,1
30,28,1,0,1,12,2,0,5,3,32.0,0,1
32,10,2,0,1,12,2,0,5,0,26.0,0,1
9,3,0,0,1,12,1,1,5,0,30.0,0,1
9,3,0,0,1,12,2,0,5,0,22.0,0,1
9,3,0,0,1,12,2,1,5,0,25.0,0,1
32,10,2,0,1,12,2,1,5,0,36.0,0,1
17,19,1,1,1,12,1,1,5,0,21.0,0,1
10,3,0,0,1,12,2,1,5,1,17.0,0,1
32,10,2,0,1,5,2,1,5,0,28.0,0,1
30,28,1,0,1,12,2,1,5,0,25.0,1,1
33,10,2,0,1,12,2,1,5,0,52.0,0,1
32,10,2,0,1,12,2,1,5,0,42.0,0,1
29,11,1,1,1,12,2,0,5,0,39.0,0,1
32,10,2,0,1,12,2,0,5,1,33.0,0,1
9,3,0,0,1,12,1,1,5,3,27.0,0,1
31,7,1,0,1,12,2,1,5,0,31.0,0,1
16,19,1,0,1,12,2,1,4,3,33.0,0,1
23,14,1,1,1,12,2,1,5,0,37.0,0,1
17,19,1,1,1,12,2,1,5,0,42.0,0,1
16,19,1,0,1,12,1,1,5,1,41.0,0,1
16,19,1,0,1,12,1,1,0,1,33.0,0,1
16,19,1,0,1,12,2,0,5,0,25.0,0,1
16,19,1,0,1,12,1,0,5,0,31.0,0,1
16,19,1,0,1,12,1,0,5,3,26.0,0,1
16,19,1,0,1,12,1,1,5,0,18.0,0,1
16,19,1,0,1,12,1,1,0,1,40.0,0,1
16,19,1,0,1,12,2,0,5,1,32.0,0,1
9,3,0,0,1,12,1,1,4,3,39.0,0,1
9,3,0,0,1,12,2,1,5,0,64.0,0,1
30,28,1,0,1,12,2,1,5,0,19.0,0,1
29,11,1,1,1,12,1,1,2,1,35.0,0,1
32,10,2,0,1,12,2,1,5,0,33.0,0,1
31,7,1,0,1,12,1,0,5,0,30.0,0,1
32,10,2,0,1,12,2,0,5,0,28.0,0,1
32,10,2,0,1,12,2,1,5,0,29.0,0,1
24,14,1,1,1,4,2,0,5,0,44.0,0,1
9,3,0,0,1,12,2,1,5,0,20.0,0,1
32,10,2,0,1,12,2,1,5,3,32.0,0,1
9,3,0,0,1,12,1,1,5,0,64.0,0,1
9,3,0,0,1,12,1,1,5,0,44.0,0,1
10,3,0,0,1,12,2,1,5,1,32.0,0,1
33,10,2,0,1,12,2,0,5,0,33.0,1,1
9,3,0,0,1,12,2,1,5,0,56.0,0,1
16,19,1,0,1,12,2,1,4,3,34.0,0,1
9,3,0,0,1,12,1,1,5,0,22.0,0,1
29,11,1,1,1,12,2,0,5,0,40.0,0,1
16,19,1,0,1,12,1,0,5,1,38.0,0,1
32,10,2,0,1,12,2,1,5,0,30.0,0,1
30,28,1,0,1,12,2,1,5,0,38.0,1,1
9,3,0,0,1,12,2,1,5,0,27.0,0,1
7,25,1,1,1,12,2,1,4,3,23.0,0,1
31,7,1,0,1,12,2,1,5,1,23.0,0,1
9,3,0,0,1,12,2,0,5,0,18.0,0,1
30,28,1,0,1,12,2,1,5,0,45.0,0,1
30,28,1,0,1,12,2,1,5,0,40.0,0,1
9,3,0,0,1,12,1,0,5,0,21.0,0,1
9,3,0,0,1,12,1,0,5,1,26.0,0,1
33,10,2,0,1,12,2,0,5,0,39.0,0,1
16,19,1,0,1,12,1,0,0,0,38.0,1,1
9,3,0,0,1,12,2,1,4,3,23.0,0,1
9,3,0,0,1,12,2,1,5,0,25.0,0,1
9,3,0,0,1,12,1,1,5,0,43.0,0,1
33,10,2,0,1,12,2,0,5,0,35.0,0,1
8,3,0,0,1,5,2,1,0,1,16.0,0,1
31,7,1,0,1,12,1,1,5,0,23.0,0,1
20,19,1,1,1,12,1,1,5,0,24.0,0,1
9,3,0,0,1,12,2,1,5,0,37.0,0,1
32,10,2,0,1,12,2,1,2,0,41.0,1,1
9,3,0,0,1,12,1,1,5,0,32.0,0,1
10,3,0,0,1,12,1,1,5,1,31.0,0,1
9,3,0,0,1,12,2,0,5,1,52.0,0,1
21,21,1,1,1,12,2,1,5,0,19.0,0,1
9,3,0,0,1,12,2,0,5,1,23.0,0,1
32,10,2,0,1,12,2,1,5,0,29.0,0,1
16,19,1,0,1,12,1,0,5,0,32.0,1,1
9,3,0,0,1,12,1,0,5,0,17.0,0,1
32,10,2,0,1,12,2,1,5,0,31.0,0,1
9,3,0,0,1,12,1,0,3,3,22.0,0,1
16,19,1,0,1,12,2,0,4,1,28.0,1,1
8,3,0,0,1,3,2,1,5,0,35.0,0,1
9,3,0,0,1,12,1,1,5,0,24.0,0,1
32,10,2,0,1,12,2,1,5,0,33.0,0,1
9,3,0,0,1,12,2,1,5,0,51.0,0,1
30,28,1,0,1,12,2,1,5,0,35.0,0,1
32,10,2,0,1,12,2,0,5,1,31.0,0,1
13,5,1,1,1,12,2,1,5,0,33.0,0,1
9,3,0,0,1,12,2,1,0,1,30.0,0,1
9,3,0,0,1,12,2,0,0,1,32.0,0,1
9,3,0,0,1,12,2,0,5,1,29.0,0,1
9,3,0,0,1,12,2,0,5,1,45.0,0,1
16,19,1,0,1,12,2,1,5,0,27.0,0,1
29,11,1,1,1,12,1,1,4,0,34.5,1,1
9,3,0,0,1,12,1,1,4,1,23.0,0,1
9,3,0,0,1,12,2,1,5,0,36.0,0,1
16,19,1,0,1,12,1,0,5,1,27.0,0,1
30,28,1,0,1,12,2,1,5,0,60.0,0,1
9,3,0,0,1,12,2,0,5,1,49.0,0,1
9,3,0,0,1,12,1,0,5,0,42.0,0,1
9,3,0,0,1,12,1,1,5,0,31.0,0,1
9,3,0,0,1,3,1,0,5,0,36.5,1,1
32,10,2,0,1,12,2,1,2,1,47.0,0,1
32,10,2,0,1,3,2,0,5,0,39.0,0,1
33,10,2,0,1,12,2,0,5,0,21.5,1,1
8,3,0,0,1,12,2,1,5,0,24.0,0,1
16,19,1,0,1,12,2,0,5,0,29.5,1,1
32,10,2,0,1,12,2,0,5,0,22.0,0,1
32,10,2,0,1,12,2,1,5,0,36.0,0,1
32,10,2,0,1,12,2,1,5,0,33.0,0,1
9,3,0,0,1,12,1,0,5,0,39.0,0,1
8,3,0,0,1,1,2,1,5,0,26.0,0,1
33,10,2,0,1,12,1,1,5,0,28.0,0,1
9,3,0,0,1,12,2,1,5,0,46.0,0,1
32,10,2,0,1,12,2,1,5,0,59.0,0,1
32,10,2,0,1,12,2,1,5,1,43.0,0,1
9,3,0,0,1,12,2,1,5,0,29.0,0,1
32,10,2,0,1,12,2,1,5,0,29.0,0,1
49,0,2,0,0,12,2,1,5,0,28.0,0,1
9,3,0,0,1,12,1,1,5,0,53.0,0,1
31,7,1,0,1,5,1,1,5,0,29.0,0,1
9,3,0,0,1,12,1,1,5,0,16.0,0,1
32,10,2,0,1,12,1,1,5,0,17.0,0,1
9,3,0,0,1,12,2,1,5,0,39.0,0,1
9,3,0,0,1,12,2,0,5,0,24.0,0,1
9,3,0,0,1,12,2,0,5,0,19.0,0,1
30,28,1,0,1,3,2,1,5,0,28.0,0,1
9,3,0,0,1,12,0,1,5,0,38.0,0,1
40,30,2,0,1,3,0,1,5,1,21.0,0,1
49,0,2,0,0,12,0,1,0,1,25.0,0,1
20,19,1,1,1,12,1,0,5,0,38.0,1,1
9,3,0,0,1,12,1,1,5,1,80.0,0,1
9,3,0,0,1,12,0,0,0,1,22.0,0,1
9,3,0,0,1,12,0,1,0,1,41.0,0,1
32,10,2,0,1,12,0,1,5,0,32.0,0,1
33,10,2,0,1,12,0,1,0,1,41.0,0,1
13,5,1,1,1,12,2,1,5,0,34.0,0,1
8,3,0,0,1,12,2,1,2,2,29.0,0,1
43,8,2,0,0,12,0,1,0,1,33.0,0,1
31,7,1,0,1,12,0,1,5,0,45.0,0,1
9,3,0,0,1,12,2,0,0,1,28.0,0,1
49,0,2,0,0,12,2,1,0,1,47.0,0,1
9,3,0,0,1,12,2,0,0,1,26.0,0,1
8,3,0,0,1,5,2,0,2,1,31.0,0,1
29,11,1,1,1,12,0,1,5,1,34.0,0,1
16,19,1,0,1,12,0,1,5,1,31.0,0,1
27,14,1,1,1,12,0,1,5,2,62.0,0,1
8,3,0,0,1,12,0,1,5,2,42.0,0,1
32,10,2,0,1,12,2,1,5,0,43.0,0,1
9,3,0,0,1,12,0,1,5,1,40.0,0,1
32,10,2,0,1,12,0,1,2,1,35.0,0,1
2,18,0,0,1,12,0,1,2,0,39.5,1,1
31,7,1,0,1,12,0,1,5,0,23.0,1,1
9,3,0,0,1,12,0,1,5,0,19.0,0,1
32,10,2,0,1,12,2,1,2,1,38.0,0,1
9,3,0,0,1,12,0,1,5,0,25.0,0,1
49,0,2,0,0,12,2,0,5,0,23.0,1,1
9,3,0,0,1,12,0,1,2,1,21.0,0,1
31,7,1,0,1,12,0,1,5,0,49.0,0,1
8,3,0,0,1,12,2,0,5,0,62.0,0,1
32,10,2,0,1,12,2,1,5,0,39.0,0,1
20,19,1,1,1,12,2,1,5,0,54.0,0,1
32,10,2,0,1,1,0,1,2,1,59.0,0,1
8,3,0,0,1,12,2,1,0,1,23.0,0,1
16,19,1,0,1,12,2,1,5,0,45.0,0,1
9,3,0,0,1,12,2,1,5,1,38.0,0,1
16,19,1,0,1,12,2,1,5,1,24.0,0,1
8,3,0,0,1,12,2,0,5,1,23.0,0,1
9,3,0,0,1,12,2,0,2,1,41.0,0,1
8,3,0,0,1,12,2,1,5,0,21.0,0,1
8,3,0,0,1,5,2,1,5,0,26.0,0,1
16,19,1,0,1,12,2,0,5,0,32.0,0,1
30,28,1,0,1,12,2,1,5,1,26.0,0,1
16,19,1,0,1,12,2,1,5,3,39.0,0,1
16,19,1,0,1,12,2,1,4,3,60.0,0,1
16,19,1,0,1,12,2,1,5,0,30.0,0,1
40,30,2,0,1,12,2,1,5,1,17.0,0,1
16,19,1,0,1,12,1,0,5,0,48.0,0,1
32,10,2,0,1,12,2,0,5,1,36.0,0,1
16,19,1,0,1,12,2,0,5,0,47.5,1,1
9,3,0,0,1,12,2,1,0,1,45.0,0,1
16,19,1,0,1,12,2,1,5,0,34.0,0,1
9,3,0,0,1,12,2,1,5,0,25.0,0,1
9,3,0,0,1,12,0,0,5,2,71.0,0,1
31,7,1,0,1,12,2,0,4,1,36.5,1,1
16,19,1,0,1,3,2,1,5,0,32.0,0,1
32,10,2,0,1,12,2,1,5,0,38.0,0,1
32,10,2,0,1,12,2,0,0,1,51.0,0,1
16,19,1,0,1,12,2,1,5,2,58.0,0,1
9,3,0,0,1,12,2,0,0,0,14.5,1,1
9,3,0,0,1,12,2,1,5,0,19.0,0,1
32,10,2,0,1,12,2,1,5,0,16.0,0,1
16,19,1,0,1,12,1,0,5,0,35.0,0,1
16,19,1,0,1,12,1,1,5,2,58.0,0,1
9,3,0,0,1,0,2,1,5,0,48.0,0,1
13,5,1,1,1,12,2,1,5,2,58.0,0,1
9,3,0,0,1,12,2,1,5,0,45.0,0,1
32,10,2,0,1,12,2,1,5,0,28.0,0,1
20,19,1,1,1,12,2,1,0,1,40.0,0,1
25,14,1,1,1,12,1,0,5,0,35.0,0,1
30,28,1,0,1,12,2,1,5,0,29.0,0,1
32,10,2,0,1,12,0,1,4,3,32.0,0,1
20,19,1,1,1,12,0,1,5,0,49.0,0,1
40,30,2,0,1,1,0,1,5,0,26.0,0,1
8,3,0,0,1,12,0,1,5,0,40.0,0,1
31,7,1,0,1,12,0,1,5,0,26.0,0,1
9,3,0,0,1,12,0,1,5,0,25.0,0,1
9,3,0,0,1,12,0,1,5,0,36.0,0,1
2,18,0,0,1,12,2,1,5,0,33.0,0,1
9,3,0,0,1,12,2,1,5,0,24.0,0,1
8,3,0,0,1,1,0,1,5,0,41.0,0,1
30,28,1,0,1,12,2,1,2,1,33.0,0,1
31,7,1,0,1,12,0,1,5,0,30.0,0,1
16,19,1,0,1,12,0,1,5,0,39.0,0,1
9,3,0,0,1,12,0,1,5,0,29.0,0,1
16,19,1,0,1,12,0,1,5,0,30.0,0,1
9,3,0,0,1,12,0,1,5,0,33.0,0,1
8,3,0,0,1,12,0,1,5,0,52.0,0,1
9,3,0,0,1,12,0,1,5,0,63.0,0,1
16,19,1,0,1,12,2,1,5,0,30.0,0,1
32,10,2,0,1,12,2,1,5,0,37.0,0,1
16,19,1,0,1,12,2,1,5,0,47.0,0,1
30,28,1,0,1,12,0,1,2,3,38.0,0,1
43,8,2,0,0,12,0,1,0,1,41.0,0,1
9,3,0,0,1,12,0,1,5,0,21.0,0,1
9,3,0,0,1,12,0,1,5,1,49.0,0,1
9,3,0,0,1,12,0,0,5,1,20.0,0,1
9,3,0,0,1,12,0,0,5,1,35.0,0,1
31,7,1,0,1,12,0,1,5,0,42.0,0,1
9,3,0,0,1,12,2,1,5,1,44.0,0,1
41,17,0,0,0,12,0,1,5,0,31.0,0,1
9,3,0,0,1,12,0,1,5,1,49.0,0,1
32,10,2,0,1,12,2,1,5,0,33.0,0,1
9,3,0,0,1,12,0,1,5,1,54.0,0,1
31,7,1,0,1,12,0,1,5,1,34.0,0,1
9,3,0,0,1,12,0,1,5,1,38.0,0,1
9,3,0,0,1,12,0,1,5,1,33.0,0,1
32,10,2,0,1,12,1,1,5,0,16.0,0,1
32,10,2,0,1,12,0,1,5,0,38.0,0,1
32,10,2,0,1,12,2,0,5,1,23.0,0,1
11,2,1,0,1,12,0,1,5,0,23.0,0,1
32,10,2,0,1,12,2,0,5,0,25.0,0,1
9,3,0,0,1,12,0,1,5,0,25.0,0,1
9,3,0,0,1,12,0,1,5,1,33.0,0,1
8,3,0,0,1,12,0,1,5,0,60.0,0,1
9,3,0,0,1,12,0,1,5,0,37.0,0,1
9,3,0,0,1,12,1,1,5,0,15.0,0,1
13,5,1,1,1,12,0,1,5,0,39.0,0,1
9,3,0,0,1,12,0,0,5,1,19.0,0,1
9,3,0,0,1,12,0,1,5,0,29.0,0,1
49,0,2,0,0,12,0,1,5,1,42.0,0,1
2,18,0,0,1,12,2,1,5,1,22.0,0,1
9,3,0,0,1,12,1,1,5,0,16.5,1,1
9,3,0,0,1,12,0,1,5,0,30.0,0,1
32,10,2,0,1,12,0,1,5,1,56.0,0,1
9,3,0,0,1,12,2,1,5,0,26.0,0,1
10,3,0,0,1,12,1,1,5,0,11.0,0,1
9,3,0,0,1,12,0,1,5,0,24.0,0,1
8,3,0,0,1,3,0,1,5,0,24.0,0,1
8,3,0,0,1,12,0,1,5,1,25.0,0,1
9,3,0,0,1,12,2,0,5,1,32.0,0,1
49,0,2,0,0,12,2,0,5,1,49.0,0,1
11,2,1,0,1,12,2,0,5,1,37.0,0,1
16,19,1,0,1,12,2,1,5,1,28.0,0,1
8,3,0,0,1,12,2,1,5,0,17.5,1,1
40,30,2,0,1,12,2,1,5,1,39.0,0,1
2,18,0,0,1,12,2,1,5,0,24.0,0,1
47,29,2,0,0,12,0,1,5,0,18.0,0,1
8,3,0,0,1,12,0,1,5,0,16.0,0,1
9,3,0,0,1,12,2,0,0,1,23.0,0,1
21,21,1,1,1,12,0,0,5,0,34.0,1,1
9,3,0,0,1,12,0,1,5,1,21.0,0,1
9,3,0,0,1,12,0,1,5,0,19.0,0,1
8,3,0,0,1,12,2,1,2,1,62.0,0,1
8,3,0,0,1,12,2,0,5,0,27.0,0,1
31,7,1,0,1,12,0,1,5,0,44.0,0,1
49,0,2,0,0,12,2,1,5,0,22.0,0,1
49,0,2,0,0,1,2,1,5,0,40.0,0,1
9,3,0,0,1,12,0,0,5,1,35.0,0,1
9,3,0,0,1,12,0,0,5,1,31.0,0,1
9,3,0,0,1,12,0,1,2,1,40.0,0,1
8,3,0,0,1,5,0,1,5,1,33.0,0,1
43,8,2,0,0,12,1,1,5,0,16.5,1,1
16,19,1,0,1,12,0,1,5,1,28.0,0,1
9,3,0,0,1,12,1,1,5,0,13.0,1,1
16,19,1,0,1,12,2,1,5,0,18.0,0,1
16,19,1,0,1,12,1,1,5,0,24.0,0,1
31,7,1,0,1,12,0,1,5,1,28.0,0,1
13,5,1,1,1,12,0,1,5,0,34.0,0,1
9,3,0,0,1,12,2,1,5,1,24.0,0,1
13,5,1,1,1,12,2,1,5,0,33.0,0,1
9,3,0,0,1,12,1,1,5,0,14.0,0,1
32,10,2,0,1,12,0,1,5,0,32.0,0,1
31,7,1,0,1,12,0,1,5,0,24.0,0,1
9,3,0,0,1,12,0,1,5,0,24.0,0,1
8,3,0,0,1,12,0,1,5,0,32.0,0,1
9,3,0,0,1,12,0,1,5,0,32.0,0,1
31,7,1,0,1,12,2,1,5,0,43.0,0,1
32,10,2,0,1,12,0,1,5,1,42.0,0,1
16,19,1,0,1,12,0,1,5,1,37.0,0,1
22,6,1,0,1,12,0,0,5,1,30.0,0,1
9,3,0,0,1,12,0,0,5,0,43.0,0,1
49,0,2,0,0,12,0,1,5,0,34.0,0,1
9,3,0,0,1,12,1,0,5,0,14.0,0,1
9,3,0,0,1,12,0,0,5,0,24.0,1,1
9,3,0,0,1,12,0,1,5,1,72.0,0,1
9,3,0,0,1,12,1,0,5,0,11.0,0,1
9,3,0,0,1,12,1,1,5,0,13.0,0,1
31,7,1,0,1,0,0,1,5,0,47.0,0,1
8,3,0,0,1,12,0,1,5,0,28.0,0,1
30,28,1,0,1,12,0,1,5,0,33.0,0,1
32,10,2,0,1,12,0,1,2,1,39.0,0,1
24,14,1,1,1,12,0,1,5,0,38.0,0,1
32,10,2,0,1,12,1,1,5,0,45.0,0,1
32,10,2,0,1,12,1,1,5,0,14.0,0,1
9,3,0,0,1,12,0,0,5,0,31.0,0,1
32,10,2,0,1,12,2,1,5,0,15.0,0,1
9,3,0,0,1,12,2,0,5,0,14.0,0,1
8,3,0,0,1,1,0,1,5,0,55.0,0,1
9,3,0,0,1,12,0,1,5,0,31.0,0,1
33,10,2,0,1,12,1,1,5,0,38.0,0,1
32,10,2,0,1,12,2,0,5,0,15.0,0,1
32,10,2,0,1,12,2,1,5,1,15.0,0,1
31,7,1,0,1,12,1,1,5,0,30.0,0,1
16,19,1,0,1,12,0,1,5,1,28.0,0,1
9,3,0,0,1,12,1,1,5,0,44.0,0,1
8,3,0,0,1,12,0,1,5,0,48.0,0,1
9,3,0,0,1,12,2,0,5,0,14.0,0,1
9,3,0,0,1,12,1,1,5,0,37.0,0,1
32,10,2,0,1,12,2,1,5,0,14.0,0,1
9,3,0,0,1,12,1,0,5,0,13.0,0,1
31,7,1,0,1,12,1,1,5,0,16.0,0,1
9,3,0,0,1,12,1,1,5,0,16.0,0,1
9,3,0,0,1,12,0,1,5,1,56.0,0,1
9,3,0,0,1,12,0,1,5,0,18.0,0,1
9,3,0,0,1,12,0,1,5,0,35.0,0,1
9,3,0,0,1,12,1,1,5,0,23.0,0,1
9,3,0,0,1,12,0,1,5,0,34.0,0,1
9,3,0,0,1,12,0,1,5,0,34.0,0,1
32,10,2,0,1,12,2,0,5,0,13.0,0,1
9,3,0,0,1,12,0,0,5,1,23.0,0,1
32,10,2,0,1,12,0,1,5,0,31.0,0,1
9,3,0,0,1,12,0,1,5,0,24.0,0,1
8,3,0,0,1,8,0,1,5,1,31.0,0,1
30,28,1,0,1,12,0,0,4,0,36.0,0,1
8,3,0,0,1,5,0,0,5,1,44.0,0,1
30,28,1,0,1,12,0,1,5,1,29.0,0,1
9,3,0,0,1,12,0,0,5,1,31.0,0,1
9,3,0,0,1,12,2,1,5,1,56.0,0,1
30,28,1,0,1,12,2,1,5,0,25.0,0,1
2,18,0,0,1,12,2,1,5,0,29.0,0,1
40,30,2,0,1,12,2,1,5,1,28.0,0,1
2,18,0,0,1,12,2,0,5,0,48.0,0,1
8,3,0,0,1,12,0,0,5,0,20.0,0,1
32,10,2,0,1,12,0,1,5,0,33.0,0,1
32,10,2,0,1,12,0,1,5,1,43.0,0,1
30,28,1,0,1,12,2,1,5,0,30.0,0,1
9,3,0,0,1,12,0,1,5,1,45.0,0,1
32,10,2,0,1,12,2,1,5,1,45.0,0,1
21,21,1,1,1,12,2,1,5,0,25.0,0,1
40,30,2,0,1,3,0,0,5,0,34.0,0,1
32,10,2,0,1,12,0,1,0,1,43.0,0,1
8,3,0,0,1,12,0,1,0,0,71.0,0,1
32,10,2,0,1,12,2,1,5,1,32.0,0,1
9,3,0,0,1,12,2,0,0,1,35.0,0,1
21,21,1,1,1,12,1,1,0,1,37.0,0,1
31,7,1,0,1,12,1,1,0,1,54.0,0,1
9,3,0,0,1,12,1,0,0,1,24.0,0,1
31,7,1,0,1,12,0,1,0,1,22.0,0,1
10,3,0,0,1,12,0,1,0,2,30.0,0,1
9,3,0,0,1,12,0,1,0,1,36.0,0,1
9,3,0,0,1,12,2,1,0,1,21.0,0,1
8,3,0,0,1,12,0,1,0,1,43.0,0,1
8,3,0,0,1,12,0,1,5,1,36.0,0,1
9,3,0,0,1,12,1,1,5,1,50.0,0,1
9,3,0,0,1,12,1,1,5,0,35.0,0,1
9,3,0,0,1,12,1,1,0,0,21.0,0,1
8,3,0,0,1,12,1,1,5,3,18.0,0,1
9,3,0,0,1,12,1,1,5,1,44.0,0,1
8,3,0,0,1,12,2,1,5,0,21.0,0,1
9,3,0,0,1,12,1,1,5,0,19.0,0,1
13,5,1,1,1,12,2,0,5,1,42.0,0,1
8,3,0,0,1,12,1,0,5,0,29.0,1,1
10,3,0,0,1,12,2,1,5,0,21.0,0,1
9,3,0,0,1,12,1,1,5,0,19.0,0,1
9,3,0,0,1,12,2,1,5,0,26.0,0,1
16,19,1,0,1,12,1,0,5,0,29.0,0,1
9,3,0,0,1,12,2,1,5,0,36.0,0,1
8,3,0,0,1,12,2,1,5,0,23.0,0,1
9,3,0,0,1,12,2,0,1,1,22.0,0,1
13,5,1,1,1,12,2,1,5,0,20.0,0,1
10,3,0,0,1,12,1,1,5,0,38.0,0,1
32,10,2,0,1,12,1,1,5,0,50.0,0,1
13,5,1,1,1,12,2,1,5,1,19.0,0,1
9,3,0,0,1,12,1,1,5,0,21.0,0,1
10,3,0,0,1,12,1,1,5,0,31.0,0,1
32,10,2,0,1,12,2,1,5,0,44.0,0,1
9,3,0,0,1,12,1,0,5,0,24.0,0,1
9,3,0,0,1,12,1,1,5,0,16.0,0,1
16,19,1,0,1,12,2,1,5,1,30.0,0,1
8,3,0,0,1,12,2,1,5,0,62.0,0,1
29,11,1,1,1,12,1,0,5,0,45.0,0,1
20,19,1,1,1,12,1,1,5,0,36.0,0,1
9,3,0,0,1,12,1,1,5,0,21.0,0,1
9,3,0,0,1,12,2,0,5,0,58.0,1,1
9,3,0,0,1,12,1,0,5,0,38.0,0,1
9,3,0,0,1,12,2,0,5,0,42.0,0,1
9,3,0,0,1,12,1,0,5,0,34.0,0,1
32,10,2,0,1,12,2,1,5,0,42.0,0,1
32,10,2,0,1,12,2,0,5,0,32.0,0,1
32,10,2,0,1,3,2,1,5,0,29.0,0,1
33,10,2,0,1,12,2,0,5,0,29.0,0,1
32,10,2,0,1,12,2,1,5,1,39.0,0,1
32,10,2,0,1,12,2,0,5,1,36.0,0,1
8,3,0,0,1,12,2,1,5,0,41.0,0,1
32,10,2,0,1,12,2,0,5,0,43.0,0,1
33,10,2,0,1,12,1,0,5,0,12.0,0,1
32,10,2,0,1,12,2,1,5,0,34.0,0,1
32,10,2,0,1,12,2,1,5,1,30.0,0,1
32,10,2,0,1,12,1,1,5,1,36.0,0,1
9,3,0,0,1,12,2,1,5,0,26.0,0,1
32,10,2,0,1,12,2,0,2,1,38.0,1,1
16,19,1,0,1,12,1,1,5,0,28.0,1,1
8,3,0,0,1,5,1,1,5,0,41.0,0,1
16,19,1,0,1,12,1,0,5,1,26.0,0,1
8,3,0,0,1,10,1,1,5,0,23.0,0,1
32,10,2,0,1,12,2,1,5,0,38.0,0,1
9,3,0,0,1,12,1,1,5,1,40.0,0,1
16,19,1,0,1,12,2,0,5,0,34.0,0,1
30,28,1,0,1,12,2,1,5,0,34.0,0,1
32,10,2,0,1,12,2,1,5,1,24.0,0,1
32,10,2,0,1,12,0,1,5,1,52.0,0,1
32,10,2,0,1,12,0,1,5,1,33.0,0,1
8,3,0,0,1,12,0,1,5,1,29.0,0,1
9,3,0,0,1,12,2,1,2,1,33.0,0,1
9,3,0,0,1,12,0,1,0,1,34.0,0,1
9,3,0,0,1,12,0,1,5,1,48.0,0,1
9,3,0,0,1,12,0,1,0,1,66.0,0,1
9,3,0,0,1,12,0,0,0,1,29.0,0,1
8,3,0,0,1,12,0,1,5,1,29.0,0,1
40,30,2,0,1,12,2,1,5,1,29.0,0,1
32,10,2,0,1,12,2,1,5,1,38.0,0,1
9,3,0,0,1,12,0,1,5,1,38.0,0,1
32,10,2,0,1,12,1,1,5,0,19.0,0,1
32,10,2,0,1,12,0,0,5,0,36.0,0,1
32,10,2,0,1,12,0,0,5,0,32.0,0,1
9,3,0,0,1,12,2,1,5,1,29.0,0,1
8,3,0,0,1,12,0,1,0,1,30.0,0,1
32,10,2,0,1,12,0,1,5,0,32.0,0,1
9,3,0,0,1,12,1,1,0,1,23.0,0,1
31,7,1,0,1,12,1,0,0,1,18.0,0,1
32,10,2,0,1,12,0,1,5,0,46.0,0,1
9,3,0,0,1,12,0,1,0,1,19.0,0,1
8,3,0,0,1,12,0,1,5,0,23.0,0,1
32,10,2,0,1,12,1,1,0,1,28.0,0,1
40,30,2,0,1,12,0,1,0,1,24.0,0,1
9,3,0,0,1,12,0,1,0,1,27.0,0,1
49,0,2,0,0,12,2,1,0,1,23.0,0,1
9,3,0,0,1,12,0,1,0,1,18.0,0,1
6,26,0,0,1,12,0,1,2,1,62.0,0,1
9,3,0,0,1,12,1,1,0,1,30.0,0,1
49,0,2,0,0,12,2,0,0,1,26.0,0,1
16,19,1,0,1,12,1,0,4,1,30.0,0,1
33,10,2,0,1,12,0,0,0,1,33.0,0,1
9,3,0,0,1,12,1,1,0,1,49.0,0,1
9,3,0,0,1,12,0,1,0,1,30.0,0,1
9,3,0,0,1,12,0,1,0,1,17.0,0,1
49,0,2,0,0,12,2,0,0,1,33.0,0,1
9,3,0,0,1,12,0,0,0,1,25.0,0,1
9,3,0,0,1,12,1,0,0,1,58.0,0,1
16,19,1,0,1,12,1,1,0,1,40.0,0,1
10,3,0,0,1,12,0,0,0,1,31.0,0,1
16,19,1,0,1,12,1,0,0,1,38.5,1,1
9,3,0,0,1,12,0,0,0,1,35.0,0,1
16,19,1,0,1,12,1,1,0,1,24.0,0,1
9,3,0,0,1,12,0,0,0,1,53.0,0,1
9,3,0,0,1,12,0,1,0,1,20.0,0,1
9,3,0,0,1,12,1,0,0,1,36.0,0,1
9,3,0,0,1,12,2,1,0,1,32.0,0,1
9,3,0,0,1,12,0,1,0,1,31.0,0,1
21,21,1,1,1,12,0,1,0,1,32.0,0,1
40,30,2,0,1,12,1,1,0,1,37.0,0,1
32,10,2,0,1,12,0,1,0,2,32.0,0,1
9,3,0,0,1,12,0,1,0,1,39.0,0,1
9,3,0,0,1,12,0,0,0,1,22.0,0,1
9,3,0,0,1,12,1,1,0,1,46.0,0,1
9,3,0,0,1,12,1,1,5,0,52.0,0,1
31,7,1,0,1,12,1,1,0,1,24.0,0,1
16,19,1,0,1,12,0,1,0,1,30.0,0,1
9,3,0,0,1,12,1,1,0,1,21.0,0,1
16,19,1,0,1,12,1,1,0,1,46.0,0,1
9,3,0,0,1,12,1,1,5,0,33.0,0,1
9,3,0,0,1,12,1,0,0,1,40.0,1,1
22,6,1,0,1,12,1,0,0,1,30.0,1,1
9,3,0,0,1,12,1,0,0,1,22.0,0,1
49,0,2,0,0,12,2,1,0,1,32.0,0,1
33,10,2,0,1,12,1,1,0,1,35.0,0,1
16,19,1,0,1,12,0,0,5,1,35.0,0,1
9,3,0,0,1,12,0,1,0,1,28.0,0,1
9,3,0,0,1,12,0,0,0,1,19.0,0,1
9,3,0,0,1,12,0,1,0,1,32.0,0,1
8,3,0,0,1,12,0,1,0,1,23.0,0,1
9,3,0,0,1,12,0,1,5,0,33.0,0,1
9,3,0,0,1,12,1,1,0,1,26.0,0,1
16,19,1,0,1,12,1,1,0,1,31.0,0,1
49,0,2,0,0,12,0,1,0,1,29.0,0,1
8,3,0,0,1,5,2,1,0,2,49.0,0,1
16,19,1,0,1,12,2,0,5,2,31.0,1,1
8,3,0,0,1,12,2,1,4,2,36.0,0,1
16,19,1,0,1,12,0,0,0,1,33.0,0,1
16,19,1,0,1,12,0,1,0,1,27.0,0,1
8,3,0,0,1,5,0,1,0,1,34.0,0,1
30,28,1,0,1,12,0,1,5,1,52.0,0,1
31,7,1,0,1,12,0,1,5,1,23.0,0,1
13,5,1,1,1,12,0,1,0,1,30.0,0,1
21,21,1,1,1,12,0,1,5,0,28.0,0,1
8,3,0,0,1,5,0,1,5,0,30.0,0,1
32,10,2,0,1,12,2,1,0,1,31.0,0,1
32,10,2,0,1,3,0,1,5,1,20.0,0,1
8,3,0,0,1,3,2,1,5,1,37.0,0,1
8,3,0,0,1,12,0,1,5,1,65.0,0,1
9,3,0,0,1,12,1,0,5,0,25.0,1,1
11,2,1,0,1,12,0,0,5,0,30.0,0,1
32,10,2,0,1,12,0,0,5,1,32.0,0,1
31,7,1,0,1,12,1,0,5,3,40.0,0,1
43,8,2,0,0,12,0,1,0,1,28.0,0,1
49,0,2,0,0,12,0,1,0,1,34.0,0,1
16,19,1,0,1,12,1,0,0,1,24.0,0,1
31,7,1,0,1,12,0,0,0,1,33.0,0,1
8,3,0,0,1,12,0,1,5,1,43.0,0,1
31,7,1,0,1,12,2,1,5,0,37.0,0,1
9,3,0,0,1,12,0,1,2,1,40.0,0,1
9,3,0,0,1,12,2,1,0,1,21.0,0,1
9,3,0,0,1,12,0,1,2,1,27.0,0,1
9,3,0,0,1,12,0,1,5,1,36.0,0,1
9,3,0,0,1,12,2,1,4,0,51.0,0,1
9,3,0,0,1,12,2,1,0,1,43.0,0,1
32,10,2,0,1,12,2,1,0,1,48.0,0,1
22,6,1,0,1,12,0,1,5,1,31.0,0,1
13,5,1,1,1,12,0,1,5,0,42.0,1,1
32,10,2,0,1,12,2,1,5,0,13.0,0,1
40,30,2,0,1,5,2,0,5,0,13.5,1,1
16,19,1,0,1,12,1,0,5,0,53.0,0,1
32,10,2,0,1,12,2,0,5,1,14.0,0,1
9,3,0,0,1,12,0,1,5,0,50.0,0,1
32,10,2,0,1,12,2,1,5,0,13.0,0,1
32,10,2,0,1,12,0,1,5,0,31.0,0,1
9,3,0,0,1,12,2,0,5,1,16.0,0,1
32,10,2,0,1,12,0,1,5,0,26.0,0,1
32,10,2,0,1,12,2,1,5,0,13.0,0,1
16,19,1,0,1,12,1,1,5,1,34.0,0,1
16,19,1,0,1,12,1,1,5,0,39.0,0,1
16,19,1,0,1,12,0,1,5,1,34.0,0,1
9,3,0,0,1,12,0,1,5,1,42.0,0,1
16,19,1,0,1,12,1,0,4,3,18.0,0,1
16,19,1,0,1,12,0,0,5,1,39.0,0,1
32,10,2,0,1,12,0,1,5,1,25.0,0,1
21,21,1,1,1,12,0,1,2,1,13.0,0,1
32,10,2,0,1,12,2,1,5,0,15.0,0,1
9,3,0,0,1,12,0,0,5,0,73.0,0,1
16,19,1,0,1,12,1,1,5,1,30.0,0,1
8,3,0,0,1,3,0,0,5,0,21.0,0,1
18,19,1,1,1,12,0,1,5,0,22.0,0,1
16,19,1,0,1,12,0,1,5,0,43.0,0,1
32,10,2,0,1,12,2,1,5,0,15.0,0,1
32,10,2,0,1,12,2,1,5,1,16.0,0,1
9,3,0,0,1,12,1,1,4,3,17.0,0,1
40,30,2,0,1,5,2,1,5,0,13.0,0,1
32,10,2,0,1,12,0,1,5,1,39.0,0,1
16,19,1,0,1,12,1,0,5,0,28.0,0,1
9,3,0,0,1,12,2,1,5,0,15.0,0,1
9,3,0,0,1,12,0,1,5,0,24.0,0,1
8,3,0,0,1,3,0,1,5,0,29.0,0,1
16,19,1,0,1,12,1,1,5,0,40.0,0,1
32,10,2,0,1,12,0,1,5,1,30.0,0,1
9,3,0,0,1,12,0,1,4,0,41.0,0,1
8,3,0,0,1,12,0,1,5,0,41.0,0,1
9,3,0,0,1,12,0,0,5,1,29.0,0,1
9,3,0,0,1,12,0,1,5,1,42.0,0,1
16,19,1,0,1,12,0,1,2,1,40.0,0,1
16,19,1,0,1,12,1,1,2,1,40.0,0,1
16,19,1,0,1,12,1,0,5,0,26.0,0,1
9,3,0,0,1,12,1,1,5,0,40.0,0,1
16,19,1,0,1,12,1,1,5,0,48.0,0,1
32,10,2,0,1,12,0,0,5,0,24.0,0,1
9,3,0,0,1,12,2,0,5,0,15.0,0,1
9,3,0,0,1,12,0,0,5,1,26.0,0,1
9,3,0,0,1,12,0,1,4,3,19.0,0,1
40,30,2,0,1,5,2,1,4,3,13.0,0,1
32,10,2,0,1,12,2,0,4,3,13.0,0,1
17,19,1,1,1,12,0,1,5,0,41.0,0,1
32,10,2,0,1,12,0,1,5,0,58.0,0,1
40,30,2,0,1,1,0,1,5,0,30.0,0,1
16,19,1,0,1,12,0,1,5,1,45.0,0,1
33,10,2,0,1,12,2,1,5,0,16.0,0,1
24,14,1,1,1,12,0,0,5,0,25.0,0,1
16,19,1,0,1,12,1,1,4,3,34.0,0,1
16,19,1,0,1,12,0,1,5,0,35.0,0,1
16,19,1,0,1,12,1,1,4,3,28.0,0,1
9,3,0,0,1,12,2,1,4,3,17.0,0,1
16,19,1,0,1,12,0,1,4,3,33.0,0,1
8,3,0,0,1,3,0,1,5,0,29.0,0,1
21,21,1,1,1,12,0,1,5,0,19.0,0,1
13,5,1,1,1,12,0,1,5,0,19.0,0,1
16,19,1,0,1,12,1,0,4,3,18.0,1,1
31,7,1,0,1,12,0,1,5,1,45.0,0,1
32,10,2,0,1,12,0,1,5,0,39.0,0,1
8,3,0,0,1,5,0,0,5,0,23.0,0,1
30,28,1,0,1,12,0,1,5,1,40.0,0,1
9,3,0,0,1,12,0,0,4,0,34.0,1,1
9,3,0,0,1,12,2,1,5,0,15.0,0,1
16,19,1,0,1,12,1,0,4,3,63.0,1,1
9,3,0,0,1,12,0,1,5,0,34.0,0,1
16,19,1,0,1,12,1,1,4,3,29.0,0,1
33,10,2,0,1,12,1,0,5,0,20.0,0,1
16,19,1,0,1,12,1,0,5,0,27.0,0,1
13,5,1,1,1,12,0,1,5,0,29.0,0,1
16,19,1,0,1,12,1,0,5,1,29.0,0,1
18,19,1,1,1,12,0,1,5,0,26.0,0,1
9,3,0,0,1,12,0,0,5,0,25.0,0,1
8,3,0,0,1,12,0,1,5,0,33.0,0,1
9,3,0,0,1,12,0,1,5,0,40.0,0,1
9,3,0,0,1,12,0,1,5,0,26.0,0,1
8,3,0,0,1,3,0,1,5,0,45.0,0,1
18,19,1,1,1,12,0,1,5,0,34.0,1,1
16,19,1,0,1,12,1,1,5,0,42.0,0,1
32,10,2,0,1,12,0,0,5,0,28.0,0,1
9,3,0,0,1,12,2,0,5,0,14.0,0,1
16,19,1,0,1,12,1,0,5,0,29.0,0,1
9,3,0,0,1,12,0,1,5,0,28.0,0,1
9,3,0,0,1,12,0,1,5,1,45.0,0,1
16,19,1,0,1,12,0,1,5,0,32.0,0,1
16,19,1,0,1,12,1,0,5,1,22.0,0,1
16,19,1,0,1,12,1,1,0,1,45.0,0,1
9,3,0,0,1,12,0,1,0,1,34.0,0,1
2,18,0,0,1,12,0,1,0,1,31.0,0,1
30,28,1,0,1,12,2,1,0,1,56.0,0,1
32,10,2,0,1,12,0,1,5,1,33.0,0,1
8,3,0,0,1,12,0,0,0,1,18.0,0,1
9,3,0,0,1,12,0,0,0,1,20.0,0,1
9,3,0,0,1,12,2,1,0,1,24.0,0,1
13,5,1,1,1,12,2,1,4,1,36.0,0,1
33,10,2,0,1,12,2,0,5,1,24.0,0,1
9,3,0,0,1,12,2,1,5,0,32.0,0,1
10,3,0,0,1,12,2,1,0,1,32.0,0,1
8,3,0,0,1,12,2,1,0,1,29.0,0,1
8,3,0,0,1,12,0,1,0,1,29.0,0,1
16,19,1,0,1,12,0,0,0,1,34.0,0,1
16,19,1,0,1,12,0,0,0,1,35.0,0,1
33,10,2,0,1,5,0,1,5,1,59.0,0,1
16,19,1,0,1,12,1,0,5,1,22.0,0,1
32,10,2,0,1,12,0,1,5,1,33.0,0,1
32,10,2,0,1,12,0,1,5,1,23.0,0,1
32,10,2,0,1,12,0,1,5,0,31.0,0,1
9,3,0,0,1,12,0,1,0,1,44.0,0,1
9,3,0,0,1,12,0,1,5,1,38.0,0,1
8,3,0,0,1,12,2,0,5,1,35.0,0,1
31,7,1,0,1,12,1,0,0,1,27.0,0,1
9,3,0,0,1,12,0,0,0,1,26.0,0,1
9,3,0,0,1,12,0,0,0,1,26.0,0,1
32,10,2,0,1,12,2,1,5,1,45.0,0,1
9,3,0,0,1,12,1,1,0,1,29.0,0,1
16,19,1,0,1,12,2,1,0,1,50.0,0,1
16,19,1,0,1,12,1,0,5,0,29.0,0,1
32,10,2,0,1,12,2,1,0,1,22.0,0,1
40,30,2,0,1,2,2,1,5,1,22.0,0,1
40,30,2,0,1,10,0,1,5,1,50.0,0,1
16,19,1,0,1,12,1,0,5,1,22.0,0,1
32,10,2,0,1,12,0,1,0,1,42.0,0,1
16,19,1,0,1,12,2,0,5,1,43.0,0,1
9,3,0,0,1,12,0,1,5,0,40.0,0,1
9,3,0,0,1,12,0,1,0,1,24.0,0,1
2,18,0,0,1,12,2,0,0,1,27.0,0,1
33,10,2,0,1,12,0,0,5,1,45.0,0,1
9,3,0,0,1,12,2,1,5,1,56.0,0,1
10,3,0,0,1,12,0,0,5,1,22.0,0,1
9,3,0,0,1,12,2,1,0,1,34.0,0,1
8,3,0,0,1,6,0,1,0,1,18.0,0,1
9,3,0,0,1,12,2,0,0,1,35.0,0,1
9,3,0,0,1,12,0,1,5,1,57.0,0,1
9,3,0,0,1,12,0,0,0,1,36.0,0,1
13,5,1,1,1,12,2,1,0,1,32.0,0,1
9,3,0,0,1,12,0,1,0,1,30.0,0,1
9,3,0,0,1,12,0,1,0,1,33.0,0,1
40,30,2,0,1,3,2,1,0,1,17.0,0,1
9,3,0,0,1,12,2,1,5,1,43.0,0,1
32,10,2,0,1,5,2,1,2,1,26.0,0,1
9,3,0,0,1,12,0,1,0,1,34.0,0,1
31,7,1,0,1,12,1,1,0,1,23.0,0,1
9,3,0,0,1,12,0,1,0,1,36.0,0,1
9,3,0,0,1,12,1,1,0,1,32.0,0,1
9,3,0,0,1,12,2,0,5,1,23.0,0,1
32,10,2,0,1,12,0,0,0,1,31.0,0,1
16,19,1,0,1,12,0,1,0,1,50.0,0,1
9,3,0,0,1,12,2,1,0,1,36.0,0,1
9,3,0,0,1,12,2,0,0,1,31.0,0,1
40,30,2,0,1,3,1,1,0,1,46.0,0,1
8,3,0,0,1,12,2,1,0,1,47.0,0,1
33,10,2,0,1,12,2,1,0,1,37.0,0,1
32,10,2,0,1,12,2,1,5,1,31.0,0,1
9,3,0,0,1,12,0,0,0,1,19.0,0,1
16,19,1,0,1,12,0,0,0,0,34.0,0,1
9,3,0,0,1,12,2,0,0,1,37.0,0,1
16,19,1,0,1,12,0,1,0,1,35.0,0,1
9,3,0,0,1,12,1,1,0,1,37.0,0,1
32,10,2,0,1,12,2,1,0,1,22.0,0,1
9,3,0,0,1,12,2,1,0,1,31.0,0,1
9,3,0,0,1,12,0,1,5,1,38.0,0,1
20,19,1,1,1,12,0,0,5,2,26.0,0,1
9,3,0,0,1,12,0,0,5,0,28.0,0,1
9,3,0,0,1,12,2,1,5,1,33.0,0,1
9,3,0,0,1,12,2,0,5,1,34.0,0,1
16,19,1,0,1,12,1,1,5,0,0.0,0,1
16,19,1,0,1,12,1,1,5,1,32.0,0,1
16,19,1,0,1,12,1,0,5,0,42.0,0,1
9,3,0,0,1,12,2,1,5,1,32.0,0,1
33,10,2,0,1,12,2,1,5,0,32.0,0,1
8,3,0,0,1,12,0,1,2,1,30.0,0,1
9,3,0,0,1,12,0,1,5,0,23.0,0,1
32,10,2,0,1,12,1,1,5,1,18.0,0,1
16,19,1,0,1,12,1,0,5,0,38.0,0,1
16,19,1,0,1,12,1,0,5,1,23.0,0,1
31,7,1,0,1,12,0,1,5,1,41.0,0,1
9,3,0,0,1,12,1,0,5,0,13.0,0,1
16,19,1,0,1,12,0,0,5,1,48.0,0,1
10,3,0,0,1,12,0,1,5,0,29.0,0,1
16,19,1,0,1,12,1,0,5,1,32.0,0,1
16,19,1,0,1,12,0,0,5,2,38.0,0,1
9,3,0,0,1,12,0,0,5,2,41.0,0,1
8,3,0,0,1,5,0,0,5,0,28.0,0,1
30,28,1,0,1,12,0,1,5,1,24.0,0,1
32,10,2,0,1,12,0,1,5,0,32.0,0,1
9,3,0,0,1,12,2,0,4,0,29.0,0,1
32,10,2,0,1,12,2,0,5,0,27.0,0,1
30,28,1,0,1,12,0,1,5,0,34.0,0,1
32,10,2,0,1,12,0,0,5,0,27.0,0,1
32,10,2,0,1,12,0,1,5,1,42.0,0,1
32,10,2,0,1,12,2,0,5,0,25.0,0,1
30,28,1,0,1,12,2,1,5,0,34.0,0,1
8,3,0,0,1,5,0,1,5,1,35.0,0,1
2,18,0,0,1,12,0,1,5,0,66.0,0,1
9,3,0,0,1,12,0,1,5,0,43.0,0,1
8,3,0,0,1,0,0,1,5,0,42.0,0,1
9,3,0,0,1,12,2,1,5,0,24.0,0,1
8,3,0,0,1,8,0,1,5,1,20.0,0,1
9,3,0,0,1,12,0,0,5,0,35.0,0,1
8,3,0,0,1,12,0,1,0,2,33.0,0,1
9,3,0,0,1,12,0,1,0,2,27.0,0,1
8,3,0,0,1,12,0,1,0,2,22.0,0,1
9,3,0,0,1,12,0,0,0,2,30.0,0,1
8,3,0,0,1,5,0,1,5,2,21.0,0,1
9,3,0,0,1,12,0,1,0,2,35.0,0,1
8,3,0,0,1,12,0,1,0,2,46.0,0,1
9,3,0,0,1,12,0,1,0,2,27.0,0,1
32,10,2,0,1,12,0,1,5,0,32.0,0,1
32,10,2,0,1,12,2,1,5,1,43.0,0,1
32,10,2,0,1,12,2,1,5,0,25.0,0,1
32,10,2,0,1,12,0,1,5,0,34.0,0,1
31,7,1,0,1,12,0,1,0,2,20.0,0,1
31,7,1,0,1,12,0,1,4,2,27.0,0,1
32,10,2,0,1,12,1,1,0,2,21.0,0,1
13,5,1,1,1,12,0,1,5,2,28.0,0,1
31,7,1,0,1,12,0,1,0,2,34.0,0,1
8,3,0,0,1,12,2,1,0,2,34.0,0,1
13,5,1,1,1,12,2,1,5,2,40.333333333333336,1,1
32,10,2,0,1,12,2,1,5,1,38.0,0,1
32,10,2,0,1,12,2,1,5,1,30.0,0,1
13,5,1,1,1,12,2,1,5,1,29.0,0,1
10,3,0,0,1,12,0,1,0,1,14.0,0,1
49,0,2,0,0,12,2,1,5,1,32.0,0,1
2,18,0,0,1,12,2,1,5,1,36.0,0,1
3,26,0,0,1,12,2,1,0,1,45.0,0,1
32,10,2,0,1,12,1,1,0,1,13.0,0,1
2,18,0,0,1,12,0,1,0,1,20.0,0,1
9,3,0,0,1,12,0,0,0,1,34.0,0,1
9,3,0,0,1,12,1,0,0,1,32.0,0,1
9,3,0,0,1,12,0,1,0,1,24.0,0,1
9,3,0,0,1,12,0,1,0,0,50.0,0,1
9,3,0,0,1,12,0,1,5,0,21.0,0,1
9,3,0,0,1,12,0,1,5,1,26.0,0,1
9,3,0,0,1,12,0,0,0,1,30.0,0,1
8,3,0,0,1,12,2,1,0,1,25.0,0,1
9,3,0,0,1,12,2,1,0,1,25.0,0,1
32,10,2,0,1,12,2,1,5,0,29.0,0,1
32,10,2,0,1,12,1,0,0,1,12.0,0,1
31,7,1,0,1,12,2,1,5,1,46.0,0,1
32,10,2,0,1,12,1,0,0,1,12.0,0,1
32,10,2,0,1,12,1,0,0,1,14.0,0,1
8,3,0,0,1,12,0,0,0,1,18.0,0,1
31,7,1,0,1,12,1,1,5,1,16.0,0,1
8,3,0,0,1,5,2,0,0,1,34.0,0,1
8,3,0,0,1,5,0,0,0,1,38.0,0,1
32,10,2,0,1,12,2,1,5,1,29.0,0,1
9,3,0,0,1,12,0,0,5,0,18.0,0,1
9,3,0,0,1,12,0,1,5,0,26.0,0,1
32,10,2,0,1,12,0,1,5,1,31.0,0,1
9,3,0,0,1,12,1,1,0,1,14.0,0,1
9,3,0,0,1,12,2,1,5,0,18.0,0,1
32,10,2,0,1,12,1,0,0,1,14.0,0,1
9,3,0,0,1,12,2,1,0,1,40.0,0,1
9,3,0,0,1,12,2,1,0,1,32.0,0,1
9,3,0,0,1,12,0,1,5,1,22.0,0,1
9,3,0,0,1,12,0,0,0,1,28.0,0,1
9,3,0,0,1,12,0,0,5,1,18.0,0,1
9,3,0,0,1,12,0,1,5,1,30.0,0,1
9,3,0,0,1,12,2,0,0,1,24.0,0,1
9,3,0,0,1,12,2,0,0,1,34.0,0,1
9,3,0,0,1,12,0,1,0,1,36.0,0,1
49,0,2,0,0,12,0,1,0,1,44.0,0,1
9,3,0,0,1,3,0,0,0,1,27.0,0,1
8,3,0,0,1,12,0,0,5,1,45.0,0,1
9,3,0,0,1,12,0,0,0,1,35.0,0,1
9,3,0,0,1,12,0,1,0,1,38.0,0,1
9,3,0,0,1,12,2,1,0,1,36.0,0,1
9,3,0,0,1,12,0,0,0,1,36.0,0,1
9,3,0,0,1,12,0,1,0,1,36.0,0,1
31,7,1,0,1,12,0,1,0,1,45.0,0,1
40,30,2,0,1,12,1,1,5,0,33.333333333333336,1,1
49,0,2,0,0,12,0,0,0,1,30.0,0,1
49,0,2,0,0,12,0,1,0,1,16.0,0,1
49,0,2,0,0,12,0,0,0,1,16.0,0,1
49,0,2,0,0,12,0,0,0,1,35.0,0,1
49,0,2,0,0,12,0,0,0,1,35.0,0,1
9,3,0,0,1,12,1,0,5,0,43.0,0,1
31,7,1,0,1,12,1,1,5,3,32.0,0,1
9,3,0,0,1,12,1,1,5,1,24.0,0,1
9,3,0,0,1,12,1,1,5,0,24.0,0,1
9,3,0,0,1,12,1,1,0,3,24.0,1,1
9,3,0,0,1,12,1,1,2,1,27.0,0,1
9,3,0,0,1,12,1,0,4,1,36.0,0,1
10,3,0,0,1,12,1,1,5,1,19.0,0,1
16,19,1,0,1,12,1,1,2,1,45.0,0,1
8,3,0,0,1,12,1,1,4,3,45.0,0,1
9,3,0,0,1,12,1,0,5,0,26.0,1,1
8,3,0,0,1,12,1,1,4,1,49.0,0,1
9,3,0,0,1,12,1,1,2,1,58.0,0,1
9,3,0,0,1,12,1,1,5,0,47.0,0,1
8,3,0,0,1,12,1,1,0,1,35.0,0,1
9,3,0,0,1,12,1,1,0,0,43.0,0,1
9,3,0,0,1,12,1,0,0,3,47.0,0,1
9,3,0,0,1,12,1,1,5,1,38.0,0,1
9,3,0,0,1,12,1,0,2,1,38.0,0,1
9,3,0,0,1,12,1,1,2,1,34.0,0,1
9,3,0,0,1,12,1,0,5,0,29.0,0,1
10,3,0,0,1,12,1,1,4,3,31.0,0,1
9,3,0,0,1,12,1,1,5,0,23.0,0,1
9,3,0,0,1,12,1,1,5,3,26.0,0,1
9,3,0,0,1,12,1,1,0,3,24.0,0,1
9,3,0,0,1,12,1,0,2,3,27.0,0,1
9,3,0,0,1,12,1,1,4,3,20.0,0,1
9,3,0,0,1,12,1,1,5,1,34.0,0,1
9,3,0,0,1,12,1,1,5,0,34.0,0,1
8,3,0,0,1,12,1,1,5,3,56.0,0,1
16,19,1,0,1,12,1,0,5,1,32.0,0,1
9,3,0,0,1,12,1,1,5,0,33.0,0,1
9,3,0,0,1,12,1,0,5,0,25.0,0,1
9,3,0,0,1,12,1,1,5,0,22.0,0,1
9,3,0,0,1,12,1,0,2,1,25.0,0,1
9,3,0,0,1,12,1,1,5,3,34.0,0,1
31,7,1,0,1,12,1,1,5,1,60.0,0,1
9,3,0,0,1,12,1,0,5,0,48.0,0,1
16,19,1,0,1,12,1,1,0,3,39.0,0,1
32,10,2,0,1,12,1,1,5,1,26.0,0,1
9,3,0,0,1,12,1,1,2,1,31.0,0,1
8,3,0,0,1,12,1,0,0,0,25.0,0,1
9,3,0,0,1,12,1,1,5,1,42.0,0,1
9,3,0,0,1,12,1,1,5,3,57.0,0,1
9,3,0,0,1,12,1,1,4,3,22.0,0,1
31,7,1,0,1,12,1,1,5,3,21.0,0,1
9,3,0,0,1,12,1,1,0,1,39.0,0,1
8,3,0,0,1,12,1,1,0,1,32.0,0,1
9,3,0,0,1,12,1,1,4,3,30.0,0,1
9,3,0,0,1,12,1,0,5,3,39.0,0,1
8,3,0,0,1,12,1,1,5,0,42.0,0,1
9,3,0,0,1,12,1,1,4,3,25.0,0,1
16,19,1,0,1,12,1,0,4,0,46.0,0,1
9,3,0,0,1,12,1,1,4,3,67.0,0,1
9,3,0,0,1,12,1,1,5,0,28.0,0,1
9,3,0,0,1,12,1,0,2,3,40.0,0,1
9,3,0,0,1,12,1,1,5,0,45.0,0,1
16,19,1,0,1,12,1,1,5,3,31.0,0,1
9,3,0,0,1,12,1,0,5,0,35.0,0,1
9,3,0,0,1,12,1,0,0,1,36.0,0,1
9,3,0,0,1,12,1,1,5,3,23.0,0,1
9,3,0,0,1,12,1,1,4,3,35.0,0,1
9,3,0,0,1,12,1,1,4,1,37.0,0,1
8,3,0,0,1,12,1,1,4,0,25.0,0,1
31,7,1,0,1,12,1,0,5,0,28.0,0,1
9,3,0,0,1,12,1,1,0,1,38.0,0,1
9,3,0,0,1,12,1,1,0,0,41.0,0,1
33,10,2,0,1,12,1,1,5,3,33.0,0,1
16,19,1,0,1,12,1,0,5,3,37.666666666666664,1,1
9,3,0,0,1,12,1,1,5,0,19.0,0,1
9,3,0,0,1,12,1,1,5,0,27.0,0,1
9,3,0,0,1,12,1,1,5,3,46.0,0,1
31,7,1,0,1,12,1,1,0,1,38.0,0,1
31,7,1,0,1,12,1,1,5,0,29.0,0,1
17,19,1,1,1,12,1,0,5,1,35.0,0,1
31,7,1,0,1,12,1,0,5,1,45.0,0,1
9,3,0,0,1,12,1,1,2,1,27.0,0,1
9,3,0,0,1,12,1,1,0,1,29.0,0,1
31,7,1,0,1,12,1,0,5,3,34.0,0,1
33,10,2,0,1,12,1,1,5,1,33.0,0,1
9,3,0,0,1,12,1,0,5,0,25.0,0,1
9,3,0,0,1,12,1,0,2,0,20.5,1,1
16,19,1,0,1,12,1,1,5,1,18.0,0,1
10,3,0,0,1,12,1,1,2,0,29.0,0,1
9,3,0,0,1,12,1,1,5,0,24.0,0,1
9,3,0,0,1,12,1,0,0,1,21.0,0,1
16,19,1,0,1,12,1,1,5,1,38.0,0,1
31,7,1,0,1,12,1,1,4,3,27.0,0,1
9,3,0,0,1,12,1,0,5,0,45.0,0,1
9,3,0,0,1,12,1,1,5,1,25.0,0,1
32,10,2,0,1,12,1,1,5,3,43.0,0,1
9,3,0,0,1,12,1,0,5,1,17.0,0,1
23,14,1,1,1,12,1,0,5,3,38.0,0,1
33,10,2,0,1,12,1,1,5,3,35.0,0,1
20,19,1,1,1,12,1,0,5,0,31.0,0,1
31,7,1,0,1,12,1,1,5,0,38.0,0,1
9,3,0,0,1,12,1,0,5,0,35.0,0,1
16,19,1,0,1,12,1,1,5,0,26.0,0,1
32,10,2,0,1,12,2,1,5,1,42.0,0,1
31,7,1,0,1,12,1,0,5,0,24.0,0,1
16,19,1,0,1,12,1,1,5,3,40.0,0,1
9,3,0,0,1,12,1,1,5,3,35.0,0,1
9,3,0,0,1,12,1,0,0,1,32.0,0,1
31,7,1,0,1,12,1,1,0,1,26.0,0,1
9,3,0,0,1,0,1,1,4,0,41.0,0,1
31,7,1,0,1,12,1,0,5,1,45.0,0,1
31,7,1,0,1,12,1,0,5,3,42.0,0,1
9,3,0,0,1,12,1,1,5,1,37.0,0,1
20,19,1,1,1,12,1,1,2,1,28.0,0,1
10,3,0,0,1,12,1,1,5,0,25.0,0,1
9,3,0,0,1,12,1,1,5,3,78.0,0,1
16,19,1,0,1,12,1,1,5,1,38.0,0,1
9,3,0,0,1,12,1,1,5,0,28.0,0,1
16,19,1,0,1,12,1,1,5,1,40.0,0,1
9,3,0,0,1,12,1,0,5,1,57.0,0,1
9,3,0,0,1,12,1,1,5,3,40.0,0,1
9,3,0,0,1,12,1,1,4,0,29.0,0,1
31,7,1,0,1,12,1,1,5,1,32.0,0,1
16,19,1,0,1,12,1,0,5,0,33.0,0,1
9,3,0,0,1,12,1,1,5,3,24.0,0,1
9,3,0,0,1,12,1,0,0,1,30.0,0,1
9,3,0,0,1,12,1,1,5,0,23.0,0,1
9,3,0,0,1,12,1,0,5,3,26.0,0,1
9,3,0,0,1,12,1,0,0,3,41.0,0,1
8,3,0,0,1,12,1,1,5,3,20.0,0,1
9,3,0,0,1,12,1,0,5,0,25.0,0,1
9,3,0,0,1,12,1,1,2,1,26.0,0,1
9,3,0,0,1,12,1,1,5,1,45.0,0,1
31,7,1,0,1,5,1,1,5,3,56.0,0,1
9,3,0,0,1,12,1,1,5,0,38.0,0,1
9,3,0,0,1,12,1,0,5,0,43.0,0,1
31,7,1,0,1,12,1,0,5,3,48.0,0,1
31,7,1,0,1,12,1,0,4,3,37.0,0,1
9,3,0,0,1,12,1,1,5,3,69.0,0,1
9,3,0,0,1,12,1,0,5,0,33.0,1,1
31,7,1,0,1,12,1,0,5,3,21.0,0,1
29,11,1,1,1,12,1,0,4,3,57.0,0,1
40,30,2,0,1,3,1,0,5,0,43.0,0,1
9,3,0,0,1,12,1,0,5,3,32.0,0,1
16,19,1,0,1,12,1,1,5,0,32.0,0,1
9,3,0,0,1,12,1,1,5,0,23.0,0,1
9,3,0,0,1,12,1,1,2,3,50.0,0,1
9,3,0,0,1,12,1,1,2,1,79.0,0,1
16,19,1,0,1,12,1,0,5,1,28.0,0,1
33,10,2,0,1,12,2,0,5,1,26.0,0,1
33,10,2,0,1,12,1,1,5,3,31.0,0,1
16,19,1,0,1,12,1,1,5,0,31.0,0,1
31,7,1,0,1,12,1,1,2,1,29.0,0,1
31,7,1,0,1,12,1,1,5,0,64.0,0,1
9,3,0,0,1,12,1,0,5,3,30.0,0,1
9,3,0,0,1,12,1,0,5,0,26.0,0,1
9,3,0,0,1,12,1,1,4,3,47.0,0,1
9,3,0,0,1,12,1,0,5,0,57.0,0,1
9,3,0,0,1,12,1,1,0,1,34.0,0,1
9,3,0,0,1,12,1,1,5,1,55.0,0,1
9,3,0,0,1,12,1,0,5,3,19.0,0,1
9,3,0,0,1,12,1,1,4,0,35.0,0,1
9,3,0,0,1,12,1,1,5,0,21.0,0,1
9,3,0,0,1,12,1,1,5,0,21.0,0,1
8,3,0,0,1,12,1,0,5,1,18.0,0,1
9,3,0,0,1,12,1,0,5,1,28.0,0,1
9,3,0,0,1,12,1,1,5,1,28.0,0,1
31,7,1,0,1,12,1,1,5,3,25.0,0,1
9,3,0,0,1,12,1,1,5,0,34.0,0,1
16,19,1,0,1,12,1,0,5,0,28.0,0,1
9,3,0,0,1,12,1,1,5,3,28.0,0,1
9,3,0,0,1,12,1,1,5,0,60.0,0,1
8,3,0,0,1,12,1,1,5,0,21.0,0,1
9,3,0,0,1,12,1,0,4,3,44.0,0,1
9,3,0,0,1,12,1,1,5,0,14.0,0,1
9,3,0,0,1,12,1,1,5,1,37.0,0,1
9,3,0,0,1,12,1,1,5,0,28.0,0,1
9,3,0,0,1,12,1,0,5,3,33.0,0,1
9,3,0,0,1,12,1,1,4,3,39.0,0,1
9,3,0,0,1,12,1,0,0,3,23.0,0,1
16,19,1,0,1,12,1,1,5,3,44.0,0,1
9,3,0,0,1,12,1,1,5,3,48.0,0,1
33,10,2,0,1,12,1,0,5,0,40.0,0,1
9,3,0,0,1,12,1,1,4,0,30.0,0,1
9,3,0,0,1,12,1,1,5,0,38.0,0,1
9,3,0,0,1,12,1,0,5,1,36.0,0,1
8,3,0,0,1,12,1,1,5,0,22.0,0,1
40,30,2,0,1,3,1,0,0,3,52.5,1,1
10,3,0,0,1,12,1,0,0,1,25.0,0,1
31,7,1,0,1,12,1,1,5,0,39.0,0,1
9,3,0,0,1,12,1,1,4,3,24.0,0,1
9,3,0,0,1,12,1,1,0,1,26.0,1,1
9,3,0,0,1,12,1,0,4,0,38.0,0,1
9,3,0,0,1,12,1,1,5,3,40.0,0,1
9,3,0,0,1,12,1,1,0,1,22.0,0,1
9,3,0,0,1,12,1,1,5,3,23.0,0,1
9,3,0,0,1,12,1,1,5,0,28.0,0,1
8,3,0,0,1,12,1,1,5,0,43.0,0,1
16,19,1,0,1,12,1,0,4,0,37.0,0,1
9,3,0,0,1,12,1,1,5,1,19.0,0,1
9,3,0,0,1,12,1,1,0,1,29.0,0,1
9,3,0,0,1,12,1,1,0,1,31.0,0,1
9,3,0,0,1,12,1,0,5,0,24.0,0,1
9,3,0,0,1,12,1,0,4,3,25.0,0,1
9,3,0,0,1,12,1,1,2,1,23.0,0,1
16,19,1,0,1,12,1,0,5,1,31.0,0,1
9,3,0,0,1,12,1,0,5,0,70.0,0,1
31,7,1,0,1,12,1,1,5,0,42.0,0,1
9,3,0,0,1,12,1,1,5,1,47.0,0,1
9,3,0,0,1,12,1,0,5,0,39.0,0,1
9,3,0,0,1,12,1,1,5,1,47.0,0,1
31,7,1,0,1,12,1,1,5,0,23.0,0,1
9,3,0,0,1,12,1,1,5,0,53.0,0,1
9,3,0,0,1,12,1,1,5,3,42.0,0,1
9,3,0,0,1,12,1,1,5,3,48.0,0,1
9,3,0,0,1,12,1,1,5,0,32.0,0,1
9,3,0,0,1,12,1,0,0,1,47.0,0,1
9,3,0,0,1,12,1,1,5,3,48.0,0,1
9,3,0,0,1,12,1,1,5,3,28.0,0,1
29,11,1,1,1,12,1,1,5,0,43.0,0,1
9,3,0,0,1,12,1,1,0,3,28.0,0,1
9,3,0,0,1,12,1,1,5,0,33.0,0,1
9,3,0,0,1,12,1,0,5,0,22.0,0,1
9,3,0,0,1,12,1,1,5,0,38.0,0,1
9,3,0,0,1,12,1,1,5,1,21.0,0,1
9,3,0,0,1,12,1,1,5,0,28.0,0,1
9,3,0,0,1,12,1,1,2,3,30.0,0,1
8,3,0,0,1,12,1,0,2,1,35.0,0,1
9,3,0,0,1,12,1,1,5,1,40.0,0,1
16,19,1,0,1,12,1,1,5,0,42.0,0,1
10,3,0,0,1,12,1,1,5,0,45.0,0,1
9,3,0,0,1,12,1,1,5,1,42.0,0,1
9,3,0,0,1,12,1,1,5,1,38.0,0,1
9,3,0,0,1,12,1,1,2,1,25.0,0,1
9,3,0,0,1,12,1,1,5,0,34.0,0,1
31,7,1,0,1,12,1,1,5,0,25.0,0,1
9,3,0,0,1,12,1,1,0,1,35.0,0,1
10,3,0,0,1,12,1,1,4,3,31.0,0,1
9,3,0,0,1,12,1,1,4,0,22.0,0,1
9,3,0,0,1,12,1,0,0,1,22.0,0,1
31,7,1,0,1,0,1,1,5,0,39.0,0,1
9,3,0,0,1,12,1,0,5,3,45.0,0,1
23,14,1,1,1,12,1,0,5,1,66.0,0,1
16,19,1,0,1,12,1,1,0,1,36.0,0,1
16,19,1,0,1,12,1,1,5,0,24.0,0,1
40,30,2,0,1,12,1,1,4,3,24.0,0,1
40,30,2,0,1,12,1,1,5,0,19.0,0,1
31,7,1,0,1,12,1,1,5,1,29.0,0,1
9,3,0,0,1,12,1,1,5,1,37.0,0,1
16,19,1,0,1,12,1,1,5,0,29.0,0,1
16,19,1,0,1,12,1,1,4,1,30.0,0,1
16,19,1,0,1,12,1,0,4,3,46.0,0,1
9,3,0,0,1,12,1,1,5,1,21.0,0,1
31,7,1,0,1,12,1,1,4,0,49.0,0,1
9,3,0,0,1,12,1,0,5,1,24.0,0,1
33,10,2,0,1,12,1,0,5,3,35.0,0,1
9,3,0,0,1,12,1,1,5,1,64.0,0,1
9,3,0,0,1,12,1,0,4,1,50.5,1,1
33,10,2,0,1,12,1,1,5,0,31.0,0,1
9,3,0,0,1,12,1,0,5,0,66.0,0,1
20,19,1,1,1,12,1,1,5,0,38.0,0,1
9,3,0,0,1,12,1,0,5,0,24.0,0,1
9,3,0,0,1,12,1,1,0,1,44.0,0,1
31,7,1,0,1,12,1,1,0,1,27.0,0,1
31,7,1,0,1,12,1,1,0,3,21.0,0,1
16,19,1,0,1,12,1,1,5,3,25.0,0,1
9,3,0,0,1,12,1,0,0,3,34.0,0,1
9,3,0,0,1,12,1,1,5,0,16.0,0,1
16,19,1,0,1,12,1,1,5,0,35.0,0,1
9,3,0,0,1,12,1,1,0,1,32.0,0,1
9,3,0,0,1,12,1,0,5,0,31.5,1,1
31,7,1,0,1,12,1,1,5,3,21.0,0,1
9,3,0,0,1,12,1,0,5,0,19.0,0,1
16,19,1,0,1,12,1,1,5,3,36.0,0,1
16,19,1,0,1,12,1,0,5,0,58.0,0,1
20,19,1,1,1,12,1,1,4,3,18.0,0,1
16,19,1,0,1,12,1,1,2,1,22.0,0,1
33,10,2,0,1,12,1,0,5,3,43.0,0,1
9,3,0,0,1,12,1,1,0,0,37.0,0,1
9,3,0,0,1,12,1,0,5,0,24.0,0,1
31,7,1,0,1,12,1,1,4,3,38.0,0,1
9,3,0,0,1,12,1,1,5,0,20.0,0,1
8,3,0,0,1,12,1,1,5,1,36.0,0,1
31,7,1,0,1,12,1,0,5,0,46.0,0,1
9,3,0,0,1,12,1,1,5,0,37.0,0,1
31,7,1,0,1,12,1,1,2,1,28.0,0,1
16,19,1,0,1,12,1,1,5,3,32.0,0,1
9,3,0,0,1,12,1,1,5,0,42.0,0,1
13,5,1,1,1,12,1,1,4,0,35.0,0,1
31,7,1,0,1,12,1,0,5,3,24.0,0,1
9,3,0,0,1,12,1,1,5,0,42.0,0,1
9,3,0,0,1,12,1,1,5,0,36.0,0,1
9,3,0,0,1,12,1,1,5,1,71.0,0,1
9,3,0,0,1,12,1,1,5,0,19.0,0,1
9,3,0,0,1,12,1,0,5,3,30.0,0,1
9,3,0,0,1,12,1,0,0,1,26.0,0,1
8,3,0,0,1,12,1,0,5,0,17.0,0,1
9,3,0,0,1,12,1,1,1,1,27.0,0,1
16,19,1,0,1,12,1,1,5,0,49.0,0,1
9,3,0,0,1,12,1,1,5,3,53.0,0,1
9,3,0,0,1,12,1,1,2,1,24.0,0,1
9,3,0,0,1,12,1,0,0,1,53.0,0,1
9,3,0,0,1,12,1,0,5,3,56.0,0,1
9,3,0,0,1,12,1,0,5,3,25.0,0,1
16,19,1,0,1,12,1,0,5,1,36.0,0,1
16,19,1,0,1,12,1,0,5,3,44.0,0,1
9,3,0,0,1,12,1,1,0,1,35.0,0,1
9,3,0,0,1,12,1,1,5,0,32.0,0,1
9,3,0,0,1,12,1,1,5,0,23.0,0,1
9,3,0,0,1,12,1,1,2,1,36.0,0,1
9,3,0,0,1,12,1,1,5,0,36.0,0,1
9,3,0,0,1,12,1,0,4,3,33.0,0,1
9,3,0,0,1,12,1,0,5,1,59.0,0,1
16,19,1,0,1,12,1,1,4,3,30.0,0,1
31,7,1,0,1,12,1,1,5,0,29.0,0,1
9,3,0,0,1,12,1,1,5,1,41.0,0,1
9,3,0,0,1,12,1,0,5,0,27.0,0,1
9,3,0,0,1,12,1,1,5,0,45.0,0,1
9,3,0,0,1,12,1,0,2,1,34.0,0,1
9,3,0,0,1,12,1,1,0,1,53.0,0,1
9,3,0,0,1,12,1,0,4,3,38.0,0,1
31,7,1,0,1,12,1,1,5,0,19.0,0,1
9,3,0,0,1,12,1,1,5,0,49.0,0,1
10,3,0,0,1,12,1,1,5,1,35.0,0,1
9,3,0,0,1,12,1,0,5,3,32.0,0,1
9,3,0,0,1,12,1,0,0,1,30.0,0,1
9,3,0,0,1,12,1,1,5,1,38.0,0,1
49,0,2,0,0,12,0,1,0,1,24.0,0,1
49,0,2,0,0,12,0,1,0,1,38.0,0,1
43,8,2,0,0,12,0,1,0,1,31.0,0,1
30,28,1,0,1,12,2,1,4,0,0.0,0,1
9,3,0,0,1,8,2,1,0,1,44.0,0,1
32,10,2,0,1,12,0,1,5,0,59.0,0,1
16,19,1,0,1,12,0,0,5,0,33.0,1,1
32,10,2,0,1,12,0,1,5,0,28.0,0,1
32,10,2,0,1,12,0,1,5,1,39.0,0,1
9,3,0,0,1,12,0,1,5,0,40.0,0,1
30,28,1,0,1,12,0,0,5,0,31.0,1,1
32,10,2,0,1,12,0,1,5,0,59.0,0,1
30,28,1,0,1,1,0,1,5,0,42.0,0,1
32,10,2,0,1,12,0,1,5,0,32.0,0,1
13,5,1,1,1,12,0,1,5,1,35.0,0,1
31,7,1,0,1,5,0,1,5,3,46.0,0,1
16,19,1,0,1,12,0,1,5,0,29.0,0,1
16,19,1,0,1,12,0,1,5,0,30.0,0,1
16,19,1,0,1,12,0,1,5,0,32.0,0,1
8,3,0,0,1,5,0,1,4,0,35.0,0,1
32,10,2,0,1,12,0,1,5,0,28.0,0,1
9,3,0,0,1,12,0,0,5,0,20.0,0,1
31,7,1,0,1,12,0,1,5,1,39.0,0,1
43,8,2,0,0,12,0,1,5,0,37.0,0,1
9,3,0,0,1,12,0,0,5,0,31.0,0,1
16,19,1,0,1,12,0,1,5,0,30.0,0,1
16,19,1,0,1,12,0,0,5,3,36.0,0,1
8,3,0,0,1,12,0,1,5,0,37.0,0,1
30,28,1,0,1,12,0,1,5,1,34.0,0,1
32,10,2,0,1,12,0,1,5,1,43.0,0,1
16,19,1,0,1,12,0,1,5,1,29.0,0,1
32,10,2,0,1,12,0,1,5,1,40.0,0,1
30,28,1,0,1,12,0,1,5,0,41.0,0,1
8,3,0,0,1,5,0,1,5,0,45.0,0,1
16,19,1,0,1,12,0,1,5,0,55.0,0,1
13,5,1,1,1,12,0,0,5,0,39.0,0,1
9,3,0,0,1,12,0,1,5,0,30.0,0,1
32,10,2,0,1,12,0,1,5,1,20.0,0,1
30,28,1,0,1,12,0,1,5,3,46.0,0,1
13,5,1,1,1,12,0,1,5,0,23.0,1,1
8,3,0,0,1,12,0,1,5,1,32.0,0,1
8,3,0,0,1,12,0,1,5,0,35.0,0,1
16,19,1,0,1,5,0,1,0,1,27.0,0,1
9,3,0,0,1,12,0,1,4,1,18.0,0,1
13,5,1,1,1,12,0,1,5,0,26.0,0,1
32,10,2,0,1,12,0,1,5,1,63.0,0,1
32,10,2,0,1,12,0,0,2,1,40.0,0,1
32,10,2,0,1,12,0,1,5,1,51.0,0,1
31,7,1,0,1,12,0,1,5,0,36.0,0,1
32,10,2,0,1,12,0,1,5,1,33.0,0,1
16,19,1,0,1,12,0,1,5,3,45.0,0,1
8,3,0,0,1,12,0,1,5,0,31.0,0,1
2,18,0,0,1,12,0,1,5,0,22.0,0,1
2,18,0,0,1,12,0,1,5,1,45.0,0,1
16,19,1,0,1,12,0,1,5,0,39.0,0,1
16,19,1,0,1,12,0,0,0,0,24.0,0,1
16,19,1,0,1,12,0,1,5,1,40.0,0,1
20,19,1,1,1,12,0,1,5,0,25.0,0,1
9,3,0,0,1,12,0,0,5,1,29.0,0,1
2,18,0,0,1,12,0,1,2,1,27.0,0,1
16,19,1,0,1,12,0,1,5,0,20.0,0,1
16,19,1,0,1,12,0,1,5,0,36.0,0,1
16,19,1,0,1,12,0,1,5,0,23.0,0,1
32,10,2,0,1,12,0,1,5,0,39.0,0,1
13,5,1,1,1,12,0,1,2,1,38.0,0,1
32,10,2,0,1,12,0,0,5,0,25.0,0,1
16,19,1,0,1,12,0,1,5,1,68.0,0,1
16,19,1,0,1,12,0,1,5,0,22.0,0,1
9,3,0,0,1,12,0,1,5,0,26.0,0,1
16,19,1,0,1,12,0,1,5,1,29.0,0,1
8,3,0,0,1,12,2,1,5,1,43.0,0,1
30,28,1,0,1,12,0,0,5,0,25.0,0,1
8,3,0,0,1,12,0,1,5,0,27.0,0,1
32,10,2,0,1,12,0,1,5,0,26.0,0,1
8,3,0,0,1,12,0,1,5,0,39.0,0,1
8,3,0,0,1,5,0,1,5,1,45.0,0,1
9,3,0,0,1,12,0,1,5,0,37.0,0,1
9,3,0,0,1,12,0,1,5,1,24.0,0,1
30,28,1,0,1,12,0,1,5,3,46.0,0,1
16,19,1,0,1,12,0,1,5,1,20.0,0,1
8,3,0,0,1,12,0,1,5,1,23.0,0,1
32,10,2,0,1,12,0,1,5,1,23.0,0,1
16,19,1,0,1,12,0,0,5,1,29.0,0,1
21,21,1,1,1,12,0,0,5,0,27.0,0,1
32,10,2,0,1,12,0,1,5,0,32.0,0,1
32,10,2,0,1,12,0,1,5,1,44.0,0,1
32,10,2,0,1,12,0,1,5,1,35.0,0,1
30,28,1,0,1,12,0,1,0,1,35.0,0,1
9,3,0,0,1,12,0,1,0,1,44.0,0,1
9,3,0,0,1,12,0,0,2,1,27.0,0,1
32,10,2,0,1,12,0,1,5,0,45.0,0,1
18,19,1,1,1,12,0,1,5,1,30.0,0,1
2,18,0,0,1,12,0,1,5,1,33.0,0,1
32,10,2,0,1,12,0,1,5,0,34.0,0,1
32,10,2,0,1,12,0,1,5,0,26.0,0,1
16,19,1,0,1,12,0,1,5,0,44.0,0,1
8,3,0,0,1,12,0,1,5,1,45.0,0,1
16,19,1,0,1,12,0,0,5,1,48.0,0,1
13,5,1,1,1,12,0,1,5,0,34.5,1,1
9,3,0,0,1,12,0,0,5,0,32.0,0,1
2,18,0,0,1,12,0,1,5,1,45.0,0,1
8,3,0,0,1,12,0,0,5,1,25.0,0,1
30,28,1,0,1,12,0,1,5,0,40.0,0,1
30,28,1,0,1,12,0,1,5,0,40.0,1,1
32,10,2,0,1,12,0,0,5,1,53.0,0,1
16,19,1,0,1,12,0,1,0,0,41.0,0,1
32,10,2,0,1,12,0,1,5,1,28.0,0,1
31,7,1,0,1,12,1,0,5,1,16.0,0,1
32,10,2,0,1,12,2,1,5,0,40.0,0,1
16,19,1,0,1,12,1,0,5,1,30.0,1,1
43,8,2,0,0,12,2,1,0,1,30.0,0,1
8,3,0,0,1,12,2,0,0,1,51.0,0,1
9,3,0,0,1,12,2,1,5,0,59.0,0,1
9,3,0,0,1,12,1,1,5,1,51.0,0,1
9,3,0,0,1,12,0,1,5,0,31.0,0,1
9,3,0,0,1,12,0,1,5,0,31.0,0,1
9,3,0,0,1,12,0,0,5,0,34.0,0,1
9,3,0,0,1,12,2,0,5,0,15.0,0,1
9,3,0,0,1,12,0,1,5,0,58.0,0,1
9,3,0,0,1,12,1,1,0,1,24.0,0,1
9,3,0,0,1,12,1,0,0,1,29.0,0,1
9,3,0,0,1,12,2,1,0,1,18.0,0,1
9,3,0,0,1,12,2,1,0,1,20.0,0,1
8,3,0,0,1,12,1,0,5,1,23.0,1,1
8,3,0,0,1,3,2,0,4,3,36.0,1,1
9,3,0,0,1,12,1,1,5,1,32.0,0,1
8,3,0,0,1,5,2,1,5,3,34.0,0,1
13,5,1,1,1,12,2,1,5,3,54.0,0,1
8,3,0,0,1,12,1,1,5,0,33.0,0,1
9,3,0,0,1,12,1,0,5,0,40.0,0,1
18,19,1,1,1,12,1,1,5,3,28.0,0,1
43,8,2,0,0,12,1,0,5,0,39.0,0,1
40,30,2,0,1,3,2,1,5,0,45.0,0,1
16,19,1,0,1,12,2,1,2,1,22.0,0,1
16,19,1,0,1,12,2,0,5,0,34.0,0,1
33,10,2,0,1,12,1,1,5,0,47.0,0,1
8,3,0,0,1,3,2,1,5,0,23.0,0,1
32,10,2,0,1,12,2,0,2,1,30.0,0,1
13,5,1,1,1,12,2,0,5,1,36.0,0,1
40,30,2,0,1,3,2,1,5,1,26.0,0,1
32,10,2,0,1,12,2,0,5,0,30.0,0,1
30,28,1,0,1,12,2,1,5,0,42.0,0,1
33,10,2,0,1,12,2,1,5,0,41.0,0,1
32,10,2,0,1,12,2,1,5,0,38.0,0,1
9,3,0,0,1,12,2,1,5,0,27.0,0,1
31,7,1,0,1,12,2,1,5,0,22.0,0,1
9,3,0,0,1,12,2,0,5,1,23.0,0,1
30,28,1,0,1,12,1,1,5,0,33.0,0,1
9,3,0,0,1,12,2,0,5,0,17.0,0,1
9,3,0,0,1,12,2,0,2,1,30.0,0,1
9,3,0,0,1,12,2,1,5,1,54.0,0,1
29,11,1,1,1,12,2,1,5,0,35.0,0,1
9,3,0,0,1,12,2,1,4,3,35.0,0,1
20,19,1,1,1,12,2,1,5,0,37.0,0,1
33,10,2,0,1,12,2,1,5,1,51.0,0,1
32,10,2,0,1,12,2,1,5,1,45.0,0,1
33,10,2,0,1,12,2,1,5,0,48.0,0,1
49,0,2,0,0,12,1,1,5,0,21.0,0,1
32,10,2,0,1,12,2,1,5,0,43.0,0,1
9,3,0,0,1,12,2,1,5,0,46.0,0,1
32,10,2,0,1,5,2,1,5,1,43.0,0,1
32,10,2,0,1,5,2,1,5,0,31.0,0,1
8,3,0,0,1,12,2,1,5,0,62.0,0,1
10,3,0,0,1,12,1,0,5,1,64.0,0,1
9,3,0,0,1,12,1,0,4,1,23.0,0,1
9,3,0,0,1,12,1,1,5,0,29.0,0,1
9,3,0,0,1,12,2,1,5,0,27.0,0,1
9,3,0,0,1,12,1,1,5,0,25.0,0,1
16,19,1,0,1,12,1,1,0,3,25.0,1,1
9,3,0,0,1,1,2,1,5,1,22.0,0,1
32,10,2,0,1,12,2,0,5,0,28.0,0,1
32,10,2,0,1,12,2,1,5,0,39.0,0,1
9,3,0,0,1,12,1,0,5,0,22.0,0,1
9,3,0,0,1,12,2,1,5,0,28.0,0,1
32,10,2,0,1,12,2,1,5,0,39.0,0,1
9,3,0,0,1,12,2,1,5,0,51.0,0,1
32,10,2,0,1,12,2,1,5,3,36.0,0,1
9,3,0,0,1,12,1,0,5,0,38.0,0,1
9,3,0,0,1,12,2,1,5,0,54.0,0,1
32,10,2,0,1,12,2,1,2,3,29.0,0,1
32,10,2,0,1,12,2,1,5,0,41.0,0,1
9,3,0,0,1,12,1,1,5,0,42.0,0,1
9,3,0,0,1,12,1,1,5,0,39.0,0,1
30,28,1,0,1,12,2,1,5,0,31.0,0,1
32,10,2,0,1,12,2,0,5,3,29.0,1,1
9,3,0,0,1,12,1,1,5,0,18.0,0,1
9,3,0,0,1,12,1,0,5,0,17.0,0,1
10,3,0,0,1,12,1,1,5,1,30.0,0,1
32,10,2,0,1,12,2,1,5,1,33.0,0,1
32,10,2,0,1,12,2,1,5,0,52.0,0,1
9,3,0,0,1,12,1,0,5,3,27.0,0,1
10,3,0,0,1,12,1,1,5,1,32.0,0,1
9,3,0,0,1,12,2,0,5,0,33.0,0,1
40,30,2,0,1,3,2,1,5,0,31.0,0,1
30,28,1,0,1,12,2,1,5,0,38.0,0,1
8,3,0,0,1,12,2,1,5,0,50.0,0,1
11,2,1,0,1,12,2,1,5,0,34.0,0,1
30,28,1,0,1,12,2,1,4,3,44.0,0,1
9,3,0,0,1,12,2,1,5,1,33.0,0,1
29,11,1,1,1,12,2,1,5,0,16.0,0,1
33,10,2,0,1,12,2,1,5,0,40.0,1,1
31,7,1,0,1,12,2,1,5,0,21.0,0,1
10,3,0,0,1,12,2,1,5,0,36.0,0,1
9,3,0,0,1,12,2,1,5,1,68.0,0,1
9,3,0,0,1,12,2,1,5,0,35.0,0,1
17,19,1,1,1,12,1,1,5,0,36.0,0,1
9,3,0,0,1,0,2,1,5,0,27.0,0,1
32,10,2,0,1,12,2,1,5,0,45.0,0,1
21,21,1,1,1,12,2,1,5,0,43.0,0,1
10,3,0,0,1,12,1,0,5,1,64.0,0,1
8,3,0,0,1,12,2,1,5,0,47.0,0,1
9,3,0,0,1,0,1,1,5,1,80.0,0,1
9,3,0,0,1,12,2,1,5,0,41.0,0,1
9,3,0,0,1,12,1,0,5,0,31.0,0,1
9,3,0,0,1,12,2,1,5,0,34.0,0,1
21,21,1,1,1,12,2,1,5,1,54.0,0,1
9,3,0,0,1,12,2,1,5,0,27.0,0,1
30,28,1,0,1,12,2,1,5,1,28.0,0,1
9,3,0,0,1,12,1,0,5,0,22.0,0,1
9,3,0,0,1,12,2,0,5,1,21.0,0,1
32,10,2,0,1,12,2,1,5,0,40.0,0,1
30,28,1,0,1,12,2,1,5,0,43.0,0,1
9,3,0,0,1,12,1,1,5,0,27.0,0,1
16,19,1,0,1,12,2,1,5,1,47.0,0,1
30,28,1,0,1,12,2,1,5,0,25.0,0,1
2,18,0,0,1,12,2,1,5,0,25.0,0,1
16,19,1,0,1,12,1,1,5,0,31.0,0,1
32,10,2,0,1,12,2,1,5,0,33.0,1,1
9,3,0,0,1,12,1,0,5,0,31.0,0,1
9,3,0,0,1,12,1,1,5,0,24.0,0,1
9,3,0,0,1,5,1,1,5,0,43.0,0,1
32,10,2,0,1,12,2,0,5,0,46.0,0,1
9,3,0,0,1,12,1,0,5,0,52.0,1,1
30,28,1,0,1,12,2,0,5,0,32.0,0,1
32,10,2,0,1,12,2,0,5,0,36.0,0,1
32,10,2,0,1,12,2,1,5,0,22.0,0,1
9,3,0,0,1,12,1,1,5,0,23.0,0,1
9,3,0,0,1,12,2,1,0,1,39.0,0,1
32,10,2,0,1,12,2,0,5,0,39.0,0,1
9,3,0,0,1,12,2,1,5,3,56.0,0,1
9,3,0,0,1,12,1,0,5,1,26.0,0,1
9,3,0,0,1,12,2,1,5,3,40.0,0,1
8,3,0,0,1,5,2,1,5,0,28.0,0,1
9,3,0,0,1,12,2,1,5,1,38.0,0,1
9,3,0,0,1,12,2,1,5,0,48.0,0,1
32,10,2,0,1,12,2,1,5,0,31.0,0,1
16,19,1,0,1,12,1,0,5,0,46.0,0,1
32,10,2,0,1,12,2,1,5,0,48.0,0,1
16,19,1,0,1,12,2,0,5,0,42.0,0,1
16,19,1,0,1,12,1,1,2,1,23.0,0,1
9,3,0,0,1,12,1,0,5,0,15.0,0,1
32,10,2,0,1,12,2,0,5,0,27.0,0,1
32,10,2,0,1,12,2,1,5,0,26.0,0,1
9,3,0,0,1,12,1,0,5,0,31.0,0,1
32,10,2,0,1,12,2,1,5,0,39.0,0,1
9,3,0,0,1,12,2,1,5,0,25.0,0,1
32,10,2,0,1,12,2,0,0,1,31.0,0,1
9,3,0,0,1,3,2,1,5,0,16.0,0,1
8,3,0,0,1,6,2,1,5,1,34.0,0,1
30,28,1,0,1,12,2,1,5,0,35.0,0,1
9,3,0,0,1,12,1,1,5,0,15.0,0,1
9,3,0,0,1,12,2,1,5,1,62.0,0,1
33,10,2,0,1,12,2,1,5,0,39.0,0,1
9,3,0,0,1,12,1,1,5,0,26.0,0,1
32,10,2,0,1,12,2,1,5,0,37.0,0,1
33,10,2,0,1,12,2,1,5,0,35.0,0,1
20,19,1,1,1,12,2,0,5,2,40.0,0,1
31,7,1,0,1,12,1,1,0,1,49.0,0,1
49,0,2,0,0,12,0,0,0,1,31.0,0,1
9,3,0,0,1,12,2,1,5,1,21.0,0,1
9,3,0,0,1,12,1,0,5,2,47.0,0,1
21,21,1,1,1,12,2,1,5,2,38.0,0,1
8,3,0,0,1,12,2,1,5,2,29.0,0,1
21,21,1,1,1,12,2,0,5,2,36.0,0,1
9,3,0,0,1,12,0,1,0,0,31.0,0,1
9,3,0,0,1,12,1,0,5,0,17.0,0,1
40,30,2,0,1,1,2,1,5,2,37.0,0,1
16,19,1,0,1,12,1,1,2,0,24.0,0,1
9,3,0,0,1,12,1,1,0,1,19.0,0,1
9,3,0,0,1,12,2,1,0,1,27.0,0,1
21,21,1,1,1,12,0,1,5,0,41.0,0,1
9,3,0,0,1,12,2,1,0,1,28.0,0,1
9,3,0,0,1,12,2,0,5,0,23.0,0,1
32,10,2,0,1,12,2,1,5,1,31.0,0,1
9,3,0,0,1,12,2,1,5,1,47.0,0,1
7,25,1,1,1,12,2,1,5,0,45.0,0,1
32,10,2,0,1,12,2,1,5,0,40.0,0,1
31,7,1,0,1,12,0,1,5,0,34.0,0,1
16,19,1,0,1,12,0,0,5,0,55.0,0,1
16,19,1,0,1,12,0,0,5,0,45.0,0,1
16,19,1,0,1,12,0,1,5,0,57.0,0,1
9,3,0,0,1,12,0,0,5,0,22.0,0,1
9,3,0,0,1,12,0,0,2,1,18.0,0,1
16,19,1,0,1,12,1,1,5,0,33.0,0,1
31,7,1,0,1,12,0,1,5,0,33.0,0,1
32,10,2,0,1,12,2,1,5,0,23.0,0,1
8,3,0,0,1,12,0,1,5,0,17.0,0,1
32,10,2,0,1,12,0,1,5,0,29.0,0,1
32,10,2,0,1,12,0,1,5,0,36.0,0,1
13,5,1,1,1,12,2,0,5,0,23.0,1,1
9,3,0,0,1,12,0,1,5,0,33.0,0,1
9,3,0,0,1,3,0,1,5,0,31.0,0,1
31,7,1,0,1,12,0,0,5,0,39.0,0,1
16,19,1,0,1,12,2,0,0,1,30.0,0,1
2,18,0,0,1,12,0,1,5,0,35.0,0,1
9,3,0,0,1,12,2,0,5,0,42.0,0,1
8,3,0,0,1,1,0,1,5,0,23.0,0,1
31,7,1,0,1,6,0,1,5,1,32.0,0,1
30,28,1,0,1,12,0,1,5,0,47.0,0,1
9,3,0,0,1,12,0,1,5,0,24.0,0,1
8,3,0,0,1,3,0,1,5,1,45.0,0,1
32,10,2,0,1,12,2,1,5,0,43.0,0,1
8,3,0,0,1,5,0,0,5,0,31.0,0,1
9,3,0,0,1,12,0,1,5,0,52.0,0,1
31,7,1,0,1,12,0,1,5,0,64.0,0,1
9,3,0,0,1,12,1,1,5,0,42.0,0,1
16,19,1,0,1,12,2,1,5,0,26.0,0,1
20,19,1,1,1,12,1,1,5,0,43.0,0,1
32,10,2,0,1,12,2,1,5,0,36.0,0,1
32,10,2,0,1,12,2,0,5,0,43.0,0,1
16,19,1,0,1,12,2,0,5,0,35.0,0,1
30,28,1,0,1,12,2,1,5,0,32.0,0,1
31,7,1,0,1,12,2,0,5,0,43.0,0,1
8,3,0,0,1,5,2,1,5,2,23.0,0,1
9,3,0,0,1,12,2,1,0,1,31.0,0,1
16,19,1,0,1,12,2,1,5,2,32.0,0,1
32,10,2,0,1,12,2,1,5,0,30.0,0,1
32,10,2,0,1,12,2,1,5,0,55.0,0,1
30,28,1,0,1,12,2,1,5,3,29.0,0,1
30,28,1,0,1,5,2,1,5,0,44.0,0,1
8,3,0,0,1,12,2,1,0,1,54.0,0,1
9,3,0,0,1,12,2,0,5,0,30.0,0,1
16,19,1,0,1,5,2,1,5,0,30.0,0,1
8,3,0,0,1,12,2,1,5,0,24.0,0,1
31,7,1,0,1,12,2,1,5,0,37.0,0,1
32,10,2,0,1,12,2,1,5,0,51.0,0,1
9,3,0,0,1,12,2,0,5,0,27.0,0,1
9,3,0,0,1,12,2,0,5,0,49.0,0,1
16,19,1,0,1,12,2,1,5,0,31.0,0,1
16,19,1,0,1,12,2,0,5,0,40.0,0,1
32,10,2,0,1,12,2,1,5,0,51.0,0,1
32,10,2,0,1,12,2,1,5,0,31.0,0,1
9,3,0,0,1,12,2,1,5,0,34.0,0,1
23,14,1,1,1,12,0,0,5,0,41.0,0,1
9,3,0,0,1,12,2,1,5,0,44.0,0,1
32,10,2,0,1,12,2,0,5,1,33.0,0,1
9,3,0,0,1,12,2,1,5,0,31.0,0,1
16,19,1,0,1,3,2,0,5,0,36.0,0,1
40,30,2,0,1,12,2,1,5,0,25.0,0,1
9,3,0,0,1,12,2,0,5,0,22.5,1,1
16,19,1,0,1,12,2,1,5,1,62.0,0,1
32,10,2,0,1,12,2,0,5,0,32.0,0,1
9,3,0,0,1,12,0,1,5,0,31.0,0,1
9,3,0,0,1,12,1,0,5,1,16.0,0,1
40,30,2,0,1,3,0,1,5,0,35.0,0,1
9,3,0,0,1,12,2,0,5,0,18.0,0,1
16,19,1,0,1,12,1,1,5,1,29.0,0,1
9,3,0,0,1,12,2,1,2,1,38.0,0,1
20,19,1,1,1,12,2,1,5,0,27.0,0,1
9,3,0,0,1,12,0,0,5,0,25.0,0,1
9,3,0,0,1,3,2,1,2,1,16.0,1,1
9,3,0,0,1,5,0,0,5,1,36.0,0,1
30,28,1,0,1,12,0,1,5,0,38.0,0,1
16,19,1,0,1,12,2,1,5,0,41.0,0,1
9,3,0,0,1,12,2,1,5,0,32.0,0,1
8,3,0,0,1,12,0,1,5,0,22.0,0,1
37,24,2,0,1,12,1,0,5,1,59.0,0,1
8,3,0,0,1,12,0,0,5,0,34.0,0,1
21,21,1,1,1,12,1,0,5,1,16.0,0,1
9,3,0,0,1,12,0,1,5,0,45.0,0,1
16,19,1,0,1,12,1,1,5,0,29.0,0,1
9,3,0,0,1,12,0,1,5,0,42.0,0,1
21,21,1,1,1,12,2,0,5,1,16.0,0,1
8,3,0,0,1,12,2,1,5,0,21.0,1,1
9,3,0,0,1,12,0,1,2,1,18.0,0,1
16,19,1,0,1,12,0,1,5,1,28.0,0,1
2,18,0,0,1,12,0,1,5,1,25.0,0,1
31,7,1,0,1,12,0,0,5,1,44.0,0,1
9,3,0,0,1,12,0,1,5,1,38.0,0,1
9,3,0,0,1,12,0,0,5,0,29.0,0,1
9,3,0,0,1,12,0,1,5,0,26.0,0,1
9,3,0,0,1,12,0,1,5,1,36.0,0,1
9,3,0,0,1,12,0,1,5,0,25.0,0,1
9,3,0,0,1,12,0,1,5,0,38.0,0,1
9,3,0,0,1,12,0,0,5,1,30.0,0,1
9,3,0,0,1,12,0,1,5,0,27.0,0,1
2,18,0,0,1,12,2,1,5,0,24.0,0,1
9,3,0,0,1,12,0,0,5,0,36.0,0,1
8,3,0,0,1,12,2,1,5,0,25.0,0,1
13,5,1,1,1,12,0,1,5,0,43.0,0,1
9,3,0,0,1,12,0,1,5,0,23.0,0,1
9,3,0,0,1,12,0,1,5,0,25.0,0,1
9,3,0,0,1,12,0,0,5,0,28.0,0,1
16,19,1,0,1,12,1,1,5,0,30.0,0,1
7,25,1,1,1,12,2,0,5,0,29.0,0,1
9,3,0,0,1,12,0,1,5,1,27.0,0,1
43,8,2,0,0,12,1,1,5,0,14.0,1,1
43,8,2,0,0,12,1,0,5,0,13.0,0,1
49,0,2,0,0,12,1,1,5,0,48.0,0,1
49,0,2,0,0,12,1,0,5,0,41.0,0,1
9,3,0,0,1,12,0,1,5,0,24.0,0,1
9,3,0,0,1,12,2,0,5,0,47.0,0,1
9,3,0,0,1,12,0,0,5,0,25.0,0,1
9,3,0,0,1,12,0,0,5,0,31.0,0,1
9,3,0,0,1,12,2,1,5,0,25.0,0,1
9,3,0,0,1,12,0,1,5,1,53.0,0,1
7,25,1,1,1,12,0,1,5,0,35.0,0,1
10,3,0,0,1,12,1,1,5,1,13.0,0,1
13,5,1,1,1,12,0,1,5,1,14.0,0,1
9,3,0,0,1,12,0,1,5,0,24.0,0,1
9,3,0,0,1,12,0,0,5,1,26.0,0,1
9,3,0,0,1,12,0,1,5,0,29.0,0,1
9,3,0,0,1,12,0,1,5,0,39.0,0,1
9,3,0,0,1,12,0,1,5,1,25.0,0,1
21,21,1,1,1,12,1,1,5,1,14.0,0,1
9,3,0,0,1,12,0,1,5,0,38.0,0,1
9,3,0,0,1,12,0,1,5,0,29.0,0,1
9,3,0,0,1,12,0,1,5,0,25.0,0,1
9,3,0,0,1,12,0,1,5,0,33.0,0,1
16,19,1,0,1,12,1,1,5,0,31.0,0,1
9,3,0,0,1,12,1,1,5,1,15.0,0,1
31,7,1,0,1,12,2,1,5,1,28.0,0,1
9,3,0,0,1,12,0,1,5,0,25.0,0,1
16,19,1,0,1,12,1,1,5,1,22.0,0,1
9,3,0,0,1,12,0,1,5,0,33.0,0,1
2,18,0,0,1,5,0,1,5,1,39.0,0,1
3,26,0,0,1,12,0,1,5,1,36.0,0,1
16,19,1,0,1,12,1,1,5,1,33.0,0,1
16,19,1,0,1,12,1,1,5,1,22.0,0,1
16,19,1,0,1,3,1,0,5,0,33.0,1,1
16,19,1,0,1,12,1,1,5,1,43.0,0,1
16,19,1,0,1,12,1,1,5,1,38.0,0,1
16,19,1,0,1,12,1,1,5,1,45.0,0,1
16,19,1,0,1,12,1,1,5,1,22.0,0,1
16,19,1,0,1,12,1,1,5,1,22.0,0,1
16,19,1,0,1,12,1,1,5,1,22.0,0,1
49,0,2,0,0,12,0,1,0,1,43.0,0,1
31,7,1,0,1,12,0,1,0,1,33.0,0,1
8,3,0,0,1,12,0,1,0,1,30.0,0,1
8,3,0,0,1,1,1,1,5,0,30.0,0,1
10,3,0,0,1,12,1,1,5,1,38.0,0,1
30,28,1,0,1,12,1,1,5,0,17.0,0,1
22,6,1,0,1,12,1,0,5,0,30.0,0,1
9,3,0,0,1,12,2,1,5,0,24.0,0,1
31,7,1,0,1,12,1,1,5,0,31.0,0,1
8,3,0,0,1,12,2,1,5,3,26.0,0,1
32,10,2,0,1,12,2,1,5,0,30.0,0,1
9,3,0,0,1,12,2,0,5,0,38.0,0,1
31,7,1,0,1,12,2,1,5,0,30.0,0,1
10,3,0,0,1,12,2,1,5,0,21.0,0,1
9,3,0,0,1,12,1,0,5,0,34.0,0,1
8,3,0,0,1,3,2,1,5,0,32.0,0,1
8,3,0,0,1,12,1,1,5,0,64.0,0,1
21,21,1,1,1,12,2,0,5,1,39.0,0,1
9,3,0,0,1,12,1,0,5,1,37.0,0,1
31,7,1,0,1,12,2,0,5,0,36.0,0,1
8,3,0,0,1,12,1,0,5,0,28.0,0,1
8,3,0,0,1,0,2,1,5,0,36.0,0,1
9,3,0,0,1,12,2,1,5,0,46.0,0,1
9,3,0,0,1,12,1,1,5,1,49.0,0,1
9,3,0,0,1,12,2,1,5,0,23.0,0,1
13,5,1,1,1,12,1,1,5,1,34.0,0,1
9,3,0,0,1,12,1,1,5,0,34.0,0,1
8,3,0,0,1,3,1,1,5,0,32.0,0,1
9,3,0,0,1,12,1,1,5,0,42.0,0,1
9,3,0,0,1,12,1,0,5,0,23.5,1,1
31,7,1,0,1,12,1,0,5,0,26.0,0,1
31,7,1,0,1,12,1,1,5,0,25.0,0,1
9,3,0,0,1,12,1,1,5,0,60.0,0,1
32,10,2,0,1,12,2,0,5,0,46.5,1,1
32,10,2,0,1,12,1,0,0,1,53.0,0,1
9,3,0,0,1,12,1,0,5,0,38.0,0,1
9,3,0,0,1,12,2,0,2,1,43.0,0,1
9,3,0,0,1,12,1,1,5,0,17.0,0,1
8,3,0,0,1,12,2,1,5,0,32.0,0,1
9,3,0,0,1,12,1,1,5,0,27.0,0,1
11,2,1,0,1,12,2,0,5,0,34.0,0,1
8,3,0,0,1,12,1,0,5,0,31.0,1,1
9,3,0,0,1,12,0,0,0,1,20.0,0,1
9,3,0,0,1,12,0,1,0,1,33.0,0,1
9,3,0,0,1,12,0,1,0,1,35.0,0,1
32,10,2,0,1,12,2,0,5,0,30.0,0,1
8,3,0,0,1,12,0,1,5,0,36.0,0,1
13,5,1,1,1,12,0,1,5,0,18.0,0,1
9,3,0,0,1,12,0,0,5,2,34.0,0,1
40,30,2,0,1,3,0,1,5,0,25.0,0,1
16,19,1,0,1,12,0,0,5,0,34.0,1,1
9,3,0,0,1,12,0,0,5,0,50.0,0,1
9,3,0,0,1,12,0,1,5,1,33.0,0,1
16,19,1,0,1,12,0,0,5,1,33.0,0,1
32,10,2,0,1,12,0,1,2,1,22.0,0,1
32,10,2,0,1,12,0,0,5,0,48.0,0,1
32,10,2,0,1,12,2,1,5,0,54.0,0,1
9,3,0,0,1,12,0,0,5,0,33.0,0,1
21,21,1,1,1,12,0,0,5,1,26.0,0,1
9,3,0,0,1,12,0,0,5,0,44.0,0,1
9,3,0,0,1,12,0,1,5,0,21.0,0,1
40,30,2,0,1,1,0,1,5,0,23.0,0,1
8,3,0,0,1,12,0,1,5,0,39.0,0,1
16,19,1,0,1,12,0,1,5,0,40.0,0,1
20,19,1,1,1,12,0,1,5,0,28.0,0,1
16,19,1,0,1,12,0,1,5,1,31.0,0,1
16,19,1,0,1,12,0,0,5,1,40.0,1,1
9,3,0,0,1,12,0,1,5,0,18.0,0,1
32,10,2,0,1,12,0,1,5,1,34.0,0,1
32,10,2,0,1,12,2,1,2,1,23.0,0,1
32,10,2,0,1,12,0,1,5,1,46.0,0,1
22,6,1,0,1,12,0,1,2,1,40.0,0,1
7,25,1,1,1,5,0,1,5,1,18.0,0,1
9,3,0,0,1,12,0,0,5,0,36.0,0,1
9,3,0,0,1,12,0,0,2,1,46.0,0,1
9,3,0,0,1,12,1,1,5,0,36.0,0,1
8,3,0,0,1,12,0,1,5,1,38.0,0,1
49,0,2,0,0,12,0,1,5,1,18.0,0,1
16,19,1,0,1,12,0,0,5,0,27.0,0,1
49,0,2,0,0,12,2,0,5,0,33.0,0,1
31,7,1,0,1,12,0,1,5,0,26.0,0,1
16,19,1,0,1,12,0,1,5,1,41.0,0,1
8,3,0,0,1,5,0,1,5,0,54.0,0,1
32,10,2,0,1,12,2,0,5,0,60.0,0,1
49,0,2,0,0,12,0,0,5,0,36.0,0,1
8,3,0,0,1,3,0,1,5,0,25.0,0,1
8,3,0,0,1,12,0,1,5,0,35.0,0,1
30,28,1,0,1,12,0,1,5,1,56.0,0,1
9,3,0,0,1,12,0,1,5,0,29.0,0,1
9,3,0,0,1,12,2,1,5,0,24.0,0,1
43,8,2,0,0,12,2,1,0,1,35.0,0,1
9,3,0,0,1,12,2,1,5,1,25.0,0,1
0,16,0,0,1,12,0,1,0,1,18.0,0,1
32,10,2,0,1,12,0,1,0,1,22.0,0,1
8,3,0,0,1,12,0,1,0,1,31.0,0,1
16,19,1,0,1,12,1,0,0,1,28.0,0,1
9,3,0,0,1,12,1,0,0,1,62.0,1,1
9,3,0,0,1,12,0,1,0,1,21.0,0,1
10,3,0,0,1,12,1,1,5,0,38.0,0,1
16,19,1,0,1,12,0,1,0,1,25.0,0,1
9,3,0,0,1,12,1,0,0,1,29.0,0,1
20,19,1,1,1,12,1,1,5,0,36.0,0,1
45,13,0,0,0,12,1,1,0,2,39.0,0,1
9,3,0,0,1,12,0,0,5,1,28.0,0,1
9,3,0,0,1,12,0,0,0,2,24.0,0,1
3,26,0,0,1,12,0,1,0,1,23.0,0,1
8,3,0,0,1,12,0,1,5,1,21.0,0,1
32,10,2,0,1,12,0,1,0,1,17.0,0,1
16,19,1,0,1,12,1,0,0,1,27.0,0,1
9,3,0,0,1,12,0,1,0,1,32.0,0,1
9,3,0,0,1,12,1,0,0,1,48.0,0,1
9,3,0,0,1,12,2,1,0,1,27.0,0,1
9,3,0,0,1,12,0,1,5,1,19.0,0,1
1,16,0,0,1,12,0,1,0,1,23.0,0,1
9,3,0,0,1,12,1,0,5,0,36.5,1,1
9,3,0,0,1,12,0,1,0,1,26.0,0,1
9,3,0,0,1,12,0,1,0,1,43.0,0,1
16,19,1,0,1,12,0,1,0,1,38.0,0,1
8,3,0,0,1,12,0,1,0,1,21.0,0,1
9,3,0,0,1,12,1,1,0,1,31.0,0,1
29,11,1,1,1,12,1,1,4,0,31.0,0,1
9,3,0,0,1,12,0,1,0,1,37.0,0,1
10,3,0,0,1,12,0,1,0,1,48.0,0,1
9,3,0,0,1,12,0,1,0,2,31.0,0,1
16,19,1,0,1,12,0,1,0,1,36.0,0,1
17,19,1,1,1,12,1,0,0,1,31.0,0,1
9,3,0,0,1,12,1,0,0,2,24.0,0,1
9,3,0,0,1,12,0,1,0,1,18.0,0,1
9,3,0,0,1,12,0,1,0,1,42.0,0,1
16,19,1,0,1,12,1,1,0,1,31.0,0,1
33,10,2,0,1,12,0,0,0,1,33.0,0,1
16,19,1,0,1,12,1,1,0,1,41.0,0,1
49,0,2,0,0,12,2,0,0,1,41.0,0,1
9,3,0,0,1,12,0,1,5,0,27.0,0,1
9,3,0,0,1,12,0,0,0,1,34.0,0,1
16,19,1,0,1,12,1,1,0,1,28.0,0,1
18,19,1,1,1,12,0,1,0,1,39.0,0,1
16,19,1,0,1,12,1,1,0,1,36.0,0,1
9,3,0,0,1,12,1,0,0,2,42.0,0,1
31,7,1,0,1,12,0,1,0,1,23.0,0,1
16,19,1,0,1,12,1,0,0,1,36.0,0,1
16,19,1,0,1,12,1,1,0,1,44.0,0,1
32,10,2,0,1,12,0,1,5,1,37.0,0,1
16,19,1,0,1,0,0,1,5,1,29.0,0,1
16,19,1,0,1,12,0,1,5,1,48.0,0,1
9,3,0,0,1,12,0,1,5,1,14.0,0,1
16,19,1,0,1,12,0,0,5,1,20.0,0,1
9,3,0,0,1,12,0,1,5,1,28.0,0,1
9,3,0,0,1,12,0,1,0,1,34.0,0,1
2,18,0,0,1,12,2,1,5,1,31.0,0,1
9,3,0,0,1,12,1,0,0,1,16.0,0,1
9,3,0,0,1,12,1,1,0,1,13.0,0,1
32,10,2,0,1,12,0,1,0,1,38.0,0,1
8,3,0,0,1,5,0,1,0,1,47.0,0,1
8,3,0,0,1,12,1,1,5,1,17.0,0,1
9,3,0,0,1,12,1,1,5,1,16.0,0,1
29,11,1,1,1,12,0,1,5,0,39.0,0,1
16,19,1,0,1,12,1,1,5,1,38.0,0,1
9,3,0,0,1,12,0,1,5,0,29.0,0,1
2,18,0,0,1,12,0,1,5,0,31.0,0,1
13,5,1,1,1,12,0,1,4,3,39.0,0,1
9,3,0,0,1,12,0,1,5,0,27.0,0,1
35,23,2,0,1,12,2,1,5,0,13.0,1,1
9,3,0,0,1,12,1,0,5,0,13.0,0,1
29,11,1,1,1,12,0,1,5,0,41.0,0,1
13,5,1,1,1,12,1,1,5,1,28.0,0,1
9,3,0,0,1,12,0,1,5,0,34.0,0,1
9,3,0,0,1,12,0,1,5,0,34.0,0,1
9,3,0,0,1,12,0,1,4,0,44.0,0,1
9,3,0,0,1,12,0,1,5,0,30.0,0,1
9,3,0,0,1,12,1,0,5,1,45.0,0,1
8,3,0,0,1,3,0,1,5,0,40.0,0,1
9,3,0,0,1,12,0,1,5,0,43.0,0,1
9,3,0,0,1,12,2,0,5,0,15.0,0,1
9,3,0,0,1,12,2,0,5,0,12.0,0,1
33,10,2,0,1,12,0,1,5,0,23.0,0,1
9,3,0,0,1,12,2,1,5,0,16.0,0,1
9,3,0,0,1,12,0,1,5,0,30.0,0,1
8,3,0,0,1,10,0,1,5,0,35.0,0,1
9,3,0,0,1,0,1,0,2,1,13.0,0,1
32,10,2,0,1,12,2,1,5,0,15.0,0,1
9,3,0,0,1,12,0,1,5,0,19.0,0,1
40,30,2,0,1,9,1,1,5,0,21.0,0,1
43,8,2,0,0,12,0,1,0,1,38.0,0,1
9,3,0,0,1,12,2,1,0,1,28.0,0,1
9,3,0,0,1,12,2,0,0,1,45.0,0,1
16,19,1,0,1,12,0,0,5,0,25.0,0,1
9,3,0,0,1,12,0,0,5,1,32.0,0,1
16,19,1,0,1,12,1,1,5,1,44.0,0,1
9,3,0,0,1,12,1,0,5,0,14.0,0,1
16,19,1,0,1,12,1,0,5,0,33.0,0,1
13,5,1,1,1,12,0,1,5,1,28.0,0,1
13,5,1,1,1,12,2,1,5,1,51.0,0,1
32,10,2,0,1,12,1,1,5,1,16.0,0,1
29,11,1,1,1,12,2,1,5,1,20.0,0,1
16,19,1,0,1,12,1,0,5,0,42.0,0,1
32,10,2,0,1,12,0,1,2,1,45.0,0,1
32,10,2,0,1,12,1,1,5,0,30.0,0,1
29,11,1,1,1,12,0,1,5,0,41.0,0,1
9,3,0,0,1,12,0,1,2,1,48.0,0,1
49,0,2,0,0,12,2,1,5,1,36.0,0,1
8,3,0,0,1,12,1,1,0,1,16.0,0,1
9,3,0,0,1,12,0,0,0,1,41.0,0,1
32,10,2,0,1,12,0,1,0,1,33.0,0,1
32,10,2,0,1,12,1,1,5,0,46.0,0,1
31,7,1,0,1,12,2,1,5,1,35.0,0,1
33,10,2,0,1,12,2,1,5,0,44.0,0,1
21,21,1,1,1,12,1,1,5,1,26.0,0,1
16,19,1,0,1,12,0,0,5,0,30.0,0,1
8,3,0,0,1,12,1,1,5,0,29.666666666666668,1,1
32,10,2,0,1,12,2,1,5,1,30.0,0,1
8,3,0,0,1,12,2,1,5,0,33.0,1,1
40,30,2,0,1,10,2,1,5,0,31.0,0,1
8,3,0,0,1,12,2,1,5,0,30.0,0,1
16,19,1,0,1,12,1,1,5,0,38.0,0,1
32,10,2,0,1,12,2,1,5,0,39.0,0,1
8,3,0,0,1,12,2,1,5,1,66.0,0,1
32,10,2,0,1,12,0,1,0,1,18.0,0,1
9,3,0,0,1,12,2,1,5,2,31.0,0,1
31,7,1,0,1,12,0,1,0,1,49.0,0,1
13,5,1,1,1,12,0,1,5,0,54.0,0,1
30,28,1,0,1,12,0,1,5,0,23.0,0,1
9,3,0,0,1,12,1,0,5,0,24.0,1,1
32,10,2,0,1,12,0,1,5,0,44.0,0,1
8,3,0,0,1,12,2,1,2,1,38.0,0,1
10,3,0,0,1,12,0,1,5,0,46.0,0,1
16,19,1,0,1,12,0,1,5,0,21.0,0,1
9,3,0,0,1,12,0,1,5,1,43.0,0,1
33,10,2,0,1,12,0,1,5,0,30.0,0,1
16,19,1,0,1,12,1,0,2,1,45.0,0,1
13,5,1,1,1,12,0,1,5,0,25.0,0,1
32,10,2,0,1,12,1,1,2,0,13.0,0,1
33,10,2,0,1,12,0,1,0,1,20.0,0,1
46,20,2,0,0,12,0,1,0,1,42.0,0,1
31,7,1,0,1,12,0,1,5,2,37.0,0,1
31,7,1,0,1,12,1,1,5,0,42.0,0,1
40,30,2,0,1,1,0,1,5,0,60.0,0,1
16,19,1,0,1,12,1,1,5,0,35.0,0,1
13,5,1,1,1,12,0,0,5,0,21.0,0,1
9,3,0,0,1,12,0,1,2,1,53.0,0,1
9,3,0,0,1,12,1,1,5,1,66.0,0,1
23,14,1,1,1,12,0,1,5,0,34.0,0,1
9,3,0,0,1,12,0,1,5,0,33.0,0,1
9,3,0,0,1,12,0,0,5,0,37.0,0,1
9,3,0,0,1,12,0,1,5,1,49.0,0,1
31,7,1,0,1,12,1,1,5,0,28.0,0,1
9,3,0,0,1,12,2,1,4,0,16.0,0,1
32,10,2,0,1,12,0,1,5,0,44.0,0,1
9,3,0,0,1,12,0,1,5,0,33.0,0,1
33,10,2,0,1,12,1,1,5,0,26.0,0,1
16,19,1,0,1,12,1,1,5,0,34.0,0,1
32,10,2,0,1,12,0,1,5,3,24.0,0,1
9,3,0,0,1,12,0,1,5,0,22.0,0,1
8,3,0,0,1,12,0,1,5,0,26.0,0,1
16,19,1,0,1,12,1,1,5,1,34.0,0,1
16,19,1,0,1,12,0,0,5,1,39.0,0,1
16,19,1,0,1,12,0,1,5,0,39.0,0,1
9,3,0,0,1,12,0,1,5,0,58.0,0,1
9,3,0,0,1,12,0,1,5,0,36.0,0,1
2,18,0,0,1,12,2,1,5,0,17.0,0,1
9,3,0,0,1,12,0,1,5,0,33.0,0,1
9,3,0,0,1,12,0,1,5,0,55.0,0,1
9,3,0,0,1,12,0,0,5,0,23.0,0,1
13,5,1,1,1,12,0,1,5,0,20.0,0,1
30,28,1,0,1,12,0,1,4,3,21.0,0,1
18,19,1,1,1,12,0,1,5,0,30.0,0,1
9,3,0,0,1,12,0,0,5,0,28.0,0,1
7,25,1,1,1,3,0,1,4,0,17.666666666666668,1,1
9,3,0,0,1,12,0,0,5,0,29.0,0,1
13,5,1,1,1,0,0,0,5,0,42.0,0,1
16,19,1,0,1,12,1,1,5,0,30.0,0,1
40,30,2,0,1,12,0,1,5,0,28.0,0,1
9,3,0,0,1,12,0,1,5,1,27.0,0,1
16,19,1,0,1,12,1,1,5,0,33.0,0,1
49,0,2,0,0,12,0,1,5,0,37.0,0,1
16,19,1,0,1,5,0,1,5,0,43.0,0,1
9,3,0,0,1,12,0,1,5,0,37.0,0,1
16,19,1,0,1,12,1,0,5,0,55.0,0,1
9,3,0,0,1,12,0,1,5,1,52.0,0,1
16,19,1,0,1,12,1,1,5,0,38.0,0,1
16,19,1,0,1,12,1,1,5,0,34.0,0,1
13,5,1,1,1,12,0,1,5,0,43.0,0,1
32,10,2,0,1,12,0,1,5,1,25.0,0,1
9,3,0,0,1,12,2,0,5,0,16.0,0,1
9,3,0,0,1,12,0,0,5,1,50.0,0,1
9,3,0,0,1,12,0,1,5,0,29.0,0,1
9,3,0,0,1,12,0,0,5,0,42.0,0,1
8,3,0,0,1,12,0,1,4,3,33.0,0,1
32,10,2,0,1,12,0,1,5,0,35.0,0,1
16,19,1,0,1,12,0,1,5,1,34.0,0,1
9,3,0,0,1,12,0,0,4,0,22.0,0,1
32,10,2,0,1,12,0,1,5,0,31.0,0,1
9,3,0,0,1,12,0,1,5,0,39.0,0,1
16,19,1,0,1,12,2,0,4,3,16.0,0,1
9,3,0,0,1,12,2,1,5,0,17.0,0,1
40,30,2,0,1,12,0,1,5,0,35.0,0,1
18,19,1,1,1,12,0,1,5,0,31.0,1,1
16,19,1,0,1,12,1,0,5,0,30.0,0,1
30,28,1,0,1,12,0,1,5,1,32.0,0,1
30,28,1,0,1,12,0,1,4,3,30.0,0,1
13,5,1,1,1,12,0,0,5,1,26.0,0,1
32,10,2,0,1,12,2,0,4,3,14.0,0,1
30,28,1,0,1,12,0,1,5,0,22.0,0,1
16,19,1,0,1,12,0,1,5,1,50.0,0,1
31,7,1,0,1,12,0,1,5,1,47.0,0,1
32,10,2,0,1,12,2,0,5,0,14.0,0,1
9,3,0,0,1,12,0,0,2,1,23.0,0,1
9,3,0,0,1,12,2,0,5,0,17.0,0,1
30,28,1,0,1,12,0,0,5,0,37.0,0,1
9,3,0,0,1,12,0,1,5,0,24.0,0,1
9,3,0,0,1,12,0,1,5,0,23.0,0,1
18,19,1,1,1,12,0,1,5,0,26.0,0,1
16,19,1,0,1,12,0,1,5,0,20.0,0,1
16,19,1,0,1,12,1,1,2,1,39.0,0,1
9,3,0,0,1,12,0,1,5,0,29.0,0,1
9,3,0,0,1,12,0,1,5,0,41.0,0,1
31,7,1,0,1,12,1,1,4,3,22.0,0,1
8,3,0,0,1,3,0,1,5,0,34.0,0,1
16,19,1,0,1,12,1,0,5,0,42.0,0,1
32,10,2,0,1,12,0,1,5,1,37.0,0,1
9,3,0,0,1,12,0,1,5,1,39.0,0,1
40,30,2,0,1,5,2,1,5,0,15.0,0,1
16,19,1,0,1,12,0,1,5,1,45.0,0,1
32,10,2,0,1,12,0,1,5,0,21.0,0,1
7,25,1,1,1,3,0,1,5,0,32.0,0,1
9,3,0,0,1,12,0,1,5,0,32.0,0,1
9,3,0,0,1,12,0,1,5,0,42.0,0,1
32,10,2,0,1,12,2,1,4,3,11.0,0,1
9,3,0,0,1,12,2,0,5,0,13.0,0,1
31,7,1,0,1,12,0,1,5,0,41.0,0,1
16,19,1,0,1,12,0,1,5,1,32.0,0,1
9,3,0,0,1,12,0,1,5,0,28.0,0,1
16,19,1,0,1,12,1,1,5,1,66.0,0,1
9,3,0,0,1,12,0,1,4,3,53.0,0,1
16,19,1,0,1,12,2,1,5,1,38.0,0,1
40,30,2,0,1,3,0,1,5,3,34.0,0,1
9,3,0,0,1,12,0,0,5,0,30.0,0,1
9,3,0,0,1,12,0,0,5,3,32.0,0,1
9,3,0,0,1,12,0,1,5,0,29.0,0,1
9,3,0,0,1,12,2,1,5,0,16.0,0,1
9,3,0,0,1,12,0,1,5,0,26.0,0,1
16,19,1,0,1,12,1,1,5,0,41.0,0,1
32,10,2,0,1,12,0,1,5,0,21.0,0,1
2,18,0,0,1,12,0,1,5,0,29.0,0,1
9,3,0,0,1,12,0,1,5,0,59.0,0,1
8,3,0,0,1,3,0,0,5,0,42.0,0,1
16,19,1,0,1,12,0,0,5,0,29.0,0,1
49,0,2,0,0,5,0,1,5,1,50.0,0,1
31,7,1,0,1,12,1,1,5,1,32.0,0,1
9,3,0,0,1,12,0,1,4,3,27.0,0,1
9,3,0,0,1,12,2,1,5,0,13.0,0,1
18,19,1,1,1,12,0,1,5,0,26.0,0,1
16,19,1,0,1,12,0,1,5,0,41.0,0,1
8,3,0,0,1,5,0,0,5,0,38.0,0,1
8,3,0,0,1,12,2,1,5,2,31.0,0,1
9,3,0,0,1,12,2,1,0,1,41.0,0,1
16,19,1,0,1,12,0,0,0,1,58.0,0,1
10,3,0,0,1,12,0,1,0,1,33.0,0,1
7,25,1,1,1,12,0,1,0,1,35.0,0,1
8,3,0,0,1,12,2,1,0,1,24.0,0,1
32,10,2,0,1,12,2,1,0,1,35.0,0,1
16,19,1,0,1,12,1,0,0,1,35.0,0,1
16,19,1,0,1,12,1,1,0,1,61.0,0,1
18,19,1,1,1,12,0,1,5,0,42.0,0,1
32,10,2,0,1,12,2,0,5,1,45.0,0,1
9,3,0,0,1,12,0,1,0,1,16.0,0,1
16,19,1,0,1,12,0,1,0,1,26.0,0,1
13,5,1,1,1,12,2,1,0,1,34.5,1,1
32,10,2,0,1,12,0,1,0,1,32.0,0,1
32,10,2,0,1,12,2,1,5,0,54.0,0,1
9,3,0,0,1,12,0,1,0,1,28.0,0,1
31,7,1,0,1,12,2,0,5,1,72.0,0,1
8,3,0,0,1,12,0,1,0,1,15.0,0,1
9,3,0,0,1,12,1,0,5,1,30.0,0,1
33,10,2,0,1,12,1,1,0,1,32.0,0,1
16,19,1,0,1,12,1,0,5,0,22.0,0,1
32,10,2,0,1,12,0,1,5,1,42.0,0,1
9,3,0,0,1,12,2,0,0,1,26.0,0,1
32,10,2,0,1,12,0,0,0,1,33.0,0,1
32,10,2,0,1,12,0,1,0,1,24.0,0,1
16,19,1,0,1,12,2,1,5,0,55.0,0,1
32,10,2,0,1,12,0,0,5,0,21.0,0,1
32,10,2,0,1,12,2,0,5,0,38.0,0,1
9,3,0,0,1,12,0,1,0,1,46.0,0,1
9,3,0,0,1,12,0,1,0,1,30.0,0,1
40,30,2,0,1,3,0,1,0,1,28.0,0,1
32,10,2,0,1,12,0,1,5,1,33.0,0,1
40,30,2,0,1,12,1,1,5,0,18.0,0,1
9,3,0,0,1,12,0,0,0,1,35.0,0,1
8,3,0,0,1,5,0,1,0,1,36.0,0,1
20,19,1,1,1,12,1,0,0,0,34.0,0,1
32,10,2,0,1,12,2,0,5,1,33.0,0,1
9,3,0,0,1,12,2,1,5,1,40.0,0,1
9,3,0,0,1,12,2,1,0,1,29.0,0,1
32,10,2,0,1,12,0,1,5,1,52.0,0,1
16,19,1,0,1,12,1,1,0,1,42.0,0,1
9,3,0,0,1,12,0,0,0,1,31.0,0,1
29,11,1,1,1,12,1,0,0,1,22.0,0,1
18,19,1,1,1,12,2,1,0,1,60.0,0,1
9,3,0,0,1,12,0,1,0,1,29.0,0,1
8,3,0,0,1,12,2,1,0,1,16.0,0,1
32,10,2,0,1,12,2,0,0,1,36.0,0,1
16,19,1,0,1,12,1,0,5,1,30.0,0,1
31,7,1,0,1,12,1,1,5,1,37.0,0,1
33,10,2,0,1,12,2,1,0,1,22.0,0,1
9,3,0,0,1,12,0,1,5,1,28.0,0,1
9,3,0,0,1,12,1,1,0,1,32.0,0,1
31,7,1,0,1,12,1,1,2,1,45.0,0,1
8,3,0,0,1,5,2,0,0,1,16.0,0,1
2,18,0,0,1,12,2,1,0,1,24.0,0,1
9,3,0,0,1,12,0,1,0,1,19.0,0,1
16,19,1,0,1,12,0,0,5,1,45.0,0,1
16,19,1,0,1,12,0,0,0,1,32.5,1,1
16,19,1,0,1,12,0,0,5,1,41.0,0,1
9,3,0,0,1,12,0,1,0,1,37.0,0,1
9,3,0,0,1,12,0,0,1,1,32.0,0,1
16,19,1,0,1,12,1,1,5,1,41.0,0,1
18,19,1,1,1,12,0,1,0,1,31.0,0,1
33,10,2,0,1,12,0,0,0,1,29.0,0,1
31,7,1,0,1,12,1,1,0,1,42.0,0,1
16,19,1,0,1,12,1,0,5,1,31.0,0,1
9,3,0,0,1,12,0,1,0,1,23.0,0,1
16,19,1,0,1,12,2,1,0,1,40.0,0,1
9,3,0,0,1,12,2,0,0,1,21.0,0,1
8,3,0,0,1,0,0,1,0,1,22.0,0,1
8,3,0,0,1,5,0,1,0,1,39.0,0,1
33,10,2,0,1,12,0,1,5,1,30.0,0,1
16,19,1,0,1,12,2,1,5,1,54.0,0,1
9,3,0,0,1,12,2,1,0,1,28.0,0,1
40,30,2,0,1,1,1,1,5,0,46.0,0,1
30,28,1,0,1,12,2,0,0,0,14.5,1,1
9,3,0,0,1,12,1,1,5,1,47.0,0,1
10,3,0,0,1,12,0,1,0,1,30.0,0,1
9,3,0,0,1,12,2,1,5,0,32.0,0,1
9,3,0,0,1,12,2,0,0,1,41.0,0,1
9,3,0,0,1,12,2,1,0,1,17.0,0,1
9,3,0,0,1,12,0,1,5,0,31.0,0,1
8,3,0,0,1,12,0,0,0,1,20.0,0,1
9,3,0,0,1,12,0,1,0,1,51.0,0,1
9,3,0,0,1,12,0,1,5,1,34.0,0,1
8,3,0,0,1,12,0,1,0,1,40.0,0,1
31,7,1,0,1,12,0,1,4,1,19.0,0,1
16,19,1,0,1,12,0,1,0,1,26.0,0,1
10,3,0,0,1,12,0,1,2,1,45.0,0,1
33,10,2,0,1,12,0,1,0,1,18.0,0,1
31,7,1,0,1,12,1,0,5,2,29.0,0,1
9,3,0,0,1,12,0,0,5,0,38.0,0,1
13,5,1,1,1,12,0,1,5,2,41.0,0,1
32,10,2,0,1,12,2,0,5,0,29.0,0,1
30,28,1,0,1,12,2,0,5,0,41.0,0,1
32,10,2,0,1,5,0,1,5,0,37.0,0,1
31,7,1,0,1,12,0,0,5,0,42.0,0,1
9,3,0,0,1,12,0,0,5,0,25.0,0,1
9,3,0,0,1,12,0,1,5,0,24.0,0,1
32,10,2,0,1,12,0,1,5,1,27.0,0,1
32,10,2,0,1,12,2,1,5,0,22.0,0,1
32,10,2,0,1,12,0,1,5,1,32.0,0,1
20,19,1,1,1,12,0,0,5,1,34.0,0,1
2,18,0,0,1,12,0,1,5,1,56.0,0,1
32,10,2,0,1,12,0,0,5,0,28.0,0,1
9,3,0,0,1,12,0,1,5,0,49.0,0,1
9,3,0,0,1,12,0,0,5,0,41.0,0,1
30,28,1,0,1,12,0,1,5,1,36.0,0,1
8,3,0,0,1,12,0,1,5,1,33.0,0,1
9,3,0,0,1,12,2,1,5,0,30.0,0,1
30,28,1,0,1,12,2,0,5,0,29.0,0,1
32,10,2,0,1,12,0,0,5,1,30.0,0,1
9,3,0,0,1,12,0,0,5,1,32.0,0,1
8,3,0,0,1,12,0,1,5,1,32.0,0,1
9,3,0,0,1,12,2,1,0,1,30.0,0,1
9,3,0,0,1,12,2,1,0,1,30.0,0,1
49,0,2,0,0,12,0,1,0,1,50.0,0,1
49,0,2,0,0,12,0,1,0,1,53.0,0,1
49,0,2,0,0,12,0,0,0,1,19.0,0,1
49,0,2,0,0,12,0,0,0,1,29.0,0,1
9,3,0,0,1,12,2,1,0,1,30.0,0,1
9,3,0,0,1,12,2,1,0,1,41.0,0,1
9,3,0,0,1,12,2,1,0,1,47.0,0,1
9,3,0,0,1,12,2,1,0,1,38.0,0,1
13,5,1,1,1,5,2,1,5,2,25.0,1,1
44,9,2,0,0,12,2,0,0,1,29.0,0,1
43,8,2,0,0,12,2,0,0,1,27.0,0,1
44,9,2,0,0,12,2,0,0,1,31.0,0,1
32,10,2,0,1,12,2,1,5,0,19.0,0,1
3,26,0,0,1,12,0,1,4,1,35.0,0,1
20,19,1,1,1,12,0,1,5,1,34.0,0,1
20,19,1,1,1,12,0,1,5,0,25.0,0,1
25,14,1,1,1,12,2,1,5,0,35.0,0,1
25,14,1,1,1,12,0,1,5,0,48.0,0,1
40,30,2,0,1,3,0,1,5,2,27.0,0,1
10,3,0,0,1,3,0,1,2,2,32.0,0,1
31,7,1,0,1,12,0,1,5,1,24.0,0,1
40,30,2,0,1,3,0,1,5,0,31.0,0,1
40,30,2,0,1,12,0,0,5,1,41.0,0,1
31,7,1,0,1,12,0,1,5,2,62.0,0,1
8,3,0,0,1,12,2,1,5,0,45.0,0,1
9,3,0,0,1,12,0,1,5,0,30.0,0,1
8,3,0,0,1,12,2,1,5,0,36.0,0,1
16,19,1,0,1,12,0,1,5,0,23.0,0,1
9,3,0,0,1,12,1,1,5,0,15.0,0,1
9,3,0,0,1,12,1,0,5,0,14.0,0,1
9,3,0,0,1,12,1,0,5,1,13.0,0,1
9,3,0,0,1,12,1,0,5,0,14.0,0,1
9,3,0,0,1,12,1,1,5,0,15.0,0,1
9,3,0,0,1,12,1,0,5,1,16.0,0,1
9,3,0,0,1,12,1,0,5,0,60.0,0,1
9,3,0,0,1,12,1,0,5,1,12.0,0,1
9,3,0,0,1,12,1,0,5,0,13.0,0,1
31,7,1,0,1,12,1,0,5,0,42.0,0,1
9,3,0,0,1,12,2,0,5,1,42.0,0,1
9,3,0,0,1,12,1,0,5,1,17.0,0,1
30,28,1,0,1,12,0,1,5,0,34.0,0,1
7,25,1,1,1,6,0,0,5,0,28.5,1,1
18,19,1,1,1,12,0,1,5,1,25.0,0,1
9,3,0,0,1,12,0,0,5,1,24.0,0,1
2,18,0,0,1,12,0,1,5,0,37.0,0,1
32,10,2,0,1,12,0,1,5,1,22.0,0,1
16,19,1,0,1,12,0,1,5,1,45.0,0,1
16,19,1,0,1,12,0,1,5,0,29.0,0,1
40,30,2,0,1,12,0,1,5,0,21.0,0,1
9,3,0,0,1,12,0,1,5,0,53.0,0,1
24,14,1,1,1,12,0,1,5,0,39.0,0,1
8,3,0,0,1,5,0,0,5,0,19.0,0,1
9,3,0,0,1,12,0,1,5,1,26.0,0,1
8,3,0,0,1,12,0,1,5,0,41.0,0,1
32,10,2,0,1,12,0,0,5,0,39.0,0,1
32,10,2,0,1,12,0,1,5,0,35.0,0,1
32,10,2,0,1,12,0,1,5,1,43.0,0,1
32,10,2,0,1,12,0,1,5,0,32.0,0,1
16,19,1,0,1,12,0,1,5,0,50.0,0,1
8,3,0,0,1,12,0,1,5,0,58.0,0,1
9,3,0,0,1,12,0,1,5,0,35.0,0,1
16,19,1,0,1,12,0,1,5,0,18.0,0,1
18,19,1,1,1,12,0,1,5,0,29.0,0,1
32,10,2,0,1,12,0,1,5,0,59.0,0,1
31,7,1,0,1,1,0,1,5,1,33.0,0,1
8,3,0,0,1,12,0,1,5,0,24.0,0,1
32,10,2,0,1,12,0,0,5,3,33.0,1,1
32,10,2,0,1,12,0,1,5,0,28.0,0,1
32,10,2,0,1,12,0,1,5,1,56.0,0,1
32,10,2,0,1,1,0,1,5,0,20.0,0,1
9,3,0,0,1,12,0,1,5,0,31.0,0,1
16,19,1,0,1,12,0,1,5,0,24.0,0,1
8,3,0,0,1,12,0,1,5,1,45.0,0,1
32,10,2,0,1,12,0,1,5,0,39.0,0,1
8,3,0,0,1,0,0,1,5,0,33.0,0,1
9,3,0,0,1,12,0,1,5,0,26.0,0,1
8,3,0,0,1,12,0,1,5,0,20.0,0,1
32,10,2,0,1,12,0,1,5,0,22.0,0,1
9,3,0,0,1,12,0,0,5,1,53.0,0,1
16,19,1,0,1,12,0,1,5,0,45.0,0,1
9,3,0,0,1,12,0,1,5,0,30.0,0,1
18,19,1,1,1,12,0,0,5,1,24.0,0,1
13,5,1,1,1,5,0,1,5,0,35.0,0,1
30,28,1,0,1,12,0,1,2,1,44.0,0,1
31,7,1,0,1,12,2,1,5,1,50.0,0,1
30,28,1,0,1,12,0,0,5,1,26.0,0,1
9,3,0,0,1,12,0,0,5,0,31.0,0,1
9,3,0,0,1,12,0,1,5,1,73.0,0,1
11,2,1,0,1,12,0,1,5,1,62.0,0,1
31,7,1,0,1,12,0,1,5,1,38.0,0,1
32,10,2,0,1,12,0,0,5,0,39.0,1,1
16,19,1,0,1,12,0,1,5,0,29.0,0,1
32,10,2,0,1,12,0,0,5,1,30.0,0,1
32,10,2,0,1,12,0,0,2,1,43.5,1,1
23,14,1,1,1,12,0,1,5,0,43.0,0,1
32,10,2,0,1,12,0,0,5,0,31.0,0,1
32,10,2,0,1,12,0,1,5,0,42.0,0,1
13,5,1,1,1,12,0,1,5,0,25.0,0,1
32,10,2,0,1,12,0,1,5,0,39.0,0,1
29,11,1,1,1,12,0,0,5,0,28.0,0,1
32,10,2,0,1,12,0,0,5,0,22.0,1,1
16,19,1,0,1,12,0,0,5,0,53.0,1,1
32,10,2,0,1,12,0,1,5,0,55.0,0,1
31,7,1,0,1,12,0,1,4,3,21.0,0,1
32,10,2,0,1,12,0,0,5,0,38.0,0,1
32,10,2,0,1,12,0,1,5,0,26.0,0,1
16,19,1,0,1,12,0,1,5,1,29.0,0,1
13,5,1,1,1,12,0,1,5,0,45.0,0,1
32,10,2,0,1,12,0,0,5,0,55.0,0,1
9,3,0,0,1,12,0,1,5,0,43.0,0,1
9,3,0,0,1,12,0,1,5,0,38.0,0,1
2,18,0,0,1,12,0,1,5,0,36.0,0,1
7,25,1,1,1,3,0,1,5,0,26.0,0,1
32,10,2,0,1,12,0,1,5,1,32.0,0,1
16,19,1,0,1,12,0,1,5,1,32.0,0,1
8,3,0,0,1,12,0,0,5,0,38.0,0,1
9,3,0,0,1,12,0,0,5,0,35.0,0,1
9,3,0,0,1,12,0,0,5,1,67.0,0,1
20,19,1,1,1,12,0,1,5,0,23.0,0,1
8,3,0,0,1,0,0,0,5,0,47.0,0,1
2,18,0,0,1,12,0,1,5,0,26.0,0,1
9,3,0,0,1,12,0,0,5,1,53.0,0,1
16,19,1,0,1,12,0,1,5,1,34.0,0,1
30,28,1,0,1,12,0,1,4,2,21.333333333333332,1,1
8,3,0,0,1,12,2,1,5,2,47.0,0,1
8,3,0,0,1,12,2,1,5,0,23.0,0,1
40,30,2,0,1,3,2,1,0,3,25.0,0,1
40,30,2,0,1,3,2,0,5,3,16.0,0,1
8,3,0,0,1,12,2,1,5,0,53.0,0,1
9,3,0,0,1,12,1,1,5,3,31.0,0,1
9,3,0,0,1,12,1,1,5,0,23.0,0,1
9,3,0,0,1,12,2,0,5,3,26.0,0,1
9,3,0,0,1,12,1,0,5,3,21.0,0,1
9,3,0,0,1,12,1,1,5,0,39.0,0,1
13,5,1,1,1,12,2,1,4,3,41.0,0,1
8,3,0,0,1,12,2,0,2,1,35.0,0,1
9,3,0,0,1,12,1,1,5,0,37.0,0,1
9,3,0,0,1,12,1,0,5,0,36.0,0,1
9,3,0,0,1,12,1,1,5,0,56.0,0,1
9,3,0,0,1,12,1,1,5,1,18.0,0,1
20,19,1,1,1,12,1,0,5,1,59.0,0,1
9,3,0,0,1,12,1,1,5,0,30.0,0,1
9,3,0,0,1,12,1,1,2,1,22.0,0,1
9,3,0,0,1,12,1,1,0,1,25.0,0,1
9,3,0,0,1,12,1,1,5,3,29.0,0,1
9,3,0,0,1,12,1,1,4,3,32.0,0,1
8,3,0,0,1,12,1,1,5,0,42.0,0,1
9,3,0,0,1,12,1,1,5,0,21.0,0,1
9,3,0,0,1,12,1,1,4,3,33.0,0,1
9,3,0,0,1,12,1,0,2,1,38.0,0,1
31,7,1,0,1,12,1,1,0,1,42.0,0,1
10,3,0,0,1,12,1,1,4,1,30.0,0,1
16,19,1,0,1,12,1,0,5,3,39.0,0,1
16,19,1,0,1,12,1,0,5,0,46.0,0,1
9,3,0,0,1,12,1,0,4,3,41.0,0,1
16,19,1,0,1,12,1,1,4,0,37.0,0,1
17,19,1,1,1,12,1,0,5,0,33.0,0,1
16,19,1,0,1,12,1,1,5,0,45.0,0,1
8,3,0,0,1,12,1,0,5,3,77.0,0,1
9,3,0,0,1,12,1,1,5,0,38.0,0,1
9,3,0,0,1,8,1,1,5,0,34.0,0,1
31,7,1,0,1,5,1,0,5,0,31.0,0,1
9,3,0,0,1,12,2,1,2,1,61.0,0,1
9,3,0,0,1,12,1,1,5,0,32.0,0,1
9,3,0,0,1,12,1,1,5,0,22.0,0,1
9,3,0,0,1,12,1,1,5,0,20.0,0,1
9,3,0,0,1,12,1,0,4,3,27.0,0,1
9,3,0,0,1,12,1,1,5,0,59.0,0,1
9,3,0,0,1,12,1,0,5,1,21.0,0,1
31,7,1,0,1,12,1,1,5,0,40.0,0,1
9,3,0,0,1,12,1,0,5,1,55.0,0,1
31,7,1,0,1,5,1,1,5,0,30.0,0,1
33,10,2,0,1,12,1,1,5,3,32.5,1,1
8,3,0,0,1,12,1,1,5,0,51.0,0,1
9,3,0,0,1,12,1,0,0,1,34.0,0,1
16,19,1,0,1,12,1,0,5,1,25.0,0,1
16,19,1,0,1,12,1,0,5,1,25.0,0,1
9,3,0,0,1,12,1,0,5,1,58.0,0,1
9,3,0,0,1,12,2,1,5,0,29.0,0,1
9,3,0,0,1,12,1,1,5,0,41.0,0,1
9,3,0,0,1,12,1,0,5,3,38.0,0,1
9,3,0,0,1,12,1,1,5,0,44.0,0,1
9,3,0,0,1,12,1,0,5,0,45.0,0,1
40,30,2,0,1,12,2,1,5,1,27.0,0,1
40,30,2,0,1,6,1,0,3,3,29.0,0,1
9,3,0,0,1,12,1,1,2,1,27.0,0,1
32,10,2,0,1,12,2,1,5,3,20.0,0,1
16,19,1,0,1,12,1,1,5,0,27.0,0,1
9,3,0,0,1,12,1,1,5,0,38.0,0,1
16,19,1,0,1,12,1,0,5,0,34.0,1,1
9,3,0,0,1,12,1,0,5,3,31.0,0,1
31,7,1,0,1,12,1,0,5,0,33.0,0,1
9,3,0,0,1,12,1,1,5,1,38.0,0,1
9,3,0,0,1,12,1,1,5,0,49.0,0,1
9,3,0,0,1,12,1,1,4,0,22.0,0,1
9,3,0,0,1,12,1,1,5,0,23.0,0,1
16,19,1,0,1,12,1,1,5,3,45.0,0,1
9,3,0,0,1,12,1,1,4,1,60.0,0,1
16,19,1,0,1,5,1,1,4,0,32.0,0,1
9,3,0,0,1,12,1,1,5,1,35.0,0,1
16,19,1,0,1,12,1,1,5,1,43.0,0,1
9,3,0,0,1,12,1,0,0,1,45.0,0,1
31,7,1,0,1,12,1,1,5,1,30.0,0,1
9,3,0,0,1,12,1,0,0,1,27.0,1,1
31,7,1,0,1,12,1,0,5,0,35.0,0,1
9,3,0,0,1,12,1,0,5,0,38.0,0,1
9,3,0,0,1,12,1,1,5,3,47.0,0,1
9,3,0,0,1,12,1,1,5,3,26.0,0,1
9,3,0,0,1,12,1,1,5,0,31.0,0,1
16,19,1,0,1,12,1,0,5,1,39.0,0,1
16,19,1,0,1,12,1,1,5,3,32.0,0,1
31,7,1,0,1,12,1,0,4,1,23.0,0,1
31,7,1,0,1,12,1,0,5,0,24.0,0,1
16,19,1,0,1,12,1,0,4,3,28.0,1,1
31,7,1,0,1,12,1,1,5,0,31.0,0,1
8,3,0,0,1,12,1,1,5,1,25.0,0,1
9,3,0,0,1,12,1,1,5,3,33.0,0,1
9,3,0,0,1,12,1,0,5,1,23.0,0,1
9,3,0,0,1,12,1,0,0,1,26.5,1,1
31,7,1,0,1,12,1,1,5,0,63.0,0,1
9,3,0,0,1,12,1,0,0,1,38.0,0,1
9,3,0,0,1,12,1,1,0,3,32.0,0,1
9,3,0,0,1,12,1,1,4,3,41.0,0,1
9,3,0,0,1,12,1,0,0,1,22.0,0,1
9,3,0,0,1,12,1,1,0,3,26.0,0,1
9,3,0,0,1,12,1,1,5,3,46.0,0,1
9,3,0,0,1,12,1,1,5,1,40.0,0,1
9,3,0,0,1,12,1,0,5,0,29.0,0,1
9,3,0,0,1,12,1,1,5,1,59.0,0,1
9,3,0,0,1,12,1,0,5,0,31.0,0,1
9,3,0,0,1,12,1,0,5,0,59.0,0,1
31,7,1,0,1,12,1,1,0,3,30.0,0,1
16,19,1,0,1,12,1,0,5,1,28.0,0,1
9,3,0,0,1,12,1,0,5,0,30.0,0,1
9,3,0,0,1,12,1,1,5,0,24.0,0,1
9,3,0,0,1,12,1,1,5,0,30.0,0,1
9,3,0,0,1,12,1,1,5,3,39.0,0,1
9,3,0,0,1,12,1,1,5,0,21.0,0,1
9,3,0,0,1,12,1,0,5,0,36.0,0,1
9,3,0,0,1,12,1,1,5,1,39.0,0,1
9,3,0,0,1,12,1,1,5,0,29.0,0,1
40,30,2,0,1,3,1,1,4,1,65.0,0,1
9,3,0,0,1,12,1,1,2,1,65.0,0,1
9,3,0,0,1,12,1,0,5,0,34.0,0,1
9,3,0,0,1,12,1,1,4,1,46.5,1,1
9,3,0,0,1,12,1,0,5,0,29.0,1,1
9,3,0,0,1,12,1,1,5,0,24.0,0,1
31,7,1,0,1,12,1,1,1,3,32.0,0,1
9,3,0,0,1,12,1,1,5,1,40.0,0,1
33,10,2,0,1,12,1,0,5,0,30.5,1,1
9,3,0,0,1,12,1,0,5,0,36.0,0,1
9,3,0,0,1,12,1,1,5,3,40.0,0,1
9,3,0,0,1,12,1,0,5,3,22.0,0,1
8,3,0,0,1,12,1,1,5,1,26.0,0,1
9,3,0,0,1,12,1,0,5,3,27.0,0,1
9,3,0,0,1,12,1,0,5,0,41.0,0,1
9,3,0,0,1,12,1,0,5,1,38.0,0,1
9,3,0,0,1,12,1,0,2,1,35.0,0,1
9,3,0,0,1,12,1,1,5,3,26.0,0,1
9,3,0,0,1,12,1,1,5,0,57.0,0,1
9,3,0,0,1,12,1,1,5,3,59.0,0,1
9,3,0,0,1,12,1,1,4,0,21.0,0,1
9,3,0,0,1,12,1,0,4,3,27.0,0,1
8,3,0,0,1,12,1,1,5,1,41.0,0,1
9,3,0,0,1,12,1,0,5,0,45.0,0,1
9,3,0,0,1,12,1,0,0,3,44.0,0,1
9,3,0,0,1,12,1,1,5,0,57.0,0,1
9,3,0,0,1,12,1,1,5,3,42.0,0,1
10,3,0,0,1,12,1,1,5,3,45.0,0,1
9,3,0,0,1,12,1,1,2,1,26.0,0,1
9,3,0,0,1,12,1,1,5,3,67.0,0,1
9,3,0,0,1,12,1,1,5,0,38.0,0,1
40,30,2,0,1,10,1,1,5,3,52.0,0,1
9,3,0,0,1,12,1,0,5,0,55.0,0,1
31,7,1,0,1,12,1,1,5,0,37.0,0,1
9,3,0,0,1,12,1,1,5,0,29.0,0,1
9,3,0,0,1,12,1,1,5,0,37.0,0,1
10,3,0,0,1,12,1,1,4,0,32.0,0,1
9,3,0,0,1,12,1,1,2,1,37.0,0,1
9,3,0,0,1,12,1,1,5,1,30.0,0,1
9,3,0,0,1,12,1,0,5,0,57.0,0,1
9,3,0,0,1,12,1,1,5,1,27.0,0,1
8,3,0,0,1,12,1,1,5,0,30.0,0,1
9,3,0,0,1,12,1,1,5,1,62.0,0,1
8,3,0,0,1,12,1,0,5,0,27.0,0,1
9,3,0,0,1,12,1,1,4,3,44.0,0,1
40,30,2,0,1,3,1,1,2,1,25.0,0,1
13,5,1,1,1,12,1,1,4,1,28.0,0,1
9,3,0,0,1,12,1,1,5,1,22.0,0,1
9,3,0,0,1,12,1,1,5,1,40.0,0,1
9,3,0,0,1,12,1,1,5,1,29.0,0,1
9,3,0,0,1,12,1,1,2,1,61.0,0,1
8,3,0,0,1,3,1,0,5,3,46.0,0,1
9,3,0,0,1,12,1,1,2,1,60.0,0,1
9,3,0,0,1,12,1,1,5,1,51.0,0,1
9,3,0,0,1,12,1,1,5,0,28.0,0,1
16,19,1,0,1,12,1,0,5,3,42.0,0,1
10,3,0,0,1,12,1,0,5,1,26.0,0,1
9,3,0,0,1,12,1,0,5,0,54.0,0,1
31,7,1,0,1,12,1,0,5,0,32.0,0,1
9,3,0,0,1,12,1,1,5,0,23.0,0,1
9,3,0,0,1,12,1,0,0,1,31.0,0,1
9,3,0,0,1,12,1,1,4,0,31.0,0,1
9,3,0,0,1,12,1,1,4,3,40.0,0,1
9,3,0,0,1,12,1,1,5,1,61.0,0,1
31,7,1,0,1,12,1,1,4,3,33.0,0,1
9,3,0,0,1,12,1,0,5,3,48.0,0,1
9,3,0,0,1,12,1,1,5,0,32.0,0,1
30,28,1,0,1,12,2,0,5,0,29.0,0,1
40,30,2,0,1,3,1,1,5,1,69.0,0,1
9,3,0,0,1,12,1,1,5,0,32.0,0,1
9,3,0,0,1,12,1,1,0,1,56.0,0,1
16,19,1,0,1,12,1,1,5,0,39.0,0,1
9,3,0,0,1,12,2,0,0,3,20.0,0,1
33,10,2,0,1,12,1,0,4,1,30.0,1,1
9,3,0,0,1,12,1,1,5,0,24.0,0,1
8,3,0,0,1,12,1,1,5,3,29.0,0,1
33,10,2,0,1,12,1,0,0,0,40.5,1,1
9,3,0,0,1,12,1,1,2,1,47.0,0,1
9,3,0,0,1,12,1,1,5,0,43.0,0,1
9,3,0,0,1,12,1,1,5,3,63.0,0,1
33,10,2,0,1,12,1,0,5,0,49.5,1,1
9,3,0,0,1,12,1,1,5,0,49.0,0,1
32,10,2,0,1,12,2,0,5,1,49.0,0,1
32,10,2,0,1,12,1,1,5,3,34.0,0,1
16,19,1,0,1,12,1,0,5,0,36.0,0,1
31,7,1,0,1,12,1,1,5,0,25.0,0,1
9,3,0,0,1,1,1,1,5,0,34.0,0,1
9,3,0,0,1,12,1,0,0,3,40.0,0,1
16,19,1,0,1,12,1,1,0,0,33.0,0,1
40,30,2,0,1,3,1,1,5,3,20.0,0,1
8,3,0,0,1,12,1,0,4,0,53.5,1,1
9,3,0,0,1,12,1,1,5,0,28.0,0,1
9,3,0,0,1,12,1,1,5,0,30.0,0,1
9,3,0,0,1,12,1,0,0,1,38.0,0,1
16,19,1,0,1,12,1,0,5,3,35.0,0,1
23,14,1,1,1,12,1,0,5,1,26.0,0,1
40,30,2,0,1,1,1,1,5,0,23.0,0,1
9,3,0,0,1,12,1,1,5,3,21.0,0,1
16,19,1,0,1,12,1,1,5,0,34.0,0,1
9,3,0,0,1,12,1,1,5,3,45.0,0,1
9,3,0,0,1,12,1,0,5,0,43.0,0,1
16,19,1,0,1,12,1,1,5,0,32.0,0,1
16,19,1,0,1,12,1,1,5,0,32.0,0,1
9,3,0,0,1,12,1,0,5,3,23.0,0,1
16,19,1,0,1,12,1,1,5,0,29.0,0,1
9,3,0,0,1,3,1,1,2,1,37.0,0,1
9,3,0,0,1,12,1,1,2,3,23.0,0,1
16,19,1,0,1,12,1,0,0,3,45.5,1,1
16,19,1,0,1,12,1,1,2,0,30.0,0,1
9,3,0,0,1,12,1,1,5,0,47.0,0,1
9,3,0,0,1,12,1,0,5,3,36.0,0,1
9,3,0,0,1,12,1,1,4,3,23.0,0,1
9,3,0,0,1,12,1,1,5,0,30.0,0,1
9,3,0,0,1,12,1,0,5,0,46.0,0,1
9,3,0,0,1,12,1,1,2,1,34.0,0,1
9,3,0,0,1,12,1,0,0,3,39.0,0,1
31,7,1,0,1,12,1,0,5,1,33.0,0,1
16,19,1,0,1,5,1,1,5,1,25.0,0,1
33,10,2,0,1,12,1,0,5,0,44.0,0,1
13,5,1,1,1,12,1,0,5,3,26.0,0,1
31,7,1,0,1,12,1,0,2,3,38.0,0,1
9,3,0,0,1,12,1,1,0,1,38.0,0,1
9,3,0,0,1,12,1,0,5,3,34.0,0,1
9,3,0,0,1,12,1,1,5,0,41.0,0,1
9,3,0,0,1,12,1,1,4,3,43.0,0,1
9,3,0,0,1,3,1,1,5,0,18.0,0,1
9,3,0,0,1,12,1,1,5,0,34.0,0,1
9,3,0,0,1,12,1,1,5,0,26.0,0,1
9,3,0,0,1,12,1,0,4,3,25.0,0,1
9,3,0,0,1,12,1,1,5,3,26.0,0,1
9,3,0,0,1,12,1,1,2,3,38.0,0,1
9,3,0,0,1,12,1,0,5,3,23.0,0,1
9,3,0,0,1,12,1,1,2,3,26.0,0,1
9,3,0,0,1,12,1,0,5,1,20.0,0,1
9,3,0,0,1,12,1,0,4,1,55.0,0,1
20,19,1,1,1,12,1,0,5,1,19.0,0,1
9,3,0,0,1,12,1,0,5,0,38.0,0,1
9,3,0,0,1,12,1,0,4,0,41.0,0,1
9,3,0,0,1,12,1,1,0,1,23.0,0,1
9,3,0,0,1,12,1,0,5,0,27.0,0,1
9,3,0,0,1,12,1,0,5,0,33.0,0,1
32,10,2,0,1,12,2,1,5,1,31.0,0,1
9,3,0,0,1,12,1,1,5,1,30.0,0,1
9,3,0,0,1,12,1,1,5,0,24.0,0,1
2,18,0,0,1,12,2,1,5,0,35.0,0,1
31,7,1,0,1,12,1,1,4,3,28.0,0,1
9,3,0,0,1,12,2,0,0,3,34.0,0,1
32,10,2,0,1,12,2,1,0,3,37.0,0,1
32,10,2,0,1,12,2,1,0,1,55.0,0,1
9,3,0,0,1,12,2,0,0,0,27.0,0,1
32,10,2,0,1,12,2,0,2,3,35.0,0,1
31,7,1,0,1,12,2,1,5,0,43.0,0,1
32,10,2,0,1,3,2,1,2,3,29.666666666666668,1,1
16,19,1,0,1,12,1,1,5,0,19.5,1,1
32,10,2,0,1,12,2,1,5,0,36.0,0,1
16,19,1,0,1,12,2,0,5,0,27.0,0,1
32,10,2,0,1,12,2,1,5,0,31.0,0,1
32,10,2,0,1,12,2,1,5,1,48.0,0,1
32,10,2,0,1,12,2,1,5,0,31.0,1,1
30,28,1,0,1,12,1,1,2,1,44.0,0,1
16,19,1,0,1,12,2,1,5,3,28.0,0,1
8,3,0,0,1,3,2,1,5,1,47.0,0,1
16,19,1,0,1,12,1,0,5,0,53.0,0,1
9,3,0,0,1,12,1,1,5,0,41.0,0,1
40,30,2,0,1,12,2,1,3,1,29.0,0,1
32,10,2,0,1,12,2,0,4,0,37.0,0,1
8,3,0,0,1,12,1,1,0,3,28.0,0,1
31,7,1,0,1,5,2,1,0,3,29.0,0,1
9,3,0,0,1,12,1,0,5,1,19.0,0,1
40,30,2,0,1,3,2,1,5,3,29.0,0,1
33,10,2,0,1,12,1,1,4,3,41.0,0,1
8,3,0,0,1,12,1,1,2,1,47.0,0,1
16,19,1,0,1,12,1,1,5,1,41.0,0,1
9,3,0,0,1,12,1,0,5,1,32.0,0,1
33,10,2,0,1,12,2,1,5,1,38.0,0,1
32,10,2,0,1,12,2,1,5,0,48.0,0,1
32,10,2,0,1,3,2,1,5,3,45.0,0,1
9,3,0,0,1,12,1,0,5,3,52.0,0,1
9,3,0,0,1,12,1,1,5,0,18.0,0,1
8,3,0,0,1,12,1,1,0,1,66.0,0,1
40,30,2,0,1,12,2,0,4,3,24.0,0,1
32,10,2,0,1,12,2,1,2,3,33.0,0,1
9,3,0,0,1,12,1,0,5,3,29.0,0,1
16,19,1,0,1,12,1,1,5,0,31.0,0,1
9,3,0,0,1,12,1,0,5,3,23.0,0,1
9,3,0,0,1,12,2,1,0,3,22.0,0,1
9,3,0,0,1,12,1,0,0,0,27.0,0,1
9,3,0,0,1,12,1,1,5,0,29.0,0,1
32,10,2,0,1,12,2,1,2,1,52.0,0,1
8,3,0,0,1,12,2,1,5,0,30.0,0,1
9,3,0,0,1,12,2,1,2,3,23.0,0,1
9,3,0,0,1,12,1,0,2,1,21.0,0,1
32,10,2,0,1,12,2,0,5,3,25.0,0,1
32,10,2,0,1,12,2,0,5,0,42.0,0,1
16,19,1,0,1,12,1,1,0,1,36.5,1,1
30,28,1,0,1,12,2,1,5,0,46.5,1,1
31,7,1,0,1,12,1,1,5,3,32.0,0,1
16,19,1,0,1,12,2,0,5,3,30.0,0,1
22,6,1,0,1,3,2,1,5,3,22.0,0,1
9,3,0,0,1,12,2,1,5,0,59.0,0,1
9,3,0,0,1,12,1,1,0,1,27.0,0,1
32,10,2,0,1,12,2,0,5,1,27.0,0,1
9,3,0,0,1,12,1,1,5,0,27.0,0,1
8,3,0,0,1,12,1,1,2,3,27.0,0,1
32,10,2,0,1,12,2,1,5,3,27.0,0,1
32,10,2,0,1,12,2,0,2,1,24.0,0,1
16,19,1,0,1,5,2,0,5,0,27.5,1,1
8,3,0,0,1,8,2,1,5,0,51.0,0,1
8,3,0,0,1,12,2,1,5,0,58.0,0,1
9,3,0,0,1,12,1,0,5,0,52.0,1,1
9,3,0,0,1,12,1,0,5,0,34.0,0,1
9,3,0,0,1,12,2,0,5,0,28.0,0,1
9,3,0,0,1,12,2,0,5,0,24.0,0,1
31,7,1,0,1,12,1,1,2,1,45.0,0,1
9,3,0,0,1,12,1,1,5,0,30.0,0,1
9,3,0,0,1,12,2,0,5,0,28.0,0,1
32,10,2,0,1,12,2,1,5,3,23.0,0,1
33,10,2,0,1,12,2,1,5,3,31.0,0,1
9,3,0,0,1,3,1,1,5,3,29.0,0,1
9,3,0,0,1,12,2,1,5,0,31.0,0,1
9,3,0,0,1,12,1,1,5,3,54.0,0,1
9,3,0,0,1,12,1,1,4,0,38.0,0,1
8,3,0,0,1,12,2,1,5,0,23.0,0,1
9,3,0,0,1,12,1,0,5,3,16.0,0,1
32,10,2,0,1,12,2,0,5,3,39.0,0,1
31,7,1,0,1,12,1,1,5,0,41.0,0,1
9,3,0,0,1,12,1,1,5,3,26.0,0,1
32,10,2,0,1,12,2,1,5,3,35.0,0,1
13,5,1,1,1,12,2,0,2,3,44.0,1,1
33,10,2,0,1,12,2,1,0,1,26.0,0,1
8,3,0,0,1,12,2,0,5,3,57.0,0,1
9,3,0,0,1,12,1,0,2,3,41.0,0,1
31,7,1,0,1,12,1,1,2,1,34.0,0,1
31,7,1,0,1,12,1,1,5,0,46.0,0,1
9,3,0,0,1,12,2,1,2,0,42.0,0,1
9,3,0,0,1,12,1,1,5,0,59.0,0,1
33,10,2,0,1,12,1,1,5,0,21.0,0,1
8,3,0,0,1,12,2,1,5,0,44.0,0,1
9,3,0,0,1,12,1,1,5,0,34.0,0,1
9,3,0,0,1,12,1,1,5,1,57.0,0,1
31,7,1,0,1,12,1,0,5,0,23.0,0,1
9,3,0,0,1,12,1,1,0,1,27.0,0,1
9,3,0,0,1,12,1,1,5,0,25.0,0,1
9,3,0,0,1,12,1,0,5,0,30.0,0,1
9,3,0,0,1,12,1,1,5,0,20.0,0,1
9,3,0,0,1,12,1,1,2,3,36.0,0,1
9,3,0,0,1,12,1,1,5,0,26.0,0,1
9,3,0,0,1,12,1,1,5,1,44.0,0,1
9,3,0,0,1,12,1,1,5,1,19.0,0,1
9,3,0,0,1,12,1,0,4,3,26.0,0,1
9,3,0,0,1,12,1,1,5,0,30.0,0,1
9,3,0,0,1,12,1,1,5,0,52.0,0,1
10,3,0,0,1,12,1,1,5,3,25.0,0,1
9,3,0,0,1,12,1,0,5,0,30.0,0,1
9,3,0,0,1,12,1,0,5,3,22.0,0,1
9,3,0,0,1,12,1,0,5,0,60.0,0,1
9,3,0,0,1,12,1,1,4,3,33.0,0,1
9,3,0,0,1,12,1,1,5,3,33.0,0,1
9,3,0,0,1,12,1,0,5,0,36.0,0,1
9,3,0,0,1,12,1,0,5,0,33.0,0,1
8,3,0,0,1,12,1,1,0,0,39.0,0,1
9,3,0,0,1,12,1,1,5,0,39.0,0,1
9,3,0,0,1,12,1,1,5,3,31.0,0,1
9,3,0,0,1,12,1,0,5,0,43.0,0,1
9,3,0,0,1,12,1,0,5,0,31.0,0,1
8,3,0,0,1,12,1,1,5,1,39.0,0,1
9,3,0,0,1,12,1,1,5,1,32.0,0,1
16,19,1,0,1,12,2,0,5,0,28.0,1,1
35,23,2,0,1,12,1,1,4,1,30.0,0,1
9,3,0,0,1,12,2,1,5,1,32.0,0,1
9,3,0,0,1,0,1,0,5,0,40.0,0,1
33,10,2,0,1,12,1,1,4,3,22.0,0,1
6,26,0,0,1,12,1,1,0,1,39.0,0,1
9,3,0,0,1,12,1,0,5,0,21.0,0,1
31,7,1,0,1,12,1,1,5,0,63.0,0,1
31,7,1,0,1,12,1,1,5,0,21.0,0,1
9,3,0,0,1,12,1,1,2,1,30.0,0,1
9,3,0,0,1,12,1,0,5,0,35.0,0,1
9,3,0,0,1,12,1,1,4,3,31.0,0,1
9,3,0,0,1,12,1,1,5,0,26.0,0,1
8,3,0,0,1,12,1,1,5,0,58.0,0,1
9,3,0,0,1,12,1,0,4,3,38.0,0,1
9,3,0,0,1,12,1,1,4,3,49.0,0,1
20,19,1,1,1,12,1,1,2,1,50.0,0,1
8,3,0,0,1,12,1,1,5,0,27.0,0,1
9,3,0,0,1,12,1,1,0,1,37.0,0,1
9,3,0,0,1,12,1,0,0,1,30.0,0,1
9,3,0,0,1,12,1,1,5,0,34.0,0,1
9,3,0,0,1,12,1,0,5,1,39.0,0,1
31,7,1,0,1,12,1,1,4,1,33.0,0,1
9,3,0,0,1,12,1,1,5,0,33.0,0,1
31,7,1,0,1,12,1,1,5,3,63.0,0,1
10,3,0,0,1,12,1,1,5,3,27.0,0,1
16,19,1,0,1,12,1,1,4,3,40.0,0,1
16,19,1,0,1,12,1,1,2,1,21.0,0,1
9,3,0,0,1,12,1,1,5,0,42.0,0,1
9,3,0,0,1,12,1,1,5,1,24.0,0,1
9,3,0,0,1,12,1,1,5,1,21.0,0,1
9,3,0,0,1,12,1,1,5,3,38.0,0,1
9,3,0,0,1,12,1,1,0,1,34.0,0,1
33,10,2,0,1,12,1,1,0,3,24.0,0,1
9,3,0,0,1,12,1,1,5,1,36.0,0,1
33,10,2,0,1,12,1,0,5,1,30.0,0,1
9,3,0,0,1,12,1,0,5,3,23.0,0,1
8,3,0,0,1,12,1,1,2,0,21.0,0,1
9,3,0,0,1,12,1,0,5,0,38.0,0,1
9,3,0,0,1,12,1,1,5,0,35.0,0,1
31,7,1,0,1,12,1,1,0,3,30.0,0,1
17,19,1,1,1,12,1,1,5,0,32.0,0,1
9,3,0,0,1,12,1,0,0,0,27.0,0,1
9,3,0,0,1,12,1,1,5,1,39.0,0,1
9,3,0,0,1,12,1,1,5,0,24.0,0,1
16,19,1,0,1,12,1,1,5,0,49.0,0,1
9,3,0,0,1,12,1,1,5,1,34.0,0,1
9,3,0,0,1,12,1,0,5,0,35.0,0,1
9,3,0,0,1,12,1,0,0,1,26.0,0,1
9,3,0,0,1,12,1,0,0,1,33.0,0,1
9,3,0,0,1,12,1,1,5,0,30.0,0,1
9,3,0,0,1,12,1,1,5,0,46.0,0,1
9,3,0,0,1,12,1,1,5,0,38.0,0,1
9,3,0,0,1,12,1,1,5,0,30.0,0,1
9,3,0,0,1,12,1,1,5,1,28.0,0,1
31,7,1,0,1,12,1,1,5,0,40.0,0,1
9,3,0,0,1,12,1,1,5,0,29.0,0,1
9,3,0,0,1,12,1,1,5,3,39.0,0,1
9,3,0,0,1,12,1,1,0,3,42.0,0,1
16,19,1,0,1,12,1,1,0,1,41.0,0,1
9,3,0,0,1,12,1,1,5,0,57.0,0,1
9,3,0,0,1,12,1,1,4,3,19.0,0,1
9,3,0,0,1,12,1,1,5,3,33.0,0,1
16,19,1,0,1,12,1,1,2,1,27.0,0,1
9,3,0,0,1,12,1,1,0,3,23.0,0,1
9,3,0,0,1,12,1,1,5,0,22.0,0,1
9,3,0,0,1,12,1,1,5,0,26.0,0,1
9,3,0,0,1,12,1,1,5,3,25.0,0,1
9,3,0,0,1,12,1,1,5,3,27.0,0,1
9,3,0,0,1,12,1,1,5,0,34.0,0,1
9,3,0,0,1,12,1,1,5,1,37.0,0,1
8,3,0,0,1,12,1,0,5,0,42.0,0,1
9,3,0,0,1,12,1,0,5,0,29.0,0,1
31,7,1,0,1,12,1,0,4,0,24.0,0,1
8,3,0,0,1,12,1,1,2,1,60.0,0,1
9,3,0,0,1,12,1,1,4,3,46.0,0,1
31,7,1,0,1,12,1,1,5,0,26.0,0,1
9,3,0,0,1,12,1,1,5,3,49.0,0,1
9,3,0,0,1,12,1,1,2,1,61.0,0,1
9,3,0,0,1,12,1,0,5,1,29.0,0,1
31,7,1,0,1,5,1,1,5,0,40.0,0,1
9,3,0,0,1,12,1,1,5,0,34.0,0,1
31,7,1,0,1,12,1,1,5,0,22.0,0,1
23,14,1,1,1,12,1,1,5,1,36.0,0,1
9,3,0,0,1,12,1,1,0,1,32.0,0,1
9,3,0,0,1,12,1,1,5,0,27.0,0,1
31,7,1,0,1,12,1,1,5,3,39.0,0,1
31,7,1,0,1,12,1,0,0,1,23.0,0,1
31,7,1,0,1,12,1,1,5,0,42.0,0,1
9,3,0,0,1,12,1,1,2,3,40.0,0,1
9,3,0,0,1,12,1,0,5,3,32.0,0,1
9,3,0,0,1,12,1,1,5,0,20.0,0,1
9,3,0,0,1,12,1,1,5,0,26.0,0,1
9,3,0,0,1,12,1,1,5,3,57.0,0,1
9,3,0,0,1,12,1,0,5,0,57.0,0,1
9,3,0,0,1,12,1,0,5,3,57.0,0,1
9,3,0,0,1,12,1,1,5,0,24.0,0,1
9,3,0,0,1,12,1,1,5,0,40.0,0,1
31,7,1,0,1,12,1,0,5,1,32.0,0,1
9,3,0,0,1,12,1,1,2,1,29.0,0,1
9,3,0,0,1,12,1,1,5,1,24.0,0,1
9,3,0,0,1,12,1,0,0,1,22.0,0,1
9,3,0,0,1,12,1,0,5,0,24.0,0,1
9,3,0,0,1,12,1,0,5,0,25.0,0,1
9,3,0,0,1,12,1,0,5,0,28.0,0,1
30,28,1,0,1,12,2,1,5,0,35.0,0,1
16,19,1,0,1,12,1,1,2,1,35.0,0,1
32,10,2,0,1,12,2,0,5,0,28.5,1,1
32,10,2,0,1,10,2,0,5,0,34.5,1,1
20,19,1,1,1,12,1,1,5,0,27.0,0,1
32,10,2,0,1,12,2,1,5,0,28.0,0,1
9,3,0,0,1,12,2,0,5,0,33.5,1,1
8,3,0,0,1,5,2,1,2,1,34.0,0,1
32,10,2,0,1,12,2,0,5,0,23.0,1,1
32,10,2,0,1,12,2,1,5,0,29.0,0,1
16,19,1,0,1,12,2,1,5,1,22.0,0,1
32,10,2,0,1,12,2,1,5,0,32.0,0,1
9,3,0,0,1,12,2,1,5,0,27.0,0,1
32,10,2,0,1,12,1,1,5,0,41.0,0,1
31,7,1,0,1,12,2,1,5,0,27.0,0,1
31,7,1,0,1,12,1,1,5,0,45.0,0,1
33,10,2,0,1,12,2,1,5,0,32.0,1,1
7,25,1,1,1,3,2,1,5,0,15.0,0,1
30,28,1,0,1,3,2,1,5,0,38.0,0,1
9,3,0,0,1,12,2,0,5,1,23.0,0,1
9,3,0,0,1,12,2,0,5,0,65.0,0,1
9,3,0,0,1,12,1,1,2,1,27.0,0,1
9,3,0,0,1,12,1,0,4,3,70.0,0,1
8,3,0,0,1,12,2,1,5,1,21.0,0,1
9,3,0,0,1,12,2,0,5,1,18.0,0,1
16,19,1,0,1,5,2,1,5,0,18.0,0,1
9,3,0,0,1,12,1,1,5,0,28.0,0,1
9,3,0,0,1,12,2,1,5,0,57.0,0,1
32,10,2,0,1,12,2,0,5,0,32.0,0,1
9,3,0,0,1,12,2,1,5,0,26.0,0,1
10,3,0,0,1,12,2,1,2,1,31.0,0,1
31,7,1,0,1,12,2,1,5,0,40.0,0,1
9,3,0,0,1,12,1,1,5,0,46.0,0,1
32,10,2,0,1,12,2,1,5,0,41.0,0,1
30,28,1,0,1,10,2,1,5,0,33.0,0,1
8,3,0,0,1,12,2,1,5,0,37.0,0,1
9,3,0,0,1,12,1,0,5,0,49.0,0,1
9,3,0,0,1,12,2,1,5,0,52.0,0,1
40,30,2,0,1,12,1,1,5,0,51.0,0,1
9,3,0,0,1,12,1,1,5,0,48.0,0,1
32,10,2,0,1,12,2,1,5,1,37.0,0,1
30,28,1,0,1,12,2,1,5,0,36.0,0,1
8,3,0,0,1,3,2,1,5,0,48.0,0,1
9,3,0,0,1,12,1,1,4,3,48.0,0,1
29,11,1,1,1,12,1,1,5,1,19.0,0,1
30,28,1,0,1,12,2,1,5,0,40.0,0,1
16,19,1,0,1,12,1,1,5,1,42.0,0,1
9,3,0,0,1,12,1,0,5,1,18.0,0,1
32,10,2,0,1,12,2,0,5,0,31.0,0,1
32,10,2,0,1,12,2,0,5,0,27.0,0,1
9,3,0,0,1,12,1,1,5,0,47.0,0,1
40,30,2,0,1,3,2,1,5,1,51.0,0,1
9,3,0,0,1,12,2,0,5,0,29.0,0,1
9,3,0,0,1,12,1,0,5,0,41.0,1,1
33,10,2,0,1,12,2,1,5,0,30.0,0,1
31,7,1,0,1,12,1,0,5,0,29.0,0,1
40,30,2,0,1,8,1,0,5,0,29.0,1,1
33,10,2,0,1,12,2,1,5,1,54.0,0,1
32,10,2,0,1,12,2,0,5,0,40.0,0,1
13,5,1,1,1,12,1,1,5,0,38.0,0,1
9,3,0,0,1,12,1,1,5,0,33.0,0,1
9,3,0,0,1,12,1,1,5,0,56.0,0,1
49,0,2,0,0,12,2,1,5,0,36.0,1,1
32,10,2,0,1,12,2,0,5,0,50.0,0,1
32,10,2,0,1,12,2,1,5,0,18.0,0,1
32,10,2,0,1,12,2,1,5,0,44.0,0,1
21,21,1,1,1,12,2,0,0,1,44.0,0,1
9,3,0,0,1,12,0,1,5,0,16.0,0,1
9,3,0,0,1,12,1,1,5,0,30.0,0,1
27,14,1,1,1,12,2,1,5,0,40.0,0,1
3,26,0,0,1,12,2,1,5,0,52.0,0,1
9,3,0,0,1,12,1,0,5,0,32.0,0,1
23,14,1,1,1,12,1,1,5,0,55.0,0,1
30,28,1,0,1,5,2,1,5,0,46.0,0,1
9,3,0,0,1,1,1,1,2,1,35.0,0,1
10,3,0,0,1,12,1,1,5,0,63.0,0,1
30,28,1,0,1,12,2,1,5,0,47.0,0,1
16,19,1,0,1,12,2,0,5,0,33.0,0,1
16,19,1,0,1,12,0,1,5,0,34.0,0,1
9,3,0,0,1,12,1,1,5,0,27.0,0,1
30,28,1,0,1,12,2,1,5,0,58.0,0,1
9,3,0,0,1,12,2,0,2,3,24.0,0,1
32,10,2,0,1,12,2,0,5,0,37.0,0,1
8,3,0,0,1,5,2,1,5,0,31.0,0,1
9,3,0,0,1,12,2,1,5,0,51.0,0,1
9,3,0,0,1,12,1,0,5,0,27.0,1,1
9,3,0,0,1,12,1,1,5,0,24.0,0,1
8,3,0,0,1,0,2,1,5,0,42.0,0,1
9,3,0,0,1,3,1,1,5,0,38.0,0,1
32,10,2,0,1,12,2,1,5,0,28.0,0,1
9,3,0,0,1,12,1,0,5,0,56.0,0,1
9,3,0,0,1,12,1,0,5,0,38.0,0,1
9,3,0,0,1,12,2,1,5,1,29.0,0,1
31,7,1,0,1,12,1,0,5,3,31.0,0,1
42,1,2,0,0,12,1,0,5,1,57.0,0,1
32,10,2,0,1,12,1,0,5,0,25.0,0,1
9,3,0,0,1,12,1,1,5,0,27.0,0,1
31,7,1,0,1,12,1,1,4,3,45.0,0,1
9,3,0,0,1,12,2,1,5,0,34.0,0,1
18,19,1,1,1,12,1,1,5,0,39.0,1,1
30,28,1,0,1,12,2,0,5,0,20.0,1,1
16,19,1,0,1,12,0,0,0,1,24.0,0,1
7,25,1,1,1,3,2,1,5,0,15.0,0,1
8,3,0,0,1,3,2,1,5,0,15.0,0,1
21,21,1,1,1,12,2,0,5,0,39.0,0,1
9,3,0,0,1,12,1,1,5,0,72.0,0,1
8,3,0,0,1,5,2,1,5,0,28.0,0,1
9,3,0,0,1,12,2,1,5,0,24.0,0,1
30,28,1,0,1,12,2,1,5,3,36.0,0,1
32,10,2,0,1,12,2,1,5,0,29.0,0,1
9,3,0,0,1,12,1,1,5,0,27.0,0,1
32,10,2,0,1,3,2,1,5,1,40.0,0,1
9,3,0,0,1,12,2,1,5,0,42.0,0,1
9,3,0,0,1,12,2,1,5,0,20.0,0,1
21,21,1,1,1,12,2,1,5,0,36.0,0,1
9,3,0,0,1,12,1,1,5,1,41.0,0,1
9,3,0,0,1,12,2,1,5,0,21.0,0,1
9,3,0,0,1,12,1,1,5,1,28.0,0,1
9,3,0,0,1,12,1,1,4,3,43.0,0,1
16,19,1,0,1,12,2,0,5,1,31.0,0,1
31,7,1,0,1,12,2,1,0,1,51.0,0,1
8,3,0,0,1,12,2,0,5,2,23.0,0,1
9,3,0,0,1,12,0,1,2,1,35.0,0,1
32,10,2,0,1,12,2,1,5,0,28.0,0,1
9,3,0,0,1,12,0,1,5,0,28.0,0,1
16,19,1,0,1,12,1,1,5,1,39.0,0,1
16,19,1,0,1,12,1,0,5,0,44.0,1,1
8,3,0,0,1,12,2,1,2,1,59.0,0,1
8,3,0,0,1,12,0,1,5,0,34.0,0,1
32,10,2,0,1,12,0,1,5,1,37.0,0,1
40,30,2,0,1,12,0,1,5,0,38.0,0,1
16,19,1,0,1,12,1,0,5,1,46.0,0,1
9,3,0,0,1,12,2,1,5,0,24.0,0,1
8,3,0,0,1,12,0,0,5,0,14.0,0,1
31,7,1,0,1,12,0,1,5,0,28.0,0,1
10,3,0,0,1,12,0,1,5,0,41.0,0,1
9,3,0,0,1,12,1,0,5,0,12.5,1,1
16,19,1,0,1,12,1,0,5,0,73.0,0,1
8,3,0,0,1,12,0,1,5,1,39.0,0,1
32,10,2,0,1,12,1,1,2,1,15.0,0,1
8,3,0,0,1,12,2,1,5,1,32.0,0,1
16,19,1,0,1,12,1,1,5,0,31.0,0,1
16,19,1,0,1,12,1,0,5,0,47.5,1,1
9,3,0,0,1,12,0,0,5,1,33.0,0,1
16,19,1,0,1,12,1,0,5,1,33.0,0,1
9,3,0,0,1,12,1,0,5,0,14.0,0,1
16,19,1,0,1,12,1,0,5,1,20.0,0,1
20,19,1,1,1,12,0,1,5,0,43.0,0,1
9,3,0,0,1,12,1,0,5,0,13.0,0,1
8,3,0,0,1,12,0,0,5,0,48.0,0,1
20,19,1,1,1,12,0,1,5,2,36.0,0,1
9,3,0,0,1,12,2,1,0,1,36.0,0,1
9,3,0,0,1,12,2,1,0,1,24.0,0,1
9,3,0,0,1,12,2,1,0,1,13.5,1,1
49,0,2,0,0,5,1,1,5,0,37.0,0,1
16,19,1,0,1,12,1,1,4,1,23.0,0,1
16,19,1,0,1,12,1,1,5,1,33.0,0,1
32,10,2,0,1,12,0,1,5,1,36.0,0,1
9,3,0,0,1,12,0,1,5,1,75.0,0,1
9,3,0,0,1,12,0,1,5,0,20.0,0,1
43,8,2,0,0,12,0,1,5,0,45.0,0,1
32,10,2,0,1,12,0,1,5,0,28.0,0,1
32,10,2,0,1,12,0,1,5,1,52.0,0,1
8,3,0,0,1,12,0,0,5,1,16.0,0,1
30,28,1,0,1,12,0,0,5,0,23.0,0,1
16,19,1,0,1,12,0,1,5,1,41.0,0,1
16,19,1,0,1,12,0,1,5,3,29.0,0,1
2,18,0,0,1,12,0,0,5,0,25.0,0,1
7,25,1,1,1,12,0,1,5,0,35.0,0,1
9,3,0,0,1,12,2,1,5,1,48.0,0,1
9,3,0,0,1,12,0,1,5,0,42.0,0,1
32,10,2,0,1,12,0,1,5,0,40.5,1,1
8,3,0,0,1,12,0,1,5,3,38.0,0,1
8,3,0,0,1,0,0,0,5,1,40.0,0,1
8,3,0,0,1,12,0,1,5,0,23.0,0,1
9,3,0,0,1,12,0,0,5,0,23.0,0,1
9,3,0,0,1,12,0,1,5,0,25.0,0,1
9,3,0,0,1,12,0,1,5,1,24.0,0,1
32,10,2,0,1,12,0,1,5,1,53.0,0,1
16,19,1,0,1,12,0,0,5,0,33.0,0,1
13,5,1,1,1,12,0,0,5,0,43.0,0,1
9,3,0,0,1,12,0,0,5,0,46.0,0,1
32,10,2,0,1,12,0,1,5,0,27.0,0,1
16,19,1,0,1,12,0,1,5,0,33.0,0,1
8,3,0,0,1,3,0,1,0,1,43.0,0,1
16,19,1,0,1,5,0,1,5,1,33.0,0,1
9,3,0,0,1,12,0,1,0,1,31.0,0,1
9,3,0,0,1,12,0,1,5,0,31.0,0,1
32,10,2,0,1,12,0,1,5,1,33.0,0,1
16,19,1,0,1,5,0,1,5,0,29.0,0,1
32,10,2,0,1,5,0,0,5,0,46.0,0,1
8,3,0,0,1,12,0,0,5,0,42.0,0,1
45,13,0,0,0,12,0,1,5,1,45.0,0,1
32,10,2,0,1,12,0,1,5,0,41.0,0,1
8,3,0,0,1,0,0,1,5,1,40.0,0,1
16,19,1,0,1,12,0,0,5,3,29.0,0,1
16,19,1,0,1,12,0,1,5,0,28.0,0,1
33,10,2,0,1,12,0,0,5,1,26.0,0,1
20,19,1,1,1,1,0,1,5,0,37.0,0,1
30,28,1,0,1,12,0,0,5,0,44.0,0,1
16,19,1,0,1,12,0,1,0,0,38.0,0,1
16,19,1,0,1,12,0,1,5,0,32.0,0,1
16,19,1,0,1,12,0,1,5,0,45.0,0,1
31,7,1,0,1,12,0,1,5,1,22.0,0,1
21,21,1,1,1,12,0,0,5,0,32.0,0,1
30,28,1,0,1,12,0,1,5,0,20.0,0,1
31,7,1,0,1,12,0,1,0,0,43.0,0,1
8,3,0,0,1,3,0,1,5,0,29.0,0,1
2,18,0,0,1,12,0,1,5,1,26.0,0,1
7,25,1,1,1,12,0,1,5,1,34.0,0,1
2,18,0,0,1,12,0,0,4,0,21.0,0,1
16,19,1,0,1,12,0,1,5,3,29.0,0,1
32,10,2,0,1,12,0,1,5,0,28.0,0,1
32,10,2,0,1,12,0,0,5,1,30.0,0,1
32,10,2,0,1,12,0,1,4,3,43.0,0,1
8,3,0,0,1,5,0,1,5,1,23.0,0,1
40,30,2,0,1,1,0,1,5,3,30.0,0,1
8,3,0,0,1,12,0,1,0,1,30.0,0,1
9,3,0,0,1,12,0,1,5,0,21.0,0,1
32,10,2,0,1,12,0,1,5,0,26.0,0,1
8,3,0,0,1,12,0,0,5,0,34.0,0,1
9,3,0,0,1,12,0,1,5,0,25.0,0,1
9,3,0,0,1,12,0,1,5,0,32.0,0,1
31,7,1,0,1,12,0,1,5,1,24.0,0,1
32,10,2,0,1,12,0,0,5,0,45.0,0,1
32,10,2,0,1,12,0,1,5,1,36.0,0,1
9,3,0,0,1,12,0,0,5,1,31.0,0,1
16,19,1,0,1,12,0,1,5,1,26.0,0,1
13,5,1,1,1,12,0,1,5,3,27.0,0,1
16,19,1,0,1,12,0,1,5,0,29.0,0,1
9,3,0,0,1,12,0,0,5,1,55.0,0,1
9,3,0,0,1,12,0,1,5,0,35.0,0,1
13,5,1,1,1,12,0,1,5,0,29.0,0,1
13,5,1,1,1,12,0,1,5,0,29.0,0,1
16,19,1,0,1,12,0,1,5,0,34.0,0,1
8,3,0,0,1,12,0,1,5,0,21.0,0,1
32,10,2,0,1,12,0,1,2,0,38.0,0,1
9,3,0,0,1,12,0,0,0,1,47.0,0,1
32,10,2,0,1,12,0,1,4,0,40.0,1,1
8,3,0,0,1,12,0,1,5,0,40.0,0,1
13,5,1,1,1,12,0,0,5,0,32.0,1,1
16,19,1,0,1,12,0,1,5,1,20.0,0,1
31,7,1,0,1,12,0,1,5,0,22.0,0,1
32,10,2,0,1,12,2,0,4,1,40.0,0,1
8,3,0,0,1,12,2,1,5,1,22.0,0,1
40,30,2,0,1,3,2,1,5,0,19.0,0,1
9,3,0,0,1,12,2,0,5,0,26.0,0,1
16,19,1,0,1,12,1,1,2,0,13.0,1,1
9,3,0,0,1,12,2,1,5,1,37.0,0,1
9,3,0,0,1,12,2,1,5,0,23.0,0,1
29,11,1,1,1,12,1,1,2,3,19.0,0,1
32,10,2,0,1,12,2,1,5,0,43.0,0,1
32,10,2,0,1,12,2,0,5,0,36.5,1,1
9,3,0,0,1,12,2,0,5,0,40.0,0,1
16,19,1,0,1,12,2,0,5,0,33.0,0,1
32,10,2,0,1,12,2,0,5,0,36.0,1,1
40,30,2,0,1,5,2,1,5,0,32.0,0,1
32,10,2,0,1,12,2,1,5,1,33.0,0,1
47,29,2,0,0,12,2,0,5,0,35.0,0,1
13,5,1,1,1,12,2,1,5,1,38.0,0,1
16,19,1,0,1,12,2,1,5,0,28.0,0,1
8,3,0,0,1,12,2,0,0,1,39.0,0,1
29,11,1,1,1,12,2,1,5,0,31.0,0,1
16,19,1,0,1,12,2,1,5,0,43.0,0,1
16,19,1,0,1,12,1,0,5,0,45.0,0,1
16,19,1,0,1,12,2,1,5,0,39.0,0,1
32,10,2,0,1,12,0,1,0,1,46.0,0,1
40,30,2,0,1,3,0,1,0,1,28.0,0,1
32,10,2,0,1,12,2,1,5,2,28.0,0,1
44,9,2,0,0,12,2,1,2,2,29.0,0,1
49,0,2,0,0,12,2,1,5,2,27.0,0,1
30,28,1,0,1,12,0,1,5,1,37.0,0,1
30,28,1,0,1,12,0,1,5,0,45.0,0,1
9,3,0,0,1,12,2,1,0,1,42.0,0,1
9,3,0,0,1,12,2,0,0,1,24.0,0,1
9,3,0,0,1,12,1,1,0,1,45.0,0,1
42,1,2,0,0,12,0,1,5,1,31.0,0,1
9,3,0,0,1,12,1,1,5,0,15.0,0,1
9,3,0,0,1,12,2,0,5,1,32.0,0,1
16,19,1,0,1,12,1,1,5,1,30.0,0,1
31,7,1,0,1,12,0,0,5,1,39.0,0,1
9,3,0,0,1,12,2,1,5,0,35.0,0,1
40,30,2,0,1,12,1,1,5,0,23.0,0,1
33,10,2,0,1,12,0,1,5,0,34.0,0,1
43,8,2,0,0,12,0,0,5,0,21.0,0,1
32,10,2,0,1,12,1,1,5,0,66.0,0,1
16,19,1,0,1,12,2,1,2,1,18.0,0,1
9,3,0,0,1,12,0,1,2,1,32.0,0,1
47,29,2,0,0,12,0,1,5,0,45.0,0,1
31,7,1,0,1,12,2,1,5,0,52.0,0,1
9,3,0,0,1,12,2,1,5,0,21.0,0,1
9,3,0,0,1,12,0,1,5,1,20.0,0,1
9,3,0,0,1,12,2,1,5,1,38.0,0,1
13,5,1,1,1,12,2,1,5,0,36.0,0,1
9,3,0,0,1,12,2,1,5,0,62.0,0,1
31,7,1,0,1,12,0,1,5,0,25.0,0,1
9,3,0,0,1,12,0,1,5,0,28.0,0,1
20,19,1,1,1,12,1,0,2,1,11.0,0,1
8,3,0,0,1,12,1,0,5,0,16.0,0,1
9,3,0,0,1,12,2,1,5,0,14.0,0,1
13,5,1,1,1,12,0,0,5,0,40.0,0,1
16,19,1,0,1,12,0,0,5,0,46.0,0,1
9,3,0,0,1,5,0,1,5,0,36.0,0,1
20,19,1,1,1,12,2,0,5,0,33.0,0,1
16,19,1,0,1,12,2,0,5,0,18.5,1,1
8,3,0,0,1,12,2,0,5,0,39.0,0,1
9,3,0,0,1,12,2,0,5,1,25.0,0,1
9,3,0,0,1,12,1,1,5,0,14.0,0,1
31,7,1,0,1,12,2,1,5,1,38.0,0,1
43,8,2,0,0,12,1,0,5,0,14.5,1,1
16,19,1,0,1,12,0,0,5,0,42.0,0,1
49,0,2,0,0,12,1,1,5,0,29.0,0,1
9,3,0,0,1,12,1,0,5,0,12.0,0,1
31,7,1,0,1,12,0,1,5,1,31.0,0,1
16,19,1,0,1,12,0,0,5,0,33.0,0,1
9,3,0,0,1,12,0,1,2,1,34.0,0,1
9,3,0,0,1,12,1,0,2,1,15.0,0,1
9,3,0,0,1,12,0,0,2,1,15.0,0,1
2,18,0,0,1,12,0,1,5,0,42.0,0,1
9,3,0,0,1,12,0,0,5,0,43.0,0,1
8,3,0,0,1,12,2,1,5,0,38.0,0,1
40,30,2,0,1,10,0,1,5,0,29.0,0,1
20,19,1,1,1,12,2,1,5,0,19.0,0,1
13,5,1,1,1,12,0,0,5,0,34.0,1,1
16,19,1,0,1,12,0,1,5,0,38.0,0,1
8,3,0,0,1,12,2,1,5,1,22.0,0,1
40,30,2,0,1,12,2,1,5,0,30.5,1,1
29,11,1,1,1,12,2,0,5,0,31.0,0,1
16,19,1,0,1,12,2,1,5,1,48.0,0,1
31,7,1,0,1,12,2,1,5,0,22.0,0,1
13,5,1,1,1,12,2,1,5,1,26.5,1,1
2,18,0,0,1,12,2,1,5,0,39.0,0,1
8,3,0,0,1,12,2,1,5,0,35.0,0,1
9,3,0,0,1,12,2,0,5,0,43.0,0,1
23,14,1,1,1,12,2,1,5,0,36.0,0,1
9,3,0,0,1,12,2,1,5,0,30.0,0,1
9,3,0,0,1,12,1,0,5,0,16.0,0,1
9,3,0,0,1,12,2,1,5,1,30.0,0,1
8,3,0,0,1,12,2,1,5,0,17.0,0,1
32,10,2,0,1,12,0,1,5,0,45.0,0,1
31,7,1,0,1,12,2,1,5,0,52.0,0,1
16,19,1,0,1,12,2,1,5,1,31.0,0,1
9,3,0,0,1,12,0,1,5,0,19.0,0,1
49,0,2,0,0,12,2,1,2,1,28.0,0,1
9,3,0,0,1,12,0,1,5,1,42.0,0,1
16,19,1,0,1,12,2,1,2,0,22.5,1,1
49,0,2,0,0,12,2,1,5,0,50.0,0,1
9,3,0,0,1,12,2,0,5,0,27.0,0,1
9,3,0,0,1,12,0,1,5,0,30.0,0,1
10,3,0,0,1,12,2,1,5,0,72.0,0,1
31,7,1,0,1,12,0,1,5,0,56.0,0,1
2,18,0,0,1,5,0,1,5,1,19.0,0,1
9,3,0,0,1,12,2,1,5,0,41.0,0,1
31,7,1,0,1,12,2,1,5,1,36.0,0,1
3,26,0,0,1,12,2,1,5,1,13.0,0,1
22,6,1,0,1,12,0,0,5,1,28.0,0,1
30,28,1,0,1,12,0,1,5,0,33.0,0,1
9,3,0,0,1,12,2,0,5,0,27.0,0,1
9,3,0,0,1,6,0,0,5,0,16.0,1,1
8,3,0,0,1,12,2,1,2,1,26.0,0,1
16,19,1,0,1,12,0,0,5,0,28.0,0,1
16,19,1,0,1,12,2,0,5,1,23.0,0,1
9,3,0,0,1,5,0,1,5,0,36.0,0,1
9,3,0,0,1,12,0,0,5,1,20.0,0,1
9,3,0,0,1,12,0,0,5,0,19.0,0,1
46,20,2,0,0,12,1,1,5,0,18.0,0,1
8,3,0,0,1,12,0,0,5,0,38.5,1,1
21,21,1,1,1,12,2,1,5,2,31.0,0,1
32,10,2,0,1,12,2,0,5,2,47.0,1,1
44,9,2,0,0,12,2,1,5,2,31.0,0,1
13,5,1,1,1,12,2,0,5,2,63.0,0,1
44,9,2,0,0,12,2,1,0,2,51.0,0,1
44,9,2,0,0,12,2,0,5,2,34.0,0,1
44,9,2,0,0,12,2,0,5,2,43.0,0,1
32,10,2,0,1,12,2,1,5,2,30.0,0,1
44,9,2,0,0,12,2,1,4,2,30.0,0,1
44,9,2,0,0,12,2,1,2,2,47.0,0,1
32,10,2,0,1,12,2,0,5,2,27.5,1,1
3,26,0,0,1,12,2,1,5,0,26.0,0,1
31,7,1,0,1,12,0,1,2,1,40.0,0,1
9,3,0,0,1,12,0,1,5,0,69.0,0,1
9,3,0,0,1,12,0,0,5,0,36.0,0,1
33,10,2,0,1,12,1,1,0,1,19.0,0,1
9,3,0,0,1,12,2,1,0,1,25.0,0,1
31,7,1,0,1,12,2,1,0,1,40.0,0,1
9,3,0,0,1,12,1,0,0,1,33.0,0,1
49,0,2,0,0,12,0,0,0,1,20.0,0,1
49,0,2,0,0,12,0,1,0,1,39.0,0,1
49,0,2,0,0,12,0,1,0,1,31.0,0,1
8,3,0,0,1,12,2,1,2,1,23.0,0,1
49,0,2,0,0,12,0,1,5,1,60.0,0,1
8,3,0,0,1,3,0,1,5,1,62.0,0,1
32,10,2,0,1,12,0,1,5,0,32.0,0,1
32,10,2,0,1,12,0,1,5,2,22.0,0,1
32,10,2,0,1,12,2,0,5,2,32.0,0,1
13,5,1,1,1,12,2,1,5,1,35.0,0,1
9,3,0,0,1,12,2,1,5,0,33.0,0,1
32,10,2,0,1,12,2,1,5,1,49.0,0,1
13,5,1,1,1,12,2,1,5,1,69.0,0,1
16,19,1,0,1,12,2,1,5,0,30.0,0,1
16,19,1,0,1,12,1,1,5,1,38.0,0,1
16,19,1,0,1,12,2,0,5,1,51.0,0,1
13,5,1,1,1,12,2,0,5,1,60.0,0,1
30,28,1,0,1,12,2,1,5,2,26.0,0,1
13,5,1,1,1,12,2,1,5,0,23.0,0,1
16,19,1,0,1,12,2,1,5,1,34.0,0,1
9,3,0,0,1,12,2,0,0,2,24.0,0,1
16,19,1,0,1,12,2,1,5,0,27.0,0,1
16,19,1,0,1,12,2,0,5,0,34.0,0,1
32,10,2,0,1,12,2,1,5,0,30.0,0,1
33,10,2,0,1,12,2,0,5,0,49.0,0,1
16,19,1,0,1,12,2,1,5,0,17.0,1,1
16,19,1,0,1,12,2,1,5,0,34.0,0,1
49,0,2,0,0,12,2,1,5,0,54.0,0,1
32,10,2,0,1,12,2,1,5,0,42.0,0,1
16,19,1,0,1,12,2,0,5,0,32.0,0,1
49,0,2,0,0,12,2,0,5,0,23.0,0,1
8,3,0,0,1,12,0,0,5,0,43.0,0,1
8,3,0,0,1,5,0,1,5,0,49.0,0,1
8,3,0,0,1,12,0,1,5,0,56.0,0,1
9,3,0,0,1,12,0,1,5,0,24.0,0,1
9,3,0,0,1,12,0,0,5,2,34.0,0,1
32,10,2,0,1,12,2,1,5,1,42.0,0,1
19,19,1,0,1,12,0,1,4,0,31.0,0,1
32,10,2,0,1,12,2,0,5,1,24.0,0,1
30,28,1,0,1,12,2,1,2,1,24.0,0,1
40,30,2,0,1,12,1,1,5,1,37.0,0,1
33,10,2,0,1,12,1,1,5,1,26.0,0,1
9,3,0,0,1,12,0,0,5,1,33.0,0,1
40,30,2,0,1,1,2,1,5,1,42.0,0,1
33,10,2,0,1,12,0,0,5,1,46.5,1,1
32,10,2,0,1,12,2,1,5,1,31.0,0,1
32,10,2,0,1,12,0,1,5,1,26.0,0,1
9,3,0,0,1,12,0,1,2,1,33.0,0,1
9,3,0,0,1,12,0,1,5,1,21.0,0,1
32,10,2,0,1,12,2,1,5,0,26.0,0,1
9,3,0,0,1,12,0,0,5,0,19.0,0,1
9,3,0,0,1,12,2,1,5,0,20.0,0,1
19,19,1,0,1,12,0,1,5,0,36.0,0,1
13,5,1,1,1,12,0,1,5,0,33.0,0,1
13,5,1,1,1,12,0,1,2,2,33.0,0,1
32,10,2,0,1,12,0,1,5,1,36.0,0,1
32,10,2,0,1,12,0,0,5,0,47.0,0,1
9,3,0,0,1,12,2,0,5,0,34.0,0,1
30,28,1,0,1,1,2,1,5,0,39.0,0,1
8,3,0,0,1,12,0,1,5,1,34.0,0,1
9,3,0,0,1,12,0,1,5,0,32.0,0,1
2,18,0,0,1,12,0,1,5,0,29.0,0,1
13,5,1,1,1,12,0,0,5,0,34.0,0,1
8,3,0,0,1,3,2,1,5,0,18.0,0,1
30,28,1,0,1,12,2,1,5,0,32.0,0,1
32,10,2,0,1,12,2,0,5,0,25.0,0,1
40,30,2,0,1,1,0,1,5,0,42.0,0,1
9,3,0,0,1,12,2,1,5,1,39.0,0,1
21,21,1,1,1,12,0,0,5,0,32.0,0,1
13,5,1,1,1,12,2,1,0,1,24.0,0,1
13,5,1,1,1,12,0,1,5,0,33.0,0,1
18,19,1,1,1,12,0,1,5,0,32.0,0,1
9,3,0,0,1,12,0,0,5,0,37.0,0,1
32,10,2,0,1,12,0,0,5,0,30.0,0,1
40,30,2,0,1,12,0,1,5,1,25.0,0,1
32,10,2,0,1,12,0,0,5,0,26.0,0,1
32,10,2,0,1,12,0,1,5,1,34.0,0,1
40,30,2,0,1,3,0,1,5,0,31.0,0,1
32,10,2,0,1,12,2,1,5,0,44.0,0,1
9,3,0,0,1,12,2,0,5,0,44.0,0,1
32,10,2,0,1,12,0,0,5,0,38.0,0,1
32,10,2,0,1,12,0,1,0,1,21.0,0,1
32,10,2,0,1,12,1,0,0,1,16.0,0,1
32,10,2,0,1,12,0,1,5,0,17.0,0,1
16,19,1,0,1,12,0,1,0,1,47.0,0,1
40,30,2,0,1,3,2,1,2,1,33.0,0,1
13,5,1,1,1,12,0,1,0,1,35.0,0,1
32,10,2,0,1,12,1,0,5,0,16.0,0,1
9,3,0,0,1,12,1,1,0,1,14.0,0,1
9,3,0,0,1,12,1,1,0,1,15.0,0,1
8,3,0,0,1,12,0,1,5,1,21.0,0,1
32,10,2,0,1,12,1,1,0,1,11.0,0,1
40,30,2,0,1,5,1,1,0,0,14.0,0,1
32,10,2,0,1,12,0,0,5,0,28.0,0,1
9,3,0,0,1,12,0,1,0,1,43.0,0,1
8,3,0,0,1,12,2,1,5,0,26.0,0,1
16,19,1,0,1,12,2,1,5,0,29.0,0,1
9,3,0,0,1,12,1,0,5,0,12.0,0,1
31,7,1,0,1,12,2,1,5,0,52.0,0,1
9,3,0,0,1,12,2,1,5,0,48.0,0,1
13,5,1,1,1,12,2,1,5,0,29.0,0,1
40,30,2,0,1,5,2,1,5,1,54.0,0,1
32,10,2,0,1,12,0,1,5,0,38.0,0,1
16,19,1,0,1,12,1,0,5,1,37.0,0,1
32,10,2,0,1,12,2,0,5,1,41.0,0,1
9,3,0,0,1,12,2,1,5,0,25.0,0,1
10,3,0,0,1,12,2,1,5,0,46.0,0,1
20,19,1,1,1,12,2,1,5,0,18.0,0,1
16,19,1,0,1,12,1,1,5,0,29.0,0,1
22,6,1,0,1,12,1,0,5,0,30.0,0,1
2,18,0,0,1,12,2,0,5,0,34.0,0,1
8,3,0,0,1,12,0,1,5,0,18.0,0,1
9,3,0,0,1,12,1,1,5,0,29.0,0,1
16,19,1,0,1,12,2,1,5,0,34.0,0,1
13,5,1,1,1,12,2,1,5,1,30.0,0,1
16,19,1,0,1,12,2,1,5,0,54.0,0,1
8,3,0,0,1,3,0,1,2,1,45.0,0,1
32,10,2,0,1,12,2,1,5,1,33.0,0,1
9,3,0,0,1,12,0,1,5,1,33.0,0,1
21,21,1,1,1,12,1,1,5,1,34.0,0,1
49,0,2,0,0,12,2,1,5,0,30.0,0,1
13,5,1,1,1,3,0,1,5,1,16.0,0,1
32,10,2,0,1,12,2,1,5,0,29.0,0,1
2,18,0,0,1,12,0,1,5,0,37.0,0,1
18,19,1,1,1,12,0,1,5,0,18.0,0,1
49,0,2,0,0,12,2,1,2,1,35.0,0,1
30,28,1,0,1,12,2,1,5,0,25.0,0,1
49,0,2,0,0,12,2,1,5,1,36.0,0,1
13,5,1,1,1,12,0,1,5,0,40.0,0,1
13,5,1,1,1,12,0,1,5,1,18.0,0,1
49,0,2,0,0,12,2,1,5,0,30.0,0,1
9,3,0,0,1,12,0,1,2,1,35.0,0,1
49,0,2,0,0,12,0,1,5,1,33.0,0,1
32,10,2,0,1,12,0,1,2,1,38.0,0,1
16,19,1,0,1,12,0,1,5,1,43.0,0,1
32,10,2,0,1,12,0,1,5,1,56.0,0,1
8,3,0,0,1,12,0,1,5,1,18.0,0,1
9,3,0,0,1,12,0,0,5,0,15.0,0,1
49,0,2,0,0,12,0,1,5,0,39.0,0,1
49,0,2,0,0,12,0,1,5,0,24.0,0,1
9,3,0,0,1,12,0,0,0,1,35.0,0,1
9,3,0,0,1,12,0,1,5,1,41.0,0,1
16,19,1,0,1,12,0,1,5,0,32.0,0,1
16,19,1,0,1,12,0,1,5,0,41.0,0,1
8,3,0,0,1,5,0,1,2,1,54.0,0,1
16,19,1,0,1,12,0,0,5,1,26.0,0,1
16,19,1,0,1,12,2,1,5,0,29.0,0,1
49,0,2,0,0,12,0,0,5,1,43.0,1,1
32,10,2,0,1,12,0,1,5,0,28.0,0,1
13,5,1,1,1,12,0,1,5,0,18.0,0,1
16,19,1,0,1,12,0,0,5,0,50.0,1,1
9,3,0,0,1,12,0,1,5,0,45.0,0,1
9,3,0,0,1,12,0,1,2,1,27.0,0,1
16,19,1,0,1,12,0,0,5,1,42.0,0,1
8,3,0,0,1,12,0,1,5,1,47.0,0,1
40,30,2,0,1,3,0,1,5,0,26.0,0,1
13,5,1,1,1,12,0,1,5,1,18.0,0,1
32,10,2,0,1,1,2,1,2,1,38.0,0,1
16,19,1,0,1,12,0,0,5,1,54.0,0,1
9,3,0,0,1,12,0,1,5,1,37.0,0,1
16,19,1,0,1,12,0,0,5,2,21.0,0,1
8,3,0,0,1,12,0,1,5,1,45.0,0,1
2,18,0,0,1,12,2,1,5,1,40.0,0,1
16,19,1,0,1,12,2,1,5,1,34.0,0,1
32,10,2,0,1,12,2,1,5,0,43.0,0,1
16,19,1,0,1,12,0,1,5,0,24.0,0,1
9,3,0,0,1,12,0,1,5,0,36.0,0,1
16,19,1,0,1,12,0,1,0,1,17.0,0,1
16,19,1,0,1,12,0,1,5,0,51.0,0,1
9,3,0,0,1,12,0,1,2,1,36.0,0,1
32,10,2,0,1,12,0,1,5,0,26.0,0,1
16,19,1,0,1,12,0,1,5,1,28.0,0,1
40,30,2,0,1,12,0,1,2,1,17.0,0,1
49,0,2,0,0,12,0,0,5,0,38.0,0,1
8,3,0,0,1,12,0,1,5,0,20.0,0,1
9,3,0,0,1,12,0,1,5,0,17.0,0,1
32,10,2,0,1,12,2,1,0,1,41.0,0,1
9,3,0,0,1,12,0,0,0,1,35.0,0,1
40,30,2,0,1,12,0,1,5,0,31.0,0,1
9,3,0,0,1,12,0,1,0,1,44.0,0,1
40,30,2,0,1,12,0,1,4,0,26.0,0,1
8,3,0,0,1,12,0,0,4,0,50.5,1,1
8,3,0,0,1,12,0,1,0,1,39.0,0,1
40,30,2,0,1,12,0,1,0,1,27.0,0,1
8,3,0,0,1,12,0,1,0,2,19.0,0,1
32,10,2,0,1,12,0,1,5,0,32.0,0,1
32,10,2,0,1,12,0,1,5,0,35.0,0,1
31,7,1,0,1,12,0,1,5,2,67.0,0,1
32,10,2,0,1,12,2,1,5,0,52.0,0,1
9,3,0,0,1,12,1,1,2,1,12.0,0,1
32,10,2,0,1,12,0,1,5,1,28.0,0,1
32,10,2,0,1,12,0,1,5,0,32.0,0,1
7,25,1,1,1,12,0,1,5,0,38.0,0,1
11,2,1,0,1,12,0,1,5,0,48.0,0,1
21,21,1,1,1,12,0,1,5,0,24.0,0,1
9,3,0,0,1,12,0,1,5,1,36.0,0,1
31,7,1,0,1,12,0,1,5,1,29.0,0,1
32,10,2,0,1,12,0,1,5,0,30.0,0,1
49,0,2,0,0,12,2,0,5,0,33.5,1,1
9,3,0,0,1,12,0,1,5,0,27.0,0,1
9,3,0,0,1,12,0,1,5,1,42.0,0,1
8,3,0,0,1,12,0,1,5,0,27.0,0,1
13,5,1,1,1,12,0,1,5,0,26.0,0,1
13,5,1,1,1,12,0,1,5,0,32.0,0,1
32,10,2,0,1,12,0,1,5,0,35.5,1,1
30,28,1,0,1,12,0,1,5,0,26.0,0,1
30,28,1,0,1,12,0,1,5,0,39.0,0,1
13,5,1,1,1,12,0,1,5,0,32.0,0,1
0,16,0,0,1,5,0,1,5,0,25.0,0,1
8,3,0,0,1,12,0,1,5,1,25.0,0,1
40,30,2,0,1,12,0,1,2,1,40.0,0,1
9,3,0,0,1,12,0,1,5,0,22.0,0,1
31,7,1,0,1,12,0,0,5,1,53.0,0,1
16,19,1,0,1,12,0,1,2,1,34.0,0,1
8,3,0,0,1,0,0,1,5,0,26.0,0,1
9,3,0,0,1,12,0,1,5,1,40.0,0,1
8,3,0,0,1,12,0,1,5,0,25.0,0,1
8,3,0,0,1,12,0,0,5,0,50.0,0,1
13,5,1,1,1,5,0,1,5,0,32.0,0,1
9,3,0,0,1,12,0,1,5,1,49.0,0,1
32,10,2,0,1,12,0,1,5,3,29.0,0,1
8,3,0,0,1,5,0,0,0,1,50.0,0,1
32,10,2,0,1,12,0,1,5,0,29.0,0,1
9,3,0,0,1,12,0,1,5,1,46.0,0,1
32,10,2,0,1,12,0,1,2,1,44.0,0,1
16,19,1,0,1,12,0,1,5,0,27.0,0,1
32,10,2,0,1,12,0,1,5,0,19.0,0,1
32,10,2,0,1,12,0,1,5,0,40.0,0,1
8,3,0,0,1,0,0,1,5,0,43.0,0,1
18,19,1,1,1,12,0,1,5,0,42.0,0,1
32,10,2,0,1,12,0,1,5,0,60.0,0,1
32,10,2,0,1,12,0,0,5,1,25.0,0,1
32,10,2,0,1,12,0,1,5,0,45.0,0,1
9,3,0,0,1,12,0,0,5,0,32.0,0,1
9,3,0,0,1,12,0,1,5,0,36.0,0,1
16,19,1,0,1,12,0,0,5,1,35.0,0,1
7,25,1,1,1,12,0,1,5,0,33.0,0,1
9,3,0,0,1,12,0,1,5,0,53.0,0,1
9,3,0,0,1,12,0,1,5,0,54.0,0,1
8,3,0,0,1,3,0,1,5,0,26.0,0,1
16,19,1,0,1,12,0,1,5,0,27.0,0,1
31,7,1,0,1,12,0,1,5,0,21.0,0,1
9,3,0,0,1,12,2,1,5,1,33.0,0,1
32,10,2,0,1,12,0,1,5,0,36.0,0,1
8,3,0,0,1,12,0,1,5,0,52.0,0,1
32,10,2,0,1,12,0,0,5,0,46.0,0,1
32,10,2,0,1,12,0,1,5,0,28.0,0,1
30,28,1,0,1,12,0,1,0,0,35.0,0,1
16,19,1,0,1,12,0,1,5,0,24.0,0,1
16,19,1,0,1,12,0,0,5,0,23.0,0,1
2,18,0,0,1,12,0,1,5,1,59.0,0,1
16,19,1,0,1,12,0,1,5,0,35.0,0,1
16,19,1,0,1,12,0,1,5,0,34.0,0,1
8,3,0,0,1,10,0,1,5,0,23.0,0,1
8,3,0,0,1,12,0,1,5,0,59.0,0,1
32,10,2,0,1,12,0,0,5,0,23.0,0,1
32,10,2,0,1,12,0,1,5,0,27.0,0,1
9,3,0,0,1,12,0,1,5,0,39.0,0,1
16,19,1,0,1,12,0,1,5,0,25.0,0,1
40,30,2,0,1,12,2,1,5,0,19.0,0,1
9,3,0,0,1,12,2,1,5,1,31.0,0,1
29,11,1,1,1,12,1,1,5,0,40.0,0,1
9,3,0,0,1,12,1,1,5,1,17.0,0,1
31,7,1,0,1,12,2,1,5,1,25.0,0,1
11,2,1,0,1,12,2,1,5,0,30.0,0,1
32,10,2,0,1,12,1,1,5,1,48.0,0,1
32,10,2,0,1,12,1,0,5,1,28.0,0,1
31,7,1,0,1,12,1,0,5,0,31.0,0,1
9,3,0,0,1,12,2,1,5,0,24.0,0,1
9,3,0,0,1,12,1,0,5,0,39.0,0,1
9,3,0,0,1,12,2,1,5,0,23.0,0,1
10,3,0,0,1,12,1,1,5,0,26.0,0,1
9,3,0,0,1,12,1,0,5,1,31.0,0,1
31,7,1,0,1,12,2,1,5,0,33.0,0,1
8,3,0,0,1,3,2,1,5,0,23.0,0,1
21,21,1,1,1,12,2,1,5,0,28.0,0,1
9,3,0,0,1,12,2,0,5,0,27.0,0,1
9,3,0,0,1,12,1,1,5,1,50.0,0,1
20,19,1,1,1,12,1,0,5,1,59.0,0,1
31,7,1,0,1,12,1,1,5,1,42.0,0,1
9,3,0,0,1,12,2,1,5,0,42.0,0,1
9,3,0,0,1,12,1,1,5,0,45.0,0,1
9,3,0,0,1,12,1,0,5,0,33.0,0,1
31,7,1,0,1,12,1,0,2,1,43.0,0,1
13,5,1,1,1,3,2,1,5,0,41.0,1,1
8,3,0,0,1,12,2,1,5,1,46.0,0,1
9,3,0,0,1,12,1,1,5,0,35.0,0,1
8,3,0,0,1,10,2,1,0,1,35.0,0,1
13,5,1,1,1,12,1,1,5,0,38.0,0,1
32,10,2,0,1,12,2,1,5,0,55.0,0,1
8,3,0,0,1,12,1,1,5,2,12.0,0,1
35,23,2,0,1,12,1,1,5,0,16.0,0,1
31,7,1,0,1,12,2,1,5,1,34.0,0,1
31,7,1,0,1,12,2,1,0,1,35.0,0,1
16,19,1,0,1,12,2,0,0,1,30.0,0,1
32,10,2,0,1,3,2,0,5,1,35.0,1,1
8,3,0,0,1,12,2,1,5,0,62.0,0,1
32,10,2,0,1,12,1,1,5,1,14.0,0,1
32,10,2,0,1,12,0,1,0,1,34.0,0,1
9,3,0,0,1,12,0,0,0,1,23.0,0,1
9,3,0,0,1,12,0,1,0,1,31.0,0,1
9,3,0,0,1,12,0,0,5,0,59.0,0,1
9,3,0,0,1,12,0,1,0,1,25.0,0,1
13,5,1,1,1,12,2,1,5,1,30.0,0,1
9,3,0,0,1,12,2,1,0,1,19.0,0,1
9,3,0,0,1,12,0,1,0,1,57.0,0,1
33,10,2,0,1,12,0,1,5,0,68.0,0,1
9,3,0,0,1,12,0,0,0,1,26.0,0,1
20,19,1,1,1,12,2,1,5,1,30.0,0,1
16,19,1,0,1,12,0,0,0,1,27.0,0,1
32,10,2,0,1,12,1,1,5,1,13.0,0,1
32,10,2,0,1,12,0,1,5,1,38.0,0,1
32,10,2,0,1,12,2,1,0,0,26.0,0,1
32,10,2,0,1,12,0,1,0,1,32.0,0,1
32,10,2,0,1,12,2,0,4,3,31.0,0,1
9,3,0,0,1,12,2,0,0,1,38.0,0,1
8,3,0,0,1,12,0,0,5,0,37.0,0,1
9,3,0,0,1,12,2,1,4,1,30.0,0,1
40,30,2,0,1,3,0,1,0,1,23.0,0,1
9,3,0,0,1,12,0,1,5,1,36.0,0,1
8,3,0,0,1,12,0,1,0,1,41.0,0,1
33,10,2,0,1,12,0,1,0,1,42.0,0,1
9,3,0,0,1,12,0,1,5,1,21.0,0,1
13,5,1,1,1,12,2,0,5,1,31.0,0,1
9,3,0,0,1,12,0,1,2,1,56.0,0,1
9,3,0,0,1,12,0,1,5,1,45.0,0,1
32,10,2,0,1,12,2,1,0,1,35.666666666666664,1,1
2,18,0,0,1,12,2,1,5,1,28.0,0,1
8,3,0,0,1,12,0,1,0,1,26.0,0,1
9,3,0,0,1,12,2,1,5,1,27.0,0,1
9,3,0,0,1,12,1,0,5,1,21.0,0,1
9,3,0,0,1,12,0,1,5,0,34.0,0,1
9,3,0,0,1,12,0,1,0,1,19.0,0,1
16,19,1,0,1,12,0,1,0,1,47.0,0,1
9,3,0,0,1,12,1,0,0,2,12.0,0,1
32,10,2,0,1,12,2,1,5,0,48.0,0,1
9,3,0,0,1,12,0,0,0,1,28.0,0,1
9,3,0,0,1,12,0,1,0,1,52.0,0,1
40,30,2,0,1,12,0,1,5,0,52.0,0,1
9,3,0,0,1,12,0,1,0,1,33.0,0,1
8,3,0,0,1,12,0,1,5,2,51.0,0,1
8,3,0,0,1,5,0,0,2,2,33.0,0,1
32,10,2,0,1,12,1,1,5,0,34.0,0,1
32,10,2,0,1,12,1,1,5,0,33.0,0,1
32,10,2,0,1,12,1,0,5,0,26.5,1,1
17,19,1,1,1,12,1,1,5,0,36.0,0,1
9,3,0,0,1,12,2,1,0,1,25.0,0,1
8,3,0,0,1,3,0,1,5,1,32.0,0,1
9,3,0,0,1,12,0,0,5,0,43.0,0,1
9,3,0,0,1,12,2,0,5,0,15.0,0,1
9,3,0,0,1,12,1,0,5,0,29.0,0,1
8,3,0,0,1,8,0,1,5,0,44.0,0,1
8,3,0,0,1,12,0,1,5,3,31.0,0,1
9,3,0,0,1,12,1,1,5,0,57.0,0,1
32,10,2,0,1,12,0,1,5,1,43.0,0,1
32,10,2,0,1,12,1,1,5,0,47.0,0,1
30,28,1,0,1,0,0,1,5,0,29.0,0,1
13,5,1,1,1,12,0,0,5,0,24.0,0,1
32,10,2,0,1,12,0,0,5,0,31.5,1,1
33,10,2,0,1,12,1,1,5,0,16.0,0,1
8,3,0,0,1,12,0,1,5,1,23.0,0,1
31,7,1,0,1,12,0,1,5,0,21.0,0,1
9,3,0,0,1,12,1,1,5,0,62.0,0,1
9,3,0,0,1,12,2,1,5,0,16.0,0,1
9,3,0,0,1,12,0,1,5,1,22.0,0,1
9,3,0,0,1,12,1,1,5,0,16.0,1,1
31,7,1,0,1,12,0,0,5,1,32.0,0,1
9,3,0,0,1,12,0,1,5,0,31.0,0,1
9,3,0,0,1,12,2,1,5,0,15.0,0,1
9,3,0,0,1,12,0,1,5,0,42.0,0,1
9,3,0,0,1,12,0,0,5,0,18.0,0,1
30,28,1,0,1,12,0,1,5,0,38.0,0,1
9,3,0,0,1,12,0,1,5,0,44.0,0,1
9,3,0,0,1,12,0,1,4,3,22.0,0,1
9,3,0,0,1,12,0,0,5,0,37.0,0,1
9,3,0,0,1,12,0,1,5,0,47.0,0,1
9,3,0,0,1,12,0,1,5,1,30.0,0,1
9,3,0,0,1,12,0,1,5,0,28.0,0,1
40,30,2,0,1,9,1,1,5,0,47.0,0,1
43,8,2,0,0,12,0,1,0,1,31.0,0,1
31,7,1,0,1,3,1,1,5,1,39.0,0,1
32,10,2,0,1,12,1,0,5,0,40.0,0,1
32,10,2,0,1,4,1,1,5,0,34.0,0,1
32,10,2,0,1,3,1,0,5,0,35.0,0,1
32,10,2,0,1,3,1,0,5,0,31.5,1,1
32,10,2,0,1,3,1,1,5,0,21.5,1,1
33,10,2,0,1,3,1,0,5,1,39.0,1,1
32,10,2,0,1,12,1,1,5,1,41.0,1,1
43,8,2,0,0,12,2,1,0,1,35.0,0,1
9,3,0,0,1,12,0,1,5,0,40.0,0,1
16,19,1,0,1,12,0,1,5,1,34.0,0,1
9,3,0,0,1,12,2,0,5,0,14.0,0,1
31,7,1,0,1,12,1,1,5,0,34.0,0,1
9,3,0,0,1,12,0,0,5,1,50.0,0,1
9,3,0,0,1,12,2,1,4,3,13.0,0,1
9,3,0,0,1,12,2,0,5,0,15.0,0,1
8,3,0,0,1,12,0,1,5,0,40.0,0,1
16,19,1,0,1,12,1,1,5,0,26.0,0,1
21,21,1,1,1,12,0,0,4,3,14.0,0,1
9,3,0,0,1,12,0,1,5,0,43.0,0,1
7,25,1,1,1,12,0,0,5,1,23.5,1,1
9,3,0,0,1,12,0,1,5,0,46.0,0,1
16,19,1,0,1,12,1,0,5,0,41.0,0,1
9,3,0,0,1,12,0,0,5,1,34.0,0,1
8,3,0,0,1,12,0,1,2,3,27.0,0,1
9,3,0,0,1,12,2,1,5,0,15.0,0,1
32,10,2,0,1,12,0,1,5,0,33.0,0,1
21,21,1,1,1,12,0,1,5,0,33.0,0,1
9,3,0,0,1,12,0,1,5,0,52.0,0,1
9,3,0,0,1,12,1,1,5,0,59.0,0,1
16,19,1,0,1,12,1,0,5,1,33.0,0,1
16,19,1,0,1,12,1,1,2,1,39.0,0,1
30,28,1,0,1,12,0,1,5,0,26.0,0,1
9,3,0,0,1,12,0,0,5,0,38.0,0,1
16,19,1,0,1,12,0,0,5,3,55.0,1,1
31,7,1,0,1,12,0,1,5,0,34.0,1,1
16,19,1,0,1,12,1,0,5,0,48.0,0,1
9,3,0,0,1,12,0,0,4,1,34.0,0,1
32,10,2,0,1,12,0,1,5,0,39.0,0,1
16,19,1,0,1,12,1,0,5,1,50.0,0,1
9,3,0,0,1,12,0,1,2,1,56.0,0,1
16,19,1,0,1,12,0,1,5,0,28.0,0,1
9,3,0,0,1,12,0,0,5,1,50.0,0,1
14,19,1,0,1,12,1,1,4,3,31.0,0,1
32,10,2,0,1,12,0,1,5,1,32.0,0,1
32,10,2,0,1,12,0,1,5,0,22.0,0,1
30,28,1,0,1,12,0,1,5,0,34.0,0,1
16,19,1,0,1,12,1,1,5,0,41.0,0,1
40,30,2,0,1,5,2,1,4,3,12.0,0,1
49,0,2,0,0,12,2,0,0,1,36.0,0,1
2,18,0,0,1,12,0,1,5,0,28.0,0,1
18,19,1,1,1,12,0,1,5,0,32.0,0,1
16,19,1,0,1,12,1,1,5,0,42.0,0,1
8,3,0,0,1,5,0,0,4,3,35.0,0,1
9,3,0,0,1,12,0,0,5,0,41.0,0,1
16,19,1,0,1,12,1,1,5,0,30.0,0,1
8,3,0,0,1,0,0,1,5,0,35.0,0,1
16,19,1,0,1,12,0,1,5,1,50.0,0,1
30,28,1,0,1,12,0,1,5,0,22.0,0,1
9,3,0,0,1,12,2,1,5,0,11.5,1,1
9,3,0,0,1,12,2,1,5,0,16.0,0,1
32,10,2,0,1,12,0,1,5,1,29.0,0,1
32,10,2,0,1,12,0,1,5,0,34.0,0,1
8,3,0,0,1,3,0,1,5,0,23.0,0,1
32,10,2,0,1,12,0,1,5,0,27.0,0,1
9,3,0,0,1,12,0,0,5,0,19.0,0,1
9,3,0,0,1,12,0,1,5,0,52.0,0,1
16,19,1,0,1,12,1,1,4,3,44.0,0,1
30,28,1,0,1,12,0,1,5,0,29.0,0,1
31,7,1,0,1,12,0,1,5,1,33.0,0,1
7,25,1,1,1,12,0,1,5,0,34.0,0,1
9,3,0,0,1,12,2,1,4,3,17.0,0,1
21,21,1,1,1,12,0,1,5,0,40.0,0,1
32,10,2,0,1,12,0,0,4,3,49.0,0,1
30,28,1,0,1,12,0,0,5,0,51.0,0,1
16,19,1,0,1,12,0,1,5,0,42.0,0,1
32,10,2,0,1,12,0,1,5,1,36.0,0,1
16,19,1,0,1,12,1,0,5,0,48.0,0,1
9,3,0,0,1,12,0,1,5,0,40.0,0,1
16,19,1,0,1,12,1,0,4,3,21.0,1,1
31,7,1,0,1,12,1,1,5,0,31.0,0,1
18,19,1,1,1,12,0,1,5,0,26.0,0,1
49,0,2,0,0,12,0,0,5,0,23.0,1,1
9,3,0,0,1,12,0,0,5,0,27.0,0,1
9,3,0,0,1,0,2,0,5,1,16.0,0,1
16,19,1,0,1,12,1,1,4,3,43.0,0,1
9,3,0,0,1,12,0,1,5,0,27.0,0,1
9,3,0,0,1,12,0,1,5,0,26.0,0,1
9,3,0,0,1,12,0,0,4,3,42.0,0,1
16,19,1,0,1,12,1,0,5,0,47.0,0,1
16,19,1,0,1,12,1,1,5,0,28.0,0,1
32,10,2,0,1,12,0,1,2,1,21.0,0,1
16,19,1,0,1,12,0,1,5,0,31.5,1,1
9,3,0,0,1,12,0,1,5,0,33.0,0,1
9,3,0,0,1,12,0,0,5,0,26.0,0,1
16,19,1,0,1,12,1,0,5,1,20.0,0,1
49,0,2,0,0,12,0,1,5,0,30.0,0,1
21,21,1,1,1,1,0,1,5,0,14.333333333333334,1,1
16,19,1,0,1,12,1,0,5,1,50.0,0,1
9,3,0,0,1,12,0,0,5,0,29.0,0,1
16,19,1,0,1,12,1,1,5,0,27.0,0,1
9,3,0,0,1,12,2,1,5,0,13.5,1,1
40,30,2,0,1,5,2,1,5,1,12.0,0,1
9,3,0,0,1,12,1,0,5,1,65.0,0,1
9,3,0,0,1,12,0,0,5,0,34.0,0,1
16,19,1,0,1,12,1,1,5,0,23.0,0,1
9,3,0,0,1,12,1,1,4,3,32.0,0,1
9,3,0,0,1,12,0,1,5,0,23.0,0,1
18,19,1,1,1,12,0,1,5,0,26.0,0,1
18,19,1,1,1,12,0,1,5,0,35.0,0,1
16,19,1,0,1,12,0,0,5,1,50.0,0,1
9,3,0,0,1,12,1,1,5,1,21.0,0,1
16,19,1,0,1,12,0,0,5,1,50.0,0,1
9,3,0,0,1,12,0,1,5,0,46.0,0,1
9,3,0,0,1,12,0,1,5,0,30.0,0,1
9,3,0,0,1,12,2,1,5,0,16.0,0,1
16,19,1,0,1,12,0,1,5,0,24.0,0,1
32,10,2,0,1,12,0,1,5,0,37.0,0,1
9,3,0,0,1,12,0,0,0,1,29.0,0,1
16,19,1,0,1,12,1,0,5,1,50.0,0,1
16,19,1,0,1,12,1,0,5,1,50.0,0,1
9,3,0,0,1,12,0,1,5,0,34.5,1,1
9,3,0,0,1,12,0,1,5,1,27.0,0,1
16,19,1,0,1,12,1,1,5,0,34.0,0,1
49,0,2,0,0,12,0,1,5,1,32.0,0,1
9,3,0,0,1,12,0,0,5,1,31.0,0,1
22,6,1,0,1,12,0,0,5,0,39.5,1,1
40,30,2,0,1,3,0,1,5,0,21.0,0,1
16,19,1,0,1,12,0,0,5,1,50.0,0,1
9,3,0,0,1,12,0,1,5,0,33.0,0,1
33,10,2,0,1,12,2,0,5,1,66.0,0,1
9,3,0,0,1,12,2,1,0,1,41.0,0,1
33,10,2,0,1,12,0,0,0,1,34.0,0,1
9,3,0,0,1,12,0,0,0,1,27.0,0,1
32,10,2,0,1,12,0,1,5,0,32.0,0,1
21,21,1,1,1,12,2,0,5,2,33.0,1,1
8,3,0,0,1,12,2,1,5,2,37.0,0,1
43,8,2,0,0,12,2,0,0,1,38.0,0,1
49,0,2,0,0,12,2,1,0,1,55.0,0,1
33,10,2,0,1,12,1,1,5,0,32.0,0,1
31,7,1,0,1,12,0,1,5,1,64.0,0,1
9,3,0,0,1,12,0,1,5,2,50.0,0,1
9,3,0,0,1,12,0,1,5,1,32.0,0,1
13,5,1,1,1,12,0,1,5,0,29.0,0,1
21,21,1,1,1,12,2,1,5,2,41.0,0,1
21,21,1,1,1,12,1,0,5,2,50.0,0,1
17,19,1,1,1,12,1,1,5,2,41.0,0,1
29,11,1,1,1,12,1,0,5,2,37.0,0,1
16,19,1,0,1,12,1,1,0,1,61.0,0,1
13,5,1,1,1,12,0,1,0,1,34.5,1,1
2,18,0,0,1,12,2,1,0,1,18.0,0,1
8,3,0,0,1,12,0,1,0,1,31.0,0,1
32,10,2,0,1,12,0,0,0,1,36.0,0,1
16,19,1,0,1,12,0,0,0,1,43.0,0,1
9,3,0,0,1,12,0,0,0,1,44.0,0,1
16,19,1,0,1,12,0,1,5,1,45.0,0,1
16,19,1,0,1,12,0,0,5,0,20.0,0,1
9,3,0,0,1,12,2,1,0,1,37.0,0,1
16,19,1,0,1,12,0,1,0,1,53.0,0,1
9,3,0,0,1,12,2,1,0,1,47.0,0,1
16,19,1,0,1,12,0,1,2,1,21.0,0,1
9,3,0,0,1,12,2,1,0,1,38.0,0,1
17,19,1,1,1,12,1,1,0,1,22.0,0,1
30,28,1,0,1,12,0,1,5,1,36.0,0,1
8,3,0,0,1,12,0,1,0,1,48.0,0,1
9,3,0,0,1,12,2,0,0,1,26.0,0,1
10,3,0,0,1,12,2,1,0,1,68.0,0,1
8,3,0,0,1,12,2,1,0,1,21.0,0,1
8,3,0,0,1,12,2,0,0,1,26.0,0,1
9,3,0,0,1,12,0,1,0,1,29.0,0,1
9,3,0,0,1,12,2,1,0,1,27.0,0,1
9,3,0,0,1,12,2,0,0,1,43.0,0,1
16,19,1,0,1,12,0,0,0,1,31.0,0,1
16,19,1,0,1,12,1,0,5,0,29.0,0,1
9,3,0,0,1,12,0,0,0,1,32.0,0,1
9,3,0,0,1,12,2,0,0,1,31.0,0,1
44,9,2,0,0,12,2,1,5,0,21.0,0,1
9,3,0,0,1,12,2,0,0,1,25.0,0,1
16,19,1,0,1,12,0,1,0,1,38.0,0,1
16,19,1,0,1,12,0,0,4,0,44.0,0,1
8,3,0,0,1,5,0,0,0,0,41.5,1,1
32,10,2,0,1,12,2,0,5,1,30.0,0,1
31,7,1,0,1,12,0,1,0,1,28.0,0,1
16,19,1,0,1,12,1,0,0,1,40.0,0,1
9,3,0,0,1,12,1,0,0,0,25.0,0,1
33,10,2,0,1,12,2,1,0,1,31.0,0,1
9,3,0,0,1,12,2,1,0,1,45.0,0,1
16,19,1,0,1,12,0,1,5,0,37.0,0,1
16,19,1,0,1,12,1,0,5,1,29.0,0,1
31,7,1,0,1,12,0,1,0,1,22.0,0,1
32,10,2,0,1,12,2,1,0,1,46.0,0,1
8,3,0,0,1,12,2,1,0,1,19.0,0,1
32,10,2,0,1,12,0,1,0,1,59.0,0,1
32,10,2,0,1,12,0,0,5,1,34.0,0,1
9,3,0,0,1,12,0,1,0,1,41.0,0,1
32,10,2,0,1,12,2,1,0,1,22.0,0,1
31,7,1,0,1,12,1,1,5,1,41.0,0,1
16,19,1,0,1,12,1,1,5,1,52.0,0,1
9,3,0,0,1,12,2,1,0,1,27.0,0,1
16,19,1,0,1,12,1,1,0,1,26.0,0,1
9,3,0,0,1,5,0,1,0,1,24.0,0,1
9,3,0,0,1,12,0,1,0,0,43.0,0,1
16,19,1,0,1,12,1,1,5,1,26.0,0,1
32,10,2,0,1,12,0,1,5,1,30.0,0,1
16,19,1,0,1,12,1,0,5,1,22.0,0,1
32,10,2,0,1,12,0,1,5,1,44.0,0,1
16,19,1,0,1,12,0,1,5,1,53.0,0,1
33,10,2,0,1,12,0,1,0,1,34.0,0,1
9,3,0,0,1,12,0,0,0,1,56.0,0,1
8,3,0,0,1,12,0,1,0,1,23.0,0,1
33,10,2,0,1,12,0,1,0,0,47.0,0,1
32,10,2,0,1,10,0,1,0,1,22.0,0,1
32,10,2,0,1,12,0,1,0,1,39.0,0,1
40,30,2,0,1,12,2,0,0,1,24.0,0,1
13,5,1,1,1,3,0,1,0,1,16.0,0,1
30,28,1,0,1,3,0,1,5,0,15.0,0,1
9,3,0,0,1,12,2,1,0,1,36.0,0,1
8,3,0,0,1,12,0,1,0,1,27.0,0,1
9,3,0,0,1,12,1,0,0,1,37.0,0,1
9,3,0,0,1,12,2,1,5,1,23.0,0,1
21,21,1,1,1,12,0,1,5,1,29.0,0,1
9,3,0,0,1,12,2,0,5,1,25.0,0,1
9,3,0,0,1,12,0,1,0,1,32.5,1,1
8,3,0,0,1,12,0,1,0,1,39.0,0,1
8,3,0,0,1,5,2,1,5,0,56.0,0,1
9,3,0,0,1,12,1,0,5,1,20.0,0,1
32,10,2,0,1,12,2,1,2,1,23.0,0,1
16,19,1,0,1,12,0,0,0,1,22.0,0,1
31,7,1,0,1,12,1,1,0,1,23.0,0,1
9,3,0,0,1,12,2,0,0,1,35.0,0,1
30,28,1,0,1,12,2,1,0,1,22.0,0,1
9,3,0,0,1,12,0,0,0,1,32.0,0,1
9,3,0,0,1,12,0,0,5,0,50.0,0,1
16,19,1,0,1,12,0,1,5,1,43.0,0,1
16,19,1,0,1,12,0,1,5,0,20.0,0,1
31,7,1,0,1,12,0,1,0,1,41.0,0,1
10,3,0,0,1,12,0,1,5,1,41.0,0,1
16,19,1,0,1,12,1,0,5,1,31.0,0,1
8,3,0,0,1,5,0,0,0,1,27.0,0,1
9,3,0,0,1,12,0,0,0,1,31.0,0,1
8,3,0,0,1,5,2,1,5,2,28.0,0,1
49,0,2,0,0,12,2,1,0,2,30.0,0,1
32,10,2,0,1,12,1,0,5,0,23.0,0,1
32,10,2,0,1,12,0,1,0,1,28.0,1,1
40,30,2,0,1,1,0,1,5,0,23.0,0,1
40,30,2,0,1,3,0,0,5,0,28.0,0,1
9,3,0,0,1,12,0,1,5,0,36.0,0,1
32,10,2,0,1,12,0,0,5,0,22.0,0,1
32,10,2,0,1,12,1,1,0,0,31.0,1,1
19,19,1,0,1,12,1,1,0,1,44.0,0,1
32,10,2,0,1,5,1,0,5,0,35.5,1,1
32,10,2,0,1,12,1,0,5,0,26.5,1,1
32,10,2,0,1,5,1,1,5,1,38.0,0,1
9,3,0,0,1,12,1,0,0,1,11.0,0,1
32,10,2,0,1,12,1,1,5,0,21.0,0,1
19,19,1,0,1,12,1,1,5,0,32.0,0,1
32,10,2,0,1,12,1,0,5,0,40.0,1,1
49,0,2,0,0,12,1,1,5,0,23.0,0,1
9,3,0,0,1,12,1,1,5,2,30.0,0,1
9,3,0,0,1,12,2,1,5,0,41.0,0,1
9,3,0,0,1,0,2,0,5,2,12.0,0,1
9,3,0,0,1,12,1,1,5,0,54.0,0,1
8,3,0,0,1,12,0,0,5,0,22.0,0,1
31,7,1,0,1,12,1,0,5,0,62.0,0,1
9,3,0,0,1,12,2,0,5,0,17.0,0,1
32,10,2,0,1,12,2,1,5,0,14.0,0,1
9,3,0,0,1,12,0,1,5,0,22.0,0,1
9,3,0,0,1,12,1,0,5,2,52.0,0,1
32,10,2,0,1,12,0,1,5,0,26.0,0,1
9,3,0,0,1,12,1,1,5,0,37.0,0,1
9,3,0,0,1,12,1,0,5,0,36.0,0,1
7,25,1,1,1,8,2,1,5,0,16.0,0,1
24,14,1,1,1,12,1,1,5,0,14.0,0,1
32,10,2,0,1,12,1,1,5,0,16.0,0,1
8,3,0,0,1,12,2,1,5,2,35.0,0,1
49,0,2,0,0,12,1,0,5,0,40.5,1,1
32,10,2,0,1,12,1,0,5,0,25.0,0,1
9,3,0,0,1,12,1,0,0,1,14.0,0,1
32,10,2,0,1,12,1,0,5,0,26.5,1,1
32,10,2,0,1,12,1,0,5,0,25.5,1,1
49,0,2,0,0,12,0,1,0,3,35.0,0,1
49,0,2,0,0,12,0,0,0,3,38.0,0,1
32,10,2,0,1,12,1,0,5,0,28.0,1,1
16,19,1,0,1,12,1,1,5,0,40.0,0,1
32,10,2,0,1,12,1,1,5,0,42.0,1,1
9,3,0,0,1,12,1,1,0,1,30.0,0,1
44,9,2,0,0,12,0,1,0,1,33.0,0,1
49,0,2,0,0,12,1,1,5,0,34.0,0,1
32,10,2,0,1,12,1,1,0,1,32.0,0,1
49,0,2,0,0,12,1,1,0,1,41.0,0,1
9,3,0,0,1,12,2,0,0,3,40.0,0,1
9,3,0,0,1,12,0,1,5,2,46.0,0,1
8,3,0,0,1,5,2,1,5,2,56.0,0,1
33,10,2,0,1,12,0,0,0,1,56.0,0,1
9,3,0,0,1,12,0,1,0,1,36.0,0,1
32,10,2,0,1,12,1,0,0,1,26.0,0,1
33,10,2,0,1,12,1,1,0,1,23.0,0,1
16,19,1,0,1,12,2,1,0,3,36.0,0,1
32,10,2,0,1,12,0,0,4,3,40.0,0,1
32,10,2,0,1,12,0,1,5,0,31.0,0,1
40,30,2,0,1,3,0,1,5,0,42.0,0,1
9,3,0,0,1,12,0,1,0,1,21.0,0,1
31,7,1,0,1,12,0,1,0,1,19.0,1,1
32,10,2,0,1,3,0,1,5,0,18.0,0,1
32,10,2,0,1,12,0,1,5,1,52.0,0,1
9,3,0,0,1,12,0,0,0,1,20.0,0,1
13,5,1,1,1,12,0,1,4,3,41.0,0,1
9,3,0,0,1,12,0,0,0,1,20.0,0,1
32,10,2,0,1,12,0,0,4,3,34.0,0,1
21,21,1,1,1,12,0,1,5,1,44.0,0,1
32,10,2,0,1,12,0,0,5,0,33.0,0,1
32,10,2,0,1,12,0,0,5,0,38.0,0,1
32,10,2,0,1,3,0,1,5,3,36.0,1,1
8,3,0,0,1,12,0,0,5,2,53.0,0,1
45,13,0,0,0,12,2,0,5,2,36.0,0,1
32,10,2,0,1,12,0,1,0,1,23.0,0,1
9,3,0,0,1,12,0,1,0,1,28.0,0,1
8,3,0,0,1,12,0,1,0,1,29.0,0,1
8,3,0,0,1,12,0,1,0,1,36.0,0,1
16,19,1,0,1,12,1,1,0,1,31.0,0,1
9,3,0,0,1,12,1,1,0,1,30.0,0,1
9,3,0,0,1,12,1,0,0,1,30.0,0,1
16,19,1,0,1,12,1,1,0,1,31.0,0,1
9,3,0,0,1,12,0,0,0,2,32.0,0,1
16,19,1,0,1,12,1,0,0,1,36.0,0,1
23,14,1,1,1,12,1,1,0,1,45.0,0,1
9,3,0,0,1,12,0,1,0,1,54.0,0,1
8,3,0,0,1,12,0,1,0,1,52.0,0,1
8,3,0,0,1,12,0,0,0,1,34.0,0,1
32,10,2,0,1,12,0,1,0,2,24.0,0,1
9,3,0,0,1,12,1,1,0,1,37.0,0,1
40,30,2,0,1,12,1,1,0,1,34.0,0,1
9,3,0,0,1,12,1,0,5,0,23.0,0,1
31,7,1,0,1,12,0,1,5,0,33.0,0,1
9,3,0,0,1,12,0,0,0,1,50.0,0,1
9,3,0,0,1,12,1,1,0,1,47.0,0,1
31,7,1,0,1,12,1,1,0,1,20.0,0,1
9,3,0,0,1,12,0,1,2,1,31.0,0,1
16,19,1,0,1,12,1,0,0,1,25.0,0,1
9,3,0,0,1,12,0,1,0,1,26.0,0,1
9,3,0,0,1,12,0,1,5,0,38.0,0,1
8,3,0,0,1,12,0,1,0,1,26.0,0,1
9,3,0,0,1,12,0,0,0,2,30.0,0,1
30,28,1,0,1,12,1,1,0,1,18.0,0,1
9,3,0,0,1,12,1,1,0,2,33.0,0,1
16,19,1,0,1,12,0,1,5,1,51.0,0,1
32,10,2,0,1,12,0,1,0,1,33.0,0,1
9,3,0,0,1,12,0,1,0,1,34.0,0,1
9,3,0,0,1,12,1,0,0,1,20.0,0,1
9,3,0,0,1,12,0,1,0,2,27.0,0,1
20,19,1,1,1,12,0,1,5,0,24.0,0,1
16,19,1,0,1,12,1,0,0,1,53.0,0,1
8,3,0,0,1,12,0,1,0,1,20.0,0,1
9,3,0,0,1,12,1,1,0,2,24.0,0,1
16,19,1,0,1,12,1,1,0,1,42.0,0,1
9,3,0,0,1,12,0,1,0,0,48.0,0,1
9,3,0,0,1,12,0,1,0,1,30.0,0,1
9,3,0,0,1,12,0,0,5,0,34.0,0,1
9,3,0,0,1,12,1,1,0,1,37.0,0,1
23,14,1,1,1,12,1,1,5,1,42.0,0,1
9,3,0,0,1,12,0,1,0,1,42.0,0,1
9,3,0,0,1,12,1,1,0,1,42.0,0,1
9,3,0,0,1,12,1,1,0,1,28.0,1,1
9,3,0,0,1,12,1,0,0,1,34.0,0,1
9,3,0,0,1,12,1,0,0,1,20.0,0,1
9,3,0,0,1,12,0,1,0,1,48.0,0,1
9,3,0,0,1,12,0,1,0,1,57.0,0,1
9,3,0,0,1,12,1,1,0,1,35.0,0,1
30,28,1,0,1,12,2,0,5,0,33.0,0,1
9,3,0,0,1,12,2,1,0,1,35.0,0,1
6,26,0,0,1,12,1,1,5,1,16.0,0,1
49,0,2,0,0,12,0,0,5,1,38.5,1,1
8,3,0,0,1,12,1,1,0,1,14.0,0,1
9,3,0,0,1,12,2,0,0,1,21.0,0,1
8,3,0,0,1,12,1,1,0,1,17.0,0,1
32,10,2,0,1,12,0,1,0,1,31.0,0,1
32,10,2,0,1,12,2,0,5,0,38.0,0,1
8,3,0,0,1,5,0,1,0,1,24.0,0,1
32,10,2,0,1,12,2,0,5,0,29.0,0,1
32,10,2,0,1,12,1,0,0,1,14.0,0,1
32,10,2,0,1,12,2,0,0,1,30.0,0,1
0,16,0,0,1,12,2,1,0,1,23.0,0,1
9,3,0,0,1,12,2,0,0,1,28.0,0,1
16,19,1,0,1,12,1,0,2,1,17.0,0,1
10,3,0,0,1,12,1,1,5,1,17.0,0,1
32,10,2,0,1,12,2,0,0,1,40.0,0,1
9,3,0,0,1,12,0,0,0,1,32.0,0,1
9,3,0,0,1,12,0,1,0,1,42.0,0,1
9,3,0,0,1,12,2,1,0,1,28.0,0,1
9,3,0,0,1,12,0,1,5,1,15.0,0,1
9,3,0,0,1,12,0,1,5,1,15.0,0,1
32,10,2,0,1,12,1,0,0,1,16.0,0,1
32,10,2,0,1,12,1,0,0,1,15.0,0,1
31,7,1,0,1,12,0,1,0,1,44.0,0,1
9,3,0,0,1,12,0,1,0,0,38.0,0,1
9,3,0,0,1,12,0,0,5,1,48.0,0,1
32,10,2,0,1,12,1,0,5,1,15.0,0,1
32,10,2,0,1,12,1,0,0,1,15.0,0,1
49,0,2,0,0,12,0,1,0,1,22.0,0,1
8,3,0,0,1,0,2,1,0,1,32.0,0,1
8,3,0,0,1,12,0,1,0,1,33.0,0,1
9,3,0,0,1,12,0,0,0,1,31.0,0,1
32,10,2,0,1,12,1,0,5,1,15.0,0,1
8,3,0,0,1,12,2,1,5,1,40.0,0,1
9,3,0,0,1,12,1,0,5,1,12.0,0,1
7,25,1,1,1,12,2,0,5,1,53.5,1,1
9,3,0,0,1,12,0,1,0,1,22.0,0,1
9,3,0,0,1,12,1,1,5,1,41.0,0,1
10,3,0,0,1,12,0,1,5,1,32.0,0,1
9,3,0,0,1,12,0,1,0,1,20.0,0,1
9,3,0,0,1,12,2,1,0,1,24.0,0,1
9,3,0,0,1,12,0,1,0,1,22.0,0,1
33,10,2,0,1,12,2,1,0,1,38.0,0,1
32,10,2,0,1,12,0,1,0,1,55.0,0,1
32,10,2,0,1,12,1,0,0,1,15.0,0,1
32,10,2,0,1,12,0,0,0,1,40.0,0,1
9,3,0,0,1,12,0,1,5,1,53.0,0,1
9,3,0,0,1,12,1,0,0,1,16.0,0,1
8,3,0,0,1,6,0,1,5,1,28.0,0,1
32,10,2,0,1,12,2,1,5,1,34.0,0,1
8,3,0,0,1,12,0,1,0,1,48.0,0,1
32,10,2,0,1,12,1,0,5,0,14.0,0,1
32,10,2,0,1,12,1,1,5,1,14.0,0,1
9,3,0,0,1,12,0,0,5,0,34.5,1,1
9,3,0,0,1,12,0,0,5,1,50.0,0,1
18,19,1,1,1,12,0,1,5,1,16.5,1,1
9,3,0,0,1,12,1,1,5,1,11.0,0,1
31,7,1,0,1,12,0,1,2,1,52.0,0,1
32,10,2,0,1,12,0,1,5,0,30.0,0,1
9,3,0,0,1,12,0,1,5,1,52.0,0,1
9,3,0,0,1,12,0,0,5,0,18.0,0,1
9,3,0,0,1,12,0,0,5,0,24.0,0,1
40,30,2,0,1,12,0,1,5,1,32.0,0,1
32,10,2,0,1,12,2,0,5,1,35.0,0,1
9,3,0,0,1,12,0,1,5,0,57.0,0,1
21,21,1,1,1,12,0,0,5,1,30.0,0,1
32,10,2,0,1,12,0,1,5,0,29.0,0,1
9,3,0,0,1,12,0,1,5,0,14.0,0,1
32,10,2,0,1,12,2,1,5,1,40.0,0,1
40,30,2,0,1,12,0,1,5,1,36.0,0,1
31,7,1,0,1,12,0,0,5,0,21.0,0,1
25,14,1,1,1,12,2,1,5,0,58.0,0,1
9,3,0,0,1,12,1,1,5,1,14.0,0,1
32,10,2,0,1,12,0,0,5,1,26.0,0,1
8,3,0,0,1,12,2,1,5,0,32.0,1,1
9,3,0,0,1,12,0,0,5,0,41.0,0,1
31,7,1,0,1,12,0,1,5,0,55.0,0,1
9,3,0,0,1,12,0,1,5,0,24.0,0,1
31,7,1,0,1,12,0,1,5,1,38.0,0,1
31,7,1,0,1,12,0,0,5,0,20.0,0,1
20,19,1,1,1,12,0,1,5,0,37.0,0,1
9,3,0,0,1,12,1,1,5,0,12.0,0,1
9,3,0,0,1,12,1,1,5,2,11.0,0,1
32,10,2,0,1,12,0,0,2,1,36.0,0,1
9,3,0,0,1,12,0,1,5,0,34.0,0,1
25,14,1,1,1,12,2,0,5,0,32.0,0,1
32,10,2,0,1,12,1,1,5,1,17.0,0,1
18,19,1,1,1,12,0,1,5,1,59.0,0,1
21,21,1,1,1,12,0,1,5,1,23.0,0,1
21,21,1,1,1,12,0,1,5,1,39.0,0,1
31,7,1,0,1,12,0,1,5,0,36.0,0,1
31,7,1,0,1,12,0,1,5,0,26.0,0,1
25,14,1,1,1,12,2,0,5,0,33.5,1,1
32,10,2,0,1,12,2,0,5,0,45.0,0,1
32,10,2,0,1,12,1,1,5,0,15.0,0,1
9,3,0,0,1,12,1,1,5,0,13.0,1,1
9,3,0,0,1,12,1,0,5,0,14.0,0,1
9,3,0,0,1,12,1,1,5,1,14.0,0,1
32,10,2,0,1,12,0,1,5,0,28.0,0,1
9,3,0,0,1,12,1,1,5,0,13.0,0,1
8,3,0,0,1,12,0,1,5,0,34.0,0,1
9,3,0,0,1,12,0,0,5,1,42.0,0,1
9,3,0,0,1,12,0,1,5,1,20.0,0,1
32,10,2,0,1,12,2,1,5,0,31.0,0,1
13,5,1,1,1,12,0,0,5,1,33.5,1,1
40,30,2,0,1,5,0,1,5,0,27.0,0,1
32,10,2,0,1,12,1,0,5,1,15.0,0,1
31,7,1,0,1,12,0,1,5,0,48.0,0,1
0,16,0,0,1,8,0,1,5,2,20.0,0,1
8,3,0,0,1,3,0,1,5,2,26.0,0,1
20,19,1,1,1,12,1,1,5,0,29.0,0,1
9,3,0,0,1,12,1,0,5,0,29.0,0,1
9,3,0,0,1,12,1,0,0,1,42.5,1,1
9,3,0,0,1,12,1,0,5,1,44.0,0,1
9,3,0,0,1,12,1,1,0,0,37.0,0,1
9,3,0,0,1,12,1,1,5,1,57.0,0,1
9,3,0,0,1,12,1,1,5,1,30.0,0,1
9,3,0,0,1,12,1,1,5,0,21.0,0,1
9,3,0,0,1,12,1,1,5,3,30.0,0,1
9,3,0,0,1,12,1,1,0,0,23.0,0,1
9,3,0,0,1,12,1,0,2,1,19.0,0,1
9,3,0,0,1,12,1,1,5,0,25.0,0,1
9,3,0,0,1,12,1,0,4,0,58.0,0,1
31,7,1,0,1,12,1,1,5,1,69.0,0,1
35,23,2,0,1,12,1,1,5,3,44.0,0,1
8,3,0,0,1,12,1,1,5,0,26.0,0,1
9,3,0,0,1,12,1,1,2,1,51.0,0,1
9,3,0,0,1,12,1,1,5,1,31.0,0,1
16,19,1,0,1,12,1,1,4,0,28.0,0,1
31,7,1,0,1,12,1,1,4,3,28.0,0,1
9,3,0,0,1,12,1,1,5,0,31.0,0,1
8,3,0,0,1,12,1,0,5,1,40.0,0,1
33,10,2,0,1,12,1,0,5,0,39.0,0,1
10,3,0,0,1,12,1,0,5,0,29.0,0,1
16,19,1,0,1,12,1,1,5,0,41.0,0,1
9,3,0,0,1,12,1,1,5,1,44.0,0,1
9,3,0,0,1,12,1,1,2,1,25.0,0,1
9,3,0,0,1,12,1,1,4,3,34.0,0,1
9,3,0,0,1,12,1,0,5,0,40.0,0,1
9,3,0,0,1,12,1,0,2,1,26.0,0,1
9,3,0,0,1,12,1,0,5,0,28.0,0,1
31,7,1,0,1,12,1,1,5,0,33.0,0,1
31,7,1,0,1,12,1,0,5,3,39.0,0,1
9,3,0,0,1,12,1,1,5,0,41.0,0,1
9,3,0,0,1,12,1,0,5,0,23.0,0,1
9,3,0,0,1,12,1,1,2,0,24.0,0,1
9,3,0,0,1,12,1,0,5,1,72.0,0,1
9,3,0,0,1,12,1,0,4,3,44.0,0,1
9,3,0,0,1,12,1,1,5,1,38.0,0,1
31,7,1,0,1,12,1,1,5,0,38.0,0,1
9,3,0,0,1,12,1,1,5,0,41.0,0,1
9,3,0,0,1,12,1,0,5,3,40.0,0,1
21,21,1,1,1,12,2,0,5,0,43.0,0,1
9,3,0,0,1,12,1,0,0,3,28.0,0,1
31,7,1,0,1,12,1,0,5,0,26.0,0,1
9,3,0,0,1,12,1,1,5,3,27.0,0,1
31,7,1,0,1,12,1,1,5,0,42.0,0,1
10,3,0,0,1,12,1,1,5,1,25.0,0,1
9,3,0,0,1,12,1,1,0,1,35.0,0,1
9,3,0,0,1,12,1,1,5,1,76.0,0,1
9,3,0,0,1,12,1,1,5,0,54.0,0,1
9,3,0,0,1,12,1,1,5,1,28.0,0,1
9,3,0,0,1,12,1,1,4,0,24.0,0,1
9,3,0,0,1,12,1,1,2,1,30.0,0,1
9,3,0,0,1,12,1,1,5,1,33.0,0,1
23,14,1,1,1,12,1,0,5,3,22.0,0,1
9,3,0,0,1,12,1,1,4,0,34.0,0,1
16,19,1,0,1,12,1,1,5,0,30.0,0,1
9,3,0,0,1,12,1,0,5,1,43.0,0,1
9,3,0,0,1,12,1,1,0,1,40.0,0,1
9,3,0,0,1,12,1,1,5,0,24.0,0,1
9,3,0,0,1,12,1,1,4,3,37.0,0,1
9,3,0,0,1,12,1,1,5,3,19.0,0,1
9,3,0,0,1,12,1,1,5,3,40.0,0,1
9,3,0,0,1,12,1,0,0,1,29.0,0,1
9,3,0,0,1,12,1,1,5,0,43.0,0,1
31,7,1,0,1,12,1,1,5,3,39.0,0,1
9,3,0,0,1,12,1,1,5,0,45.0,0,1
9,3,0,0,1,12,1,0,5,1,31.0,0,1
9,3,0,0,1,12,1,1,5,0,41.0,0,1
8,3,0,0,1,12,1,1,5,0,57.0,0,1
9,3,0,0,1,12,1,1,2,1,61.0,0,1
16,19,1,0,1,12,1,0,5,0,34.0,0,1
31,7,1,0,1,12,1,1,5,0,27.0,0,1
9,3,0,0,1,12,1,1,0,3,36.0,0,1
9,3,0,0,1,12,1,1,5,0,55.0,0,1
8,3,0,0,1,12,1,0,5,3,46.0,0,1
9,3,0,0,1,12,1,0,4,3,23.0,0,1
31,7,1,0,1,12,1,1,5,0,39.0,0,1
9,3,0,0,1,12,1,1,4,0,43.0,0,1
10,3,0,0,1,3,1,1,4,0,28.0,0,1
9,3,0,0,1,12,1,0,5,3,51.0,0,1
40,30,2,0,1,3,1,1,5,0,23.0,0,1
9,3,0,0,1,12,1,0,4,3,30.0,0,1
8,3,0,0,1,12,2,1,2,1,31.0,0,1
8,3,0,0,1,12,2,1,5,0,39.0,0,1
9,3,0,0,1,12,2,0,2,1,31.0,0,1
8,3,0,0,1,12,2,1,5,0,31.0,0,1
8,3,0,0,1,12,1,0,4,3,34.0,0,1
9,3,0,0,1,12,1,1,4,3,27.0,0,1
9,3,0,0,1,12,1,1,5,1,32.0,0,1
9,3,0,0,1,12,1,0,2,1,42.0,0,1
8,3,0,0,1,12,1,1,0,1,29.0,0,1
31,7,1,0,1,12,1,1,5,1,40.0,0,1
9,3,0,0,1,12,1,1,5,3,46.0,0,1
31,7,1,0,1,12,1,1,5,0,24.0,0,1
9,3,0,0,1,12,1,1,5,3,46.0,0,1
31,7,1,0,1,12,1,1,5,3,29.0,0,1
9,3,0,0,1,12,1,1,4,3,37.0,0,1
9,3,0,0,1,12,1,1,0,3,40.0,0,1
9,3,0,0,1,12,1,0,5,0,43.0,0,1
31,7,1,0,1,12,1,1,5,0,21.0,0,1
21,21,1,1,1,12,2,0,5,0,26.0,0,1
6,26,0,0,1,12,1,1,4,3,31.0,0,1
9,3,0,0,1,12,1,1,5,0,32.0,0,1
29,11,1,1,1,12,1,1,4,3,51.0,0,1
9,3,0,0,1,12,1,1,5,0,36.0,0,1
9,3,0,0,1,12,1,1,2,1,35.0,0,1
9,3,0,0,1,12,1,0,5,1,32.0,0,1
9,3,0,0,1,3,1,1,5,0,24.0,0,1
16,19,1,0,1,12,1,1,5,1,45.0,0,1
9,3,0,0,1,12,1,1,5,3,33.0,0,1
9,3,0,0,1,12,1,1,0,0,47.0,0,1
9,3,0,0,1,12,1,1,5,0,30.0,0,1
9,3,0,0,1,12,1,1,5,3,30.0,0,1
8,3,0,0,1,12,1,1,0,1,21.0,0,1
9,3,0,0,1,12,1,1,2,1,33.0,0,1
33,10,2,0,1,12,1,0,5,1,47.0,1,1
9,3,0,0,1,12,1,1,2,3,45.0,0,1
9,3,0,0,1,12,1,1,2,1,30.0,0,1
9,3,0,0,1,12,1,0,5,0,31.0,0,1
9,3,0,0,1,12,1,0,5,0,26.0,0,1
9,3,0,0,1,12,1,1,2,3,30.0,0,1
9,3,0,0,1,12,1,0,0,1,38.0,0,1
9,3,0,0,1,5,1,0,2,1,34.0,0,1
9,3,0,0,1,12,1,0,5,3,40.0,0,1
31,7,1,0,1,12,1,0,2,1,34.0,0,1
9,3,0,0,1,12,1,1,5,3,29.0,0,1
8,3,0,0,1,12,1,1,4,3,20.0,0,1
9,3,0,0,1,12,1,0,5,0,32.0,0,1
16,19,1,0,1,12,1,1,5,0,41.0,0,1
9,3,0,0,1,12,1,0,5,0,40.0,0,1
33,10,2,0,1,12,1,0,4,3,29.0,0,1
31,7,1,0,1,12,1,0,5,3,50.0,0,1
16,19,1,0,1,12,1,0,5,1,36.0,0,1
16,19,1,0,1,12,1,1,5,0,44.0,0,1
9,3,0,0,1,12,1,1,0,1,24.0,0,1
9,3,0,0,1,12,1,1,0,1,30.0,0,1
8,3,0,0,1,12,1,1,2,3,58.0,0,1
8,3,0,0,1,12,1,0,5,3,56.0,0,1
9,3,0,0,1,12,1,1,2,1,38.0,0,1
9,3,0,0,1,12,1,1,5,3,23.0,0,1
31,7,1,0,1,12,1,1,0,1,32.0,0,1
16,19,1,0,1,12,1,1,5,1,43.0,0,1
8,3,0,0,1,12,2,1,2,3,34.0,0,1
16,19,1,0,1,12,1,1,5,3,19.0,0,1
23,14,1,1,1,12,1,1,1,1,39.5,1,1
9,3,0,0,1,12,1,0,5,0,33.5,1,1
18,19,1,1,1,12,2,1,5,3,33.0,0,1
32,10,2,0,1,12,2,1,5,0,41.0,0,1
31,7,1,0,1,5,1,1,5,1,45.0,0,1
33,10,2,0,1,12,1,1,5,0,35.0,0,1
8,3,0,0,1,0,2,1,5,0,36.0,0,1
8,3,0,0,1,12,1,1,4,0,42.0,0,1
13,5,1,1,1,12,2,1,5,3,26.0,0,1
9,3,0,0,1,12,1,1,2,3,35.0,0,1
9,3,0,0,1,12,1,1,5,0,30.0,0,1
8,3,0,0,1,12,1,0,2,0,55.0,0,1
8,3,0,0,1,12,2,1,5,0,39.0,0,1
9,3,0,0,1,12,1,1,5,0,21.0,0,1
9,3,0,0,1,12,1,0,5,1,28.0,0,1
9,3,0,0,1,12,1,0,5,0,46.0,0,1
9,3,0,0,1,12,1,1,5,0,34.0,0,1
33,10,2,0,1,5,2,1,5,0,29.0,0,1
9,3,0,0,1,12,2,1,4,1,24.0,0,1
13,5,1,1,1,12,2,1,2,1,37.0,0,1
8,3,0,0,1,12,1,1,0,1,35.0,0,1
8,3,0,0,1,12,1,1,2,1,18.0,0,1
9,3,0,0,1,12,1,1,5,0,57.0,0,1
33,10,2,0,1,12,2,1,5,0,36.0,0,1
32,10,2,0,1,12,2,1,5,3,32.0,0,1
8,3,0,0,1,12,2,1,5,0,32.0,0,1
32,10,2,0,1,12,2,0,4,3,23.0,0,1
8,3,0,0,1,12,2,1,5,0,46.0,0,1
9,3,0,0,1,12,1,0,5,0,28.0,0,1
23,14,1,1,1,12,1,1,5,0,55.0,0,1
9,3,0,0,1,12,2,0,2,1,26.0,0,1
9,3,0,0,1,12,1,0,0,1,31.0,0,1
40,30,2,0,1,10,2,1,5,1,32.0,0,1
30,28,1,0,1,12,2,1,5,0,34.0,0,1
33,10,2,0,1,12,2,1,5,1,18.0,0,1
33,10,2,0,1,12,2,0,5,3,28.0,0,1
33,10,2,0,1,12,1,1,5,0,51.0,0,1
9,3,0,0,1,12,1,0,5,0,39.0,0,1
32,10,2,0,1,12,2,1,4,0,41.0,0,1
10,3,0,0,1,12,1,1,5,3,26.0,0,1
9,3,0,0,1,12,1,1,0,3,40.0,0,1
8,3,0,0,1,12,1,1,0,1,41.666666666666664,1,1
9,3,0,0,1,12,2,1,5,0,22.0,0,1
8,3,0,0,1,12,2,1,5,0,26.0,0,1
9,3,0,0,1,12,2,0,5,3,36.0,0,1
9,3,0,0,1,12,2,1,0,1,25.0,0,1
8,3,0,0,1,12,1,1,0,1,18.5,1,1
9,3,0,0,1,12,1,1,0,1,19.0,0,1
9,3,0,0,1,12,2,0,4,1,38.0,0,1
9,3,0,0,1,12,1,1,5,3,23.0,0,1
8,3,0,0,1,12,1,0,5,3,27.0,0,1
32,10,2,0,1,12,2,1,5,0,52.0,0,1
31,7,1,0,1,12,1,1,5,0,30.0,0,1
30,28,1,0,1,12,2,1,0,1,25.0,0,1
10,3,0,0,1,12,1,1,5,1,40.0,0,1
2,18,0,0,1,12,2,1,2,1,24.0,0,1
16,19,1,0,1,12,2,1,2,1,22.0,0,1
9,3,0,0,1,12,2,0,5,0,45.0,0,1
9,3,0,0,1,12,2,1,5,0,30.0,0,1
13,5,1,1,1,12,2,1,5,0,32.0,0,1
33,10,2,0,1,12,2,1,5,3,37.5,1,1
9,3,0,0,1,12,1,1,5,0,23.0,0,1
33,10,2,0,1,12,2,1,5,3,46.0,0,1
9,3,0,0,1,12,1,1,5,0,24.0,0,1
18,19,1,1,1,12,1,1,5,3,53.0,0,1
16,19,1,0,1,12,2,0,5,3,51.0,0,1
16,19,1,0,1,12,2,1,5,0,43.0,0,1
16,19,1,0,1,12,2,1,5,0,20.0,0,1
32,10,2,0,1,12,2,1,5,0,27.0,0,1
32,10,2,0,1,12,2,1,2,1,21.0,0,1
9,3,0,0,1,12,1,1,5,0,25.0,0,1
8,3,0,0,1,12,2,1,5,0,24.0,0,1
32,10,2,0,1,12,2,1,0,1,40.0,0,1
32,10,2,0,1,12,2,1,4,0,52.0,1,1
32,10,2,0,1,12,2,1,5,3,29.0,0,1
9,3,0,0,1,12,1,1,5,0,50.0,0,1
9,3,0,0,1,12,1,1,5,0,23.0,0,1
9,3,0,0,1,12,1,1,5,3,20.0,0,1
9,3,0,0,1,12,1,1,0,1,47.0,0,1
8,3,0,0,1,12,1,0,5,1,36.0,0,1
9,3,0,0,1,12,1,1,5,1,25.0,0,1
16,19,1,0,1,12,1,1,5,1,40.0,0,1
8,3,0,0,1,12,1,1,5,3,43.0,0,1
19,19,1,0,1,12,1,0,5,0,51.0,0,1
9,3,0,0,1,12,1,0,4,3,64.0,0,1
9,3,0,0,1,12,1,1,5,3,55.0,0,1
9,3,0,0,1,12,1,1,4,3,32.0,0,1
33,10,2,0,1,12,1,1,5,3,25.0,0,1
9,3,0,0,1,12,1,0,5,1,45.0,0,1
9,3,0,0,1,12,1,1,4,3,33.0,0,1
8,3,0,0,1,12,1,0,5,3,27.0,0,1
9,3,0,0,1,12,1,1,4,3,37.0,0,1
9,3,0,0,1,12,1,0,5,0,33.0,0,1
9,3,0,0,1,12,1,1,5,0,19.0,0,1
9,3,0,0,1,12,1,1,5,1,46.0,0,1
8,3,0,0,1,12,1,0,2,1,33.0,0,1
33,10,2,0,1,12,1,1,5,1,22.0,0,1
16,19,1,0,1,12,1,1,2,1,40.0,0,1
32,10,2,0,1,12,2,1,5,3,22.0,0,1
9,3,0,0,1,12,1,0,5,3,27.0,0,1
9,3,0,0,1,12,1,0,5,0,47.0,0,1
16,19,1,0,1,12,1,0,5,0,41.0,0,1
9,3,0,0,1,12,1,1,5,0,27.0,0,1
31,7,1,0,1,12,1,1,2,1,33.0,0,1
9,3,0,0,1,12,1,1,5,1,28.0,0,1
30,28,1,0,1,12,1,1,5,1,36.0,0,1
9,3,0,0,1,12,1,1,2,1,29.0,0,1
9,3,0,0,1,12,1,1,5,0,37.0,0,1
9,3,0,0,1,12,1,1,5,3,32.0,0,1
9,3,0,0,1,12,1,1,5,0,34.0,0,1
9,3,0,0,1,12,1,0,5,0,34.0,0,1
9,3,0,0,1,12,1,1,5,1,59.0,0,1
9,3,0,0,1,12,1,1,5,0,53.0,0,1
9,3,0,0,1,12,1,1,5,0,39.0,0,1
9,3,0,0,1,12,1,1,5,1,20.0,0,1
9,3,0,0,1,12,1,1,5,1,37.0,0,1
9,3,0,0,1,12,1,1,5,0,23.0,0,1
40,30,2,0,1,3,2,1,5,0,40.0,0,1
9,3,0,0,1,12,1,0,2,1,27.0,0,1
16,19,1,0,1,12,1,1,5,0,56.0,0,1
23,14,1,1,1,12,1,0,5,1,52.0,0,1
9,3,0,0,1,12,1,1,2,1,40.0,0,1
9,3,0,0,1,12,1,0,5,1,40.0,1,1
8,3,0,0,1,12,1,1,4,3,45.0,0,1
9,3,0,0,1,12,1,0,4,3,63.0,0,1
9,3,0,0,1,12,1,0,5,3,40.0,0,1
10,3,0,0,1,12,1,0,5,1,50.0,0,1
9,3,0,0,1,12,1,0,5,0,48.0,0,1
31,7,1,0,1,12,1,1,5,0,62.0,0,1
9,3,0,0,1,12,1,1,5,1,29.0,0,1
9,3,0,0,1,12,1,0,5,0,26.0,0,1
31,7,1,0,1,12,1,1,4,0,39.0,0,1
9,3,0,0,1,12,1,0,5,3,77.0,0,1
9,3,0,0,1,12,1,0,5,1,19.0,0,1
9,3,0,0,1,12,1,1,4,3,32.0,0,1
9,3,0,0,1,12,1,0,5,3,34.0,0,1
9,3,0,0,1,12,1,1,5,3,32.0,0,1
9,3,0,0,1,12,1,0,5,0,24.0,0,1
9,3,0,0,1,12,1,1,2,1,70.0,0,1
9,3,0,0,1,12,1,0,5,1,56.0,0,1
9,3,0,0,1,12,1,0,5,0,31.0,0,1
16,19,1,0,1,12,1,1,5,0,18.0,0,1
33,10,2,0,1,12,1,0,5,1,40.0,0,1
8,3,0,0,1,12,1,1,2,3,26.0,0,1
9,3,0,0,1,12,1,0,5,3,87.0,0,1
8,3,0,0,1,12,1,1,5,1,22.0,0,1
9,3,0,0,1,12,1,1,5,0,23.0,0,1
8,3,0,0,1,12,1,1,5,0,40.0,0,1
9,3,0,0,1,12,1,1,5,3,18.0,0,1
16,19,1,0,1,12,1,0,5,3,52.0,0,1
9,3,0,0,1,12,1,0,5,3,53.0,0,1
9,3,0,0,1,12,2,0,5,0,19.0,0,1
9,3,0,0,1,12,1,1,5,1,39.0,0,1
9,3,0,0,1,12,1,1,4,3,25.0,0,1
9,3,0,0,1,12,1,1,5,0,33.0,0,1
40,30,2,0,1,8,1,1,2,1,28.0,0,1
9,3,0,0,1,12,1,1,5,1,38.0,0,1
9,3,0,0,1,12,1,1,0,1,29.0,0,1
9,3,0,0,1,12,1,1,5,0,22.0,0,1
9,3,0,0,1,12,1,1,2,1,27.0,0,1
9,3,0,0,1,12,1,1,5,3,22.0,0,1
31,7,1,0,1,12,1,1,5,0,37.0,0,1
9,3,0,0,1,12,1,1,5,0,54.0,0,1
9,3,0,0,1,12,1,1,5,0,24.0,0,1
8,3,0,0,1,12,2,1,5,0,17.0,0,1
32,10,2,0,1,12,2,1,5,0,47.0,0,1
8,3,0,0,1,8,2,1,0,1,31.0,0,1
16,19,1,0,1,12,2,1,0,0,27.0,0,1
8,3,0,0,1,12,2,1,5,0,32.0,0,1
8,3,0,0,1,12,2,1,5,1,34.0,0,1
31,7,1,0,1,12,1,0,5,3,26.0,0,1
32,10,2,0,1,12,2,0,4,3,55.0,0,1
9,3,0,0,1,12,1,0,4,3,41.0,0,1
9,3,0,0,1,12,1,1,5,3,55.0,0,1
33,10,2,0,1,12,2,0,5,0,32.0,0,1
8,3,0,0,1,0,1,0,5,3,23.0,0,1
32,10,2,0,1,12,2,1,5,1,27.0,0,1
33,10,2,0,1,12,1,1,5,3,52.0,0,1
30,28,1,0,1,12,2,1,5,3,63.0,0,1
33,10,2,0,1,12,2,1,5,0,44.0,0,1
9,3,0,0,1,12,1,1,4,3,33.0,0,1
9,3,0,0,1,12,1,1,5,0,54.0,0,1
9,3,0,0,1,12,2,1,0,1,36.0,0,1
9,3,0,0,1,12,1,1,5,0,29.0,0,1
9,3,0,0,1,12,2,0,5,1,33.0,0,1
9,3,0,0,1,12,1,0,5,0,43.0,0,1
9,3,0,0,1,12,2,1,5,3,43.0,0,1
9,3,0,0,1,12,1,1,5,1,32.0,0,1
9,3,0,0,1,12,1,0,5,1,84.0,0,1
16,19,1,0,1,12,1,1,5,1,39.0,0,1
16,19,1,0,1,12,1,1,5,0,42.0,0,1
9,3,0,0,1,12,1,1,4,0,29.0,0,1
30,28,1,0,1,12,2,0,5,0,23.0,0,1
9,3,0,0,1,12,1,1,4,1,43.0,0,1
7,25,1,1,1,12,1,1,5,0,32.0,0,1
9,3,0,0,1,12,1,1,5,0,49.0,0,1
9,3,0,0,1,12,1,1,2,3,30.0,0,1
9,3,0,0,1,12,1,1,5,0,25.0,0,1
9,3,0,0,1,12,1,1,0,1,34.0,0,1
9,3,0,0,1,12,1,1,5,0,33.0,0,1
9,3,0,0,1,12,2,1,0,3,32.0,0,1
9,3,0,0,1,12,1,0,0,1,29.0,0,1
16,19,1,0,1,12,1,0,5,0,39.0,0,1
9,3,0,0,1,12,1,0,5,0,35.0,0,1
16,19,1,0,1,12,1,0,5,1,53.5,1,1
9,3,0,0,1,12,1,1,5,1,35.0,0,1
32,10,2,0,1,12,2,0,5,3,27.0,0,1
9,3,0,0,1,12,1,0,5,0,25.0,0,1
9,3,0,0,1,12,1,1,5,0,29.0,0,1
9,3,0,0,1,12,1,1,4,3,47.0,0,1
9,3,0,0,1,12,1,1,5,0,45.0,0,1
33,10,2,0,1,12,1,0,5,0,33.0,0,1
31,7,1,0,1,12,1,0,2,1,44.0,0,1
9,3,0,0,1,12,1,0,5,3,39.0,0,1
31,7,1,0,1,12,1,1,5,3,52.0,0,1
9,3,0,0,1,12,1,0,5,0,34.0,0,1
9,3,0,0,1,3,1,0,5,1,36.5,1,1
33,10,2,0,1,12,1,1,5,1,40.0,0,1
9,3,0,0,1,12,1,1,5,3,49.0,0,1
9,3,0,0,1,12,1,1,4,3,70.0,0,1
40,30,2,0,1,3,1,0,5,0,25.0,0,1
8,3,0,0,1,12,1,0,2,3,20.0,0,1
9,3,0,0,1,12,1,1,5,3,58.0,0,1
9,3,0,0,1,12,1,0,5,1,31.0,0,1
9,3,0,0,1,12,1,0,0,1,23.0,0,1
31,7,1,0,1,12,1,0,0,1,24.0,1,1
9,3,0,0,1,12,1,1,5,0,23.0,0,1
9,3,0,0,1,12,1,1,5,0,47.0,0,1
8,3,0,0,1,12,1,1,2,1,37.0,0,1
16,19,1,0,1,12,1,1,5,3,37.0,0,1
30,28,1,0,1,12,2,1,5,0,36.0,0,1
9,3,0,0,1,12,1,0,0,1,25.0,0,1
30,28,1,0,1,12,2,0,5,0,36.0,1,1
9,3,0,0,1,12,1,0,5,3,28.0,0,1
9,3,0,0,1,12,1,0,5,0,46.0,0,1
9,3,0,0,1,12,2,1,5,1,48.0,0,1
30,28,1,0,1,3,2,0,5,0,27.5,1,1
8,3,0,0,1,12,2,1,5,0,31.0,0,1
9,3,0,0,1,12,1,1,2,1,49.0,0,1
20,19,1,1,1,12,1,0,5,0,48.0,0,1
8,3,0,0,1,12,1,1,0,0,22.0,0,1
9,3,0,0,1,12,2,1,5,0,25.0,0,1
32,10,2,0,1,12,2,1,5,1,32.0,0,1
31,7,1,0,1,12,2,1,4,3,35.0,0,1
8,3,0,0,1,12,2,1,5,0,21.0,0,1
16,19,1,0,1,12,1,1,5,0,36.0,0,1
16,19,1,0,1,3,2,1,5,1,28.0,0,1
30,28,1,0,1,12,2,0,5,3,46.0,0,1
33,10,2,0,1,12,2,1,5,0,29.0,0,1
16,19,1,0,1,12,2,1,5,0,31.0,0,1
31,7,1,0,1,0,1,1,2,0,50.0,0,1
9,3,0,0,1,12,1,1,5,1,18.0,0,1
9,3,0,0,1,12,1,1,5,0,36.0,0,1
31,7,1,0,1,12,1,1,5,3,24.0,0,1
32,10,2,0,1,12,2,1,5,0,38.0,0,1
9,3,0,0,1,12,1,1,5,3,19.0,0,1
30,28,1,0,1,12,2,1,5,1,25.0,0,1
9,3,0,0,1,0,1,1,5,0,22.0,0,1
13,5,1,1,1,12,2,1,2,1,38.0,0,1
9,3,0,0,1,12,1,0,0,3,46.0,0,1
8,3,0,0,1,12,2,1,2,1,42.0,0,1
2,18,0,0,1,12,2,1,4,3,28.0,0,1
9,3,0,0,1,12,1,1,0,3,40.0,0,1
8,3,0,0,1,0,2,1,5,3,68.0,0,1
13,5,1,1,1,12,2,1,5,1,35.0,0,1
10,3,0,0,1,12,2,1,5,1,41.0,0,1
32,10,2,0,1,5,2,1,5,3,30.0,0,1
9,3,0,0,1,12,1,0,0,1,36.0,0,1
32,10,2,0,1,12,2,1,5,1,61.0,0,1
9,3,0,0,1,12,2,1,4,3,34.0,0,1
40,30,2,0,1,3,1,1,2,1,22.0,0,1
9,3,0,0,1,12,1,0,0,3,32.0,0,1
2,18,0,0,1,12,2,0,5,3,13.5,1,1
8,3,0,0,1,12,2,1,4,3,36.0,0,1
9,3,0,0,1,12,1,0,2,1,19.0,0,1
8,3,0,0,1,12,1,1,5,1,31.0,0,1
40,30,2,0,1,3,1,1,2,1,19.0,0,1
8,3,0,0,1,12,1,1,5,0,48.0,0,1
9,3,0,0,1,12,1,1,2,3,24.0,0,1
31,7,1,0,1,12,1,0,5,0,36.0,0,1
16,19,1,0,1,12,1,1,2,1,45.0,0,1
9,3,0,0,1,12,1,1,2,3,39.0,0,1
9,3,0,0,1,12,1,0,5,0,33.0,0,1
20,19,1,1,1,12,1,1,5,0,21.0,0,1
32,10,2,0,1,12,1,1,2,3,23.0,0,1
9,3,0,0,1,12,1,0,5,3,23.0,0,1
40,30,2,0,1,3,1,1,5,0,17.0,0,1
9,3,0,0,1,12,1,1,5,0,38.0,0,1
16,19,1,0,1,12,1,1,0,1,39.0,0,1
9,3,0,0,1,12,1,1,5,3,38.0,0,1
9,3,0,0,1,12,1,1,5,1,45.0,0,1
9,3,0,0,1,12,2,1,4,3,28.0,0,1
31,7,1,0,1,12,1,1,5,0,39.0,0,1
8,3,0,0,1,12,1,1,5,1,26.0,0,1
31,7,1,0,1,12,2,1,5,0,45.0,0,1
9,3,0,0,1,12,1,1,0,1,32.0,0,1
9,3,0,0,1,12,1,1,4,3,28.0,0,1
16,19,1,0,1,5,2,1,5,0,40.0,0,1
9,3,0,0,1,12,2,0,5,3,22.0,0,1
2,18,0,0,1,12,2,1,0,1,26.0,0,1
16,19,1,0,1,12,1,1,5,0,41.0,0,1
16,19,1,0,1,12,1,1,5,0,30.0,0,1
9,3,0,0,1,12,1,1,2,1,49.0,0,1
9,3,0,0,1,12,1,1,5,1,59.0,0,1
16,19,1,0,1,12,1,1,5,0,21.0,0,1
16,19,1,0,1,12,1,0,5,0,57.0,0,1
9,3,0,0,1,12,1,1,5,1,48.0,0,1
33,10,2,0,1,12,1,0,5,0,24.0,0,1
9,3,0,0,1,12,1,1,0,3,30.0,0,1
9,3,0,0,1,12,1,1,5,1,37.0,0,1
31,7,1,0,1,12,1,1,4,3,28.0,0,1
9,3,0,0,1,12,1,1,5,0,33.0,0,1
33,10,2,0,1,12,1,1,5,0,24.0,0,1
9,3,0,0,1,12,1,0,5,0,25.0,0,1
9,3,0,0,1,12,0,1,5,2,41.0,0,1
32,10,2,0,1,3,2,1,5,2,37.0,0,1
32,10,2,0,1,12,2,1,5,2,26.0,0,1
32,10,2,0,1,12,2,1,5,2,26.0,0,1
32,10,2,0,1,12,1,0,5,2,36.0,0,1
21,21,1,1,1,12,2,1,5,2,52.0,0,1
32,10,2,0,1,12,2,0,5,2,28.0,0,1
32,10,2,0,1,12,1,0,5,2,24.0,0,1
32,10,2,0,1,12,2,1,2,2,33.0,0,1
9,3,0,0,1,12,0,0,5,0,31.0,0,1
20,19,1,1,1,12,1,0,5,0,43.0,1,1
9,3,0,0,1,12,0,1,5,0,24.0,0,1
32,10,2,0,1,3,0,1,5,0,46.0,1,1
32,10,2,0,1,12,0,0,5,0,56.0,0,1
32,10,2,0,1,12,2,1,5,2,28.0,0,1
32,10,2,0,1,12,2,1,5,2,31.0,0,1
32,10,2,0,1,12,2,1,5,2,25.0,0,1
32,10,2,0,1,12,2,0,5,2,34.0,0,1
32,10,2,0,1,12,2,0,5,2,46.0,0,1
29,11,1,1,1,12,1,0,5,2,31.0,0,1
9,3,0,0,1,12,0,1,5,1,35.0,0,1
9,3,0,0,1,12,0,1,5,0,31.0,0,1
21,21,1,1,1,3,0,1,5,1,34.0,1,1
40,30,2,0,1,3,0,1,5,0,17.0,0,1
8,3,0,0,1,0,0,1,5,0,18.0,0,1
32,10,2,0,1,12,0,1,5,0,31.0,0,1
32,10,2,0,1,12,0,1,5,0,33.0,0,1
44,9,2,0,0,12,0,1,5,0,18.0,1,1
30,28,1,0,1,12,0,1,2,1,24.0,0,1
31,7,1,0,1,12,1,1,5,2,34.0,0,1
31,7,1,0,1,12,1,1,5,2,34.0,0,1
31,7,1,0,1,12,1,0,5,2,29.0,0,1
31,7,1,0,1,12,1,0,5,2,27.0,0,1
9,3,0,0,1,12,0,1,5,2,24.0,0,1
32,10,2,0,1,12,1,1,4,1,43.0,0,1
32,10,2,0,1,12,2,1,5,1,70.0,0,1
32,10,2,0,1,12,1,0,5,1,27.333333333333332,1,1
9,3,0,0,1,12,0,1,0,1,43.0,0,1
32,10,2,0,1,12,2,1,5,1,27.0,0,1
9,3,0,0,1,12,2,1,5,1,51.0,0,1
20,19,1,1,1,12,2,0,5,1,28.0,0,1
2,18,0,0,1,12,2,1,5,1,25.0,0,1
9,3,0,0,1,12,1,1,4,1,37.0,0,1
16,19,1,0,1,12,2,0,5,1,32.0,0,1
9,3,0,0,1,12,0,0,5,1,32.0,0,1
8,3,0,0,1,12,1,0,5,1,32.0,0,1
8,3,0,0,1,12,1,1,5,0,28.0,0,1
8,3,0,0,1,12,1,1,5,0,24.0,0,1
9,3,0,0,1,12,1,1,5,1,44.0,0,1
9,3,0,0,1,12,1,0,5,1,46.0,0,1
8,3,0,0,1,12,0,1,2,1,39.0,0,1
9,3,0,0,1,12,0,0,4,1,25.0,0,1
20,19,1,1,1,12,1,0,5,1,49.0,0,1
8,3,0,0,1,12,1,1,4,1,39.0,0,1
9,3,0,0,1,12,2,0,5,0,38.0,0,1
49,0,2,0,0,12,2,1,5,0,23.0,0,1
2,18,0,0,1,12,0,1,5,0,33.0,0,1
49,0,2,0,0,12,2,0,5,1,48.0,1,1
9,3,0,0,1,12,1,0,1,1,51.0,0,1
9,3,0,0,1,12,1,0,5,0,37.5,1,1
7,25,1,1,1,12,1,1,5,1,31.0,0,1
31,7,1,0,1,12,1,1,5,1,34.0,0,1
9,3,0,0,1,12,1,1,5,1,65.0,0,1
16,19,1,0,1,12,1,1,5,1,18.5,1,1
13,5,1,1,1,12,2,1,5,1,27.0,0,1
9,3,0,0,1,12,2,1,5,1,48.0,0,1
16,19,1,0,1,12,1,1,5,1,22.0,0,1
31,7,1,0,1,12,1,1,5,1,22.0,0,1
21,21,1,1,1,12,1,1,5,1,35.0,0,1
9,3,0,0,1,12,2,1,5,1,17.0,0,1
16,19,1,0,1,12,0,0,0,1,34.0,0,1
9,3,0,0,1,12,1,1,5,1,21.0,0,1
8,3,0,0,1,5,2,1,5,1,28.0,0,1
9,3,0,0,1,12,1,1,5,1,28.0,0,1
9,3,0,0,1,12,0,0,5,1,49.0,0,1
9,3,0,0,1,12,2,0,5,1,48.0,0,1
9,3,0,0,1,12,1,1,5,0,24.0,0,1
20,19,1,1,1,12,1,1,2,1,65.0,0,1
16,19,1,0,1,12,1,1,5,1,38.0,0,1
29,11,1,1,1,12,1,1,2,1,61.0,0,1
9,3,0,0,1,12,1,0,5,0,69.0,0,1
16,19,1,0,1,12,2,1,5,1,25.0,0,1
32,10,2,0,1,12,1,1,5,1,37.333333333333336,1,1
9,3,0,0,1,12,2,0,5,0,31.0,0,1
9,3,0,0,1,12,2,0,5,1,18.0,0,1
9,3,0,0,1,12,2,1,4,1,63.0,0,1
2,18,0,0,1,12,2,1,5,1,38.0,0,1
9,3,0,0,1,12,2,1,0,1,27.0,0,1
9,3,0,0,1,12,2,1,0,1,32.0,0,1
16,19,1,0,1,12,0,0,5,1,36.5,1,1
32,10,2,0,1,12,2,1,5,1,34.0,0,1
9,3,0,0,1,12,2,1,5,1,22.0,0,1
20,19,1,1,1,12,1,1,5,1,19.0,0,1
16,19,1,0,1,12,1,0,5,0,35.5,1,1
33,10,2,0,1,12,2,1,5,3,45.0,0,1
31,7,1,0,1,12,2,1,5,3,32.0,0,1
32,10,2,0,1,12,2,0,5,0,30.0,1,1
20,19,1,1,1,12,1,0,5,0,18.0,0,1
8,3,0,0,1,12,1,1,5,1,67.0,0,1
16,19,1,0,1,12,2,0,5,1,30.0,1,1
31,7,1,0,1,12,1,0,2,1,18.0,0,1
8,3,0,0,1,12,1,1,5,1,40.0,0,1
32,10,2,0,1,12,2,0,5,0,33.0,0,1
30,28,1,0,1,12,2,0,5,1,29.0,0,1
40,30,2,0,1,12,2,1,5,0,30.0,0,1
8,3,0,0,1,12,2,0,5,1,29.0,0,1
2,18,0,0,1,12,1,1,5,0,43.0,0,1
8,3,0,0,1,12,2,1,5,1,37.0,0,1
32,10,2,0,1,12,2,0,5,1,60.0,0,1
16,19,1,0,1,12,1,1,5,0,44.0,0,1
22,6,1,0,1,12,2,0,5,1,52.0,0,1
9,3,0,0,1,12,1,1,5,1,23.0,0,1
9,3,0,0,1,12,1,1,5,1,34.0,0,1
9,3,0,0,1,12,2,0,5,1,37.0,0,1
16,19,1,0,1,12,1,0,5,1,35.0,0,1
20,19,1,1,1,12,1,1,5,0,54.0,0,1
16,19,1,0,1,12,1,1,5,1,29.0,0,1
16,19,1,0,1,12,1,0,5,1,52.0,0,1
9,3,0,0,1,12,2,1,4,1,41.0,0,1
32,10,2,0,1,12,1,0,5,1,42.0,0,1
0,16,0,0,1,12,0,1,5,1,85.0,0,1
16,19,1,0,1,12,1,1,4,1,40.0,0,1
16,19,1,0,1,12,1,1,5,1,30.0,0,1
16,19,1,0,1,12,1,1,4,1,35.0,0,1
16,19,1,0,1,12,1,1,4,1,35.0,0,1
8,3,0,0,1,12,2,0,5,2,34.0,0,1
32,10,2,0,1,12,2,1,5,0,56.0,0,1
8,3,0,0,1,12,2,1,5,2,38.0,0,1
8,3,0,0,1,12,0,1,5,1,20.0,0,1
16,19,1,0,1,12,0,0,5,2,31.0,0,1
9,3,0,0,1,12,0,0,5,2,47.0,0,1
32,10,2,0,1,12,1,1,5,2,15.0,0,1
9,3,0,0,1,12,0,0,5,2,47.0,0,1
32,10,2,0,1,12,2,1,5,0,38.0,0,1
8,3,0,0,1,3,1,1,5,0,38.0,0,1
7,25,1,1,1,3,2,1,5,0,15.0,0,1
9,3,0,0,1,12,1,1,5,0,24.0,0,1
30,28,1,0,1,12,2,0,5,0,27.0,0,1
9,3,0,0,1,12,2,1,4,1,31.0,0,1
8,3,0,0,1,12,2,1,5,0,18.0,0,1
16,19,1,0,1,12,2,0,5,0,38.0,0,1
32,10,2,0,1,12,2,1,5,0,51.0,0,1
32,10,2,0,1,12,2,1,5,0,36.0,0,1
32,10,2,0,1,12,2,1,5,0,43.0,0,1
31,7,1,0,1,12,0,1,5,0,43.0,0,1
33,10,2,0,1,12,2,1,5,0,31.0,0,1
31,7,1,0,1,12,1,1,5,0,31.0,0,1
9,3,0,0,1,12,2,1,5,0,22.0,0,1
9,3,0,0,1,12,2,0,5,0,30.5,1,1
25,14,1,1,1,3,2,1,2,1,26.0,0,1
32,10,2,0,1,12,2,1,5,1,34.0,0,1
33,10,2,0,1,12,2,1,5,0,30.0,0,1
10,3,0,0,1,12,1,1,5,1,24.0,0,1
3,26,0,0,1,12,2,1,2,1,35.0,0,1
32,10,2,0,1,12,2,1,5,0,30.0,0,1
32,10,2,0,1,12,2,1,5,0,23.0,0,1
7,25,1,1,1,12,2,0,2,1,30.0,0,1
31,7,1,0,1,12,1,0,5,0,34.0,0,1
13,5,1,1,1,5,2,1,5,0,44.0,0,1
9,3,0,0,1,12,1,1,5,0,65.0,0,1
9,3,0,0,1,12,2,1,5,0,28.0,0,1
18,19,1,1,1,12,2,1,5,0,41.0,0,1
8,3,0,0,1,12,2,1,5,0,48.5,1,1
16,19,1,0,1,12,1,1,5,3,41.0,0,1
9,3,0,0,1,12,2,1,5,0,47.0,0,1
16,19,1,0,1,12,1,1,5,0,41.0,0,1
9,3,0,0,1,12,2,0,5,0,24.0,0,1
21,21,1,1,1,3,2,1,5,0,29.5,1,1
10,3,0,0,1,12,1,0,4,3,50.0,0,1
31,7,1,0,1,12,2,0,5,0,35.0,0,1
32,10,2,0,1,12,2,1,5,0,24.0,0,1
17,19,1,1,1,12,1,1,2,1,76.0,0,1
20,19,1,1,1,12,2,1,5,0,38.666666666666664,1,1
9,3,0,0,1,12,1,1,5,0,54.0,0,1
9,3,0,0,1,12,1,1,5,1,88.0,0,1
9,3,0,0,1,12,1,1,0,3,36.0,0,1
9,3,0,0,1,12,2,1,5,0,29.0,0,1
9,3,0,0,1,12,2,0,0,0,22.0,0,1
32,10,2,0,1,12,2,1,5,0,39.666666666666664,1,1
8,3,0,0,1,12,2,1,5,0,19.0,0,1
8,3,0,0,1,12,2,1,5,0,50.0,0,1
9,3,0,0,1,12,2,1,5,0,18.0,0,1
9,3,0,0,1,12,2,0,5,0,29.0,0,1
9,3,0,0,1,12,2,1,5,0,35.0,0,1
9,3,0,0,1,12,2,0,5,0,58.0,0,1
40,30,2,0,1,3,2,1,5,1,38.0,0,1
9,3,0,0,1,12,2,1,2,3,47.0,0,1
9,3,0,0,1,12,1,0,5,0,35.0,0,1
33,10,2,0,1,12,1,0,5,1,35.0,0,1
32,10,2,0,1,5,2,1,5,0,53.0,0,1
9,3,0,0,1,12,2,0,5,0,38.0,0,1
33,10,2,0,1,12,2,1,5,0,50.0,0,1
10,3,0,0,1,12,2,1,4,3,45.0,0,1
9,3,0,0,1,12,1,0,5,0,43.0,0,1
9,3,0,0,1,12,1,1,5,1,36.0,0,1
9,3,0,0,1,12,1,1,5,0,29.0,0,1
49,0,2,0,0,12,2,1,5,1,26.0,0,1
9,3,0,0,1,12,1,0,5,0,24.0,0,1
33,10,2,0,1,12,2,1,5,0,28.0,0,1
9,3,0,0,1,12,1,1,5,0,59.0,0,1
32,10,2,0,1,12,2,0,5,1,31.0,0,1
40,30,2,0,1,3,2,1,5,0,38.0,0,1
32,10,2,0,1,12,2,1,5,0,58.0,0,1
9,3,0,0,1,12,1,1,5,0,34.0,0,1
40,30,2,0,1,12,1,0,5,0,22.0,0,1
9,3,0,0,1,12,1,1,5,0,35.0,0,1
33,10,2,0,1,12,2,1,5,0,27.0,0,1
9,3,0,0,1,12,1,1,5,0,23.0,0,1
31,7,1,0,1,12,1,0,5,0,31.0,0,1
32,10,2,0,1,12,2,1,5,0,28.0,0,1
40,30,2,0,1,3,2,0,5,0,30.0,0,1
32,10,2,0,1,12,2,1,5,0,41.0,0,1
9,3,0,0,1,12,1,0,5,0,42.0,1,1
9,3,0,0,1,12,1,1,5,0,28.5,1,1
31,7,1,0,1,12,1,0,5,0,25.0,0,1
9,3,0,0,1,12,1,1,5,0,51.0,0,1
8,3,0,0,1,12,2,1,5,0,37.0,0,1
9,3,0,0,1,12,1,0,5,1,34.0,0,1
40,30,2,0,1,12,2,1,5,0,37.0,0,1
31,7,1,0,1,12,2,1,5,0,24.0,0,1
8,3,0,0,1,1,2,1,5,0,37.0,0,1
9,3,0,0,1,12,1,0,5,0,35.0,0,1
9,3,0,0,1,12,1,1,5,0,13.0,0,1
8,3,0,0,1,12,2,1,5,0,56.0,0,1
9,3,0,0,1,12,2,1,0,1,31.0,0,1
9,3,0,0,1,12,1,1,5,0,26.0,0,1
6,26,0,0,1,12,2,1,5,1,34.0,0,1
9,3,0,0,1,12,2,0,5,0,24.0,0,1
9,3,0,0,1,12,2,1,5,1,62.0,0,1
9,3,0,0,1,12,1,1,5,0,47.0,0,1
40,30,2,0,1,3,2,1,5,0,35.0,0,1
32,10,2,0,1,12,2,0,5,0,52.0,0,1
9,3,0,0,1,12,1,1,5,0,38.0,0,1
16,19,1,0,1,12,2,1,5,0,29.0,0,1
8,3,0,0,1,12,2,1,5,0,37.0,0,1
9,3,0,0,1,12,2,1,5,0,24.0,0,1
9,3,0,0,1,12,2,1,5,0,62.0,0,1
9,3,0,0,1,12,2,1,5,0,66.0,0,1
40,30,2,0,1,3,2,1,5,0,46.0,0,1
9,3,0,0,1,12,1,1,5,0,38.0,0,1
9,3,0,0,1,12,2,1,5,1,43.0,0,1
30,28,1,0,1,12,2,0,5,0,41.0,0,1
32,10,2,0,1,12,2,1,5,0,28.0,0,1
13,5,1,1,1,12,2,0,5,0,55.0,0,1
9,3,0,0,1,12,1,0,5,0,23.0,0,1
8,3,0,0,1,9,2,1,5,0,63.0,0,1
40,30,2,0,1,3,2,1,5,0,42.0,0,1
30,28,1,0,1,12,2,1,0,3,50.0,0,1
9,3,0,0,1,12,2,1,5,0,23.0,0,1
32,10,2,0,1,12,2,0,5,0,37.0,0,1
31,7,1,0,1,12,2,1,5,1,50.0,0,1
9,3,0,0,1,12,2,1,5,1,45.0,0,1
31,7,1,0,1,12,1,1,5,0,55.0,0,1
9,3,0,0,1,12,1,1,5,1,33.0,0,1
9,3,0,0,1,12,1,1,5,0,65.0,0,1
9,3,0,0,1,12,1,1,4,3,33.0,0,1
9,3,0,0,1,12,1,1,5,3,33.0,0,1
10,3,0,0,1,12,1,1,5,0,22.0,0,1
9,3,0,0,1,12,1,1,5,0,22.0,0,1
16,19,1,0,1,12,2,1,5,0,42.0,0,1
10,3,0,0,1,5,2,1,5,0,35.0,0,1
9,3,0,0,1,12,2,0,5,0,28.0,0,1
9,3,0,0,1,12,1,1,5,0,32.0,0,1
8,3,0,0,1,5,2,1,5,0,29.0,0,1
31,7,1,0,1,0,1,1,5,0,22.0,0,1
9,3,0,0,1,12,2,1,5,1,45.0,0,1
9,3,0,0,1,12,1,1,5,1,70.0,0,1
8,3,0,0,1,12,2,1,5,0,56.0,0,1
9,3,0,0,1,12,2,0,1,1,36.0,0,1
30,28,1,0,1,12,2,1,5,0,43.0,0,1
13,5,1,1,1,12,2,1,5,0,31.0,0,1
7,25,1,1,1,0,2,1,5,0,35.0,0,1
9,3,0,0,1,12,2,1,5,1,30.0,0,1
8,3,0,0,1,12,2,1,5,0,27.0,0,1
9,3,0,0,1,12,1,1,5,1,43.0,0,1
8,3,0,0,1,12,2,0,4,3,50.0,0,1
20,19,1,1,1,12,2,0,4,0,43.0,0,1
9,3,0,0,1,12,0,0,0,1,54.0,0,1
33,10,2,0,1,12,0,1,0,1,23.0,0,1
8,3,0,0,1,12,1,1,5,1,32.0,0,1
32,10,2,0,1,12,0,1,5,1,31.0,0,1
9,3,0,0,1,12,0,1,5,0,22.5,1,1
9,3,0,0,1,12,0,1,0,1,52.0,0,1
9,3,0,0,1,12,0,1,5,1,30.0,0,1
30,28,1,0,1,12,2,1,5,0,41.0,0,1
13,5,1,1,1,5,0,1,5,1,49.0,0,1
40,30,2,0,1,12,0,1,5,0,26.0,0,1
32,10,2,0,1,12,0,1,5,0,41.0,1,1
31,7,1,0,1,12,0,0,5,1,36.0,0,1
8,3,0,0,1,12,0,0,5,0,31.0,0,1
9,3,0,0,1,12,0,1,5,0,23.0,0,1
8,3,0,0,1,12,0,1,5,0,38.0,0,1
40,30,2,0,1,12,0,1,2,1,19.0,0,1
40,30,2,0,1,12,0,1,5,0,38.0,0,1
31,7,1,0,1,12,0,1,5,1,56.0,0,1
9,3,0,0,1,12,2,1,5,0,25.0,0,1
13,5,1,1,1,12,0,1,5,1,32.0,0,1
40,30,2,0,1,3,0,1,5,0,39.0,0,1
31,7,1,0,1,12,2,1,5,0,25.0,0,1
9,3,0,0,1,12,0,1,5,0,25.0,0,1
9,3,0,0,1,12,0,0,5,0,19.0,0,1
13,5,1,1,1,12,0,1,5,1,49.0,0,1
9,3,0,0,1,12,0,1,5,0,22.0,0,1
9,3,0,0,1,12,0,1,5,0,25.0,0,1
31,7,1,0,1,12,0,0,5,0,24.0,0,1
31,7,1,0,1,12,2,1,5,0,34.0,0,1
31,7,1,0,1,12,2,1,5,0,29.0,0,1
8,3,0,0,1,1,0,1,5,0,31.0,0,1
40,30,2,0,1,12,0,1,5,0,31.0,0,1
9,3,0,0,1,12,0,0,5,0,20.0,0,1
17,19,1,1,1,12,2,1,5,1,59.0,0,1
21,21,1,1,1,12,1,0,5,2,38.5,1,1
9,3,0,0,1,12,2,1,4,1,46.0,0,1
30,28,1,0,1,12,0,0,5,1,32.0,0,1
17,19,1,1,1,12,2,0,5,3,56.0,0,1
31,7,1,0,1,12,2,1,5,0,59.0,0,1
9,3,0,0,1,12,0,1,5,0,44.0,0,1
32,10,2,0,1,12,0,1,5,3,24.0,1,1
9,3,0,0,1,12,2,1,5,1,20.0,0,1
31,7,1,0,1,12,1,0,5,1,18.0,0,1
32,10,2,0,1,12,2,1,5,1,51.0,0,1
31,7,1,0,1,12,1,1,5,1,19.0,0,1
40,30,2,0,1,1,0,1,5,1,30.0,0,1
9,3,0,0,1,12,1,1,5,3,43.0,0,1
8,3,0,0,1,12,2,1,4,2,33.0,0,1
8,3,0,0,1,12,2,1,5,2,50.0,0,1
8,3,0,0,1,1,2,1,5,2,19.0,0,1
16,19,1,0,1,12,1,1,5,0,44.0,0,1
40,30,2,0,1,3,2,0,5,2,29.0,0,1
9,3,0,0,1,12,0,1,5,2,21.0,0,1
9,3,0,0,1,12,1,1,5,2,34.0,0,1
13,5,1,1,1,12,2,1,5,0,31.0,0,1
8,3,0,0,1,12,2,1,0,1,21.0,0,1
10,3,0,0,1,12,2,1,0,1,51.0,0,1
9,3,0,0,1,12,2,0,0,1,29.0,0,1
9,3,0,0,1,12,2,1,0,1,37.0,0,1
16,19,1,0,1,12,1,0,5,0,31.0,0,1
16,19,1,0,1,12,1,1,5,0,41.0,0,1
9,3,0,0,1,12,1,0,5,0,12.0,0,1
21,21,1,1,1,12,0,0,5,0,33.0,0,1
9,3,0,0,1,12,0,1,5,0,37.0,0,1
16,19,1,0,1,12,0,1,5,1,48.0,0,1
9,3,0,0,1,12,0,0,5,0,50.0,0,1
32,10,2,0,1,12,0,0,5,1,40.0,0,1
13,5,1,1,1,12,0,1,2,1,24.0,0,1
16,19,1,0,1,12,1,0,5,1,25.0,0,1
16,19,1,0,1,12,0,0,5,0,41.0,0,1
9,3,0,0,1,12,0,1,5,1,36.0,0,1
20,19,1,1,1,12,0,1,5,0,27.0,0,1
16,19,1,0,1,12,1,0,5,0,37.0,1,1
20,19,1,1,1,12,1,0,5,0,38.0,0,1
13,5,1,1,1,12,0,1,5,1,32.0,0,1
8,3,0,0,1,12,0,1,5,0,31.0,0,1
43,8,2,0,0,12,0,0,0,1,44.0,0,1
43,8,2,0,0,12,0,0,0,1,27.0,0,1
49,0,2,0,0,5,0,1,0,1,19.0,0,1
36,15,2,0,1,3,0,1,5,0,24.0,0,1
32,10,2,0,1,12,0,1,5,2,34.0,0,1
9,3,0,0,1,12,0,1,5,2,22.0,0,1
9,3,0,0,1,12,2,1,0,1,46.0,0,1
9,3,0,0,1,12,2,1,0,1,27.0,0,1
9,3,0,0,1,12,2,1,0,0,37.0,0,1
9,3,0,0,1,12,2,1,0,1,21.0,0,1
31,7,1,0,1,12,0,1,5,2,49.0,0,1
10,3,0,0,1,12,0,1,5,2,29.0,0,1
9,3,0,0,1,12,0,0,5,0,24.0,0,1
10,3,0,0,1,12,0,1,5,0,29.0,0,1
9,3,0,0,1,12,0,1,5,0,20.0,0,1
49,0,2,0,0,12,1,0,0,1,28.0,0,1
16,19,1,0,1,12,2,1,0,2,22.0,0,1
32,10,2,0,1,12,0,1,5,0,27.0,0,1
9,3,0,0,1,12,0,1,5,0,28.0,0,1
3,26,0,0,1,12,2,1,5,2,36.0,0,1
9,3,0,0,1,12,2,0,5,0,32.0,0,1
9,3,0,0,1,12,0,0,5,2,27.0,0,1
6,26,0,0,1,12,1,1,4,1,38.0,0,1
7,25,1,1,1,12,0,1,5,0,21.0,0,1
9,3,0,0,1,12,0,1,4,1,36.0,0,1
7,25,1,1,1,12,0,1,4,1,33.0,0,1
9,3,0,0,1,12,0,0,5,1,27.0,0,1
8,3,0,0,1,12,0,0,5,0,21.0,0,1
9,3,0,0,1,12,0,1,5,0,35.0,0,1
9,3,0,0,1,12,0,1,5,2,55.0,0,1
9,3,0,0,1,12,0,0,5,2,28.0,0,1
9,3,0,0,1,12,2,1,5,2,39.0,0,1
10,3,0,0,1,12,0,1,0,1,22.0,0,1
32,10,2,0,1,12,2,0,5,1,45.0,0,1
32,10,2,0,1,12,2,0,5,1,31.0,0,1
33,10,2,0,1,12,2,1,5,1,60.0,0,1
9,3,0,0,1,12,0,1,5,1,43.0,0,1
32,10,2,0,1,12,2,0,5,1,50.0,0,1
9,3,0,0,1,12,0,0,0,1,21.0,0,1
9,3,0,0,1,12,2,0,5,0,30.0,0,1
31,7,1,0,1,12,0,1,5,0,18.0,0,1
16,19,1,0,1,12,1,1,5,3,30.0,0,1
3,26,0,0,1,12,2,1,5,0,27.0,0,1
30,28,1,0,1,12,0,1,5,0,32.0,0,1
8,3,0,0,1,3,0,1,5,0,32.0,0,1
9,3,0,0,1,12,0,1,5,0,15.0,0,1
31,7,1,0,1,12,0,0,5,0,26.0,0,1
9,3,0,0,1,12,0,1,5,0,17.0,0,1
20,19,1,1,1,12,0,1,5,0,34.0,0,1
9,3,0,0,1,12,2,1,5,0,37.0,0,1
31,7,1,0,1,12,0,1,5,0,41.0,0,1
9,3,0,0,1,12,0,1,5,0,42.0,0,1
16,19,1,0,1,12,0,1,5,0,19.0,0,1
9,3,0,0,1,12,0,0,5,0,42.0,0,1
8,3,0,0,1,12,0,1,5,0,56.0,0,1
31,7,1,0,1,12,0,1,5,0,18.0,0,1
31,7,1,0,1,12,0,1,5,1,29.0,0,1
9,3,0,0,1,12,2,0,5,0,43.0,0,1
16,19,1,0,1,12,1,1,5,0,33.0,0,1
32,10,2,0,1,12,2,1,5,0,44.0,0,1
8,3,0,0,1,12,0,1,0,1,35.0,0,1
32,10,2,0,1,12,0,1,0,1,45.0,0,1
9,3,0,0,1,12,0,1,0,1,20.0,0,1
9,3,0,0,1,12,2,1,5,1,33.0,0,1
30,28,1,0,1,12,0,1,5,1,20.0,0,1
16,19,1,0,1,12,1,0,5,0,28.0,0,1
16,19,1,0,1,12,1,0,5,1,24.0,1,1
31,7,1,0,1,12,2,1,5,1,40.0,0,1
9,3,0,0,1,12,1,1,5,0,12.0,0,1
16,19,1,0,1,12,1,0,5,0,39.0,0,1
23,14,1,1,1,12,0,1,5,0,33.0,0,1
49,0,2,0,0,12,2,1,5,1,24.0,0,1
31,7,1,0,1,12,2,1,5,0,34.0,0,1
9,3,0,0,1,12,0,1,5,0,58.0,0,1
40,30,2,0,1,8,0,1,5,0,31.0,0,1
16,19,1,0,1,12,1,0,5,1,19.0,0,1
9,3,0,0,1,12,0,1,5,1,42.0,0,1
16,19,1,0,1,12,1,1,5,0,35.0,0,1
16,19,1,0,1,12,1,1,5,1,19.0,0,1
40,30,2,0,1,3,1,1,4,0,18.0,0,1
16,19,1,0,1,12,0,0,5,1,51.0,0,1
49,0,2,0,0,12,2,0,5,1,53.0,0,1
9,3,0,0,1,12,0,1,5,1,19.0,0,1
16,19,1,0,1,12,1,1,5,1,22.0,0,1
9,3,0,0,1,12,1,0,5,0,23.5,1,1
49,0,2,0,0,12,2,0,4,0,26.0,0,1
9,3,0,0,1,12,2,0,5,1,30.0,0,1
9,3,0,0,1,12,2,1,5,0,28.0,0,1
16,19,1,0,1,12,0,0,5,0,30.0,0,1
49,0,2,0,0,12,2,1,5,0,47.0,0,1
32,10,2,0,1,12,0,1,5,0,36.0,0,1
16,19,1,0,1,12,1,0,5,1,20.333333333333332,1,1
16,19,1,0,1,12,1,0,5,0,19.5,1,1
8,3,0,0,1,12,0,1,5,1,22.0,0,1
49,0,2,0,0,12,2,1,5,0,28.0,0,1
16,19,1,0,1,12,1,0,5,3,24.0,0,1
16,19,1,0,1,12,0,0,5,0,30.0,0,1
49,0,2,0,0,12,2,1,5,0,33.0,0,1
9,3,0,0,1,12,1,1,5,0,36.0,0,1
16,19,1,0,1,12,1,0,5,0,22.0,0,1
9,3,0,0,1,12,0,0,5,0,24.0,0,1
16,19,1,0,1,12,1,1,5,0,28.0,0,1
8,3,0,0,1,12,0,1,4,0,20.0,0,1
8,3,0,0,1,12,0,1,5,0,20.0,0,1
1,16,0,0,1,12,2,0,5,1,55.0,0,1
23,14,1,1,1,12,1,1,5,0,32.0,0,1
32,10,2,0,1,12,0,1,5,0,25.0,0,1
9,3,0,0,1,12,2,1,5,1,18.0,0,1
9,3,0,0,1,12,2,1,5,1,26.0,0,1
49,0,2,0,0,12,2,1,5,3,65.0,0,1
9,3,0,0,1,12,0,0,5,0,26.0,0,1
16,19,1,0,1,12,1,1,2,1,24.0,0,1
9,3,0,0,1,12,0,1,5,1,27.0,0,1
9,3,0,0,1,12,0,1,5,0,29.0,0,1
16,19,1,0,1,12,1,0,5,1,37.0,0,1
9,3,0,0,1,12,1,0,5,1,13.0,0,1
9,3,0,0,1,12,0,1,5,1,29.0,0,1
40,30,2,0,1,12,1,1,5,0,22.0,0,1
8,3,0,0,1,12,2,0,5,3,31.0,0,1
32,10,2,0,1,12,2,1,5,0,34.0,0,1
16,19,1,0,1,12,1,1,5,0,25.0,0,1
9,3,0,0,1,12,0,1,5,1,31.0,0,1
9,3,0,0,1,12,0,1,2,0,37.0,0,1
9,3,0,0,1,12,1,1,5,0,19.0,0,1
9,3,0,0,1,12,1,0,5,0,15.0,0,1
31,7,1,0,1,12,0,0,5,0,27.0,0,1
31,7,1,0,1,12,2,1,5,0,27.0,0,1
9,3,0,0,1,12,0,1,4,0,29.0,0,1
16,19,1,0,1,12,1,0,5,1,24.0,0,1
8,3,0,0,1,12,2,0,5,0,53.0,0,1
8,3,0,0,1,12,0,0,5,0,20.0,0,1
16,19,1,0,1,12,1,0,5,1,22.0,0,1
16,19,1,0,1,12,1,0,5,1,25.0,0,1
32,10,2,0,1,12,0,0,5,0,38.0,0,1
8,3,0,0,1,12,0,1,5,0,20.0,0,1
9,3,0,0,1,12,0,1,5,1,72.0,0,1
32,10,2,0,1,12,0,0,0,1,47.0,0,1
13,5,1,1,1,12,0,1,5,0,28.0,1,1
32,10,2,0,1,12,1,1,5,0,45.0,0,1
9,3,0,0,1,12,1,1,5,0,34.0,0,1
32,10,2,0,1,12,0,1,0,1,28.0,0,1
9,3,0,0,1,12,0,0,5,0,52.0,0,1
9,3,0,0,1,12,1,1,0,1,56.0,0,1
9,3,0,0,1,12,1,1,0,1,27.0,0,1
9,3,0,0,1,12,0,1,0,1,33.0,0,1
32,10,2,0,1,12,2,0,0,1,46.0,0,1
42,1,2,0,0,12,1,0,0,1,47.0,0,1
42,1,2,0,0,12,1,1,0,1,41.0,0,1
32,10,2,0,1,12,0,1,5,3,32.0,1,1
32,10,2,0,1,12,0,0,5,3,33.0,0,1
9,3,0,0,1,12,0,1,0,1,26.0,0,1
32,10,2,0,1,12,0,1,5,0,57.0,0,1
9,3,0,0,1,12,0,1,0,1,26.0,0,1
9,3,0,0,1,12,0,0,0,1,36.0,0,1
32,10,2,0,1,12,0,1,5,0,25.0,0,1
9,3,0,0,1,12,0,0,0,1,36.0,0,1
9,3,0,0,1,12,0,1,0,1,40.0,0,1
42,1,2,0,0,12,1,1,0,1,32.0,0,1
9,3,0,0,1,12,1,0,0,1,35.0,0,1
9,3,0,0,1,12,0,1,0,1,33.0,0,1
25,14,1,1,1,12,0,1,5,0,42.0,0,1
32,10,2,0,1,12,0,0,5,0,43.0,0,1
8,3,0,0,1,12,0,1,0,1,49.0,0,1
43,8,2,0,0,12,2,1,0,3,28.0,0,1
32,10,2,0,1,12,2,0,0,1,21.0,0,1
43,8,2,0,0,12,2,1,0,1,32.0,0,1
49,0,2,0,0,12,2,1,0,1,27.0,0,1
32,10,2,0,1,12,0,1,5,0,56.0,0,1
8,3,0,0,1,12,0,1,5,1,35.0,0,1
8,3,0,0,1,12,0,1,0,1,29.0,0,1
42,1,2,0,0,12,1,0,0,1,31.0,0,1
32,10,2,0,1,12,0,1,5,0,53.0,0,1
8,3,0,0,1,5,0,0,5,3,20.0,0,1
13,5,1,1,1,12,0,1,5,0,37.0,0,1
9,3,0,0,1,12,1,1,5,0,23.0,0,1
9,3,0,0,1,12,1,0,5,0,57.0,0,1
9,3,0,0,1,12,0,1,5,2,35.0,0,1
9,3,0,0,1,12,0,1,5,2,35.0,0,1
43,8,2,0,0,5,2,1,0,1,39.0,0,1
9,3,0,0,1,12,0,1,5,0,42.0,0,1
32,10,2,0,1,12,0,1,5,2,32.0,0,1
9,3,0,0,1,12,0,1,5,0,20.0,1,1
31,7,1,0,1,12,2,1,5,2,20.0,0,1
13,5,1,1,1,12,0,1,5,0,20.0,0,1
9,3,0,0,1,12,0,1,5,0,29.0,0,1
9,3,0,0,1,12,0,1,5,0,77.0,0,1
8,3,0,0,1,5,2,1,5,0,22.0,0,1
9,3,0,0,1,12,0,1,5,0,27.0,0,1
13,5,1,1,1,12,2,1,5,0,20.0,0,1
32,10,2,0,1,12,0,1,5,0,20.0,0,1
6,26,0,0,1,12,0,1,5,0,17.0,1,1
9,3,0,0,1,12,0,1,5,0,36.0,0,1
9,3,0,0,1,12,1,1,5,2,58.0,0,1
9,3,0,0,1,12,0,1,5,2,36.0,0,1
8,3,0,0,1,5,1,1,5,2,31.0,0,1
9,3,0,0,1,12,0,0,5,2,23.0,0,1
9,3,0,0,1,12,1,1,5,2,0.0,0,1
13,5,1,1,1,12,0,1,5,2,36.0,0,1
9,3,0,0,1,12,1,1,2,2,24.0,0,1
13,5,1,1,1,12,1,1,5,0,37.0,0,1
9,3,0,0,1,12,2,1,5,2,53.0,0,1
13,5,1,1,1,12,1,1,5,2,28.0,0,1
31,7,1,0,1,12,1,0,5,2,36.0,0,1
32,10,2,0,1,12,2,1,5,2,49.0,0,1
9,3,0,0,1,12,0,0,5,0,28.0,0,1
9,3,0,0,1,12,2,1,5,0,28.0,0,1
21,21,1,1,1,12,0,1,4,2,21.0,0,1
40,30,2,0,1,1,0,1,4,2,21.0,0,1
9,3,0,0,1,12,0,1,5,1,57.0,0,1
32,10,2,0,1,12,2,1,5,0,58.0,0,1
30,28,1,0,1,12,0,1,5,2,23.0,0,1
40,30,2,0,1,3,1,1,5,1,46.0,0,1
8,3,0,0,1,12,1,1,5,0,37.0,0,1
9,3,0,0,1,12,2,0,5,0,33.0,0,1
13,5,1,1,1,12,1,0,5,0,41.0,0,1
9,3,0,0,1,12,1,1,5,0,61.0,0,1
9,3,0,0,1,12,2,1,5,0,38.0,0,1
9,3,0,0,1,12,2,0,5,1,43.0,0,1
13,5,1,1,1,12,2,0,5,0,22.5,1,1
8,3,0,0,1,12,1,1,5,0,54.0,0,1
13,5,1,1,1,12,1,1,5,0,45.0,0,1
30,28,1,0,1,12,2,0,5,1,35.5,1,1
30,28,1,0,1,12,2,1,5,0,30.0,0,1
31,7,1,0,1,12,2,0,5,0,35.0,0,1
9,3,0,0,1,12,2,1,5,0,37.0,0,1
21,21,1,1,1,12,2,0,5,0,37.0,1,1
8,3,0,0,1,12,2,1,5,0,13.0,0,1
8,3,0,0,1,12,1,0,5,0,26.5,1,1
9,3,0,0,1,12,1,1,5,1,55.0,0,1
9,3,0,0,1,12,2,0,5,0,32.0,0,1
31,7,1,0,1,12,1,1,5,1,34.0,0,1
31,7,1,0,1,12,1,1,5,0,33.0,0,1
10,3,0,0,1,12,1,1,5,0,32.0,0,1
9,3,0,0,1,12,1,1,5,0,26.0,0,1
29,11,1,1,1,12,1,1,5,1,25.0,0,1
31,7,1,0,1,12,2,1,5,1,39.0,0,1
10,3,0,0,1,12,1,1,5,0,50.0,0,1
8,3,0,0,1,12,2,0,0,1,39.0,0,1
9,3,0,0,1,12,2,1,5,0,30.0,0,1
32,10,2,0,1,12,2,1,5,0,26.0,0,1
9,3,0,0,1,12,1,0,5,1,29.0,0,1
44,9,2,0,0,12,2,1,5,0,22.0,0,1
8,3,0,0,1,0,2,0,5,0,39.0,0,1
31,7,1,0,1,12,2,1,5,0,41.0,0,1
8,3,0,0,1,12,2,1,5,0,38.0,0,1
8,3,0,0,1,12,2,1,5,0,36.0,0,1
9,3,0,0,1,12,2,1,5,0,27.0,0,1
31,7,1,0,1,12,2,0,5,0,30.0,0,1
9,3,0,0,1,12,1,1,5,1,27.0,0,1
31,7,1,0,1,12,1,0,0,0,35.0,0,1
32,10,2,0,1,12,2,1,5,0,47.0,0,1
20,19,1,1,1,12,2,1,5,1,45.0,0,1
8,3,0,0,1,12,2,1,5,0,21.0,0,1
8,3,0,0,1,12,1,1,5,0,25.0,0,1
9,3,0,0,1,12,2,1,5,0,66.0,0,1
9,3,0,0,1,12,0,0,5,0,30.0,0,1
33,10,2,0,1,12,2,1,5,0,16.0,0,1
31,7,1,0,1,12,1,1,5,0,17.0,0,1
9,3,0,0,1,0,1,1,5,3,17.0,0,1
9,3,0,0,1,12,0,1,5,0,19.0,0,1
31,7,1,0,1,12,1,0,5,0,24.0,0,1
8,3,0,0,1,12,1,0,5,2,29.0,0,1
15,19,1,0,1,12,1,0,5,2,59.0,0,1
32,10,2,0,1,12,2,1,5,2,24.0,0,1
31,7,1,0,1,12,1,0,5,2,31.0,0,1
8,3,0,0,1,5,2,1,5,0,30.0,0,1
32,10,2,0,1,12,2,0,5,1,21.0,0,1
16,19,1,0,1,12,2,0,5,1,38.0,0,1
16,19,1,0,1,12,2,1,5,1,30.0,0,1
32,10,2,0,1,12,2,1,5,1,26.0,0,1
16,19,1,0,1,12,2,1,5,0,38.0,0,1
16,19,1,0,1,12,2,1,5,0,30.0,0,1
40,30,2,0,1,12,2,1,5,1,28.0,0,1
20,19,1,1,1,12,2,1,5,0,31.0,0,1
13,5,1,1,1,12,2,1,5,0,41.0,0,1
16,19,1,0,1,12,1,1,5,1,30.0,0,1
13,5,1,1,1,12,2,1,5,1,52.0,0,1
30,28,1,0,1,12,2,1,5,1,38.0,0,1
9,3,0,0,1,12,2,1,5,0,25.0,0,1
9,3,0,0,1,12,2,0,5,0,34.0,0,1
9,3,0,0,1,12,2,1,5,0,31.0,0,1
16,19,1,0,1,12,2,1,5,0,35.0,0,1
16,19,1,0,1,12,2,1,0,1,32.0,0,1
16,19,1,0,1,12,2,0,3,1,30.0,0,1
32,10,2,0,1,12,2,1,5,0,31.0,0,1
16,19,1,0,1,12,2,1,5,0,28.0,0,1
8,3,0,0,1,12,2,1,5,0,30.0,0,1
16,19,1,0,1,12,2,1,5,1,51.0,0,1
16,19,1,0,1,12,2,1,5,0,42.0,0,1
16,19,1,0,1,3,2,0,5,0,29.0,0,1
31,7,1,0,1,12,2,0,5,1,43.0,0,1
8,3,0,0,1,12,0,1,5,0,14.0,0,1
31,7,1,0,1,12,1,1,5,1,16.0,0,1
9,3,0,0,1,12,2,1,5,0,29.0,0,1
9,3,0,0,1,12,0,1,5,0,49.0,0,1
9,3,0,0,1,12,0,0,5,0,18.0,0,1
10,3,0,0,1,12,2,1,5,0,22.0,0,1
10,3,0,0,1,12,0,1,5,0,22.0,0,1
16,19,1,0,1,12,0,0,5,0,24.5,1,1
9,3,0,0,1,12,0,0,5,1,34.0,0,1
16,19,1,0,1,12,0,0,5,0,53.0,0,1
8,3,0,0,1,12,2,1,5,0,21.0,0,1
23,14,1,1,1,12,0,0,5,0,45.0,0,1
9,3,0,0,1,12,2,1,5,0,38.0,0,1
9,3,0,0,1,12,0,1,5,0,52.0,0,1
31,7,1,0,1,12,0,1,5,0,48.0,0,1
9,3,0,0,1,12,0,1,5,0,33.0,0,1
16,19,1,0,1,12,1,1,5,0,40.0,0,1
9,3,0,0,1,12,0,1,5,0,40.0,0,1
9,3,0,0,1,12,0,1,5,1,64.0,0,1
31,7,1,0,1,12,2,1,5,0,21.0,0,1
20,19,1,1,1,12,2,1,5,1,24.0,0,1
31,7,1,0,1,12,2,0,5,0,24.0,0,1
20,19,1,1,1,12,2,1,5,0,23.0,0,1
31,7,1,0,1,12,2,1,5,0,33.0,0,1
9,3,0,0,1,12,0,1,5,0,21.0,0,1
16,19,1,0,1,12,2,0,5,0,43.0,0,1
9,3,0,0,1,12,2,0,5,0,35.0,0,1
9,3,0,0,1,12,2,1,5,0,38.0,0,1
9,3,0,0,1,12,2,1,2,1,23.0,0,1
9,3,0,0,1,12,2,1,5,1,32.0,1,1
7,25,1,1,1,12,2,0,5,0,33.0,1,1
9,3,0,0,1,12,0,1,5,0,29.0,0,1
0,16,0,0,1,12,2,1,5,0,37.0,0,1
31,7,1,0,1,12,0,1,5,0,63.0,0,1
9,3,0,0,1,12,2,1,5,1,19.0,0,1
2,18,0,0,1,12,0,1,5,0,31.0,0,1
8,3,0,0,1,5,0,1,5,0,62.0,0,1
40,30,2,0,1,3,0,1,5,0,27.0,0,1
9,3,0,0,1,12,0,1,5,0,24.0,0,1
9,3,0,0,1,12,0,0,5,0,18.0,0,1
9,3,0,0,1,12,0,0,5,0,22.0,0,1
9,3,0,0,1,12,0,1,5,0,32.0,0,1
9,3,0,0,1,12,0,0,5,1,56.0,0,1
13,5,1,1,1,12,0,1,5,0,33.0,0,1
9,3,0,0,1,12,2,1,5,0,45.0,0,1
9,3,0,0,1,12,0,1,5,0,36.0,0,1
9,3,0,0,1,12,2,1,5,1,27.0,0,1
9,3,0,0,1,12,2,1,5,0,33.0,0,1
9,3,0,0,1,12,0,1,5,0,42.0,0,1
31,7,1,0,1,12,0,1,5,0,43.0,0,1
13,5,1,1,1,12,2,1,5,1,21.0,0,1
9,3,0,0,1,12,0,0,5,0,22.0,0,1
9,3,0,0,1,12,1,1,5,1,14.0,0,1
21,21,1,1,1,12,1,1,5,0,15.0,0,1
9,3,0,0,1,12,2,1,5,0,22.0,0,1
16,19,1,0,1,12,0,0,5,0,34.0,0,1
9,3,0,0,1,12,2,0,5,0,43.0,0,1
9,3,0,0,1,12,0,0,5,0,29.0,0,1
40,30,2,0,1,3,1,1,5,1,17.0,0,1
9,3,0,0,1,12,0,0,5,1,28.0,0,1
10,3,0,0,1,12,0,0,5,0,22.0,0,1
40,30,2,0,1,12,0,0,5,1,25.0,0,1
9,3,0,0,1,12,2,1,5,0,27.0,0,1
8,3,0,0,1,5,0,1,5,1,56.0,0,1
9,3,0,0,1,12,2,1,5,0,25.0,0,1
9,3,0,0,1,12,2,0,5,1,67.0,0,1
16,19,1,0,1,12,0,1,5,1,28.0,0,1
9,3,0,0,1,12,0,1,5,0,25.0,0,1
9,3,0,0,1,12,0,1,5,0,27.0,0,1
9,3,0,0,1,12,2,1,5,0,44.0,0,1
9,3,0,0,1,12,1,1,5,1,14.0,0,1
9,3,0,0,1,12,0,1,5,0,25.0,0,1
11,2,1,0,1,12,0,0,5,0,38.0,0,1
9,3,0,0,1,12,0,1,5,0,39.0,0,1
8,3,0,0,1,12,0,1,5,0,36.0,0,1
8,3,0,0,1,3,0,1,5,1,16.5,1,1
9,3,0,0,1,12,2,1,5,0,42.0,0,1
9,3,0,0,1,12,1,1,5,1,17.0,0,1
9,3,0,0,1,12,0,1,5,1,60.0,0,1
47,29,2,0,0,12,1,1,5,0,23.0,0,1
43,8,2,0,0,12,1,1,5,0,16.5,1,1
9,3,0,0,1,12,1,0,5,0,13.0,0,1
9,3,0,0,1,12,1,0,5,0,12.0,0,1
9,3,0,0,1,12,0,1,5,1,47.0,0,1
16,19,1,0,1,12,0,1,5,0,37.0,0,1
30,28,1,0,1,12,0,0,5,0,43.0,0,1
31,7,1,0,1,12,0,0,5,1,44.0,0,1
16,19,1,0,1,12,1,1,5,0,23.0,0,1
9,3,0,0,1,12,0,1,5,0,23.0,0,1
6,26,0,0,1,12,2,1,5,0,30.0,0,1
9,3,0,0,1,12,1,0,5,0,17.0,0,1
9,3,0,0,1,12,0,1,2,1,33.0,0,1
9,3,0,0,1,3,2,1,5,1,32.0,0,1
8,3,0,0,1,3,0,1,5,1,32.0,0,1
49,0,2,0,0,12,1,1,5,1,49.0,0,1
31,7,1,0,1,12,0,1,2,1,33.0,0,1
9,3,0,0,1,12,0,0,5,1,17.0,0,1
9,3,0,0,1,12,0,1,5,0,33.0,0,1
16,19,1,0,1,12,1,0,2,0,43.5,1,1
9,3,0,0,1,12,2,0,5,1,23.0,0,1
8,3,0,0,1,12,0,0,5,0,33.0,0,1
13,5,1,1,1,12,0,0,5,0,41.0,0,1
9,3,0,0,1,12,0,0,5,1,34.0,0,1
40,30,2,0,1,3,1,1,5,0,18.0,0,1
2,18,0,0,1,12,2,1,5,0,23.0,0,1
32,10,2,0,1,3,0,1,5,1,29.0,0,1
8,3,0,0,1,12,2,0,5,0,33.0,0,1
13,5,1,1,1,12,2,0,5,0,38.5,1,1
9,3,0,0,1,12,2,1,5,0,32.0,0,1
32,10,2,0,1,12,0,0,5,0,44.0,0,1
31,7,1,0,1,12,0,1,5,0,45.0,0,1
9,3,0,0,1,12,0,1,5,0,42.0,0,1
13,5,1,1,1,12,0,1,5,0,23.5,1,1
31,7,1,0,1,12,0,1,5,0,48.0,0,1
9,3,0,0,1,12,0,1,5,1,31.0,0,1
9,3,0,0,1,12,0,0,5,0,14.0,0,1
8,3,0,0,1,12,0,1,2,1,19.0,0,1
9,3,0,0,1,12,0,0,5,0,34.0,0,1
32,10,2,0,1,12,0,1,5,1,33.0,0,1
9,3,0,0,1,12,0,1,5,0,41.0,0,1
9,3,0,0,1,12,0,1,5,0,31.0,0,1
9,3,0,0,1,12,0,1,5,1,45.0,0,1
9,3,0,0,1,12,0,1,5,0,15.0,0,1
8,3,0,0,1,5,0,0,5,0,31.0,0,1
9,3,0,0,1,12,0,1,2,1,13.0,0,1
49,0,2,0,0,12,2,1,5,0,28.0,0,1
32,10,2,0,1,12,2,1,5,0,20.0,0,1
31,7,1,0,1,12,0,1,5,0,34.0,0,1
32,10,2,0,1,12,2,1,2,1,35.0,0,1
8,3,0,0,1,12,0,1,5,0,19.0,0,1
9,3,0,0,1,12,0,0,2,1,15.0,0,1
32,10,2,0,1,12,0,1,5,0,17.0,0,1
16,19,1,0,1,12,0,1,5,0,38.0,0,1
9,3,0,0,1,12,0,0,5,0,54.0,0,1
32,10,2,0,1,3,0,1,5,0,26.0,0,1
16,19,1,0,1,12,0,1,5,0,27.0,0,1
16,19,1,0,1,12,0,1,2,1,65.0,0,1
40,30,2,0,1,3,2,1,5,0,28.0,0,1
40,30,2,0,1,1,0,1,2,1,17.0,0,1
40,30,2,0,1,5,2,1,5,1,38.0,0,1
32,10,2,0,1,6,0,0,5,1,23.0,0,1
8,3,0,0,1,12,0,0,5,1,34.0,0,1
9,3,0,0,1,12,0,1,5,0,50.0,0,1
9,3,0,0,1,5,2,1,5,0,34.0,0,1
9,3,0,0,1,12,0,0,5,0,37.0,0,1
32,10,2,0,1,12,0,1,5,0,31.0,0,1
13,5,1,1,1,12,0,1,5,0,23.0,0,1
9,3,0,0,1,12,0,1,5,1,24.0,0,1
32,10,2,0,1,12,0,0,5,0,21.0,1,1
16,19,1,0,1,0,0,1,5,0,26.0,0,1
21,21,1,1,1,12,0,1,5,0,22.0,0,1
32,10,2,0,1,12,0,1,5,0,36.0,0,1
32,10,2,0,1,12,2,0,5,0,53.0,0,1
32,10,2,0,1,12,0,1,5,1,51.0,0,1
13,5,1,1,1,12,0,1,5,0,29.0,0,1
30,28,1,0,1,12,0,1,5,0,42.0,0,1
16,19,1,0,1,12,0,1,5,0,27.0,0,1
32,10,2,0,1,12,2,0,5,1,39.0,0,1
9,3,0,0,1,12,0,1,5,0,39.0,0,1
31,7,1,0,1,12,2,1,5,1,51.0,0,1
32,10,2,0,1,12,0,1,5,0,32.0,0,1
9,3,0,0,1,12,0,1,5,1,46.0,0,1
9,3,0,0,1,12,0,1,5,0,28.0,0,1
8,3,0,0,1,3,0,1,5,1,24.0,0,1
40,30,2,0,1,12,0,1,5,0,30.0,0,1
18,19,1,1,1,12,0,0,5,0,31.0,0,1
30,28,1,0,1,12,2,1,5,1,36.0,0,1
29,11,1,1,1,12,0,0,5,1,42.0,0,1
9,3,0,0,1,12,0,1,5,1,49.0,0,1
32,10,2,0,1,12,0,0,5,0,39.0,0,1
9,3,0,0,1,12,0,1,5,0,31.0,0,1
32,10,2,0,1,5,0,1,5,1,30.0,0,1
32,10,2,0,1,12,0,1,5,1,27.0,0,1
32,10,2,0,1,12,0,1,5,0,46.0,0,1
32,10,2,0,1,12,0,0,5,1,30.0,0,1
30,28,1,0,1,12,0,1,5,0,31.0,0,1
32,10,2,0,1,12,0,1,5,0,35.0,0,1
32,10,2,0,1,12,2,0,5,0,48.0,0,1
32,10,2,0,1,12,2,1,5,0,33.0,0,1
9,3,0,0,1,12,0,0,5,0,26.0,0,1
9,3,0,0,1,12,2,1,5,0,56.0,0,1
8,3,0,0,1,12,0,1,5,0,24.0,1,1
30,28,1,0,1,12,0,0,5,0,50.0,0,1
8,3,0,0,1,12,0,1,5,0,34.0,0,1
43,8,2,0,0,12,2,0,5,2,18.0,0,1
9,3,0,0,1,12,2,1,5,0,20.0,0,1
21,21,1,1,1,12,2,1,5,2,22.0,0,1
9,3,0,0,1,12,1,1,5,1,43.0,0,1
32,10,2,0,1,12,2,1,5,2,39.0,0,1
9,3,0,0,1,12,2,0,5,0,56.0,0,1
31,7,1,0,1,12,1,1,0,0,30.0,0,1
13,5,1,1,1,12,2,1,5,1,27.0,0,1
9,3,0,0,1,12,2,1,5,1,61.0,0,1
16,19,1,0,1,12,2,1,5,0,36.0,0,1
10,3,0,0,1,12,2,1,5,0,36.0,0,1
32,10,2,0,1,12,0,1,5,0,30.0,0,1
9,3,0,0,1,12,0,0,5,1,31.0,1,1
9,3,0,0,1,12,0,0,5,0,26.0,0,1
20,19,1,1,1,12,0,1,5,1,40.0,0,1
9,3,0,0,1,12,2,0,5,1,56.0,0,1
20,19,1,1,1,12,0,1,5,1,41.0,0,1
9,3,0,0,1,12,0,0,5,1,40.0,0,1
31,7,1,0,1,12,0,1,5,1,29.0,0,1
9,3,0,0,1,12,0,1,5,0,33.0,0,1
8,3,0,0,1,12,0,1,0,1,42.0,0,1
9,3,0,0,1,12,1,1,0,1,39.0,0,1
13,5,1,1,1,12,0,1,5,0,28.0,0,1
10,3,0,0,1,12,0,1,0,1,38.0,0,1
32,10,2,0,1,12,0,1,5,0,28.0,0,1
9,3,0,0,1,12,1,1,5,0,20.0,0,1
32,10,2,0,1,12,0,0,5,1,45.0,0,1
32,10,2,0,1,12,2,1,5,0,34.0,0,1
46,20,2,0,0,12,0,1,0,1,32.0,0,1
16,19,1,0,1,12,1,0,5,0,42.0,0,1
8,3,0,0,1,12,2,1,5,0,22.0,0,1
8,3,0,0,1,12,1,1,5,0,46.0,0,1
8,3,0,0,1,5,2,1,5,0,42.0,0,1
8,3,0,0,1,12,1,1,5,1,21.0,0,1
9,3,0,0,1,12,2,1,5,0,23.0,0,1
20,19,1,1,1,12,2,1,5,0,30.0,0,1
8,3,0,0,1,12,2,1,5,0,33.0,0,1
9,3,0,0,1,12,1,1,5,3,54.0,0,1
9,3,0,0,1,6,1,1,5,0,62.0,0,1
8,3,0,0,1,12,2,1,5,0,35.0,0,1
30,28,1,0,1,12,2,1,5,0,38.0,0,1
32,10,2,0,1,12,2,1,5,1,30.0,0,1
16,19,1,0,1,12,1,1,5,0,32.0,0,1
16,19,1,0,1,12,2,0,5,0,25.0,0,1
32,10,2,0,1,12,2,1,5,0,24.0,0,1
9,3,0,0,1,12,0,0,0,1,29.0,0,1
13,5,1,1,1,12,0,1,5,0,27.0,0,1
2,18,0,0,1,12,2,1,0,1,31.0,0,1
47,29,2,0,0,12,0,1,0,1,23.0,0,1
49,0,2,0,0,12,0,1,0,1,20.0,0,1
32,10,2,0,1,12,0,1,0,1,57.0,0,1
44,9,2,0,0,12,2,1,5,2,59.0,0,1
3,26,0,0,1,12,2,1,5,2,32.0,0,1
10,3,0,0,1,12,2,1,5,2,40.0,0,1
8,3,0,0,1,12,2,1,5,2,19.0,0,1
9,3,0,0,1,12,2,1,5,0,56.0,0,1
13,5,1,1,1,12,2,1,5,0,29.0,0,1
9,3,0,0,1,12,0,0,5,1,30.0,0,1
9,3,0,0,1,12,0,1,5,0,24.0,0,1
32,10,2,0,1,12,1,1,5,0,25.0,0,1
13,5,1,1,1,12,0,1,5,0,44.0,0,1
13,5,1,1,1,12,0,1,5,0,44.0,0,1
13,5,1,1,1,12,0,1,5,0,29.0,0,1
31,7,1,0,1,12,0,0,5,0,19.0,0,1
32,10,2,0,1,12,0,0,5,0,34.0,0,1
30,28,1,0,1,12,0,0,5,0,25.5,1,1
9,3,0,0,1,12,0,1,5,0,31.0,0,1
30,28,1,0,1,12,0,1,5,0,24.0,0,1
9,3,0,0,1,12,1,0,5,0,16.0,1,1
9,3,0,0,1,12,2,0,5,0,16.0,0,1
23,14,1,1,1,12,0,0,5,0,49.0,0,1
40,30,2,0,1,5,2,0,5,0,13.0,0,1
9,3,0,0,1,12,1,1,5,0,16.0,0,1
9,3,0,0,1,12,0,1,1,1,36.0,0,1
8,3,0,0,1,12,0,1,2,1,22.0,0,1
6,26,0,0,1,12,1,1,5,0,17.0,0,1
9,3,0,0,1,12,0,1,5,0,49.0,0,1
13,5,1,1,1,12,0,1,5,0,49.0,0,1
9,3,0,0,1,12,0,0,5,0,36.0,0,1
9,3,0,0,1,0,0,0,5,0,41.0,0,1
21,21,1,1,1,12,0,0,5,0,47.0,0,1
42,1,2,0,0,1,0,1,5,0,64.0,0,1
9,3,0,0,1,0,0,1,5,0,37.0,0,1
9,3,0,0,1,12,0,1,5,1,60.0,0,1
32,10,2,0,1,12,1,1,5,1,33.0,0,1
40,30,2,0,1,0,0,1,5,1,40.0,0,1
46,20,2,0,0,12,0,1,0,1,19.0,0,1
16,19,1,0,1,12,0,0,0,1,32.0,0,1
8,3,0,0,1,12,0,1,0,1,41.0,0,1
16,19,1,0,1,12,1,1,5,1,19.0,0,1
10,3,0,0,1,12,0,1,0,1,58.0,0,1
9,3,0,0,1,12,2,1,0,1,39.0,0,1
9,3,0,0,1,12,0,1,2,1,18.0,0,1
32,10,2,0,1,10,0,0,0,1,30.0,0,1
40,30,2,0,1,3,0,1,5,1,46.0,0,1
16,19,1,0,1,12,2,1,0,1,27.0,0,1
9,3,0,0,1,12,0,1,0,1,38.0,0,1
16,19,1,0,1,12,1,0,5,1,19.0,0,1
9,3,0,0,1,12,2,1,0,1,39.0,0,1
16,19,1,0,1,12,0,1,0,1,39.0,0,1
9,3,0,0,1,12,0,1,5,1,23.0,0,1
2,18,0,0,1,12,0,0,0,1,33.0,0,1
9,3,0,0,1,12,2,1,5,0,32.0,0,1
9,3,0,0,1,12,2,1,0,1,22.0,0,1
9,3,0,0,1,12,0,1,0,1,51.0,0,1
20,19,1,1,1,12,0,1,0,1,22.0,0,1
16,19,1,0,1,12,0,0,0,1,46.0,0,1
9,3,0,0,1,12,2,1,5,1,44.0,0,1
8,3,0,0,1,12,2,1,2,1,40.0,0,1
32,10,2,0,1,12,0,1,5,0,58.0,0,1
9,3,0,0,1,12,2,0,0,1,42.0,0,1
9,3,0,0,1,12,2,0,0,1,22.0,0,1
32,10,2,0,1,12,0,0,5,1,45.0,0,1
10,3,0,0,1,12,0,1,2,1,31.0,0,1
2,18,0,0,1,12,0,1,0,1,20.0,1,1
9,3,0,0,1,12,1,1,5,1,55.0,0,1
9,3,0,0,1,12,0,0,5,1,57.0,0,1
8,3,0,0,1,12,2,1,0,1,30.0,0,1
31,7,1,0,1,12,0,1,0,1,38.0,0,1
9,3,0,0,1,12,2,1,0,1,43.0,0,1
9,3,0,0,1,5,0,1,0,1,60.0,0,1
17,19,1,1,1,12,1,1,0,1,23.0,0,1
9,3,0,0,1,12,0,1,0,1,34.0,0,1
9,3,0,0,1,12,1,1,0,1,29.0,0,1
32,10,2,0,1,12,2,1,0,1,36.0,0,1
16,19,1,0,1,12,0,1,0,1,41.0,0,1
9,3,0,0,1,12,0,1,5,1,14.0,0,1
30,28,1,0,1,12,0,1,5,1,36.0,0,1
32,10,2,0,1,5,0,1,5,1,44.0,0,1
40,30,2,0,1,12,2,1,5,0,43.0,0,1
13,5,1,1,1,12,0,1,0,1,18.0,1,1
16,19,1,0,1,12,0,1,5,0,25.0,0,1
16,19,1,0,1,12,1,1,5,0,19.0,0,1
9,3,0,0,1,12,2,1,0,1,37.0,0,1
9,3,0,0,1,12,0,1,0,1,30.0,0,1
21,21,1,1,1,12,2,1,5,1,29.0,0,1
31,7,1,0,1,12,1,0,5,1,29.0,0,1
9,3,0,0,1,12,2,1,5,0,56.0,0,1
9,3,0,0,1,12,0,0,2,1,14.0,0,1
10,3,0,0,1,12,0,1,0,1,30.0,0,1
13,5,1,1,1,12,2,1,5,1,29.0,0,1
16,19,1,0,1,12,0,0,5,0,21.0,0,1
9,3,0,0,1,12,0,1,0,0,29.5,1,1
2,18,0,0,1,12,2,1,5,1,46.0,0,1
13,5,1,1,1,12,2,1,0,1,36.0,0,1
9,3,0,0,1,12,2,1,0,1,32.0,0,1
29,11,1,1,1,12,1,0,0,1,34.0,0,1
16,19,1,0,1,12,1,1,5,1,42.0,0,1
16,19,1,0,1,12,2,0,5,1,20.0,0,1
21,21,1,1,1,12,0,1,5,1,26.0,0,1
16,19,1,0,1,12,1,1,0,1,22.0,0,1
47,29,2,0,0,12,0,1,5,0,38.0,0,1
9,3,0,0,1,12,0,1,0,1,34.0,0,1
31,7,1,0,1,12,0,1,5,1,44.0,0,1
9,3,0,0,1,12,2,0,0,1,18.0,0,1
16,19,1,0,1,12,0,0,0,1,47.0,0,1
8,3,0,0,1,5,0,1,5,0,23.0,0,1
9,3,0,0,1,12,0,1,5,0,27.0,0,1
32,10,2,0,1,12,1,1,5,0,18.0,0,1
8,3,0,0,1,12,0,1,0,1,15.0,0,1
21,21,1,1,1,12,0,1,5,1,25.0,0,1
9,3,0,0,1,12,1,0,0,1,41.0,0,1
8,3,0,0,1,12,2,1,0,1,40.0,0,1
9,3,0,0,1,12,0,0,0,1,29.0,0,1
40,30,2,0,1,12,2,1,5,1,38.0,0,1
29,11,1,1,1,12,1,0,0,1,47.0,0,1
9,3,0,0,1,12,1,0,0,1,22.0,0,1
16,19,1,0,1,12,2,1,5,1,25.0,0,1
9,3,0,0,1,12,0,1,0,1,29.0,0,1
32,10,2,0,1,12,0,1,5,1,37.0,0,1
8,3,0,0,1,0,0,0,5,1,48.0,0,1
9,3,0,0,1,12,0,0,0,1,37.0,0,1
32,10,2,0,1,12,0,1,5,1,44.0,0,1
13,5,1,1,1,12,0,0,5,1,43.0,0,1
9,3,0,0,1,12,0,1,0,1,34.0,0,1
8,3,0,0,1,12,0,1,0,1,35.0,0,1
16,19,1,0,1,12,0,1,0,1,43.0,0,1
32,10,2,0,1,12,0,0,5,1,32.0,0,1
31,7,1,0,1,12,0,1,0,1,31.0,0,1
32,10,2,0,1,12,0,0,5,1,20.0,0,1
8,3,0,0,1,12,0,1,0,1,23.0,0,1
16,19,1,0,1,12,0,1,5,1,29.0,0,1
16,19,1,0,1,12,0,1,0,1,22.0,0,1
9,3,0,0,1,12,1,1,0,1,27.0,0,1
9,3,0,0,1,12,0,0,0,1,23.0,0,1
9,3,0,0,1,12,0,1,0,1,26.0,0,1
31,7,1,0,1,12,0,0,5,0,34.0,0,1
40,30,2,0,1,0,0,1,0,1,30.0,0,1
16,19,1,0,1,12,0,1,5,1,24.0,0,1
9,3,0,0,1,12,0,1,0,1,30.0,0,1
9,3,0,0,1,12,0,0,0,1,31.0,0,1
8,3,0,0,1,12,0,1,0,1,25.0,0,1
16,19,1,0,1,12,0,1,0,1,38.0,0,1
9,3,0,0,1,12,0,0,0,1,23.0,0,1
9,3,0,0,1,12,1,1,0,1,35.0,0,1
16,19,1,0,1,12,0,1,0,1,37.0,0,1
17,19,1,1,1,12,2,0,0,1,31.0,0,1
32,10,2,0,1,12,0,1,0,1,32.5,1,1
9,3,0,0,1,12,2,0,5,0,23.0,0,1
9,3,0,0,1,12,0,1,0,1,44.5,1,1
8,3,0,0,1,12,0,1,2,1,38.0,0,1
16,19,1,0,1,12,0,1,0,1,34.0,0,1
9,3,0,0,1,12,0,0,0,1,40.0,0,1
9,3,0,0,1,12,2,1,5,0,31.5,1,1
8,3,0,0,1,12,0,1,5,1,21.0,0,1
9,3,0,0,1,12,0,0,5,0,39.0,0,1
9,3,0,0,1,12,0,0,0,1,47.0,0,1
32,10,2,0,1,12,0,0,5,0,26.75,1,1
18,19,1,1,1,12,0,1,5,1,35.0,0,1
8,3,0,0,1,12,0,1,5,0,13.0,0,1
21,21,1,1,1,12,0,0,5,0,34.0,0,1
16,19,1,0,1,12,0,1,5,1,36.0,0,1
13,5,1,1,1,12,0,0,5,0,37.0,0,1
2,18,0,0,1,12,0,1,0,1,36.0,0,1
32,10,2,0,1,12,0,1,5,1,33.0,0,1
32,10,2,0,1,12,0,1,5,0,39.0,0,1
9,3,0,0,1,12,0,1,5,3,26.0,0,1
13,5,1,1,1,12,0,1,5,0,42.0,0,1
32,10,2,0,1,12,0,1,5,1,28.0,0,1
32,10,2,0,1,12,0,0,5,0,37.0,0,1
16,19,1,0,1,12,0,1,5,0,26.0,0,1
21,21,1,1,1,12,0,1,5,0,20.0,0,1
32,10,2,0,1,12,0,1,5,1,36.5,1,1
16,19,1,0,1,12,0,1,5,3,25.0,0,1
9,3,0,0,1,12,0,1,5,0,53.0,0,1
16,19,1,0,1,12,0,1,5,0,33.0,0,1
8,3,0,0,1,12,0,0,5,0,51.0,0,1
32,10,2,0,1,12,0,1,5,0,45.0,0,1
16,19,1,0,1,12,0,0,5,0,32.0,0,1
32,10,2,0,1,12,0,1,5,0,22.0,0,1
8,3,0,0,1,12,0,1,5,0,24.0,0,1
16,19,1,0,1,12,0,0,5,0,40.0,0,1
8,3,0,0,1,5,0,1,5,0,31.0,0,1
13,5,1,1,1,12,0,1,5,0,29.0,0,1
9,3,0,0,1,12,0,1,5,0,26.0,0,1
32,10,2,0,1,12,0,1,5,1,41.0,0,1
32,10,2,0,1,12,0,0,5,0,30.5,1,1
32,10,2,0,1,12,0,1,5,1,53.0,0,1
16,19,1,0,1,12,0,0,5,1,34.0,0,1
16,19,1,0,1,12,0,1,5,0,44.0,0,1
9,3,0,0,1,12,0,1,5,1,55.0,0,1
32,10,2,0,1,12,0,1,5,0,28.0,0,1
8,3,0,0,1,12,0,1,5,0,33.0,0,1
8,3,0,0,1,1,0,1,5,0,20.0,0,1
31,7,1,0,1,12,0,0,5,0,40.0,0,1
8,3,0,0,1,12,0,1,5,0,42.0,0,1
32,10,2,0,1,12,0,0,5,0,33.0,0,1
9,3,0,0,1,12,0,1,5,0,54.0,0,1
32,10,2,0,1,12,0,1,5,1,53.0,0,1
8,3,0,0,1,12,0,1,4,1,36.0,0,1
32,10,2,0,1,5,0,1,5,0,59.0,0,1
16,19,1,0,1,12,0,0,5,0,29.0,0,1
13,5,1,1,1,12,0,1,5,0,36.0,0,1
9,3,0,0,1,12,0,1,5,1,55.0,0,1
8,3,0,0,1,12,0,0,5,1,58.0,0,1
16,19,1,0,1,12,0,1,5,0,39.0,0,1
6,26,0,0,1,12,0,1,0,1,29.0,0,1
30,28,1,0,1,12,0,1,5,1,42.0,0,1
30,28,1,0,1,12,0,1,5,0,38.0,0,1
16,19,1,0,1,12,0,0,5,0,64.0,0,1
8,3,0,0,1,12,0,0,5,1,44.0,0,1
9,3,0,0,1,12,0,0,5,1,32.0,0,1
16,19,1,0,1,12,0,1,5,0,61.0,0,1
9,3,0,0,1,12,0,1,5,1,48.0,0,1
2,18,0,0,1,12,0,1,5,0,39.0,0,1
8,3,0,0,1,5,0,1,5,1,58.0,0,1
13,5,1,1,1,12,0,1,5,1,41.0,0,1
32,10,2,0,1,0,0,0,5,1,30.0,0,1
32,10,2,0,1,12,0,1,1,1,53.0,0,1
32,10,2,0,1,12,0,1,5,0,36.0,0,1
9,3,0,0,1,12,0,1,5,1,26.0,0,1
32,10,2,0,1,12,0,1,5,3,25.0,0,1
9,3,0,0,1,12,0,1,5,0,43.0,0,1
8,3,0,0,1,12,0,1,5,0,35.0,0,1
9,3,0,0,1,12,0,1,2,1,40.0,0,1
16,19,1,0,1,12,0,1,2,1,37.0,0,1
8,3,0,0,1,12,0,1,5,1,46.0,0,1
13,5,1,1,1,12,0,1,5,0,29.0,0,1
32,10,2,0,1,12,0,0,0,1,33.0,0,1
16,19,1,0,1,12,0,1,5,0,32.0,0,1
16,19,1,0,1,12,0,0,4,0,34.0,0,1
18,19,1,1,1,12,0,1,5,0,25.0,0,1
32,10,2,0,1,12,0,1,5,1,35.0,0,1
16,19,1,0,1,12,0,1,5,0,27.0,0,1
20,19,1,1,1,12,0,0,5,0,36.0,0,1
16,19,1,0,1,12,0,0,5,0,47.0,0,1
16,19,1,0,1,12,0,1,5,1,64.0,0,1
9,3,0,0,1,12,0,1,5,0,25.0,0,1
9,3,0,0,1,12,0,0,5,0,41.0,0,1
32,10,2,0,1,12,0,1,5,0,30.0,0,1
16,19,1,0,1,5,0,1,5,0,30.0,0,1
16,19,1,0,1,12,0,1,5,0,24.0,0,1
16,19,1,0,1,12,0,0,5,1,34.0,0,1
16,19,1,0,1,12,0,1,5,3,30.0,0,1
30,28,1,0,1,12,0,0,5,1,24.0,0,1
13,5,1,1,1,12,0,1,2,1,26.0,0,1
32,10,2,0,1,12,0,1,5,1,20.0,0,1
16,19,1,0,1,12,0,1,0,1,35.0,0,1
9,3,0,0,1,12,0,1,5,0,64.0,0,1
6,26,0,0,1,12,2,1,5,0,10.0,0,1
16,19,1,0,1,12,1,1,5,1,40.0,0,1
32,10,2,0,1,12,0,1,5,0,33.0,0,1
9,3,0,0,1,12,2,0,5,0,12.0,0,1
9,3,0,0,1,12,0,1,5,0,41.0,0,1
9,3,0,0,1,12,0,1,5,0,37.0,0,1
16,19,1,0,1,12,1,0,5,0,27.0,0,1
9,3,0,0,1,12,0,1,5,0,30.0,0,1
8,3,0,0,1,5,0,1,5,0,74.0,0,1
9,3,0,0,1,12,2,1,4,3,13.0,0,1
32,10,2,0,1,12,2,1,5,0,16.0,0,1
9,3,0,0,1,12,0,1,5,0,30.0,0,1
16,19,1,0,1,12,0,0,5,0,38.0,0,1
9,3,0,0,1,12,0,1,5,0,28.0,0,1
9,3,0,0,1,12,2,0,5,0,14.0,0,1
9,3,0,0,1,0,1,0,5,1,65.0,0,1
16,19,1,0,1,12,1,1,5,0,36.0,0,1
9,3,0,0,1,5,0,1,5,0,33.0,0,1
9,3,0,0,1,12,2,1,4,3,13.0,0,1
32,10,2,0,1,12,0,1,5,0,31.0,0,1
33,10,2,0,1,12,1,0,5,1,32.0,0,1
16,19,1,0,1,12,1,1,5,1,60.0,0,1
21,21,1,1,1,12,0,1,5,0,21.0,0,1
9,3,0,0,1,12,2,0,5,0,15.0,0,1
21,21,1,1,1,12,0,1,5,0,41.0,0,1
16,19,1,0,1,12,1,1,5,0,32.0,0,1
9,3,0,0,1,12,2,1,5,1,15.0,0,1
16,19,1,0,1,12,0,1,5,0,34.0,0,1
9,3,0,0,1,12,1,1,5,0,27.0,0,1
9,3,0,0,1,12,2,1,5,3,10.0,0,1
8,3,0,0,1,0,0,1,5,0,19.0,0,1
8,3,0,0,1,12,0,1,5,0,24.0,0,1
0,16,0,0,1,5,0,1,2,1,31.0,0,1
32,10,2,0,1,12,0,1,5,0,31.0,0,1
16,19,1,0,1,12,1,1,5,1,27.0,0,1
21,21,1,1,1,12,0,1,5,0,28.0,0,1
16,19,1,0,1,12,1,0,5,1,37.0,0,1
9,3,0,0,1,12,2,1,5,0,17.0,0,1
43,8,2,0,0,12,1,0,5,0,32.0,1,1
30,28,1,0,1,12,0,1,5,0,15.5,1,1
9,3,0,0,1,12,2,1,5,0,14.0,0,1
9,3,0,0,1,12,2,1,2,1,11.0,0,1
31,7,1,0,1,12,0,0,5,0,39.0,0,1
8,3,0,0,1,5,0,1,2,0,35.5,1,1
8,3,0,0,1,12,0,1,5,0,36.0,0,1
9,3,0,0,1,12,0,1,5,0,19.0,0,1
32,10,2,0,1,12,0,1,5,0,27.0,0,1
40,30,2,0,1,5,0,1,5,0,14.0,0,1
32,10,2,0,1,12,2,1,5,0,15.0,0,1
16,19,1,0,1,12,2,1,5,0,17.0,0,1
23,14,1,1,1,12,0,0,5,0,31.0,0,1
9,3,0,0,1,12,2,0,4,3,13.0,0,1
9,3,0,0,1,12,2,0,5,0,14.0,0,1
9,3,0,0,1,12,0,0,5,0,32.0,0,1
9,3,0,0,1,12,0,1,4,3,75.0,0,1
17,19,1,1,1,12,2,1,4,3,13.0,0,1
32,10,2,0,1,12,2,0,5,0,13.0,0,1
16,19,1,0,1,12,1,0,5,0,32.0,1,1
32,10,2,0,1,12,2,0,5,0,15.0,0,1
9,3,0,0,1,12,2,0,4,3,15.0,0,1
13,5,1,1,1,12,0,1,5,1,32.0,0,1
9,3,0,0,1,12,0,1,5,1,35.0,0,1
9,3,0,0,1,12,0,0,5,0,38.0,0,1
32,10,2,0,1,12,0,1,5,0,38.0,0,1
49,0,2,0,0,12,0,1,5,1,53.0,0,1
16,19,1,0,1,12,0,1,5,0,43.0,0,1
16,19,1,0,1,12,0,1,4,3,27.0,0,1
9,3,0,0,1,12,2,1,5,0,15.0,0,1
9,3,0,0,1,12,0,1,5,0,24.0,0,1
8,3,0,0,1,5,0,0,5,0,38.0,0,1
9,3,0,0,1,12,0,1,5,0,40.0,0,1
9,3,0,0,1,12,0,1,5,0,18.0,0,1
9,3,0,0,1,12,2,0,5,1,14.0,0,1
9,3,0,0,1,12,0,0,5,0,31.0,0,1
32,10,2,0,1,12,2,1,5,0,17.0,0,1
9,3,0,0,1,12,0,1,5,0,44.0,0,1
9,3,0,0,1,12,0,1,5,0,27.0,0,1
32,10,2,0,1,12,2,1,5,3,15.0,0,1
9,3,0,0,1,0,2,1,5,0,13.0,0,1
9,3,0,0,1,12,0,1,5,0,28.0,0,1
8,3,0,0,1,5,0,1,5,0,46.0,0,1
9,3,0,0,1,12,0,1,5,0,46.0,0,1
40,30,2,0,1,5,2,1,5,0,16.0,0,1
8,3,0,0,1,5,0,1,2,1,39.0,0,1
9,3,0,0,1,12,0,0,5,0,21.0,0,1
9,3,0,0,1,12,2,0,5,0,13.0,0,1
16,19,1,0,1,12,0,0,5,0,31.0,0,1
32,10,2,0,1,12,0,1,5,0,29.0,0,1
9,3,0,0,1,12,2,1,5,0,14.0,1,1
16,19,1,0,1,12,1,1,5,0,30.0,0,1
9,3,0,0,1,12,1,1,5,0,30.0,0,1
3,26,0,0,1,12,0,1,5,0,38.0,0,1
2,18,0,0,1,12,0,1,5,0,38.0,0,1
9,3,0,0,1,12,0,1,4,3,62.0,0,1
8,3,0,0,1,5,0,1,5,0,27.0,0,1
16,19,1,0,1,12,1,0,5,0,38.0,0,1
9,3,0,0,1,12,2,0,5,0,17.0,0,1
32,10,2,0,1,12,0,1,5,0,30.0,0,1
16,19,1,0,1,12,0,1,5,1,32.0,0,1
49,0,2,0,0,12,0,0,4,3,24.5,1,1
8,3,0,0,1,5,0,0,2,1,51.0,0,1
9,3,0,0,1,5,0,1,5,1,26.0,0,1
16,19,1,0,1,12,2,1,5,1,15.0,0,1
30,28,1,0,1,12,0,1,5,0,39.0,0,1
9,3,0,0,1,12,0,1,5,0,21.0,0,1
9,3,0,0,1,12,0,0,5,1,34.0,0,1
10,3,0,0,1,12,2,0,4,3,13.0,0,1
9,3,0,0,1,12,0,1,5,0,44.0,0,1
16,19,1,0,1,12,1,0,5,0,46.0,0,1
32,10,2,0,1,12,0,1,5,1,44.0,0,1
30,28,1,0,1,12,0,0,5,0,27.0,0,1
10,3,0,0,1,12,0,0,5,1,51.0,0,1
32,10,2,0,1,12,0,1,5,1,32.0,0,1
16,19,1,0,1,12,1,1,4,3,23.0,0,1
9,3,0,0,1,12,0,1,5,0,33.0,0,1
40,30,2,0,1,0,0,1,5,0,32.0,0,1
9,3,0,0,1,12,2,0,5,0,13.0,0,1
13,5,1,1,1,12,0,1,5,0,39.0,0,1
9,3,0,0,1,12,0,1,5,0,25.0,0,1
49,0,2,0,0,12,0,1,5,1,31.0,0,1
16,19,1,0,1,12,0,1,5,0,39.0,0,1
16,19,1,0,1,12,1,1,4,3,28.0,0,1
9,3,0,0,1,12,0,1,5,0,41.0,0,1
9,3,0,0,1,12,0,1,5,0,19.0,0,1
9,3,0,0,1,12,0,1,4,2,21.0,0,1
40,30,2,0,1,1,2,1,5,0,17.0,0,1
9,3,0,0,1,12,0,1,4,3,47.0,0,1
16,19,1,0,1,12,0,0,5,1,31.0,0,1
24,14,1,1,1,12,0,0,5,0,34.0,0,1
16,19,1,0,1,12,1,0,5,0,40.0,0,1
18,19,1,1,1,12,0,1,5,0,24.0,0,1
16,19,1,0,1,12,1,1,5,0,34.0,0,1
16,19,1,0,1,12,1,0,5,1,46.0,0,1
9,3,0,0,1,12,0,0,4,2,28.0,0,1
16,19,1,0,1,12,1,1,5,0,34.0,0,1
9,3,0,0,1,12,0,1,5,1,48.0,0,1
40,30,2,0,1,5,2,0,4,3,13.0,0,1
16,19,1,0,1,12,1,1,5,1,48.0,0,1
49,0,2,0,0,12,0,0,5,0,30.0,1,1
9,3,0,0,1,12,2,0,0,1,28.0,0,1
21,21,1,1,1,12,2,1,5,0,29.0,0,1
9,3,0,0,1,12,1,1,4,3,15.0,0,1
16,19,1,0,1,12,1,1,5,0,30.0,0,1
9,3,0,0,1,12,1,0,0,1,23.0,0,1
31,7,1,0,1,12,1,0,5,1,30.0,0,1
16,19,1,0,1,12,1,0,4,3,57.0,0,1
9,3,0,0,1,12,1,0,5,1,38.0,0,1
9,3,0,0,1,12,1,1,5,1,37.0,0,1
31,7,1,0,1,12,1,1,5,0,30.0,0,1
31,7,1,0,1,5,1,1,5,3,32.0,0,1
13,5,1,1,1,12,2,1,5,0,45.0,0,1
9,3,0,0,1,12,1,0,5,0,21.0,0,1
9,3,0,0,1,12,1,1,5,3,42.0,0,1
9,3,0,0,1,12,1,1,5,1,31.0,0,1
9,3,0,0,1,12,1,0,5,1,35.0,0,1
9,3,0,0,1,12,1,0,4,3,28.0,0,1
17,19,1,1,1,12,1,0,4,3,26.0,0,1
33,10,2,0,1,12,1,0,4,3,17.0,0,1
16,19,1,0,1,12,1,1,5,1,39.0,0,1
8,3,0,0,1,12,1,0,2,1,19.0,0,1
33,10,2,0,1,12,1,1,5,1,36.0,1,1
9,3,0,0,1,12,1,1,4,3,75.0,0,1
9,3,0,0,1,12,1,0,2,1,59.0,0,1
31,7,1,0,1,12,1,1,5,1,22.0,0,1
9,3,0,0,1,12,1,1,4,3,69.0,0,1
20,19,1,1,1,12,1,0,5,3,30.0,0,1
9,3,0,0,1,12,1,1,4,0,32.0,0,1
9,3,0,0,1,12,1,0,5,0,60.0,0,1
23,14,1,1,1,12,2,0,5,1,37.0,0,1
8,3,0,0,1,12,1,1,5,0,42.0,0,1
31,7,1,0,1,12,2,1,0,1,35.0,0,1
9,3,0,0,1,12,2,1,5,1,39.0,0,1
9,3,0,0,1,12,1,1,0,1,23.0,0,1
9,3,0,0,1,12,1,0,0,1,33.0,0,1
32,10,2,0,1,12,2,0,5,3,24.0,0,1
9,3,0,0,1,12,1,0,5,1,35.0,0,1
9,3,0,0,1,12,2,1,2,3,31.0,0,1
13,5,1,1,1,12,2,0,5,3,26.0,0,1
9,3,0,0,1,12,1,1,4,3,41.0,0,1
9,3,0,0,1,12,2,1,5,3,38.0,0,1
9,3,0,0,1,12,1,0,5,0,23.0,0,1
9,3,0,0,1,12,1,0,5,3,16.0,0,1
40,30,2,0,1,12,2,1,5,0,18.0,0,1
16,19,1,0,1,12,1,1,5,3,22.0,0,1
40,30,2,0,1,12,2,1,5,1,24.0,0,1
9,3,0,0,1,12,2,1,2,3,22.0,0,1
21,21,1,1,1,12,2,1,5,0,37.0,0,1
16,19,1,0,1,12,2,1,2,1,33.0,0,1
32,10,2,0,1,12,2,0,4,3,44.0,0,1
10,3,0,0,1,4,1,1,5,0,45.0,0,1
31,7,1,0,1,12,2,1,5,3,25.0,0,1
9,3,0,0,1,12,1,1,5,3,46.0,0,1
9,3,0,0,1,12,1,1,5,3,62.0,0,1
9,3,0,0,1,12,1,0,5,3,37.0,0,1
9,3,0,0,1,12,1,1,5,0,24.0,0,1
8,3,0,0,1,12,2,1,0,1,40.0,0,1
33,10,2,0,1,12,2,1,5,1,59.0,0,1
9,3,0,0,1,12,1,0,5,3,21.0,0,1
9,3,0,0,1,12,1,1,5,1,55.0,0,1
16,19,1,0,1,12,1,1,4,3,30.0,0,1
11,2,1,0,1,12,2,0,5,1,34.0,0,1
7,25,1,1,1,6,2,1,4,0,29.0,0,1
33,10,2,0,1,12,1,1,5,0,25.0,0,1
16,19,1,0,1,12,2,0,0,1,34.0,0,1
9,3,0,0,1,12,1,1,2,3,44.0,0,1
32,10,2,0,1,12,2,1,2,1,21.0,0,1
9,3,0,0,1,12,2,0,4,3,24.0,0,1
9,3,0,0,1,12,1,0,5,0,51.0,0,1
9,3,0,0,1,12,1,1,5,1,25.0,0,1
9,3,0,0,1,12,1,0,5,1,29.0,1,1
8,3,0,0,1,12,2,1,2,0,35.0,0,1
9,3,0,0,1,12,1,0,0,1,30.0,0,1
30,28,1,0,1,12,2,1,5,3,37.0,0,1
40,30,2,0,1,3,2,1,4,3,23.0,0,1
9,3,0,0,1,12,1,1,5,0,25.0,0,1
9,3,0,0,1,12,1,1,2,1,19.0,0,1
8,3,0,0,1,12,2,1,5,0,36.0,0,1
9,3,0,0,1,12,1,0,5,0,28.0,0,1
32,10,2,0,1,12,2,0,5,3,36.0,0,1
32,10,2,0,1,12,2,0,4,0,32.0,0,1
31,7,1,0,1,12,1,1,5,0,23.0,0,1
8,3,0,0,1,12,2,1,5,0,42.0,0,1
32,10,2,0,1,12,2,1,4,3,30.0,0,1
9,3,0,0,1,12,1,1,5,0,61.0,0,1
9,3,0,0,1,12,2,1,5,0,29.0,0,1
32,10,2,0,1,12,2,1,5,0,39.0,1,1
32,10,2,0,1,12,2,1,5,3,33.0,0,1
30,28,1,0,1,12,2,0,4,3,41.0,0,1
9,3,0,0,1,12,2,1,5,0,31.0,0,1
9,3,0,0,1,12,1,1,5,0,31.0,0,1
9,3,0,0,1,12,1,0,5,3,37.0,0,1
32,10,2,0,1,12,2,1,2,1,55.0,0,1
31,7,1,0,1,0,1,1,4,3,62.0,0,1
9,3,0,0,1,12,2,1,5,0,30.0,0,1
16,19,1,0,1,12,2,1,5,1,53.0,0,1
8,3,0,0,1,0,1,0,5,3,48.0,0,1
9,3,0,0,1,12,1,0,5,3,41.0,0,1
8,3,0,0,1,12,2,1,5,0,36.0,0,1
9,3,0,0,1,12,1,1,5,1,63.0,0,1
31,7,1,0,1,12,1,1,2,1,25.0,0,1
9,3,0,0,1,12,1,0,5,0,30.0,1,1
30,28,1,0,1,12,2,1,5,0,42.0,0,1
9,3,0,0,1,12,1,0,4,3,42.0,0,1
13,5,1,1,1,12,2,0,2,1,31.0,0,1
8,3,0,0,1,12,2,1,0,3,49.0,0,1
9,3,0,0,1,12,1,0,4,3,38.0,0,1
32,10,2,0,1,12,2,1,5,0,33.0,0,1
8,3,0,0,1,12,2,1,5,1,21.0,0,1
32,10,2,0,1,12,2,0,4,3,48.0,0,1
16,19,1,0,1,5,2,1,0,1,37.0,0,1
16,19,1,0,1,12,1,1,0,1,30.0,0,1
16,19,1,0,1,12,2,1,2,1,27.0,0,1
30,28,1,0,1,3,2,1,4,3,18.0,0,1
9,3,0,0,1,12,1,0,5,0,77.0,0,1
8,3,0,0,1,3,2,1,4,3,27.0,0,1
31,7,1,0,1,12,1,1,2,1,25.0,0,1
16,19,1,0,1,12,1,1,5,0,33.0,0,1
9,3,0,0,1,12,1,0,5,0,24.0,0,1
9,3,0,0,1,12,2,0,4,3,23.0,0,1
9,3,0,0,1,12,1,0,5,1,58.0,0,1
9,3,0,0,1,12,1,1,5,1,30.0,0,1
9,3,0,0,1,12,1,1,5,1,30.0,0,1
2,18,0,0,1,12,1,1,5,3,19.0,0,1
8,3,0,0,1,3,2,1,5,1,18.0,0,1
9,3,0,0,1,12,1,1,5,0,24.0,0,1
9,3,0,0,1,12,1,1,5,0,57.0,0,1
32,10,2,0,1,12,2,0,5,0,47.0,0,1
8,3,0,0,1,12,2,1,0,3,49.0,0,1
13,5,1,1,1,12,2,1,5,3,42.0,0,1
31,7,1,0,1,12,1,1,5,1,47.0,0,1
31,7,1,0,1,12,1,1,5,0,47.0,0,1
9,3,0,0,1,12,1,1,0,1,38.0,0,1
18,19,1,1,1,12,2,1,5,1,54.0,0,1
9,3,0,0,1,12,1,1,5,0,50.0,0,1
32,10,2,0,1,12,2,0,0,1,39.0,0,1
32,10,2,0,1,12,2,0,5,1,32.0,0,1
9,3,0,0,1,12,1,1,1,1,24.0,0,1
16,19,1,0,1,12,2,1,5,3,31.0,0,1
8,3,0,0,1,5,2,1,5,0,34.0,0,1
32,10,2,0,1,12,2,1,5,0,42.0,0,1
16,19,1,0,1,12,1,1,5,0,48.0,0,1
40,30,2,0,1,4,1,0,0,1,44.0,0,1
16,19,1,0,1,12,2,0,5,0,31.0,0,1
32,10,2,0,1,12,2,1,2,1,21.0,0,1
32,10,2,0,1,12,2,1,5,3,19.0,0,1
8,3,0,0,1,12,2,1,5,0,37.0,0,1
9,3,0,0,1,12,1,1,5,1,40.0,0,1
16,19,1,0,1,12,2,1,5,1,32.0,0,1
8,3,0,0,1,12,2,1,0,3,39.0,0,1
16,19,1,0,1,12,1,1,2,3,29.0,0,1
32,10,2,0,1,5,2,1,5,0,50.0,0,1
9,3,0,0,1,12,1,1,5,3,31.0,0,1
16,19,1,0,1,12,2,1,4,3,31.0,0,1
16,19,1,0,1,12,2,1,0,3,38.0,0,1
31,7,1,0,1,12,1,0,0,1,31.0,0,1
16,19,1,0,1,12,1,0,5,3,33.0,0,1
9,3,0,0,1,2,1,1,5,1,36.0,0,1
9,3,0,0,1,12,1,0,5,0,20.0,0,1
31,7,1,0,1,12,1,1,2,1,25.0,0,1
9,3,0,0,1,12,2,1,5,3,33.0,0,1
9,3,0,0,1,12,1,0,5,0,35.0,0,1
9,3,0,0,1,12,2,1,5,0,31.0,0,1
32,10,2,0,1,12,2,1,5,0,42.0,0,1
32,10,2,0,1,12,2,1,0,1,27.0,0,1
22,6,1,0,1,12,2,0,5,0,26.0,0,1
32,10,2,0,1,12,2,1,5,0,32.0,0,1
32,10,2,0,1,12,2,0,5,0,39.0,0,1
21,21,1,1,1,12,2,0,5,0,34.0,0,1
31,7,1,0,1,12,1,0,0,1,17.5,1,1
9,3,0,0,1,12,1,0,5,0,52.0,0,1
9,3,0,0,1,12,1,1,2,3,21.0,0,1
16,19,1,0,1,12,1,1,5,1,31.0,0,1
9,3,0,0,1,12,1,0,5,3,34.0,0,1
9,3,0,0,1,12,1,0,5,1,32.0,0,1
31,7,1,0,1,12,1,0,5,3,63.0,0,1
33,10,2,0,1,12,1,1,5,0,27.0,0,1
8,3,0,0,1,12,2,0,2,1,22.0,0,1
0,16,0,0,1,12,2,1,5,0,83.0,0,1
31,7,1,0,1,12,1,0,2,1,34.0,0,1
31,7,1,0,1,12,1,1,5,1,46.0,0,1
8,3,0,0,1,0,1,0,5,0,21.0,0,1
31,7,1,0,1,12,1,0,5,0,41.0,1,1
23,14,1,1,1,12,1,1,5,3,33.0,0,1
9,3,0,0,1,12,1,0,4,3,54.0,0,1
30,28,1,0,1,12,2,1,5,1,34.0,0,1
9,3,0,0,1,12,1,1,5,1,31.0,0,1
33,10,2,0,1,12,2,1,0,1,32.0,0,1
9,3,0,0,1,12,1,0,5,0,62.0,0,1
9,3,0,0,1,12,1,1,0,3,40.0,0,1
9,3,0,0,1,12,1,1,5,1,45.0,0,1
9,3,0,0,1,12,1,1,2,1,54.0,0,1
31,7,1,0,1,12,1,0,4,0,38.0,0,1
9,3,0,0,1,12,1,1,5,1,45.0,0,1
9,3,0,0,1,12,1,1,5,1,39.0,0,1
9,3,0,0,1,12,2,1,5,0,19.0,0,1
31,7,1,0,1,12,1,1,0,1,46.0,0,1
9,3,0,0,1,12,1,1,4,3,61.0,0,1
16,19,1,0,1,12,1,1,5,3,26.0,0,1
16,19,1,0,1,12,1,0,5,0,33.0,0,1
16,19,1,0,1,12,1,0,5,0,51.0,0,1
9,3,0,0,1,12,1,1,5,0,45.0,0,1
8,3,0,0,1,12,1,1,5,0,21.0,0,1
32,10,2,0,1,12,1,1,5,3,23.0,0,1
9,3,0,0,1,12,1,1,5,3,29.0,0,1
8,3,0,0,1,12,1,1,5,1,34.0,0,1
31,7,1,0,1,12,1,0,4,3,25.0,0,1
31,7,1,0,1,12,1,1,4,0,25.0,0,1
9,3,0,0,1,12,1,0,5,0,41.0,0,1
17,19,1,1,1,12,1,1,5,3,24.0,0,1
9,3,0,0,1,12,1,1,5,0,22.0,0,1
9,3,0,0,1,12,1,1,5,0,69.0,0,1
9,3,0,0,1,12,1,1,5,0,46.0,0,1
9,3,0,0,1,12,1,1,5,0,40.0,0,1
9,3,0,0,1,12,1,1,4,3,67.0,0,1
31,7,1,0,1,12,1,1,5,0,35.0,0,1
9,3,0,0,1,12,1,1,5,0,33.0,0,1
40,30,2,0,1,12,1,1,5,0,22.333333333333332,1,1
9,3,0,0,1,12,1,0,5,0,40.0,0,1
9,3,0,0,1,12,1,1,4,3,32.0,0,1
9,3,0,0,1,12,1,1,2,1,56.0,0,1
33,10,2,0,1,12,1,1,4,3,44.0,0,1
33,10,2,0,1,12,1,0,5,1,46.5,1,1
23,14,1,1,1,12,1,1,2,1,38.0,0,1
31,7,1,0,1,5,1,1,4,3,33.0,0,1
31,7,1,0,1,12,1,1,4,3,34.0,0,1
9,3,0,0,1,12,1,1,5,0,45.0,0,1
31,7,1,0,1,12,1,1,5,1,26.0,0,1
9,3,0,0,1,12,1,1,5,1,34.0,0,1
9,3,0,0,1,12,1,1,5,0,37.0,0,1
9,3,0,0,1,12,1,1,5,1,45.0,0,1
30,28,1,0,1,12,2,1,5,1,37.0,0,1
9,3,0,0,1,12,1,1,0,3,37.0,0,1
32,10,2,0,1,12,1,1,5,0,16.0,0,1
31,7,1,0,1,12,1,1,5,3,34.0,0,1
31,7,1,0,1,12,1,1,5,0,25.0,0,1
9,3,0,0,1,12,1,1,2,0,18.0,0,1
31,7,1,0,1,12,1,1,2,1,27.0,0,1
9,3,0,0,1,12,1,1,5,0,28.0,0,1
9,3,0,0,1,12,1,0,0,0,22.0,1,1
9,3,0,0,1,12,1,0,5,0,25.0,0,1
9,3,0,0,1,12,1,1,5,0,44.0,0,1
33,10,2,0,1,12,1,0,5,1,39.0,1,1
9,3,0,0,1,12,1,1,4,3,25.0,0,1
9,3,0,0,1,12,1,0,5,0,22.0,0,1
9,3,0,0,1,12,1,0,5,0,28.0,0,1
9,3,0,0,1,12,1,1,2,1,23.0,0,1
9,3,0,0,1,12,1,0,5,3,40.0,0,1
31,7,1,0,1,12,1,1,5,0,25.0,0,1
31,7,1,0,1,12,1,0,0,0,48.0,0,1
31,7,1,0,1,12,1,1,5,3,21.0,0,1
9,3,0,0,1,12,1,1,5,0,43.0,0,1
9,3,0,0,1,12,1,1,5,3,43.0,0,1
31,7,1,0,1,12,1,1,2,1,59.0,0,1
8,3,0,0,1,3,1,1,5,1,54.0,0,1
9,3,0,0,1,12,1,1,2,1,29.0,0,1
9,3,0,0,1,12,1,0,0,1,48.0,0,1
9,3,0,0,1,12,1,1,5,3,32.0,0,1
9,3,0,0,1,12,1,1,0,3,41.0,0,1
31,7,1,0,1,12,1,1,5,0,37.0,0,1
9,3,0,0,1,12,1,0,0,1,37.0,0,1
9,3,0,0,1,12,1,0,5,0,26.0,0,1
9,3,0,0,1,12,1,1,5,0,47.0,0,1
9,3,0,0,1,12,1,0,5,0,49.0,1,1
9,3,0,0,1,12,1,1,5,3,57.0,0,1
9,3,0,0,1,12,1,0,5,0,39.0,0,1
9,3,0,0,1,12,1,1,4,0,35.0,0,1
31,7,1,0,1,12,1,0,5,0,19.0,0,1
9,3,0,0,1,12,1,1,5,0,38.0,0,1
9,3,0,0,1,12,1,1,5,1,32.0,0,1
9,3,0,0,1,12,1,1,5,0,30.0,0,1
9,3,0,0,1,12,1,1,5,1,37.0,0,1
33,10,2,0,1,12,1,1,5,0,25.0,0,1
9,3,0,0,1,12,1,1,0,3,25.0,0,1
9,3,0,0,1,12,1,0,4,3,47.0,0,1
16,19,1,0,1,12,1,1,5,1,29.0,0,1
20,19,1,1,1,12,1,0,5,0,47.0,0,1
8,3,0,0,1,12,1,1,5,0,26.0,0,1
16,19,1,0,1,12,1,1,5,0,45.0,0,1
9,3,0,0,1,12,1,0,5,3,52.0,0,1
9,3,0,0,1,12,1,1,2,0,49.5,1,1
31,7,1,0,1,12,1,1,0,1,37.0,0,1
9,3,0,0,1,12,1,1,4,1,54.0,0,1
9,3,0,0,1,12,1,1,5,0,60.0,0,1
9,3,0,0,1,12,1,1,5,1,37.0,0,1
31,7,1,0,1,12,1,1,5,1,32.0,0,1
31,7,1,0,1,12,1,1,5,0,34.0,0,1
32,10,2,0,1,12,2,1,0,1,46.0,0,1
31,7,1,0,1,12,1,0,5,3,34.0,0,1
9,3,0,0,1,12,1,1,5,0,54.0,0,1
9,3,0,0,1,12,1,0,0,0,27.0,0,1
9,3,0,0,1,12,1,1,4,3,30.0,0,1
9,3,0,0,1,12,1,1,5,0,34.0,0,1
9,3,0,0,1,12,1,1,5,0,32.0,1,1
8,3,0,0,1,12,1,0,5,3,29.0,0,1
9,3,0,0,1,12,1,0,5,0,33.0,0,1
31,7,1,0,1,12,1,1,5,3,39.0,0,1
9,3,0,0,1,12,1,0,5,3,26.0,0,1
8,3,0,0,1,12,1,1,5,1,43.0,0,1
9,3,0,0,1,12,1,0,5,0,33.0,0,1
9,3,0,0,1,12,1,0,0,0,27.0,0,1
9,3,0,0,1,12,1,0,0,1,38.0,0,1
9,3,0,0,1,12,1,0,0,0,27.0,0,1
32,10,2,0,1,12,2,1,5,0,41.0,0,1
9,3,0,0,1,12,1,1,5,1,29.0,0,1
8,3,0,0,1,12,2,1,5,0,54.0,0,1
9,3,0,0,1,12,2,1,5,1,39.0,0,1
9,3,0,0,1,12,1,0,5,3,49.0,0,1
9,3,0,0,1,12,2,0,5,1,26.0,0,1
32,10,2,0,1,12,2,1,3,0,44.0,0,1
32,10,2,0,1,12,2,1,5,1,40.0,0,1
32,10,2,0,1,12,2,1,0,1,31.0,0,1
32,10,2,0,1,12,2,0,5,3,49.0,0,1
9,3,0,0,1,12,1,1,2,3,43.0,0,1
31,7,1,0,1,12,1,1,2,1,34.0,0,1
32,10,2,0,1,12,2,1,3,1,39.0,0,1
9,3,0,0,1,12,1,1,5,1,32.0,0,1
33,10,2,0,1,12,2,0,0,1,20.0,0,1
32,10,2,0,1,12,2,1,5,1,29.0,0,1
8,3,0,0,1,12,1,0,4,3,34.0,0,1
32,10,2,0,1,12,2,1,5,0,18.0,0,1
9,3,0,0,1,12,1,1,5,3,44.0,0,1
8,3,0,0,1,12,2,0,5,1,37.0,0,1
13,5,1,1,1,12,2,1,0,1,41.0,0,1
32,10,2,0,1,12,2,1,5,0,32.0,0,1
32,10,2,0,1,12,2,1,0,3,33.0,0,1
16,19,1,0,1,12,1,0,5,3,33.0,0,1
31,7,1,0,1,12,1,1,5,0,27.0,0,1
9,3,0,0,1,12,1,0,1,1,41.0,0,1
8,3,0,0,1,12,2,1,0,1,35.0,0,1
9,3,0,0,1,12,1,0,2,1,20.0,0,1
9,3,0,0,1,12,1,1,5,0,21.0,0,1
9,3,0,0,1,12,1,1,1,1,59.0,0,1
9,3,0,0,1,12,1,0,5,0,24.0,0,1
9,3,0,0,1,12,2,0,0,3,41.0,0,1
30,28,1,0,1,3,2,1,2,1,52.0,0,1
9,3,0,0,1,12,1,1,0,0,21.0,0,1
8,3,0,0,1,5,2,0,0,3,31.0,0,1
9,3,0,0,1,12,1,1,0,1,25.0,0,1
9,3,0,0,1,12,1,1,0,0,28.0,0,1
9,3,0,0,1,5,2,1,5,0,52.0,0,1
9,3,0,0,1,12,2,0,0,0,23.0,0,1
9,3,0,0,1,12,1,1,5,3,30.0,0,1
16,19,1,0,1,12,2,1,5,3,40.0,0,1
9,3,0,0,1,12,1,0,5,0,41.0,0,1
8,3,0,0,1,12,1,1,5,0,24.0,0,1
31,7,1,0,1,12,1,1,5,1,40.0,0,1
9,3,0,0,1,12,1,1,4,3,45.0,0,1
40,30,2,0,1,1,1,1,5,0,23.0,0,1
9,3,0,0,1,4,1,1,5,3,41.0,0,1
9,3,0,0,1,5,1,1,5,1,22.0,0,1
8,3,0,0,1,12,1,1,0,1,25.0,0,1
16,19,1,0,1,12,1,1,5,0,33.0,0,1
9,3,0,0,1,12,1,1,5,1,39.0,0,1
9,3,0,0,1,12,1,1,5,0,41.0,0,1
31,7,1,0,1,12,1,1,5,1,18.0,0,1
9,3,0,0,1,12,1,1,5,3,39.0,0,1
9,3,0,0,1,12,1,1,5,1,33.0,0,1
16,19,1,0,1,12,1,1,5,1,30.0,0,1
9,3,0,0,1,12,1,0,5,1,60.0,0,1
16,19,1,0,1,12,1,0,5,1,31.0,0,1
32,10,2,0,1,12,2,0,5,0,32.0,0,1
32,10,2,0,1,12,2,1,4,3,35.0,0,1
8,3,0,0,1,12,2,1,2,1,27.0,0,1
16,19,1,0,1,12,1,0,5,3,29.0,0,1
31,7,1,0,1,12,2,1,5,3,50.0,0,1
13,5,1,1,1,12,1,0,5,3,26.0,0,1
8,3,0,0,1,12,2,1,5,3,27.0,0,1
31,7,1,0,1,12,2,1,5,1,69.0,0,1
33,10,2,0,1,12,1,0,5,3,36.0,0,1
33,10,2,0,1,12,2,1,5,0,30.0,0,1
32,10,2,0,1,12,2,1,5,1,32.0,0,1
33,10,2,0,1,12,1,1,5,0,36.0,0,1
31,7,1,0,1,12,1,1,5,0,38.0,0,1
9,3,0,0,1,12,2,1,2,3,48.0,0,1
9,3,0,0,1,12,2,1,5,0,25.0,0,1
9,3,0,0,1,12,1,1,4,3,27.0,0,1
32,10,2,0,1,12,2,1,5,3,35.0,0,1
9,3,0,0,1,12,1,0,5,3,20.0,0,1
31,7,1,0,1,12,1,1,5,0,26.0,0,1
16,19,1,0,1,12,1,1,5,1,34.0,0,1
16,19,1,0,1,12,2,1,0,1,32.0,0,1
32,10,2,0,1,12,2,1,0,3,40.0,0,1
9,3,0,0,1,12,2,1,5,1,27.0,0,1
8,3,0,0,1,12,2,0,0,1,32.0,0,1
32,10,2,0,1,12,2,1,5,0,39.0,0,1
16,19,1,0,1,12,1,0,0,3,25.0,0,1
9,3,0,0,1,12,2,0,0,1,30.0,0,1
9,3,0,0,1,12,1,1,5,0,45.0,0,1
33,10,2,0,1,12,2,1,0,1,20.0,0,1
8,3,0,0,1,5,2,1,5,0,54.0,0,1
40,30,2,0,1,12,2,1,5,3,32.0,0,1
9,3,0,0,1,12,1,1,4,3,26.0,0,1
40,30,2,0,1,3,1,1,5,0,27.0,0,1
30,28,1,0,1,12,2,0,5,3,28.0,0,1
30,28,1,0,1,12,2,1,0,1,34.0,0,1
31,7,1,0,1,12,1,0,2,0,34.0,0,1
32,10,2,0,1,12,2,1,5,1,33.0,0,1
32,10,2,0,1,12,2,1,5,1,30.0,0,1
8,3,0,0,1,12,2,1,5,1,43.0,0,1
33,10,2,0,1,12,2,1,5,3,27.0,0,1
9,3,0,0,1,12,1,0,0,1,59.0,0,1
32,10,2,0,1,12,2,0,5,3,30.0,0,1
32,10,2,0,1,12,2,1,5,0,35.0,0,1
8,3,0,0,1,12,2,1,0,1,41.0,0,1
9,3,0,0,1,12,1,1,5,3,47.0,0,1
32,10,2,0,1,12,2,0,5,3,44.0,0,1
32,10,2,0,1,12,2,0,5,1,40.0,0,1
9,3,0,0,1,12,1,1,4,3,19.0,0,1
9,3,0,0,1,12,2,1,5,0,34.0,0,1
9,3,0,0,1,12,2,0,5,0,35.0,0,1
8,3,0,0,1,12,2,1,5,0,45.0,0,1
9,3,0,0,1,12,1,1,0,3,36.0,0,1
9,3,0,0,1,12,1,0,0,1,32.0,0,1
40,30,2,0,1,3,1,1,5,0,21.0,0,1
40,30,2,0,1,12,1,1,5,0,35.0,0,1
9,3,0,0,1,12,1,1,2,3,26.0,0,1
31,7,1,0,1,12,1,1,5,1,44.0,0,1
30,28,1,0,1,12,2,0,5,0,26.5,1,1
31,7,1,0,1,12,1,1,5,0,43.0,0,1
7,25,1,1,1,12,2,1,5,1,34.0,0,1
9,3,0,0,1,12,1,1,5,0,47.0,0,1
9,3,0,0,1,12,1,1,5,1,25.0,0,1
9,3,0,0,1,12,1,1,0,3,22.0,0,1
8,3,0,0,1,12,2,1,2,1,44.0,0,1
9,3,0,0,1,12,1,1,5,0,41.0,0,1
31,7,1,0,1,12,1,0,0,1,36.0,0,1
31,7,1,0,1,12,1,1,5,0,27.0,0,1
9,3,0,0,1,12,1,0,5,1,62.0,0,1
16,19,1,0,1,12,1,0,5,0,42.0,0,1
9,3,0,0,1,12,1,0,5,3,40.0,0,1
31,7,1,0,1,12,1,0,0,3,29.0,0,1
8,3,0,0,1,0,2,0,0,1,32.0,0,1
31,7,1,0,1,12,2,0,5,0,36.0,0,1
33,10,2,0,1,12,2,1,5,3,31.0,0,1
31,7,1,0,1,12,1,1,4,3,28.0,0,1
9,3,0,0,1,12,1,1,5,0,38.0,0,1
8,3,0,0,1,12,1,1,5,0,34.0,1,1
9,3,0,0,1,12,1,1,5,0,52.0,0,1
9,3,0,0,1,12,1,0,4,1,49.0,0,1
9,3,0,0,1,12,1,1,4,0,26.0,0,1
9,3,0,0,1,12,2,1,5,3,24.0,0,1
9,3,0,0,1,12,1,1,5,3,28.0,0,1
16,19,1,0,1,12,1,1,0,1,46.0,0,1
9,3,0,0,1,12,1,1,5,1,37.0,0,1
9,3,0,0,1,12,1,1,2,3,41.0,0,1
9,3,0,0,1,12,1,1,5,3,36.0,0,1
9,3,0,0,1,3,2,1,5,3,31.0,0,1
8,3,0,0,1,12,1,1,5,0,42.0,0,1
9,3,0,0,1,12,1,1,4,3,48.0,0,1
35,23,2,0,1,12,1,0,5,0,31.0,0,1
9,3,0,0,1,12,1,0,5,1,38.0,0,1
9,3,0,0,1,12,1,0,5,1,27.0,0,1
32,10,2,0,1,12,2,0,4,3,36.0,0,1
9,3,0,0,1,12,2,1,5,3,28.0,0,1
9,3,0,0,1,12,2,1,5,3,60.0,0,1
32,10,2,0,1,12,2,0,5,0,39.0,0,1
9,3,0,0,1,12,1,0,5,3,26.0,0,1
33,10,2,0,1,12,2,1,5,3,24.0,0,1
31,7,1,0,1,12,1,1,5,3,25.0,0,1
8,3,0,0,1,12,2,1,5,3,41.0,0,1
9,3,0,0,1,12,1,1,5,0,35.0,0,1
31,7,1,0,1,12,1,1,5,0,47.0,0,1
33,10,2,0,1,12,2,1,5,3,42.0,0,1
33,10,2,0,1,12,1,1,5,3,59.0,0,1
29,11,1,1,1,12,1,0,5,1,30.0,0,1
32,10,2,0,1,12,2,0,5,0,64.0,0,1
32,10,2,0,1,12,2,1,2,1,30.5,1,1
9,3,0,0,1,12,1,0,5,1,20.0,0,1
32,10,2,0,1,12,2,1,2,1,42.0,0,1
9,3,0,0,1,12,1,1,5,3,35.0,0,1
9,3,0,0,1,12,1,1,4,3,23.0,0,1
9,3,0,0,1,12,2,1,5,1,38.0,0,1
9,3,0,0,1,12,2,1,0,1,27.0,0,1
9,3,0,0,1,12,2,1,5,0,33.0,0,1
16,19,1,0,1,12,1,1,5,3,40.0,0,1
16,19,1,0,1,12,1,1,3,3,38.0,0,1
9,3,0,0,1,12,1,1,4,3,22.0,0,1
9,3,0,0,1,12,1,1,5,1,77.0,0,1
9,3,0,0,1,12,1,1,0,1,31.0,0,1
31,7,1,0,1,12,1,1,5,0,31.0,0,1
9,3,0,0,1,12,1,1,5,0,64.0,0,1
9,3,0,0,1,12,1,1,5,1,44.0,0,1
9,3,0,0,1,12,1,1,5,0,20.0,0,1
9,3,0,0,1,12,1,1,4,3,25.0,0,1
40,30,2,0,1,3,1,0,0,3,41.0,0,1
9,3,0,0,1,12,1,1,5,3,28.0,0,1
9,3,0,0,1,12,1,1,5,0,52.0,0,1
16,19,1,0,1,12,1,1,5,0,25.0,0,1
9,3,0,0,1,12,1,1,2,1,48.0,0,1
16,19,1,0,1,12,1,0,0,3,34.0,0,1
9,3,0,0,1,12,1,0,5,3,62.0,0,1
9,3,0,0,1,12,1,1,0,1,47.0,0,1
9,3,0,0,1,12,1,0,2,3,56.0,0,1
8,3,0,0,1,12,1,1,5,0,48.0,0,1
9,3,0,0,1,3,1,1,5,3,32.0,0,1
9,3,0,0,1,12,1,0,5,3,22.0,0,1
9,3,0,0,1,12,1,1,5,1,43.0,0,1
9,3,0,0,1,12,1,0,5,0,40.0,0,1
31,7,1,0,1,12,1,0,2,3,18.0,0,1
9,3,0,0,1,12,1,1,4,0,37.0,0,1
9,3,0,0,1,12,1,1,4,1,24.0,0,1
9,3,0,0,1,12,1,1,5,1,42.0,0,1
31,7,1,0,1,12,1,1,2,3,50.0,0,1
32,10,2,0,1,12,2,0,5,1,31.0,0,1
9,3,0,0,1,12,1,1,4,0,41.0,0,1
32,10,2,0,1,12,2,1,5,1,39.0,0,1
9,3,0,0,1,12,2,1,4,0,49.0,0,1
9,3,0,0,1,12,1,1,5,1,31.0,0,1
31,7,1,0,1,12,2,0,5,0,57.0,1,1
9,3,0,0,1,12,2,1,5,0,29.0,0,1
31,7,1,0,1,12,1,1,5,0,52.0,0,1
32,10,2,0,1,12,2,1,5,0,22.0,0,1
33,10,2,0,1,12,2,1,2,1,23.0,0,1
9,3,0,0,1,12,2,1,5,1,30.0,0,1
9,3,0,0,1,12,2,1,5,0,44.0,0,1
9,3,0,0,1,12,1,1,5,0,46.0,0,1
40,30,2,0,1,3,2,0,2,3,27.0,0,1
9,3,0,0,1,12,2,1,5,0,45.0,0,1
9,3,0,0,1,12,1,1,4,0,31.0,0,1
16,19,1,0,1,12,1,1,5,0,37.0,0,1
8,3,0,0,1,12,2,1,0,3,34.0,0,1
18,19,1,1,1,12,2,1,0,1,32.0,0,1
9,3,0,0,1,12,1,1,4,3,34.0,0,1
16,19,1,0,1,12,1,1,5,1,29.0,0,1
8,3,0,0,1,12,2,1,2,1,47.0,0,1
40,30,2,0,1,12,1,1,5,0,37.0,0,1
8,3,0,0,1,12,2,1,5,0,30.0,0,1
9,3,0,0,1,12,2,1,5,1,35.0,0,1
9,3,0,0,1,12,1,1,2,3,42.0,0,1
13,5,1,1,1,12,2,1,5,1,41.0,0,1
31,7,1,0,1,12,1,1,0,3,37.0,0,1
13,5,1,1,1,12,2,1,5,0,28.0,0,1
9,3,0,0,1,12,1,1,2,1,42.0,0,1
8,3,0,0,1,12,1,0,5,0,47.0,1,1
9,3,0,0,1,12,1,1,5,0,43.0,0,1
31,7,1,0,1,12,1,0,0,3,31.5,1,1
31,7,1,0,1,12,1,1,5,0,25.0,0,1
10,3,0,0,1,3,1,1,5,0,26.0,0,1
9,3,0,0,1,12,1,1,4,3,64.0,0,1
9,3,0,0,1,12,1,0,5,3,46.0,0,1
9,3,0,0,1,12,2,0,5,3,38.0,0,1
8,3,0,0,1,12,2,1,5,0,38.0,0,1
8,3,0,0,1,12,2,0,5,0,49.0,0,1
9,3,0,0,1,12,1,1,5,0,31.0,0,1
31,7,1,0,1,12,1,1,5,0,30.0,0,1
9,3,0,0,1,12,1,0,5,1,54.0,0,1
9,3,0,0,1,12,2,0,5,0,38.0,0,1
9,3,0,0,1,12,2,1,2,1,33.0,0,1
9,3,0,0,1,12,1,1,0,1,49.0,0,1
30,28,1,0,1,3,2,1,5,0,37.0,0,1
31,7,1,0,1,12,1,1,5,0,26.0,0,1
9,3,0,0,1,12,2,0,5,0,39.0,0,1
9,3,0,0,1,12,1,1,5,3,34.0,0,1
9,3,0,0,1,12,1,0,5,0,24.0,0,1
9,3,0,0,1,12,1,1,0,3,41.0,0,1
8,3,0,0,1,3,2,1,5,0,22.0,0,1
9,3,0,0,1,12,1,1,5,1,47.0,0,1
9,3,0,0,1,12,2,1,5,1,33.0,0,1
9,3,0,0,1,12,1,0,5,1,27.0,0,1
13,5,1,1,1,12,2,0,5,1,34.0,0,1
18,19,1,1,1,12,2,1,5,3,40.0,0,1
9,3,0,0,1,12,1,0,4,3,27.0,0,1
9,3,0,0,1,12,2,1,5,0,39.0,0,1
9,3,0,0,1,12,1,1,5,1,41.0,0,1
9,3,0,0,1,12,1,1,5,0,47.0,0,1
9,3,0,0,1,12,1,0,5,1,23.0,0,1
9,3,0,0,1,12,1,1,5,0,37.0,0,1
16,19,1,0,1,12,2,1,4,1,24.0,0,1
9,3,0,0,1,12,2,0,5,0,16.0,0,1
31,7,1,0,1,12,2,1,5,0,33.0,0,1
9,3,0,0,1,12,2,0,4,3,27.0,0,1
9,3,0,0,1,3,1,1,5,0,47.0,0,1
8,3,0,0,1,12,2,1,5,0,31.0,0,1
31,7,1,0,1,12,1,1,5,1,27.0,0,1
9,3,0,0,1,12,1,1,0,1,21.0,0,1
31,7,1,0,1,12,1,0,5,0,29.0,0,1
9,3,0,0,1,12,1,0,5,0,53.0,0,1
9,3,0,0,1,12,1,1,5,0,46.0,0,1
9,3,0,0,1,12,1,1,5,3,32.0,0,1
9,3,0,0,1,12,1,0,5,3,19.0,0,1
18,19,1,1,1,12,2,0,5,3,40.0,0,1
9,3,0,0,1,12,1,1,5,0,35.0,0,1
32,10,2,0,1,12,2,0,4,3,22.0,0,1
9,3,0,0,1,12,2,1,4,0,45.0,0,1
9,3,0,0,1,12,1,1,5,1,40.0,0,1
32,10,2,0,1,12,2,1,5,1,32.0,0,1
33,10,2,0,1,12,1,1,5,0,18.0,0,1
33,10,2,0,1,12,1,1,2,1,40.0,0,1
9,3,0,0,1,12,1,0,0,3,38.0,0,1
9,3,0,0,1,12,1,0,5,0,30.0,0,1
32,10,2,0,1,12,2,0,0,3,31.0,0,1
9,3,0,0,1,12,2,0,5,1,38.0,0,1
33,10,2,0,1,5,2,1,5,3,38.166666666666664,1,1
33,10,2,0,1,12,1,0,5,3,23.0,0,1
16,19,1,0,1,12,2,1,5,1,32.0,0,1
9,3,0,0,1,12,1,1,5,3,25.0,0,1
9,3,0,0,1,12,1,1,5,3,22.0,0,1
9,3,0,0,1,12,1,1,5,0,42.0,0,1
40,30,2,0,1,3,2,1,4,0,34.0,0,1
31,7,1,0,1,12,1,1,5,0,20.0,0,1
33,10,2,0,1,6,2,1,5,0,14.0,0,1
21,21,1,1,1,12,2,0,5,3,41.0,0,1
9,3,0,0,1,12,2,1,5,3,42.0,0,1
9,3,0,0,1,12,1,0,4,3,52.0,0,1
9,3,0,0,1,5,1,1,0,3,28.0,0,1
32,10,2,0,1,12,2,1,5,0,58.0,0,1
32,10,2,0,1,12,2,1,5,3,26.0,0,1
32,10,2,0,1,12,2,1,4,3,36.0,0,1
33,10,2,0,1,12,2,1,5,3,31.0,0,1
33,10,2,0,1,12,2,1,2,1,28.0,0,1
9,3,0,0,1,12,1,0,5,1,38.0,0,1
32,10,2,0,1,12,2,1,5,0,40.0,0,1
29,11,1,1,1,12,1,1,5,3,24.0,0,1
16,19,1,0,1,12,1,1,5,0,32.0,0,1
33,10,2,0,1,12,2,0,5,0,37.0,1,1
16,19,1,0,1,12,2,1,2,1,29.0,1,1
33,10,2,0,1,12,2,1,5,0,33.0,0,1
31,7,1,0,1,12,1,0,0,0,34.0,0,1
32,10,2,0,1,12,2,1,5,0,49.0,0,1
31,7,1,0,1,5,1,1,5,3,33.0,0,1
33,10,2,0,1,12,1,1,4,0,27.0,0,1
9,3,0,0,1,12,1,1,2,1,50.0,0,1
16,19,1,0,1,12,2,1,5,0,37.0,0,1
9,3,0,0,1,12,1,0,5,0,41.0,0,1
9,3,0,0,1,12,1,1,5,1,23.0,0,1
9,3,0,0,1,12,1,1,0,1,34.0,0,1
32,10,2,0,1,12,2,1,5,0,45.0,0,1
9,3,0,0,1,12,1,1,4,3,41.0,0,1
33,10,2,0,1,12,2,0,5,0,35.0,0,1
32,10,2,0,1,12,2,0,5,3,27.0,0,1
30,28,1,0,1,12,2,1,5,0,60.0,0,1
30,28,1,0,1,12,2,1,5,1,54.0,0,1
32,10,2,0,1,12,2,0,5,3,49.0,0,1
32,10,2,0,1,12,2,1,5,1,24.0,0,1
9,3,0,0,1,12,0,1,5,2,40.0,0,1
48,22,2,0,0,5,0,1,0,1,40.0,0,1
44,9,2,0,0,12,0,1,0,1,37.0,0,1
20,19,1,1,1,12,2,1,5,0,40.0,0,1
32,10,2,0,1,12,2,1,5,1,53.0,0,1
32,10,2,0,1,12,0,1,5,0,32.0,0,1
47,29,2,0,0,12,0,1,0,1,37.0,0,1
31,7,1,0,1,12,0,1,0,2,30.0,0,1
11,2,1,0,1,12,0,1,0,1,37.0,0,1
32,10,2,0,1,12,0,1,0,1,31.333333333333332,1,1
9,3,0,0,1,12,0,1,0,1,30.0,0,1
9,3,0,0,1,12,1,1,0,1,26.0,0,1
9,3,0,0,1,12,1,1,0,1,38.0,0,1
9,3,0,0,1,12,1,1,0,1,46.0,0,1
16,19,1,0,1,12,1,1,5,0,26.0,0,1
20,19,1,1,1,12,0,1,0,2,42.0,0,1
16,19,1,0,1,12,1,0,0,1,24.0,0,1
9,3,0,0,1,12,0,1,0,1,23.0,0,1
9,3,0,0,1,12,1,1,5,1,42.0,0,1
9,3,0,0,1,12,1,1,0,1,32.0,0,1
9,3,0,0,1,12,1,1,0,1,31.0,0,1
31,7,1,0,1,12,1,1,0,1,19.0,0,1
9,3,0,0,1,12,0,1,0,1,32.0,0,1
9,3,0,0,1,12,0,1,0,1,30.0,0,1
9,3,0,0,1,12,0,1,0,1,32.0,0,1
9,3,0,0,1,12,1,1,0,1,59.0,0,1
16,19,1,0,1,12,1,0,5,0,29.0,0,1
8,3,0,0,1,12,0,0,0,1,25.0,0,1
9,3,0,0,1,12,1,0,0,1,62.0,0,1
9,3,0,0,1,12,1,1,2,1,35.0,0,1
16,19,1,0,1,12,1,1,0,1,44.0,0,1
8,3,0,0,1,12,0,1,0,1,32.0,0,1
8,3,0,0,1,12,0,1,5,0,40.0,0,1
32,10,2,0,1,12,0,1,0,1,32.0,0,1
9,3,0,0,1,12,1,1,0,1,32.0,0,1
7,25,1,1,1,12,0,1,0,1,22.0,0,1
9,3,0,0,1,12,0,0,0,1,24.0,0,1
9,3,0,0,1,12,1,1,0,1,41.0,0,1
9,3,0,0,1,12,0,1,0,1,32.0,0,1
9,3,0,0,1,12,1,0,0,1,19.0,0,1
9,3,0,0,1,12,1,1,0,1,38.0,0,1
31,7,1,0,1,12,1,0,0,1,57.0,0,1
31,7,1,0,1,12,1,0,0,1,31.0,0,1
9,3,0,0,1,12,0,1,0,1,29.0,0,1
9,3,0,0,1,12,0,1,0,1,33.0,0,1
10,3,0,0,1,12,1,1,5,0,37.0,0,1
32,10,2,0,1,12,0,1,2,1,28.0,0,1
20,19,1,1,1,12,1,0,4,0,33.0,0,1
9,3,0,0,1,12,1,1,2,1,35.0,0,1
9,3,0,0,1,12,1,1,0,1,32.0,0,1
9,3,0,0,1,12,0,0,0,1,34.0,0,1
13,5,1,1,1,12,0,1,0,1,22.0,0,1
32,10,2,0,1,12,0,0,0,1,35.0,0,1
13,5,1,1,1,12,0,1,0,1,47.0,0,1
9,3,0,0,1,12,1,1,0,1,41.0,0,1
16,19,1,0,1,12,1,1,0,1,61.0,0,1
9,3,0,0,1,12,1,0,0,1,33.0,0,1
8,3,0,0,1,12,0,1,0,1,27.0,0,1
9,3,0,0,1,12,1,1,0,1,39.0,0,1
16,19,1,0,1,12,1,0,0,1,30.0,0,1
18,19,1,1,1,12,0,0,0,1,39.0,0,1
16,19,1,0,1,12,1,1,0,1,38.0,0,1
9,3,0,0,1,12,0,1,0,1,35.0,0,1
40,30,2,0,1,12,0,1,5,0,31.0,0,1
16,19,1,0,1,12,0,0,0,1,28.0,0,1
7,25,1,1,1,12,0,1,0,1,30.0,0,1
9,3,0,0,1,12,0,0,0,1,23.0,1,1
16,19,1,0,1,12,1,0,0,1,23.0,1,1
7,25,1,1,1,12,0,1,0,1,20.0,0,1
16,19,1,0,1,12,1,0,4,0,33.0,0,1
31,7,1,0,1,12,1,1,5,0,23.0,0,1
16,19,1,0,1,12,1,1,5,1,51.0,0,1
16,19,1,0,1,12,1,1,5,2,21.0,0,1
16,19,1,0,1,12,1,0,0,1,34.5,1,1
8,3,0,0,1,12,0,0,0,1,34.0,0,1
9,3,0,0,1,12,1,0,0,1,45.0,0,1
8,3,0,0,1,12,0,1,0,1,39.0,0,1
9,3,0,0,1,12,1,0,0,1,25.0,0,1
32,10,2,0,1,12,0,1,0,1,31.0,0,1
9,3,0,0,1,12,0,0,5,1,61.0,0,1
31,7,1,0,1,12,1,1,2,1,35.0,0,1
16,19,1,0,1,12,1,1,0,1,30.0,0,1
16,19,1,0,1,12,1,0,0,1,24.0,0,1
9,3,0,0,1,12,1,1,0,1,35.0,0,1
9,3,0,0,1,12,0,1,5,1,18.0,0,1
8,3,0,0,1,12,0,1,5,0,42.0,0,1
16,19,1,0,1,12,1,0,0,2,24.0,0,1
49,0,2,0,0,12,0,1,0,1,27.0,0,1
49,0,2,0,0,12,0,0,0,1,21.0,0,1
49,0,2,0,0,12,0,1,0,1,39.0,0,1
32,10,2,0,1,12,2,1,5,1,21.0,0,1
13,5,1,1,1,12,2,0,4,0,51.0,0,1
33,10,2,0,1,12,0,1,4,0,23.0,0,1
40,30,2,0,1,12,2,1,5,0,18.0,0,1
33,10,2,0,1,12,1,0,5,0,18.0,0,1
32,10,2,0,1,12,2,1,5,0,28.0,0,1
8,3,0,0,1,12,2,1,4,0,31.0,0,1
33,10,2,0,1,12,2,1,4,0,24.5,1,1
40,30,2,0,1,12,2,1,5,1,40.0,0,1
33,10,2,0,1,12,0,1,5,0,23.0,0,1
9,3,0,0,1,12,1,1,2,1,13.0,0,1
9,3,0,0,1,12,1,1,5,0,14.0,0,1
9,3,0,0,1,12,2,1,5,0,23.0,0,1
20,19,1,1,1,12,1,0,5,0,14.0,0,1
32,10,2,0,1,12,2,1,5,0,19.0,0,1
40,30,2,0,1,12,2,1,4,0,39.0,0,1
1,16,0,0,1,12,2,1,5,0,26.0,0,1
33,10,2,0,1,12,1,1,5,0,23.0,0,1
9,3,0,0,1,12,2,1,5,0,27.0,0,1
31,7,1,0,1,12,1,1,5,0,17.0,0,1
9,3,0,0,1,12,1,1,5,0,14.0,0,1
22,6,1,0,1,12,0,0,5,0,32.0,0,1
8,3,0,0,1,12,2,1,4,0,36.0,0,1
9,3,0,0,1,12,1,0,5,0,13.0,0,1
32,10,2,0,1,12,2,1,5,0,69.0,0,1
13,5,1,1,1,12,2,1,5,0,22.0,0,1
13,5,1,1,1,12,0,1,5,0,23.0,0,1
8,3,0,0,1,12,2,0,5,2,38.0,0,1
25,14,1,1,1,12,2,1,5,1,34.0,0,1
16,19,1,0,1,12,0,1,0,1,38.0,0,1
16,19,1,0,1,12,0,1,5,0,24.0,0,1
9,3,0,0,1,12,0,1,5,1,21.0,0,1
9,3,0,0,1,12,0,1,5,0,25.0,0,1
9,3,0,0,1,12,1,1,0,1,43.0,0,1
9,3,0,0,1,12,0,1,5,2,22.0,0,1
32,10,2,0,1,12,0,1,5,0,25.0,0,1
20,19,1,1,1,12,2,1,5,0,44.0,1,1
30,28,1,0,1,12,2,1,5,1,34.0,0,1
9,3,0,0,1,12,2,1,5,1,63.0,0,1
32,10,2,0,1,12,2,1,0,1,43.0,0,1
9,3,0,0,1,12,1,1,5,0,14.0,0,1
9,3,0,0,1,12,0,1,5,1,38.0,0,1
33,10,2,0,1,12,2,0,0,1,42.0,1,1
9,3,0,0,1,12,0,0,5,1,54.0,0,1
10,3,0,0,1,12,0,1,5,0,23.0,0,1
32,10,2,0,1,12,1,0,0,1,14.0,1,1
32,10,2,0,1,12,2,1,0,1,45.0,0,1
32,10,2,0,1,12,0,1,5,1,33.0,0,1
31,7,1,0,1,12,0,1,0,1,47.0,0,1
9,3,0,0,1,12,0,1,0,1,49.0,0,1
9,3,0,0,1,12,2,0,5,0,37.0,0,1
9,3,0,0,1,12,0,1,0,1,34.0,0,1
32,10,2,0,1,12,2,1,0,1,52.0,0,1
8,3,0,0,1,5,0,0,0,1,23.0,0,1
9,3,0,0,1,12,0,0,5,1,45.0,0,1
32,10,2,0,1,12,1,0,0,1,14.333333333333334,1,1
32,10,2,0,1,12,1,1,0,1,18.0,0,1
9,3,0,0,1,12,1,1,0,1,13.0,0,1
9,3,0,0,1,12,0,0,5,1,43.0,0,1
16,19,1,0,1,12,0,1,0,1,49.0,0,1
2,18,0,0,1,5,0,1,5,1,28.0,0,1
8,3,0,0,1,12,0,1,0,1,33.0,0,1
49,0,2,0,0,12,0,1,5,1,33.0,0,1
9,3,0,0,1,12,0,1,0,1,26.0,0,1
9,3,0,0,1,12,2,0,0,1,25.0,0,1
21,21,1,1,1,12,1,0,2,1,15.0,0,1
32,10,2,0,1,12,0,1,5,1,35.0,0,1
8,3,0,0,1,12,2,1,5,1,39.0,0,1
9,3,0,0,1,12,0,0,5,1,50.0,0,1
9,3,0,0,1,12,1,1,4,0,15.0,0,1
9,3,0,0,1,12,0,0,0,1,54.0,0,1
32,10,2,0,1,12,0,0,5,1,39.0,0,1
32,10,2,0,1,12,2,1,0,1,36.0,0,1
9,3,0,0,1,12,1,0,5,0,18.0,0,1
32,10,2,0,1,12,0,1,0,0,37.0,0,1
9,3,0,0,1,12,1,0,0,1,15.0,0,1
9,3,0,0,1,12,0,1,0,1,29.0,0,1
9,3,0,0,1,12,0,1,5,1,30.0,0,1
32,10,2,0,1,12,1,1,0,1,14.0,0,1
31,7,1,0,1,12,0,1,0,1,49.0,0,1
8,3,0,0,1,12,2,1,5,0,36.0,0,1
9,3,0,0,1,12,2,1,5,1,19.0,0,1
2,18,0,0,1,12,0,0,0,1,33.0,0,1
33,10,2,0,1,12,0,0,5,1,42.0,0,1
9,3,0,0,1,12,0,1,5,1,45.0,0,1
9,3,0,0,1,12,0,0,0,1,33.0,0,1
32,10,2,0,1,12,0,0,5,1,35.0,0,1
8,3,0,0,1,12,2,1,5,1,16.0,0,1
32,10,2,0,1,12,0,0,5,0,32.0,0,1
32,10,2,0,1,12,1,1,0,1,17.0,0,1
9,3,0,0,1,12,0,1,5,0,32.0,0,1
9,3,0,0,1,12,0,0,0,1,32.0,0,1
31,7,1,0,1,12,1,1,0,1,30.0,0,1
40,30,2,0,1,3,0,1,0,1,57.0,0,1
9,3,0,0,1,12,2,1,0,1,33.0,0,1
8,3,0,0,1,5,0,0,0,1,23.0,0,1
32,10,2,0,1,12,2,0,5,1,34.0,0,1
9,3,0,0,1,12,0,1,0,1,26.0,0,1
8,3,0,0,1,12,0,1,5,1,54.0,0,1
9,3,0,0,1,12,0,1,0,1,30.0,0,1
9,3,0,0,1,12,0,1,0,1,44.0,0,1
16,19,1,0,1,12,0,1,0,1,33.0,0,1
9,3,0,0,1,12,2,1,5,1,50.0,0,1
9,3,0,0,1,12,2,1,0,1,24.0,0,1
32,10,2,0,1,12,1,1,0,1,15.0,1,1
32,10,2,0,1,12,1,1,0,1,17.0,0,1
23,14,1,1,1,12,1,0,5,2,30.0,0,1
49,0,2,0,0,12,0,1,0,1,39.0,0,1
16,19,1,0,1,12,2,1,0,3,35.0,0,1
20,19,1,1,1,12,2,1,0,3,41.0,0,1
9,3,0,0,1,12,2,1,0,1,25.0,0,1
9,3,0,0,1,12,1,0,0,1,33.0,0,1
9,3,0,0,1,12,2,1,0,1,42.0,0,1
32,10,2,0,1,12,2,1,5,1,42.0,0,1
8,3,0,0,1,12,0,1,5,1,36.0,0,1
9,3,0,0,1,12,2,0,2,1,37.0,0,1
31,7,1,0,1,12,1,0,5,1,58.0,0,1
8,3,0,0,1,12,0,1,5,0,31.0,0,1
32,10,2,0,1,12,2,0,5,0,26.0,0,1
9,3,0,0,1,12,0,0,5,3,30.0,0,1
33,10,2,0,1,12,0,1,5,0,43.0,0,1
9,3,0,0,1,12,1,1,5,0,14.0,0,1
33,10,2,0,1,12,0,1,5,0,43.0,0,1
9,3,0,0,1,12,0,1,5,0,26.0,0,1
9,3,0,0,1,12,0,1,5,0,21.0,0,1
9,3,0,0,1,12,0,1,5,0,38.0,0,1
9,3,0,0,1,12,0,1,5,0,27.0,0,1
31,7,1,0,1,12,2,1,5,0,14.0,0,1
9,3,0,0,1,0,0,0,4,0,69.0,0,1
40,30,2,0,1,12,0,1,5,0,41.0,0,1
32,10,2,0,1,12,0,1,5,0,23.0,0,1
40,30,2,0,1,3,0,1,5,0,19.0,0,1
33,10,2,0,1,12,2,1,5,0,37.0,0,1
20,19,1,1,1,12,0,1,5,0,73.0,0,1
21,21,1,1,1,12,0,1,5,1,39.0,0,1
33,10,2,0,1,12,0,1,5,0,30.0,0,1
9,3,0,0,1,12,0,1,5,1,32.0,0,1
9,3,0,0,1,12,2,1,5,0,44.0,0,1
9,3,0,0,1,12,2,0,5,2,25.0,0,1
8,3,0,0,1,5,2,0,0,2,27.0,0,1
9,3,0,0,1,12,2,1,0,1,61.0,0,1
49,0,2,0,0,12,2,1,0,1,45.0,0,1
9,3,0,0,1,12,2,1,0,1,51.0,0,1
49,0,2,0,0,12,2,1,0,1,24.0,0,1
49,0,2,0,0,12,2,1,0,1,23.0,0,1
43,8,2,0,0,12,0,1,0,3,36.0,0,1
49,0,2,0,0,12,0,0,0,3,30.0,0,1
43,8,2,0,0,12,0,1,0,1,30.0,0,1
49,0,2,0,0,12,0,1,0,1,31.0,0,1
49,0,2,0,0,12,0,0,0,1,39.0,0,1
49,0,2,0,0,12,0,1,0,1,25.0,0,1
0,16,0,0,1,12,2,0,5,0,17.0,1,1
20,19,1,1,1,12,1,0,5,0,22.0,0,1
32,10,2,0,1,12,2,1,5,0,24.0,0,1
1,16,0,0,1,12,2,1,5,0,20.0,0,1
9,3,0,0,1,12,1,1,5,0,41.0,0,1
32,10,2,0,1,12,1,0,5,0,24.0,0,1
0,16,0,0,1,1,2,0,5,0,24.0,1,1
40,30,2,0,1,8,2,1,2,1,25.0,0,1
16,19,1,0,1,12,1,0,5,0,41.0,0,1
30,28,1,0,1,12,2,1,5,0,55.0,0,1
7,25,1,1,1,12,1,1,4,3,34.0,0,1
16,19,1,0,1,12,1,1,5,0,54.0,0,1
32,10,2,0,1,12,2,1,5,0,50.0,0,1
9,3,0,0,1,12,1,1,5,0,41.0,0,1
31,7,1,0,1,12,1,1,5,1,22.0,0,1
32,10,2,0,1,12,2,1,5,3,22.0,0,1
9,3,0,0,1,12,1,1,5,1,36.0,0,1
13,5,1,1,1,12,1,1,5,1,25.0,0,1
16,19,1,0,1,12,1,1,5,0,38.0,0,1
9,3,0,0,1,12,1,1,5,0,41.0,0,1
10,3,0,0,1,12,2,0,5,0,35.0,0,1
32,10,2,0,1,12,2,0,0,1,29.0,0,1
9,3,0,0,1,12,2,1,5,0,58.0,1,1
8,3,0,0,1,12,2,1,5,3,39.0,0,1
30,28,1,0,1,12,2,1,5,0,34.0,0,1
8,3,0,0,1,12,2,1,5,0,46.0,0,1
9,3,0,0,1,12,1,1,5,0,57.0,0,1
30,28,1,0,1,12,2,1,4,3,36.0,0,1
29,11,1,1,1,12,2,0,5,0,33.0,0,1
9,3,0,0,1,12,2,1,5,0,51.0,0,1
7,25,1,1,1,12,2,1,5,0,30.0,0,1
8,3,0,0,1,3,2,1,5,0,22.0,0,1
9,3,0,0,1,12,1,1,5,0,21.0,0,1
9,3,0,0,1,12,1,1,5,0,30.0,0,1
9,3,0,0,1,12,2,1,5,0,35.0,0,1
32,10,2,0,1,12,2,1,5,0,31.0,0,1
9,3,0,0,1,12,1,1,0,1,33.0,0,1
30,28,1,0,1,3,2,1,5,0,29.0,0,1
8,3,0,0,1,3,2,0,5,0,35.0,0,1
8,3,0,0,1,1,2,1,5,1,39.0,0,1
8,3,0,0,1,12,2,0,5,1,48.0,0,1
9,3,0,0,1,12,2,0,5,0,47.0,0,1
9,3,0,0,1,12,1,0,5,0,32.0,0,1
9,3,0,0,1,12,2,1,5,1,42.0,0,1
32,10,2,0,1,12,2,1,5,3,43.0,0,1
9,3,0,0,1,12,1,1,5,0,47.0,0,1
30,28,1,0,1,12,2,0,5,0,41.0,0,1
31,7,1,0,1,12,2,0,5,0,38.0,0,1
30,28,1,0,1,12,2,1,5,0,63.0,0,1
13,5,1,1,1,12,2,0,4,0,34.5,1,1
9,3,0,0,1,12,1,1,5,0,42.0,0,1
9,3,0,0,1,0,1,0,5,0,44.5,1,1
30,28,1,0,1,12,2,1,5,0,36.0,0,1
13,5,1,1,1,12,1,1,5,1,35.0,0,1
9,3,0,0,1,12,1,1,5,3,30.0,0,1
9,3,0,0,1,12,1,1,0,1,17.0,0,1
30,28,1,0,1,3,2,0,5,0,16.5,1,1
9,3,0,0,1,12,1,0,5,0,37.0,0,1
9,3,0,0,1,12,2,0,5,0,52.0,1,1
9,3,0,0,1,12,1,0,5,0,44.0,0,1
9,3,0,0,1,12,1,1,5,1,29.0,0,1
33,10,2,0,1,12,2,0,5,0,29.0,0,1
9,3,0,0,1,12,1,1,5,0,34.0,0,1
9,3,0,0,1,12,1,1,5,0,29.0,0,1
9,3,0,0,1,12,1,1,5,0,39.0,0,1
30,28,1,0,1,12,2,0,2,3,49.0,0,1
9,3,0,0,1,12,1,1,5,1,30.0,0,1
9,3,0,0,1,12,1,1,5,0,55.0,0,1
9,3,0,0,1,12,1,0,5,0,22.5,1,1
32,10,2,0,1,12,2,1,5,3,46.0,0,1
30,28,1,0,1,12,2,0,4,3,33.0,0,1
9,3,0,0,1,12,1,1,5,0,54.0,0,1
30,28,1,0,1,12,2,0,5,0,39.0,0,1
8,3,0,0,1,12,2,1,5,1,34.0,0,1
30,28,1,0,1,12,2,1,5,0,31.0,0,1
10,3,0,0,1,12,1,1,5,3,26.0,0,1
9,3,0,0,1,12,2,1,5,0,31.0,0,1
40,30,2,0,1,8,2,1,2,1,33.0,0,1
40,30,2,0,1,8,2,1,5,0,23.0,0,1
32,10,2,0,1,12,2,1,5,0,33.0,0,1
40,30,2,0,1,3,2,1,5,0,57.0,0,1
32,10,2,0,1,12,2,1,5,0,30.0,0,1
21,21,1,1,1,12,2,0,5,0,31.0,0,1
32,10,2,0,1,12,2,1,5,0,53.0,0,1
40,30,2,0,1,12,2,1,5,0,25.0,0,1
8,3,0,0,1,3,2,1,5,1,51.0,0,1
20,19,1,1,1,12,1,0,0,0,33.0,1,1
21,21,1,1,1,12,2,1,5,0,31.0,0,1
9,3,0,0,1,12,2,1,5,3,29.0,0,1
20,19,1,1,1,12,1,1,5,0,23.0,0,1
32,10,2,0,1,12,2,0,5,0,35.0,0,1
9,3,0,0,1,12,1,1,5,0,30.0,0,1
9,3,0,0,1,12,2,1,5,3,30.0,0,1
32,10,2,0,1,12,2,0,5,0,24.0,0,1
10,3,0,0,1,12,1,1,5,1,60.0,0,1
9,3,0,0,1,12,2,1,5,0,26.0,0,1
9,3,0,0,1,12,1,1,5,0,31.0,0,1
32,10,2,0,1,12,2,0,5,0,43.0,0,1
8,3,0,0,1,5,2,1,5,0,50.0,0,1
30,28,1,0,1,6,2,1,5,0,26.0,0,1
30,28,1,0,1,8,2,1,5,1,42.0,0,1
32,10,2,0,1,12,2,1,5,0,20.0,0,1
9,3,0,0,1,12,2,0,5,1,27.0,0,1
33,10,2,0,1,12,1,1,5,0,41.0,0,1
31,7,1,0,1,12,1,0,5,0,46.0,0,1
9,3,0,0,1,12,1,1,4,3,56.0,0,1
30,28,1,0,1,12,2,1,5,0,52.0,0,1
30,28,1,0,1,12,2,0,5,0,37.0,0,1
9,3,0,0,1,12,1,1,4,3,64.0,0,1
16,19,1,0,1,12,1,1,5,0,32.0,0,1
9,3,0,0,1,12,2,1,0,3,45.0,0,1
9,3,0,0,1,12,2,1,5,0,32.0,0,1
16,19,1,0,1,12,2,1,5,0,32.0,0,1
33,10,2,0,1,12,1,1,5,0,38.0,0,1
32,10,2,0,1,12,2,1,5,0,37.0,0,1
30,28,1,0,1,12,2,1,5,1,37.0,0,1
9,3,0,0,1,12,2,1,5,1,37.0,0,1
40,30,2,0,1,3,2,1,5,0,26.0,0,1
9,3,0,0,1,12,2,1,4,3,44.0,0,1
40,30,2,0,1,3,2,1,5,0,34.0,0,1
16,19,1,0,1,12,2,1,5,0,49.0,0,1
9,3,0,0,1,12,1,0,5,0,58.0,0,1
9,3,0,0,1,3,1,1,5,0,39.0,0,1
31,7,1,0,1,12,1,1,5,0,40.0,0,1
2,18,0,0,1,12,2,1,5,0,33.0,0,1
31,7,1,0,1,12,2,1,5,0,41.0,0,1
20,19,1,1,1,12,1,1,5,0,27.0,0,1
9,3,0,0,1,12,1,0,4,3,23.0,0,1
8,3,0,0,1,0,2,1,5,0,25.0,0,1
32,10,2,0,1,12,2,1,5,0,38.0,0,1
9,3,0,0,1,12,1,1,5,1,61.0,0,1
9,3,0,0,1,12,1,1,5,0,56.0,0,1
9,3,0,0,1,12,2,1,5,0,47.0,0,1
31,7,1,0,1,12,1,1,5,0,42.0,0,1
9,3,0,0,1,12,1,1,5,0,45.0,0,1
8,3,0,0,1,12,2,0,5,0,21.0,0,1
9,3,0,0,1,12,2,1,5,0,45.0,0,1
32,10,2,0,1,3,2,1,5,0,25.0,0,1
9,3,0,0,1,12,2,0,5,1,25.0,0,1
9,3,0,0,1,12,1,0,5,0,30.0,0,1
9,3,0,0,1,12,1,1,5,0,37.0,0,1
9,3,0,0,1,12,1,1,5,0,36.0,0,1
32,10,2,0,1,12,2,1,5,0,50.0,0,1
9,3,0,0,1,12,2,0,5,1,39.0,0,1
9,3,0,0,1,12,2,1,5,0,56.0,0,1
9,3,0,0,1,12,2,1,5,0,42.0,0,1
32,10,2,0,1,12,2,1,5,0,28.0,0,1
9,3,0,0,1,12,1,0,5,0,46.0,0,1
9,3,0,0,1,12,1,0,5,0,40.0,1,1
9,3,0,0,1,12,2,0,5,0,32.75,1,1
16,19,1,0,1,12,1,1,5,0,34.0,0,1
32,10,2,0,1,12,2,1,5,0,38.0,0,1
9,3,0,0,1,12,2,1,4,1,51.0,0,1
9,3,0,0,1,12,2,1,5,0,39.0,0,1
32,10,2,0,1,12,2,1,5,1,44.0,0,1
9,3,0,0,1,12,1,1,5,0,23.0,0,1
16,19,1,0,1,12,2,1,5,0,14.6,1,1
9,3,0,0,1,12,1,0,4,3,53.0,0,1
9,3,0,0,1,12,2,0,5,0,27.0,0,1
9,3,0,0,1,12,1,0,5,1,18.0,0,1
9,3,0,0,1,12,1,0,5,0,27.0,0,1
9,3,0,0,1,12,1,1,2,1,27.0,0,1
31,7,1,0,1,12,1,1,5,0,16.0,0,1
20,19,1,1,1,12,1,1,5,0,34.0,0,1
30,28,1,0,1,12,2,1,5,0,31.0,0,1
32,10,2,0,1,12,2,1,5,0,44.0,0,1
31,7,1,0,1,12,1,1,5,0,28.0,0,1
32,10,2,0,1,12,2,1,5,0,41.0,0,1
9,3,0,0,1,12,2,1,0,0,21.0,0,1
9,3,0,0,1,12,2,0,0,1,18.0,0,1
9,3,0,0,1,12,2,1,0,1,36.0,0,1
9,3,0,0,1,12,2,1,0,1,32.0,0,1
32,10,2,0,1,12,0,0,5,2,50.5,1,1
16,19,1,0,1,12,1,0,5,1,37.0,0,1
32,10,2,0,1,12,1,0,5,1,53.5,1,1
16,19,1,0,1,5,0,1,5,0,25.0,0,1
44,9,2,0,0,3,0,1,5,0,21.0,0,1
44,9,2,0,0,1,0,1,5,1,41.0,0,1
44,9,2,0,0,12,0,1,5,1,44.0,0,1
9,3,0,0,1,12,0,1,5,1,41.0,0,1
16,19,1,0,1,12,1,0,5,0,26.5,1,1
9,3,0,0,1,12,2,1,4,2,14.0,0,1
9,3,0,0,1,12,2,0,0,1,20.0,1,1
9,3,0,0,1,12,1,1,0,1,36.0,0,1
33,10,2,0,1,12,1,0,5,2,15.0,0,1
32,10,2,0,1,12,1,0,5,2,17.0,0,1
8,3,0,0,1,12,0,1,5,2,40.0,0,1
33,10,2,0,1,12,1,0,5,2,14.0,1,1
33,10,2,0,1,12,1,0,5,2,13.0,0,1
9,3,0,0,1,2,0,1,0,1,38.0,0,1
49,0,2,0,0,12,0,1,0,1,28.0,0,1
32,10,2,0,1,12,2,1,5,1,33.0,0,1
33,10,2,0,1,12,0,0,0,1,49.0,0,1
9,3,0,0,1,12,2,1,5,0,55.0,0,1
9,3,0,0,1,12,0,0,5,1,30.0,0,1
8,3,0,0,1,5,0,1,5,1,26.0,0,1
9,3,0,0,1,12,0,0,5,1,29.0,0,1
31,7,1,0,1,12,0,1,0,1,22.0,0,1
8,3,0,0,1,12,0,0,0,1,43.0,0,1
9,3,0,0,1,12,0,1,0,1,36.0,0,1
20,19,1,1,1,12,1,0,5,2,35.0,0,1
32,10,2,0,1,12,0,1,0,1,32.0,0,1
46,20,2,0,0,12,0,1,0,1,30.0,0,1
8,3,0,0,1,12,2,1,0,1,47.0,0,1
16,19,1,0,1,12,1,0,5,2,24.0,0,1
32,10,2,0,1,12,2,1,5,2,33.0,0,1
32,10,2,0,1,12,1,1,5,2,42.0,0,1
32,10,2,0,1,12,2,1,5,2,32.0,0,1
31,7,1,0,1,12,1,1,5,2,34.0,0,1
32,10,2,0,1,12,0,1,5,2,56.0,0,1
31,7,1,0,1,12,1,1,5,1,46.0,1,1
20,19,1,1,1,12,2,1,5,0,32.0,0,1
9,3,0,0,1,12,2,0,5,0,37.0,0,1
9,3,0,0,1,12,2,0,5,0,43.0,0,1
10,3,0,0,1,12,2,1,5,2,53.0,0,1
9,3,0,0,1,12,2,1,5,2,40.0,0,1
8,3,0,0,1,12,2,1,5,0,65.0,0,1
9,3,0,0,1,12,2,1,5,0,30.0,0,1
13,5,1,1,1,12,2,1,5,2,40.0,0,1
8,3,0,0,1,5,2,1,5,1,35.0,0,1
9,3,0,0,1,12,2,0,5,0,36.0,0,1
16,19,1,0,1,12,2,1,5,0,27.0,0,1
16,19,1,0,1,12,1,1,5,2,25.0,0,1
32,10,2,0,1,12,2,0,5,1,29.0,0,1
32,10,2,0,1,12,2,1,5,1,33.0,0,1
32,10,2,0,1,12,2,1,5,1,41.0,0,1
32,10,2,0,1,12,0,1,5,0,40.0,0,1
32,10,2,0,1,12,0,1,5,0,56.0,0,1
32,10,2,0,1,12,0,1,5,0,19.0,0,1
20,19,1,1,1,12,0,1,5,0,35.0,0,1
32,10,2,0,1,12,0,0,5,0,44.0,0,1
9,3,0,0,1,12,0,0,5,0,20.0,0,1
31,7,1,0,1,12,1,0,5,0,33.0,0,1
31,7,1,0,1,12,1,1,5,0,27.0,0,1
9,3,0,0,1,12,0,1,5,0,37.0,0,1
9,3,0,0,1,12,1,1,5,0,44.0,0,1
9,3,0,0,1,12,0,0,5,0,51.0,0,1
8,3,0,0,1,5,0,1,5,0,31.0,0,1
33,10,2,0,1,12,0,1,5,0,30.0,0,1
33,10,2,0,1,12,0,1,5,0,30.0,0,1
9,3,0,0,1,12,0,1,5,0,24.0,0,1
30,28,1,0,1,12,0,0,5,0,33.0,0,1
9,3,0,0,1,12,1,1,5,0,38.5,1,1
8,3,0,0,1,12,0,1,5,0,35.0,0,1
9,3,0,0,1,12,2,0,5,0,17.0,0,1
40,30,2,0,1,3,1,1,5,1,24.0,0,1
9,3,0,0,1,12,0,1,5,0,28.0,0,1
9,3,0,0,1,12,1,1,5,0,26.0,0,1
49,0,2,0,0,12,0,0,5,0,35.0,0,1
16,19,1,0,1,12,0,1,5,0,30.0,0,1
8,3,0,0,1,12,2,1,5,0,23.0,0,1
16,19,1,0,1,12,2,1,5,0,32.0,0,1
20,19,1,1,1,12,0,1,5,0,43.0,0,1
40,30,2,0,1,3,0,1,5,0,18.0,0,1
9,3,0,0,1,12,0,1,5,0,28.0,0,1
13,5,1,1,1,3,2,1,5,0,30.0,0,1
8,3,0,0,1,12,0,1,5,0,18.0,0,1
9,3,0,0,1,12,2,1,5,0,48.0,0,1
9,3,0,0,1,12,2,1,5,0,45.0,0,1
9,3,0,0,1,12,2,0,5,0,39.0,0,1
9,3,0,0,1,12,0,1,5,0,59.0,0,1
49,0,2,0,0,12,2,1,5,0,54.0,0,1
9,3,0,0,1,12,0,1,5,1,39.0,0,1
31,7,1,0,1,12,2,1,5,0,23.0,0,1
16,19,1,0,1,12,0,0,5,0,42.0,0,1
9,3,0,0,1,12,0,0,5,2,23.0,0,1
32,10,2,0,1,12,2,1,5,2,41.0,0,1
32,10,2,0,1,10,2,1,5,0,25.0,0,1
16,19,1,0,1,12,2,1,5,0,28.0,0,1
32,10,2,0,1,12,2,1,5,1,40.0,0,1
8,3,0,0,1,12,2,1,5,0,43.0,0,1
32,10,2,0,1,12,2,1,5,0,52.0,0,1
16,19,1,0,1,12,1,0,5,1,24.0,0,1
20,19,1,1,1,12,1,1,5,0,24.0,0,1
32,10,2,0,1,12,0,1,5,1,30.0,0,1
10,3,0,0,1,12,2,1,5,0,35.0,0,1
16,19,1,0,1,12,1,1,5,0,36.0,0,1
10,3,0,0,1,12,1,1,5,0,45.0,0,1
8,3,0,0,1,12,1,1,5,0,31.5,1,1
10,3,0,0,1,12,2,1,5,0,35.0,0,1
9,3,0,0,1,12,2,1,5,0,43.0,0,1
31,7,1,0,1,12,1,1,5,0,24.0,0,1
9,3,0,0,1,12,1,1,5,0,49.0,0,1
9,3,0,0,1,12,2,1,5,0,21.0,0,1
9,3,0,0,1,12,1,1,5,0,34.0,0,1
10,3,0,0,1,12,1,1,5,0,22.0,0,1
9,3,0,0,1,12,1,0,5,0,24.0,0,1
13,5,1,1,1,12,1,1,5,0,32.0,0,1
13,5,1,1,1,12,2,0,5,1,31.0,0,1
23,14,1,1,1,12,0,1,5,0,28.0,0,1
9,3,0,0,1,12,0,1,5,0,53.0,0,1
32,10,2,0,1,12,0,1,5,0,27.0,0,1
18,19,1,1,1,12,0,1,5,0,18.0,0,1
9,3,0,0,1,12,0,1,5,0,43.0,0,1
9,3,0,0,1,12,0,1,5,0,17.0,0,1
11,2,1,0,1,12,0,1,5,0,43.0,0,1
31,7,1,0,1,12,0,0,0,1,39.0,0,1
13,5,1,1,1,12,0,0,5,0,42.0,0,1
11,2,1,0,1,12,0,1,5,0,49.0,0,1
21,21,1,1,1,12,0,0,5,1,35.0,0,1
32,10,2,0,1,12,2,0,5,0,32.0,0,1
32,10,2,0,1,12,2,1,5,1,27.0,0,1
9,3,0,0,1,12,0,1,5,0,13.0,0,1
32,10,2,0,1,12,2,1,5,0,25.0,0,1
21,21,1,1,1,12,0,1,5,0,48.0,0,1
9,3,0,0,1,12,0,1,5,0,40.0,0,1
32,10,2,0,1,12,2,1,5,1,57.0,0,1
32,10,2,0,1,12,2,1,5,1,23.0,0,1
32,10,2,0,1,12,0,0,5,1,43.0,0,1
32,10,2,0,1,12,0,1,5,1,27.0,0,1
21,21,1,1,1,12,0,1,5,0,24.0,0,1
9,3,0,0,1,12,0,1,5,0,22.0,0,1
32,10,2,0,1,12,2,0,5,1,35.0,0,1
32,10,2,0,1,12,0,1,5,1,36.0,0,1
9,3,0,0,1,12,0,1,5,1,46.0,0,1
32,10,2,0,1,12,2,1,5,0,56.0,0,1
9,3,0,0,1,12,2,1,5,0,27.0,0,1
9,3,0,0,1,12,0,1,5,1,40.0,0,1
16,19,1,0,1,12,1,1,5,1,52.0,0,1
32,10,2,0,1,5,2,1,5,1,31.0,0,1
9,3,0,0,1,12,0,1,5,1,37.0,0,1
8,3,0,0,1,5,0,0,5,0,33.0,0,1
8,3,0,0,1,12,0,1,5,1,30.0,0,1
9,3,0,0,1,12,2,1,5,0,42.0,0,1
8,3,0,0,1,12,0,1,5,0,35.0,0,1
23,14,1,1,1,12,2,1,5,0,23.0,0,1
32,10,2,0,1,12,0,1,5,0,44.0,0,1
9,3,0,0,1,12,0,0,5,1,37.0,0,1
9,3,0,0,1,12,0,0,5,0,19.0,0,1
9,3,0,0,1,12,0,1,5,0,44.0,0,1
32,10,2,0,1,12,0,1,5,1,28.0,0,1
9,3,0,0,1,12,0,1,5,0,28.0,0,1
25,14,1,1,1,12,0,1,5,1,25.0,0,1
8,3,0,0,1,12,2,0,2,1,38.5,1,1
22,6,1,0,1,12,2,1,5,1,35.0,0,1
8,3,0,0,1,12,1,1,5,1,42.0,0,1
9,3,0,0,1,12,2,0,5,3,36.0,0,1
31,7,1,0,1,12,1,1,5,0,40.0,0,1
32,10,2,0,1,12,1,1,5,1,35.0,1,1
8,3,0,0,1,12,1,0,5,1,28.0,0,1
16,19,1,0,1,12,2,0,5,1,56.0,0,1
9,3,0,0,1,12,1,0,5,1,24.0,0,1
9,3,0,0,1,12,1,0,5,1,36.0,0,1
9,3,0,0,1,12,1,0,5,1,44.0,0,1
9,3,0,0,1,12,1,1,5,0,37.0,0,1
8,3,0,0,1,12,1,0,5,1,19.0,0,1
9,3,0,0,1,12,1,1,5,1,34.0,0,1
9,3,0,0,1,12,2,1,5,1,31.0,0,1
32,10,2,0,1,12,2,1,5,1,21.0,0,1
9,3,0,0,1,12,1,1,5,1,25.0,0,1
49,0,2,0,0,12,2,0,5,1,42.0,1,1
32,10,2,0,1,12,2,1,5,1,42.0,0,1
8,3,0,0,1,12,1,1,5,1,39.0,0,1
9,3,0,0,1,12,2,0,0,1,27.0,0,1
0,16,0,0,1,12,0,1,5,1,23.0,0,1
10,3,0,0,1,12,1,0,2,1,32.0,0,1
16,19,1,0,1,12,2,1,4,1,37.0,0,1
31,7,1,0,1,12,2,0,5,0,23.0,0,1
16,19,1,0,1,12,2,0,2,1,21.0,0,1
9,3,0,0,1,12,2,1,5,0,43.0,0,1
8,3,0,0,1,12,2,1,5,1,44.0,0,1
9,3,0,0,1,12,2,1,4,1,36.0,0,1
16,19,1,0,1,12,2,1,5,1,22.0,0,1
16,19,1,0,1,12,1,1,5,0,44.0,0,1
20,19,1,1,1,12,1,1,2,1,29.0,0,1
23,14,1,1,1,12,1,1,5,1,53.0,0,1
40,30,2,0,1,12,1,1,5,1,57.0,0,1
9,3,0,0,1,12,1,1,5,0,18.0,0,1
9,3,0,0,1,12,2,1,5,1,53.0,0,1
9,3,0,0,1,12,2,1,5,1,20.0,0,1
9,3,0,0,1,12,2,0,5,1,20.0,0,1
31,7,1,0,1,12,1,0,5,1,18.0,0,1
9,3,0,0,1,12,1,0,5,1,23.0,0,1
9,3,0,0,1,12,1,0,5,1,58.0,0,1
16,19,1,0,1,12,2,0,5,1,22.0,0,1
9,3,0,0,1,12,1,1,4,1,39.0,0,1
21,21,1,1,1,12,2,1,4,1,27.0,0,1
16,19,1,0,1,12,2,1,5,0,42.0,0,1
8,3,0,0,1,12,2,1,0,1,37.0,0,1
16,19,1,0,1,12,1,1,5,1,27.0,0,1
16,19,1,0,1,12,1,1,5,1,23.0,0,1
32,10,2,0,1,12,2,1,5,1,28.0,0,1
16,19,1,0,1,12,1,0,5,1,27.5,1,1
9,3,0,0,1,12,2,1,5,0,17.0,0,1
8,3,0,0,1,12,1,0,5,0,22.5,1,1
8,3,0,0,1,12,1,1,5,0,28.0,0,1
16,19,1,0,1,12,2,1,5,1,23.0,0,1
49,0,2,0,0,12,2,1,5,0,38.5,1,1
9,3,0,0,1,12,2,1,5,0,45.0,0,1
9,3,0,0,1,12,1,0,5,0,43.0,0,1
8,3,0,0,1,12,2,1,5,1,43.0,0,1
13,5,1,1,1,12,1,1,5,1,16.0,1,1
8,3,0,0,1,12,2,1,0,1,33.0,0,1
9,3,0,0,1,12,1,0,5,1,18.0,0,1
31,7,1,0,1,12,1,1,0,1,24.0,0,1
9,3,0,0,1,12,1,1,5,1,31.0,0,1
9,3,0,0,1,12,1,1,5,1,67.0,0,1
9,3,0,0,1,12,2,1,5,1,38.0,0,1
9,3,0,0,1,12,2,0,5,1,61.0,0,1
16,19,1,0,1,12,1,0,5,0,22.5,1,1
31,7,1,0,1,12,1,1,5,1,53.0,0,1
30,28,1,0,1,12,2,0,5,0,36.0,0,1
29,11,1,1,1,12,1,0,4,1,50.0,0,1
16,19,1,0,1,12,1,1,5,1,27.0,0,1
49,0,2,0,0,12,2,1,5,1,47.0,0,1
16,19,1,0,1,12,2,0,5,0,32.0,0,1
32,10,2,0,1,12,2,1,2,1,29.0,0,1
46,20,2,0,0,12,2,0,0,1,30.5,1,1
16,19,1,0,1,12,1,0,5,0,32.0,0,1
8,3,0,0,1,12,2,1,5,1,27.0,0,1
8,3,0,0,1,12,1,1,0,1,17.0,0,1
31,7,1,0,1,12,1,0,5,1,39.0,0,1
16,19,1,0,1,12,1,0,5,1,32.0,0,1
16,19,1,0,1,12,1,1,5,1,29.0,0,1
9,3,0,0,1,12,2,1,0,1,41.0,0,1
24,14,1,1,1,12,2,1,5,1,36.0,0,1
9,3,0,0,1,12,2,1,5,1,19.0,0,1
31,7,1,0,1,12,1,1,5,1,47.0,0,1
16,19,1,0,1,12,1,0,4,1,54.0,0,1
9,3,0,0,1,12,1,0,5,0,22.5,1,1
32,10,2,0,1,12,1,1,4,1,47.0,0,1
21,21,1,1,1,12,2,0,5,1,33.0,0,1
9,3,0,0,1,12,2,0,5,0,27.0,0,1
16,19,1,0,1,12,1,1,5,0,20.0,0,1
16,19,1,0,1,12,2,0,5,1,61.0,0,1
16,19,1,0,1,12,1,1,5,1,40.0,0,1
16,19,1,0,1,12,1,1,5,1,40.0,0,1
9,3,0,0,1,12,1,0,5,1,21.0,0,1
16,19,1,0,1,12,1,1,5,1,27.0,0,1
9,3,0,0,1,12,1,1,5,0,56.0,0,1
32,10,2,0,1,12,2,0,5,0,33.0,0,1
8,3,0,0,1,12,2,1,5,0,26.0,0,1
9,3,0,0,1,12,2,1,5,1,42.0,0,1
9,3,0,0,1,12,1,0,5,1,36.0,0,1
8,3,0,0,1,12,2,1,5,1,35.0,0,1
9,3,0,0,1,12,1,1,5,1,20.0,0,1
9,3,0,0,1,12,2,1,4,1,24.0,0,1
30,28,1,0,1,12,2,0,5,1,37.0,0,1
31,7,1,0,1,12,1,0,5,1,27.0,0,1
9,3,0,0,1,12,2,1,4,1,22.0,0,1
29,11,1,1,1,12,1,1,5,1,31.0,0,1
30,28,1,0,1,12,2,1,4,1,40.5,1,1
9,3,0,0,1,12,2,1,5,0,22.0,0,1
8,3,0,0,1,12,1,0,5,1,35.0,0,1
8,3,0,0,1,12,2,1,5,1,42.0,0,1
8,3,0,0,1,12,2,1,5,1,32.0,0,1
9,3,0,0,1,12,1,0,2,1,50.0,0,1
16,19,1,0,1,12,0,0,5,1,25.0,0,1
16,19,1,0,1,12,1,1,5,1,59.0,0,1
13,5,1,1,1,12,2,1,5,1,45.0,0,1
30,28,1,0,1,12,2,0,5,1,47.0,0,1
8,3,0,0,1,12,2,1,5,0,38.0,0,1
16,19,1,0,1,12,2,1,5,0,37.0,0,1
9,3,0,0,1,12,1,1,5,0,70.0,0,1
9,3,0,0,1,12,1,0,5,0,52.0,0,1
16,19,1,0,1,12,1,1,5,0,42.0,0,1
32,10,2,0,1,12,2,0,4,1,35.5,1,1
9,3,0,0,1,12,1,1,5,0,31.0,0,1
9,3,0,0,1,12,1,0,0,1,33.0,0,1
8,3,0,0,1,12,2,1,0,1,31.0,0,1
16,19,1,0,1,12,1,1,5,1,33.0,0,1
32,10,2,0,1,12,2,0,5,1,36.0,0,1
9,3,0,0,1,12,1,0,5,1,36.0,0,1
16,19,1,0,1,12,2,0,1,1,31.5,1,1
32,10,2,0,1,12,2,1,5,1,33.0,0,1
32,10,2,0,1,12,2,0,2,1,24.0,1,1
8,3,0,0,1,12,1,1,4,1,40.0,0,1
22,6,1,0,1,12,1,0,5,1,56.0,0,1
9,3,0,0,1,12,2,1,5,0,39.0,0,1
43,8,2,0,0,12,1,1,5,1,56.0,0,1
9,3,0,0,1,12,1,0,0,1,27.0,1,1
9,3,0,0,1,12,2,0,5,1,43.0,0,1
16,19,1,0,1,12,2,0,5,0,52.0,0,1
9,3,0,0,1,12,1,1,4,1,91.0,0,1
7,25,1,1,1,12,1,1,5,0,36.0,1,1
32,10,2,0,1,12,2,1,5,0,20.0,0,1
32,10,2,0,1,12,2,1,5,1,45.0,0,1
9,3,0,0,1,12,2,0,5,0,25.0,0,1
9,3,0,0,1,12,1,1,5,1,33.0,0,1
16,19,1,0,1,12,1,0,5,1,37.0,0,1
21,21,1,1,1,12,0,1,5,1,35.0,1,1
9,3,0,0,1,12,2,0,5,0,23.0,0,1
9,3,0,0,1,12,1,0,5,1,62.0,0,1
16,19,1,0,1,12,1,1,5,1,30.0,0,1
8,3,0,0,1,12,2,1,4,1,35.0,0,1
9,3,0,0,1,12,2,0,5,1,51.0,0,1
9,3,0,0,1,12,1,0,5,1,26.0,0,1
13,5,1,1,1,12,2,1,4,0,43.0,0,1
2,18,0,0,1,12,2,1,5,1,40.0,0,1
32,10,2,0,1,12,2,1,4,1,29.0,0,1
46,20,2,0,0,12,1,1,5,1,22.0,0,1
8,3,0,0,1,12,2,1,5,1,22.0,0,1
9,3,0,0,1,12,1,0,0,1,17.0,0,1
2,18,0,0,1,12,2,1,5,0,44.0,0,1
9,3,0,0,1,12,1,0,5,1,67.0,0,1
31,7,1,0,1,12,1,0,5,0,36.0,0,1
13,5,1,1,1,12,2,0,0,1,39.0,0,1
8,3,0,0,1,12,2,0,4,1,21.0,0,1
16,19,1,0,1,12,1,0,4,1,33.0,0,1
16,19,1,0,1,12,1,0,4,1,27.0,0,1
9,3,0,0,1,12,2,0,5,1,46.0,0,1
9,3,0,0,1,12,1,1,1,1,35.0,0,1
30,28,1,0,1,12,2,1,5,1,30.0,0,1
31,7,1,0,1,12,2,0,2,1,38.0,0,1
8,3,0,0,1,12,2,1,5,1,14.0,0,1
9,3,0,0,1,12,1,1,5,1,32.0,0,1
16,19,1,0,1,12,1,0,5,0,46.0,0,1
8,3,0,0,1,12,2,1,4,1,20.0,0,1
16,19,1,0,1,12,2,1,5,1,40.0,0,1
9,3,0,0,1,12,1,1,4,1,32.0,0,1
16,19,1,0,1,12,2,0,5,0,25.0,0,1
16,19,1,0,1,12,1,0,5,1,33.0,0,1
9,3,0,0,1,12,1,0,5,1,24.0,0,1
31,7,1,0,1,12,1,1,5,1,38.0,0,1
43,8,2,0,0,12,1,1,2,1,19.0,0,1
9,3,0,0,1,12,1,0,5,1,22.0,0,1
9,3,0,0,1,12,2,0,0,1,37.0,0,1
9,3,0,0,1,12,1,1,5,0,40.0,0,1
12,12,1,1,1,12,1,1,4,1,20.0,0,1
8,3,0,0,1,12,2,0,0,1,18.0,0,1
40,30,2,0,1,12,2,1,5,1,45.0,0,1
9,3,0,0,1,12,1,0,4,1,24.0,0,1
9,3,0,0,1,12,1,1,5,1,43.0,0,1
9,3,0,0,1,12,1,1,5,1,53.0,0,1
31,7,1,0,1,12,2,1,5,1,21.0,0,1
13,5,1,1,1,12,1,1,5,0,35.0,0,1
32,10,2,0,1,12,2,0,5,0,47.0,0,1
32,10,2,0,1,12,2,1,5,1,28.0,0,1
8,3,0,0,1,12,2,0,2,1,23.0,0,1
16,19,1,0,1,12,1,1,2,1,32.0,0,1
16,19,1,0,1,12,1,0,5,0,27.0,1,1
31,7,1,0,1,12,1,0,5,1,18.0,0,1
9,3,0,0,1,12,2,1,5,0,28.0,0,1
2,18,0,0,1,12,2,1,5,1,53.0,0,1
32,10,2,0,1,12,1,1,5,1,24.0,0,1
9,3,0,0,1,12,2,0,5,1,36.0,0,1
24,14,1,1,1,12,1,1,5,0,22.0,0,1
9,3,0,0,1,12,1,1,5,0,63.0,0,1
9,3,0,0,1,12,1,0,5,1,21.0,0,1
9,3,0,0,1,12,2,1,5,1,25.0,0,1
44,9,2,0,0,12,2,0,0,1,31.0,0,1
16,19,1,0,1,12,2,1,5,1,29.0,0,1
16,19,1,0,1,12,1,1,5,1,41.0,0,1
16,19,1,0,1,12,2,1,5,1,40.0,0,1
16,19,1,0,1,12,1,0,5,1,43.0,0,1
31,7,1,0,1,12,2,1,5,1,29.0,0,1
30,28,1,0,1,12,1,1,5,0,30.0,0,1
16,19,1,0,1,12,1,1,5,0,33.0,0,1
8,3,0,0,1,12,2,0,5,1,66.0,0,1
16,19,1,0,1,12,1,0,5,1,35.0,0,1
8,3,0,0,1,12,1,0,5,1,42.0,0,1
32,10,2,0,1,12,2,1,5,0,26.0,0,1
9,3,0,0,1,12,2,1,5,1,27.0,0,1
9,3,0,0,1,12,2,0,5,1,25.0,0,1
9,3,0,0,1,12,2,1,5,0,33.0,0,1
9,3,0,0,1,12,2,0,5,0,28.0,0,1
2,18,0,0,1,12,1,1,5,0,41.0,0,1
32,10,2,0,1,12,2,1,5,1,33.0,0,1
16,19,1,0,1,12,1,1,4,1,40.0,0,1
9,3,0,0,1,12,2,1,5,1,56.0,0,1
16,19,1,0,1,12,2,0,5,1,47.0,0,1
9,3,0,0,1,12,1,0,5,0,21.0,0,1
16,19,1,0,1,12,2,1,5,0,57.0,0,1
32,10,2,0,1,12,2,1,5,1,45.0,0,1
40,30,2,0,1,12,1,0,5,1,51.0,0,1
8,3,0,0,1,12,2,1,5,3,58.0,0,1
9,3,0,0,1,12,1,1,5,0,30.0,0,1
32,10,2,0,1,12,1,0,4,1,38.0,1,1
9,3,0,0,1,12,2,0,5,1,37.0,0,1
16,19,1,0,1,12,2,1,5,1,36.0,1,1
49,0,2,0,0,12,2,1,5,0,34.0,1,1
16,19,1,0,1,12,1,1,5,1,30.0,0,1
16,19,1,0,1,12,1,0,5,1,26.0,0,1
31,7,1,0,1,12,1,1,5,1,34.0,0,1
8,3,0,0,1,12,2,0,2,1,32.0,0,1
32,10,2,0,1,12,2,1,4,1,66.0,0,1
8,3,0,0,1,12,2,1,5,0,41.0,0,1
9,3,0,0,1,12,1,1,5,0,19.0,0,1
8,3,0,0,1,12,2,1,2,1,37.0,0,1
31,7,1,0,1,12,1,1,5,0,53.0,0,1
9,3,0,0,1,12,2,1,5,1,33.0,0,1
9,3,0,0,1,12,2,1,5,0,37.0,0,1
31,7,1,0,1,12,1,1,4,0,46.0,0,1
31,7,1,0,1,12,1,1,5,1,46.0,0,1
9,3,0,0,1,12,2,1,5,0,36.0,0,1
32,10,2,0,1,12,2,1,5,1,36.0,0,1
16,19,1,0,1,12,2,1,5,1,28.0,0,1
18,19,1,1,1,12,1,1,5,1,41.0,0,1
16,19,1,0,1,12,1,1,4,1,29.0,0,1
49,0,2,0,0,12,1,0,4,1,54.5,1,1
9,3,0,0,1,12,1,1,4,1,44.0,0,1
40,30,2,0,1,12,1,0,5,1,44.0,0,1
30,28,1,0,1,12,2,1,5,1,50.0,0,1
31,7,1,0,1,12,1,1,4,1,44.0,0,1
16,19,1,0,1,12,2,0,5,0,28.0,0,1
32,10,2,0,1,12,2,0,5,0,32.0,0,1
32,10,2,0,1,12,1,0,5,1,33.333333333333336,1,1
30,28,1,0,1,12,2,1,4,1,23.0,0,1
29,11,1,1,1,12,2,1,4,1,37.0,0,1
9,3,0,0,1,12,1,1,5,1,70.0,0,1
16,19,1,0,1,12,1,1,5,1,52.0,0,1
2,18,0,0,1,12,1,1,5,1,46.0,0,1
8,3,0,0,1,12,2,1,5,0,46.0,0,1
2,18,0,0,1,12,2,1,5,0,41.0,0,1
9,3,0,0,1,12,1,1,5,0,37.0,0,1
9,3,0,0,1,12,1,1,5,1,60.0,0,1
30,28,1,0,1,12,1,1,5,0,38.0,0,1
9,3,0,0,1,12,1,0,5,1,32.0,0,1
9,3,0,0,1,12,1,1,5,1,46.0,0,1
8,3,0,0,1,12,2,1,4,1,33.0,0,1
16,19,1,0,1,12,1,1,5,1,30.0,0,1
8,3,0,0,1,12,2,1,5,1,14.0,0,1
8,3,0,0,1,12,2,0,0,1,30.0,0,1
30,28,1,0,1,12,2,1,5,1,31.0,0,1
8,3,0,0,1,12,2,1,5,1,38.0,0,1
16,19,1,0,1,12,2,1,5,1,45.0,0,1
9,3,0,0,1,12,1,0,5,1,33.0,0,1
49,0,2,0,0,12,2,1,1,0,43.5,1,1
9,3,0,0,1,12,0,1,5,1,59.0,0,1
9,3,0,0,1,12,1,1,5,1,60.0,0,1
13,5,1,1,1,12,2,0,4,1,43.0,1,1
16,19,1,0,1,12,1,0,0,1,28.0,0,1
32,10,2,0,1,12,2,1,2,1,71.0,0,1
2,18,0,0,1,12,2,1,4,1,40.0,0,1
9,3,0,0,1,12,2,1,2,1,24.0,0,1
16,19,1,0,1,12,1,1,4,1,37.0,0,1
40,30,2,0,1,12,2,1,5,0,27.0,0,1
31,7,1,0,1,12,1,1,5,0,53.0,0,1
9,3,0,0,1,12,1,0,5,1,27.0,0,1
9,3,0,0,1,12,1,0,5,1,56.0,0,1
8,3,0,0,1,12,2,1,5,1,37.0,0,1
30,28,1,0,1,12,2,1,5,1,50.0,0,1
9,3,0,0,1,12,2,1,5,1,39.0,0,1
9,3,0,0,1,12,2,1,4,1,22.0,0,1
16,19,1,0,1,12,1,0,5,1,34.0,0,1
31,7,1,0,1,12,1,0,5,0,35.0,0,1
8,3,0,0,1,12,2,0,5,0,36.0,0,1
9,3,0,0,1,12,1,0,5,0,29.0,0,1
8,3,0,0,1,12,2,1,5,1,86.0,0,1
16,19,1,0,1,12,1,1,5,1,49.0,0,1
18,19,1,1,1,12,2,1,5,1,28.0,0,1
9,3,0,0,1,12,1,0,5,1,56.0,0,1
13,5,1,1,1,12,2,1,2,1,32.0,0,1
16,19,1,0,1,12,1,0,5,0,28.0,0,1
8,3,0,0,1,12,2,0,5,1,56.0,0,1
32,10,2,0,1,12,1,1,5,1,34.0,0,1
32,10,2,0,1,12,2,0,5,1,22.0,0,1
8,3,0,0,1,12,2,0,5,1,60.0,0,1
30,28,1,0,1,12,2,0,5,0,30.0,1,1
2,18,0,0,1,12,2,1,0,1,30.0,0,1
31,7,1,0,1,12,2,1,4,1,34.0,0,1
8,3,0,0,1,12,2,1,5,0,37.0,0,1
13,5,1,1,1,12,1,1,5,1,19.0,0,1
8,3,0,0,1,12,2,1,5,0,42.0,0,1
2,18,0,0,1,12,1,1,5,1,34.0,0,1
16,19,1,0,1,12,2,1,5,0,41.0,0,1
30,28,1,0,1,12,2,0,4,1,42.0,0,1
49,0,2,0,0,12,2,0,5,0,29.0,0,1
9,3,0,0,1,12,2,1,5,1,28.0,0,1
9,3,0,0,1,12,1,1,5,0,85.0,0,1
49,0,2,0,0,12,2,0,5,0,28.0,0,1
9,3,0,0,1,12,2,1,5,0,15.0,0,1
16,19,1,0,1,12,2,1,5,1,31.0,0,1
9,3,0,0,1,12,1,0,5,1,58.0,1,1
16,19,1,0,1,12,1,1,5,1,49.0,0,1
16,19,1,0,1,12,1,1,4,1,33.0,0,1
49,0,2,0,0,12,2,1,5,0,21.0,1,1
32,10,2,0,1,12,2,0,5,1,33.0,0,1
9,3,0,0,1,12,2,0,5,1,21.0,0,1
32,10,2,0,1,12,2,0,5,1,25.0,0,1
16,19,1,0,1,12,1,1,4,1,32.0,0,1
9,3,0,0,1,12,1,0,5,1,68.0,0,1
32,10,2,0,1,12,1,1,5,1,42.0,0,1
31,7,1,0,1,12,1,0,5,0,50.0,0,1
9,3,0,0,1,12,2,1,0,1,28.0,0,1
31,7,1,0,1,12,1,1,5,1,34.0,0,1
2,18,0,0,1,12,0,1,5,0,38.0,0,1
16,19,1,0,1,12,1,1,5,1,27.0,0,1
16,19,1,0,1,12,1,0,5,1,25.0,0,1
32,10,2,0,1,12,2,1,5,1,29.0,0,1
9,3,0,0,1,12,2,0,5,1,54.0,0,1
16,19,1,0,1,12,1,1,5,1,30.0,0,1
9,3,0,0,1,12,1,1,5,1,25.0,0,1
31,7,1,0,1,12,1,0,5,1,40.0,0,1
9,3,0,0,1,12,1,1,5,1,39.0,0,1
9,3,0,0,1,12,2,0,5,0,36.0,0,1
8,3,0,0,1,12,2,1,5,1,40.0,0,1
9,3,0,0,1,12,2,0,5,1,50.0,0,1
9,3,0,0,1,12,1,1,4,1,32.0,1,1
8,3,0,0,1,12,2,1,5,1,31.0,0,1
8,3,0,0,1,12,1,0,5,1,51.0,0,1
9,3,0,0,1,12,1,1,5,0,57.0,0,1
9,3,0,0,1,12,2,0,4,3,29.0,0,1
20,19,1,1,1,12,1,0,5,1,51.0,0,1
30,28,1,0,1,12,2,1,5,1,40.0,0,1
9,3,0,0,1,12,2,0,5,1,54.0,0,1
13,5,1,1,1,12,1,1,5,1,41.0,0,1
8,3,0,0,1,12,2,1,4,1,55.0,0,1
9,3,0,0,1,12,2,1,5,1,37.0,0,1
16,19,1,0,1,12,2,1,4,1,49.0,1,1
31,7,1,0,1,12,1,0,5,0,30.0,0,1
8,3,0,0,1,12,2,1,5,0,21.0,0,1
2,18,0,0,1,12,1,1,2,1,34.0,0,1
9,3,0,0,1,12,1,1,4,1,20.0,0,1
18,19,1,1,1,12,1,1,5,1,41.0,0,1
18,19,1,1,1,12,1,1,5,1,41.0,0,1
32,10,2,0,1,12,0,1,5,1,41.0,0,1
30,28,1,0,1,12,2,1,5,1,30.0,0,1
16,19,1,0,1,12,1,1,5,1,46.0,0,1
16,19,1,0,1,12,1,1,4,1,46.5,1,1
9,3,0,0,1,12,1,1,5,1,40.0,0,1
8,3,0,0,1,12,2,1,5,1,30.0,0,1
40,30,2,0,1,12,1,1,5,1,39.0,0,1
9,3,0,0,1,12,2,0,4,1,49.0,0,1
8,3,0,0,1,12,2,1,5,1,42.0,0,1
9,3,0,0,1,12,2,1,5,1,37.0,0,1
32,10,2,0,1,12,0,0,5,1,31.0,0,1
16,19,1,0,1,12,2,1,5,0,29.0,0,1
32,10,2,0,1,12,0,1,5,0,22.0,0,1
2,18,0,0,1,12,2,1,5,0,49.0,0,1
9,3,0,0,1,12,0,1,5,0,29.0,0,1
32,10,2,0,1,12,0,1,5,0,37.0,0,1
32,10,2,0,1,12,0,1,5,0,35.0,0,1
9,3,0,0,1,12,2,1,5,0,45.0,0,1
9,3,0,0,1,12,0,1,5,1,28.0,0,1
9,3,0,0,1,12,2,1,5,0,23.0,0,1
8,3,0,0,1,12,2,1,5,1,22.0,0,1
9,3,0,0,1,12,0,1,4,1,31.0,0,1
2,18,0,0,1,12,0,1,5,0,59.0,0,1
32,10,2,0,1,12,2,1,5,0,26.0,0,1
8,3,0,0,1,5,0,1,5,0,58.0,0,1
32,10,2,0,1,12,2,0,5,0,29.0,0,1
40,30,2,0,1,12,2,1,5,1,20.0,0,1
9,3,0,0,1,12,2,0,5,0,25.0,0,1
9,3,0,0,1,12,0,1,5,1,66.0,0,1
31,7,1,0,1,12,2,1,5,0,16.0,0,1
13,5,1,1,1,12,2,1,5,1,67.0,0,1
8,3,0,0,1,12,1,1,5,1,31.0,0,1
8,3,0,0,1,12,1,1,5,0,22.0,0,1
31,7,1,0,1,12,1,1,5,0,62.0,0,1
8,3,0,0,1,12,2,1,5,0,44.0,0,1
21,21,1,1,1,12,1,0,5,0,35.0,1,1
9,3,0,0,1,12,2,0,5,0,26.0,0,1
31,7,1,0,1,12,1,1,5,0,21.0,0,1
9,3,0,0,1,12,1,1,0,1,36.0,0,1
8,3,0,0,1,5,1,0,5,0,48.0,0,1
32,10,2,0,1,12,2,1,5,1,22.0,0,1
21,21,1,1,1,12,1,0,5,0,48.0,0,1
9,3,0,0,1,12,2,1,5,0,34.0,0,1
30,28,1,0,1,12,1,1,5,1,45.0,0,1
10,3,0,0,1,12,2,1,5,0,0.0,0,1
13,5,1,1,1,12,2,1,0,1,34.0,0,1
9,3,0,0,1,12,1,1,5,0,62.0,0,1
30,28,1,0,1,12,2,0,5,0,48.0,0,1
9,3,0,0,1,12,1,0,5,0,16.0,0,1
9,3,0,0,1,12,1,0,5,0,35.0,0,1
10,3,0,0,1,12,1,1,5,0,42.0,0,1
31,7,1,0,1,12,1,1,5,0,50.0,0,1
21,21,1,1,1,12,1,1,5,1,43.0,0,1
21,21,1,1,1,12,1,1,5,0,33.0,0,1
9,3,0,0,1,12,2,1,5,0,36.0,0,1
20,19,1,1,1,12,1,1,5,0,26.0,0,1
9,3,0,0,1,12,2,1,5,0,48.0,0,1
21,21,1,1,1,12,1,0,5,0,30.0,0,1
9,3,0,0,1,12,1,0,5,0,35.0,0,1
9,3,0,0,1,12,1,0,5,0,24.0,0,1
10,3,0,0,1,12,1,1,5,0,34.0,0,1
13,5,1,1,1,12,2,1,5,1,70.0,0,1
3,26,0,0,1,12,2,1,5,0,40.0,0,1
11,2,1,0,1,12,2,1,5,0,30.0,0,1
32,10,2,0,1,12,2,1,5,0,38.0,0,1
9,3,0,0,1,12,2,0,5,0,36.0,0,1
9,3,0,0,1,12,2,1,2,1,31.0,0,1
8,3,0,0,1,12,1,1,5,0,32.0,0,1
8,3,0,0,1,12,1,1,5,1,53.0,0,1
9,3,0,0,1,12,2,1,5,0,21.0,0,1
13,5,1,1,1,3,1,1,5,0,33.0,0,1
9,3,0,0,1,12,1,1,5,0,55.0,0,1
9,3,0,0,1,12,2,1,5,3,28.0,0,1
2,18,0,0,1,12,0,1,5,1,29.0,0,1
9,3,0,0,1,5,0,1,5,0,41.0,0,1
9,3,0,0,1,12,2,1,0,1,26.0,0,1
9,3,0,0,1,12,2,0,0,1,32.0,0,1
8,3,0,0,1,12,2,0,0,1,29.0,0,1
9,3,0,0,1,12,0,0,0,1,31.0,0,1
40,30,2,0,1,12,0,1,0,1,32.0,0,1
8,3,0,0,1,12,0,1,0,1,24.0,0,1
31,7,1,0,1,12,0,0,0,1,21.0,0,1
9,3,0,0,1,12,0,1,0,1,19.0,0,1
17,19,1,1,1,12,2,0,5,0,48.0,0,1
13,5,1,1,1,12,0,1,5,1,50.0,0,1
13,5,1,1,1,12,2,1,5,0,34.0,1,1
32,10,2,0,1,12,2,0,5,0,44.0,0,1
16,19,1,0,1,12,2,1,5,0,43.0,0,1
31,7,1,0,1,12,2,1,5,1,23.0,0,1
16,19,1,0,1,12,2,0,5,0,34.0,0,1
9,3,0,0,1,12,2,1,5,1,43.0,0,1
2,18,0,0,1,12,2,1,5,0,35.0,0,1
3,26,0,0,1,12,2,1,5,0,25.0,0,1
9,3,0,0,1,12,0,1,5,0,33.0,0,1
9,3,0,0,1,12,2,1,2,1,34.0,0,1
20,19,1,1,1,12,2,1,2,1,44.0,0,1
16,19,1,0,1,12,2,0,5,1,24.0,0,1
30,28,1,0,1,12,0,1,5,1,49.0,0,1
9,3,0,0,1,12,2,1,5,0,23.0,0,1
8,3,0,0,1,12,1,0,5,1,13.0,0,1
8,3,0,0,1,12,2,0,5,1,17.0,0,1
9,3,0,0,1,12,2,1,5,0,49.0,0,1
16,19,1,0,1,12,2,1,5,1,36.0,0,1
20,19,1,1,1,12,2,1,5,1,25.0,0,1
8,3,0,0,1,12,0,0,5,0,19.0,0,1
9,3,0,0,1,12,0,1,5,0,31.0,0,1
43,8,2,0,0,12,1,0,5,0,23.5,1,1
7,25,1,1,1,12,2,1,5,0,51.0,0,1
9,3,0,0,1,12,2,1,5,0,23.0,0,1
9,3,0,0,1,12,0,0,5,0,29.0,0,1
8,3,0,0,1,12,0,1,5,0,56.0,0,1
31,7,1,0,1,12,0,1,5,1,25.0,0,1
13,5,1,1,1,12,0,1,5,1,49.0,0,1
16,19,1,0,1,12,2,0,5,0,58.0,0,1
40,30,2,0,1,3,0,0,5,0,39.0,0,1
16,19,1,0,1,12,2,1,5,1,33.0,0,1
9,3,0,0,1,12,1,0,5,1,13.0,0,1
13,5,1,1,1,12,0,1,5,1,33.0,0,1
9,3,0,0,1,12,0,1,5,1,33.0,0,1
31,7,1,0,1,12,0,1,5,1,33.0,0,1
9,3,0,0,1,12,0,1,5,1,29.0,0,1
9,3,0,0,1,12,0,0,2,1,41.0,0,1
13,5,1,1,1,12,0,1,5,0,23.0,0,1
9,3,0,0,1,12,1,0,5,1,14.0,0,1
9,3,0,0,1,12,0,0,5,0,52.0,0,1
9,3,0,0,1,12,0,0,5,0,34.0,0,1
49,0,2,0,0,12,2,1,5,0,41.0,0,1
31,7,1,0,1,3,0,1,5,1,25.0,0,1
9,3,0,0,1,12,0,1,5,1,36.0,0,1
16,19,1,0,1,12,1,0,5,0,15.5,1,1
2,18,0,0,1,5,0,1,5,0,50.0,0,1
9,3,0,0,1,12,2,1,5,0,29.0,0,1
9,3,0,0,1,12,0,0,5,0,23.0,0,1
9,3,0,0,1,12,0,1,5,0,27.0,0,1
9,3,0,0,1,12,0,0,5,0,36.0,0,1
9,3,0,0,1,12,0,1,5,0,38.0,0,1
8,3,0,0,1,3,0,0,5,0,42.0,0,1
32,10,2,0,1,12,0,1,5,0,26.0,0,1
9,3,0,0,1,12,0,1,5,0,33.0,0,1
16,19,1,0,1,12,2,1,5,0,36.0,0,1
8,3,0,0,1,12,2,1,5,0,31.0,0,1
9,3,0,0,1,5,0,1,5,1,20.0,0,1
31,7,1,0,1,12,1,0,2,1,15.0,0,1
32,10,2,0,1,12,0,1,5,0,20.0,0,1
9,3,0,0,1,12,0,1,2,1,34.0,0,1
16,19,1,0,1,12,0,1,5,1,49.0,0,1
9,3,0,0,1,12,2,1,5,0,46.0,0,1
2,18,0,0,1,12,0,1,5,0,44.0,0,1
16,19,1,0,1,12,0,0,5,1,26.0,0,1
9,3,0,0,1,12,0,1,5,0,29.0,0,1
16,19,1,0,1,12,1,1,5,1,38.0,0,1
9,3,0,0,1,12,2,1,5,0,31.0,0,1
9,3,0,0,1,12,0,0,5,0,32.0,1,1
9,3,0,0,1,12,0,1,5,1,29.0,0,1
9,3,0,0,1,3,0,1,5,0,22.0,0,1
49,0,2,0,0,12,1,1,5,0,32.0,0,1
9,3,0,0,1,12,0,1,5,1,49.0,0,1
9,3,0,0,1,12,0,1,5,0,32.0,0,1
16,19,1,0,1,12,0,0,5,1,51.0,0,1
16,19,1,0,1,12,0,0,5,1,32.5,1,1
9,3,0,0,1,12,0,1,5,0,23.0,0,1
8,3,0,0,1,12,2,1,5,1,23.0,0,1
9,3,0,0,1,12,1,1,5,0,15.0,0,1
9,3,0,0,1,12,0,1,5,1,36.0,0,1
9,3,0,0,1,12,2,1,5,0,32.0,0,1
9,3,0,0,1,12,0,0,5,0,20.0,0,1
9,3,0,0,1,12,0,1,5,1,33.0,0,1
9,3,0,0,1,12,0,1,5,0,26.0,0,1
31,7,1,0,1,12,0,0,5,1,56.0,0,1
9,3,0,0,1,12,0,0,2,1,41.0,0,1
9,3,0,0,1,12,0,1,5,0,21.0,0,1
31,7,1,0,1,12,0,1,5,0,41.0,0,1
9,3,0,0,1,12,2,1,5,1,34.0,0,1
10,3,0,0,1,12,0,0,5,0,29.0,0,1
9,3,0,0,1,12,0,0,2,1,21.0,0,1
31,7,1,0,1,12,1,1,5,1,20.0,0,1
13,5,1,1,1,12,0,0,5,0,25.5,1,1
8,3,0,0,1,6,0,1,5,0,39.0,0,1
16,19,1,0,1,12,1,0,5,1,39.0,0,1
16,19,1,0,1,12,1,1,5,1,36.0,0,1
9,3,0,0,1,12,0,1,5,0,27.0,0,1
9,3,0,0,1,12,0,0,5,0,29.0,0,1
9,3,0,0,1,12,0,1,5,0,49.0,0,1
30,28,1,0,1,12,0,1,4,0,37.0,0,1
32,10,2,0,1,12,2,1,0,1,30.0,0,1
21,21,1,1,1,12,2,1,5,1,29.0,0,1
32,10,2,0,1,12,0,1,2,0,22.0,0,1
32,10,2,0,1,12,0,1,5,0,62.0,0,1
30,28,1,0,1,12,0,1,5,0,64.0,0,1
20,19,1,1,1,12,2,1,5,2,43.0,0,1
31,7,1,0,1,12,1,0,2,0,13.0,1,1
21,21,1,1,1,12,0,0,5,2,36.0,0,1
30,28,1,0,1,3,2,1,5,0,30.0,0,1
40,30,2,0,1,4,1,1,2,0,18.0,0,1
40,30,2,0,1,3,1,1,5,3,28.0,0,1
8,3,0,0,1,12,0,1,4,0,27.0,0,1
16,19,1,0,1,12,0,1,5,0,19.0,0,1
40,30,2,0,1,3,1,1,5,0,56.0,0,1
8,3,0,0,1,12,2,1,5,0,32.0,0,1
6,26,0,0,1,12,1,1,5,0,61.0,0,1
16,19,1,0,1,12,0,1,4,0,36.0,1,1
21,21,1,1,1,12,1,1,5,0,36.0,0,1
9,3,0,0,1,12,1,0,5,0,41.0,0,1
23,14,1,1,1,12,0,1,5,0,45.0,0,1
31,7,1,0,1,12,1,1,5,3,32.0,0,1
31,7,1,0,1,12,1,1,5,0,21.0,0,1
9,3,0,0,1,12,1,0,2,1,23.0,0,1
32,10,2,0,1,12,2,1,4,3,45.5,1,1
27,14,1,1,1,12,1,1,5,0,39.0,0,1
9,3,0,0,1,12,1,0,0,1,26.0,0,1
30,28,1,0,1,12,0,0,5,3,43.0,0,1
30,28,1,0,1,12,0,1,5,0,24.0,0,1
8,3,0,0,1,12,2,1,2,1,51.0,0,1
16,19,1,0,1,12,0,1,4,0,44.0,0,1
8,3,0,0,1,12,2,1,5,0,25.0,0,1
9,3,0,0,1,12,2,1,5,0,28.0,0,1
9,3,0,0,1,12,0,1,5,1,35.0,0,1
9,3,0,0,1,12,1,0,5,3,41.0,0,1
9,3,0,0,1,12,2,1,5,0,28.0,0,1
31,7,1,0,1,12,1,1,5,0,40.0,0,1
9,3,0,0,1,12,1,0,5,3,25.0,0,1
31,7,1,0,1,12,1,0,0,1,33.0,0,1
9,3,0,0,1,12,0,1,5,0,25.0,0,1
33,10,2,0,1,12,1,1,5,0,65.0,0,1
9,3,0,0,1,12,1,1,5,3,21.0,0,1
40,30,2,0,1,3,1,0,2,3,23.5,1,1
32,10,2,0,1,12,0,1,5,0,60.0,0,1
8,3,0,0,1,12,0,0,5,0,26.0,0,1
9,3,0,0,1,12,2,1,2,1,23.0,0,1
16,19,1,0,1,12,1,1,5,0,29.0,0,1
21,21,1,1,1,12,2,1,0,0,37.0,0,1
9,3,0,0,1,12,1,1,2,3,29.0,0,1
8,3,0,0,1,12,1,0,4,3,43.0,0,1
8,3,0,0,1,3,0,1,5,0,39.0,0,1
9,3,0,0,1,12,1,1,5,3,20.0,0,1
9,3,0,0,1,12,1,1,5,1,42.0,0,1
9,3,0,0,1,12,0,1,4,0,31.0,0,1
30,28,1,0,1,12,0,1,5,1,30.0,0,1
30,28,1,0,1,12,0,1,5,0,27.0,0,1
30,28,1,0,1,12,0,1,5,3,27.0,0,1
32,10,2,0,1,12,0,1,5,0,25.0,0,1
16,19,1,0,1,5,0,1,5,1,45.0,0,1
16,19,1,0,1,12,0,0,5,1,30.0,0,1
9,3,0,0,1,12,1,0,4,3,36.0,0,1
8,3,0,0,1,12,1,1,5,0,58.0,0,1
9,3,0,0,1,12,1,1,5,3,39.0,0,1
16,19,1,0,1,12,0,0,0,0,40.0,1,1
32,10,2,0,1,5,2,1,5,1,31.0,0,1
16,19,1,0,1,12,0,0,4,0,35.0,1,1
7,25,1,1,1,3,2,1,5,3,43.0,0,1
9,3,0,0,1,12,1,1,5,3,20.0,0,1
9,3,0,0,1,12,1,0,5,0,31.0,0,1
33,10,2,0,1,12,1,1,5,0,37.0,0,1
32,10,2,0,1,12,0,1,5,1,48.0,0,1
16,19,1,0,1,12,1,1,5,0,29.0,0,1
32,10,2,0,1,12,0,1,5,1,33.0,0,1
9,3,0,0,1,12,1,1,5,0,47.0,0,1
16,19,1,0,1,12,1,1,4,3,24.0,0,1
16,19,1,0,1,12,0,1,5,1,29.0,0,1
32,10,2,0,1,12,0,0,5,0,38.0,0,1
10,3,0,0,1,12,1,1,5,1,73.0,0,1
8,3,0,0,1,3,0,1,2,1,56.0,0,1
21,21,1,1,1,12,0,1,5,0,31.0,0,1
9,3,0,0,1,12,0,1,5,0,22.0,0,1
8,3,0,0,1,12,0,0,2,1,56.0,0,1
8,3,0,0,1,12,1,0,5,3,49.0,0,1
9,3,0,0,1,12,1,1,2,1,59.0,0,1
9,3,0,0,1,12,0,1,0,1,27.0,0,1
21,21,1,1,1,12,2,1,5,0,36.0,0,1
10,3,0,0,1,12,1,1,5,3,33.0,0,1
8,3,0,0,1,12,1,1,0,1,36.0,0,1
30,28,1,0,1,12,2,1,5,0,30.0,0,1
8,3,0,0,1,3,2,1,2,0,15.0,1,1
17,19,1,1,1,12,1,0,5,0,29.5,1,1
32,10,2,0,1,12,0,0,4,3,39.0,1,1
32,10,2,0,1,12,0,0,2,3,39.0,1,1
9,3,0,0,1,12,2,1,2,3,45.0,0,1
9,3,0,0,1,12,1,1,4,3,35.0,0,1
31,7,1,0,1,12,2,1,5,3,23.0,0,1
8,3,0,0,1,12,2,1,5,0,45.0,0,1
9,3,0,0,1,12,1,1,5,3,24.0,0,1
9,3,0,0,1,12,1,1,5,0,35.0,0,1
31,7,1,0,1,5,1,1,5,3,38.0,0,1
9,3,0,0,1,12,1,0,5,0,22.0,0,1
9,3,0,0,1,12,1,0,0,1,38.0,0,1
9,3,0,0,1,12,1,0,2,3,29.0,0,1
8,3,0,0,1,12,2,1,2,3,31.0,0,1
8,3,0,0,1,12,2,1,5,1,34.0,0,1
32,10,2,0,1,12,0,1,4,1,29.0,0,1
8,3,0,0,1,5,0,1,5,0,26.0,0,1
32,10,2,0,1,12,0,1,5,3,38.0,0,1
8,3,0,0,1,3,0,1,5,3,44.0,0,1
8,3,0,0,1,12,1,1,5,0,38.0,0,1
32,10,2,0,1,12,2,0,5,3,25.0,0,1
9,3,0,0,1,12,0,0,5,3,22.0,0,1
9,3,0,0,1,12,0,1,0,3,27.0,0,1
32,10,2,0,1,12,0,1,5,0,52.0,0,1
31,7,1,0,1,12,0,1,5,0,37.0,0,1
9,3,0,0,1,12,1,1,0,3,38.0,0,1
7,25,1,1,1,3,2,1,5,0,17.0,0,1
31,7,1,0,1,12,1,1,5,0,54.0,0,1
9,3,0,0,1,12,1,1,5,3,54.0,0,1
8,3,0,0,1,12,1,1,5,0,27.0,0,1
9,3,0,0,1,12,0,1,0,3,41.0,0,1
31,7,1,0,1,12,1,1,5,3,36.0,0,1
9,3,0,0,1,12,1,0,4,0,63.0,0,1
9,3,0,0,1,12,0,1,5,0,43.0,0,1
9,3,0,0,1,12,1,1,5,1,34.0,0,1
16,19,1,0,1,12,0,1,5,1,45.0,0,1
16,19,1,0,1,12,1,0,2,3,38.0,0,1
32,10,2,0,1,12,2,1,5,1,32.0,0,1
32,10,2,0,1,12,0,1,5,3,36.0,0,1
8,3,0,0,1,5,0,1,5,0,13.0,0,1
32,10,2,0,1,12,0,1,5,0,19.666666666666668,1,1
40,30,2,0,1,3,2,1,5,0,24.0,0,1
9,3,0,0,1,12,0,1,5,0,45.0,0,1
9,3,0,0,1,12,1,0,5,0,41.0,0,1
32,10,2,0,1,12,0,1,5,3,25.0,0,1
8,3,0,0,1,12,0,1,4,3,39.0,0,1
13,5,1,1,1,12,2,1,5,0,26.0,0,1
8,3,0,0,1,12,0,1,5,1,19.0,0,1
21,21,1,1,1,12,0,0,5,0,23.0,0,1
33,10,2,0,1,12,1,0,5,1,25.0,0,1
9,3,0,0,1,12,0,0,5,3,45.0,0,1
9,3,0,0,1,12,1,1,5,0,45.0,0,1
9,3,0,0,1,12,1,0,1,1,32.0,0,1
31,7,1,0,1,12,2,1,5,0,38.0,0,1
9,3,0,0,1,12,1,0,0,1,48.0,0,1
9,3,0,0,1,12,1,1,5,3,64.0,0,1
32,10,2,0,1,12,0,0,4,3,29.0,0,1
20,19,1,1,1,12,1,1,5,0,39.0,0,1
9,3,0,0,1,12,1,0,5,0,52.0,1,1
9,3,0,0,1,12,0,1,0,1,31.0,0,1
9,3,0,0,1,12,0,1,5,1,71.0,0,1
32,10,2,0,1,12,0,0,2,1,33.0,0,1
8,3,0,0,1,12,1,1,5,1,41.0,0,1
32,10,2,0,1,12,0,1,5,1,46.0,0,1
32,10,2,0,1,5,0,0,4,0,52.0,0,1
32,10,2,0,1,12,0,1,4,3,33.0,0,1
9,3,0,0,1,12,1,1,5,3,41.0,0,1
10,3,0,0,1,12,1,1,4,3,20.0,0,1
31,7,1,0,1,12,1,0,5,0,19.0,0,1
9,3,0,0,1,12,1,1,5,0,49.0,0,1
9,3,0,0,1,12,1,1,5,0,51.0,0,1
32,10,2,0,1,12,0,1,5,0,49.0,0,1
32,10,2,0,1,12,0,1,5,0,39.0,0,1
32,10,2,0,1,12,0,0,5,0,32.0,0,1
32,10,2,0,1,12,0,0,5,1,31.0,0,1
9,3,0,0,1,12,1,0,5,0,28.0,0,1
32,10,2,0,1,12,0,1,5,0,33.0,0,1
8,3,0,0,1,12,0,1,0,1,36.0,0,1
8,3,0,0,1,5,0,1,0,1,30.0,0,1
9,3,0,0,1,12,0,0,4,3,27.0,0,1
16,19,1,0,1,12,0,1,5,3,34.0,0,1
2,18,0,0,1,4,0,1,5,1,21.0,0,1
9,3,0,0,1,12,0,1,5,3,26.0,0,1
9,3,0,0,1,12,1,0,5,0,16.0,0,1
32,10,2,0,1,5,2,0,4,3,42.0,1,1
8,3,0,0,1,12,1,0,5,1,39.0,0,1
13,5,1,1,1,12,2,1,5,1,41.0,0,1
9,3,0,0,1,12,2,1,5,0,29.0,0,1
32,10,2,0,1,12,2,0,5,0,24.0,0,1
7,25,1,1,1,12,2,0,1,1,57.0,0,1
16,19,1,0,1,12,1,0,5,0,29.0,0,1
10,3,0,0,1,12,1,1,5,0,48.0,0,1
31,7,1,0,1,12,1,1,0,1,25.0,0,1
32,10,2,0,1,12,2,1,5,3,41.0,0,1
33,10,2,0,1,12,2,0,2,1,26.0,0,1
8,3,0,0,1,0,0,1,5,0,15.0,0,1
32,10,2,0,1,12,2,1,5,3,45.0,0,1
17,19,1,1,1,12,1,1,5,3,32.0,0,1
31,7,1,0,1,12,2,1,5,0,34.0,0,1
9,3,0,0,1,12,2,1,2,1,45.0,0,1
9,3,0,0,1,12,1,1,5,0,41.0,0,1
8,3,0,0,1,12,1,1,2,1,48.0,0,1
40,30,2,0,1,3,2,1,2,1,53.0,0,1
32,10,2,0,1,12,0,1,5,0,21.0,0,1
8,3,0,0,1,12,0,1,2,1,22.0,0,1
9,3,0,0,1,12,1,0,5,0,53.0,0,1
8,3,0,0,1,12,0,1,5,0,27.0,0,1
7,25,1,1,1,12,0,1,5,3,26.0,0,1
7,25,1,1,1,5,0,1,5,0,22.0,0,1
9,3,0,0,1,12,1,1,5,0,63.0,0,1
8,3,0,0,1,12,0,1,5,0,37.0,0,1
9,3,0,0,1,12,2,1,2,1,22.0,0,1
33,10,2,0,1,12,0,1,5,0,35.0,1,1
9,3,0,0,1,12,1,1,2,3,45.0,0,1
20,19,1,1,1,12,1,1,0,3,32.0,0,1
8,3,0,0,1,3,0,1,5,3,20.0,0,1
17,19,1,1,1,12,2,1,5,3,28.0,0,1
9,3,0,0,1,12,1,0,5,1,41.0,0,1
9,3,0,0,1,12,1,0,5,3,26.0,0,1
9,3,0,0,1,12,1,0,5,3,25.0,0,1
30,28,1,0,1,12,0,1,2,1,16.0,0,1
32,10,2,0,1,12,0,1,5,0,36.0,0,1
9,3,0,0,1,12,1,1,5,0,35.0,0,1
21,21,1,1,1,12,0,1,5,0,16.0,0,1
21,21,1,1,1,12,0,0,5,0,19.5,1,1
30,28,1,0,1,12,0,1,5,1,45.0,0,1
9,3,0,0,1,12,1,1,5,0,30.0,0,1
9,3,0,0,1,12,1,1,5,0,23.0,0,1
30,28,1,0,1,12,1,1,5,0,14.0,0,1
10,3,0,0,1,12,1,1,4,3,20.0,0,1
16,19,1,0,1,12,1,0,5,0,29.0,0,1
16,19,1,0,1,12,1,1,5,0,32.0,0,1
9,3,0,0,1,12,1,1,4,3,35.0,0,1
40,30,2,0,1,3,0,1,5,1,40.0,0,1
9,3,0,0,1,5,2,0,2,1,36.0,0,1
32,10,2,0,1,12,2,1,5,0,49.0,1,1
9,3,0,0,1,12,1,1,5,3,37.0,0,1
8,3,0,0,1,12,2,1,5,3,33.0,0,1
9,3,0,0,1,12,1,1,5,0,50.0,0,1
8,3,0,0,1,12,2,1,5,3,38.0,0,1
8,3,0,0,1,0,2,1,0,1,27.0,0,1
8,3,0,0,1,12,1,1,5,3,54.0,0,1
32,10,2,0,1,12,2,0,4,0,34.5,1,1
9,3,0,0,1,12,1,1,5,0,21.0,0,1
9,3,0,0,1,12,1,1,0,1,42.0,0,1
31,7,1,0,1,12,1,1,4,1,43.0,0,1
9,3,0,0,1,12,1,0,5,3,33.0,0,1
8,3,0,0,1,5,2,1,1,1,57.0,0,1
32,10,2,0,1,12,2,1,5,1,29.0,0,1
40,30,2,0,1,3,0,0,5,0,34.0,1,1
8,3,0,0,1,12,0,1,5,0,29.0,0,1
8,3,0,0,1,1,0,1,5,0,31.0,0,1
9,3,0,0,1,12,1,1,5,3,41.0,0,1
9,3,0,0,1,12,1,0,5,1,38.0,0,1
8,3,0,0,1,3,0,1,5,1,15.0,0,1
31,7,1,0,1,12,0,1,5,0,54.0,0,1
9,3,0,0,1,12,1,0,5,0,31.5,1,1
9,3,0,0,1,12,1,0,5,0,19.0,0,1
9,3,0,0,1,12,1,1,5,0,24.0,0,1
9,3,0,0,1,12,1,0,5,0,31.5,1,1
10,3,0,0,1,12,1,1,5,0,40.0,0,1
8,3,0,0,1,12,0,1,5,1,32.0,0,1
9,3,0,0,1,12,1,1,2,0,25.0,0,1
9,3,0,0,1,12,1,0,5,3,38.0,0,1
32,10,2,0,1,12,0,1,0,1,29.0,0,1
8,3,0,0,1,12,1,0,5,3,22.0,0,1
9,3,0,0,1,12,1,1,5,0,45.0,0,1
33,10,2,0,1,12,1,1,0,1,30.0,0,1
9,3,0,0,1,12,1,1,5,1,27.0,0,1
9,3,0,0,1,12,1,1,5,3,27.0,0,1
9,3,0,0,1,12,1,1,5,0,38.0,0,1
9,3,0,0,1,12,1,0,5,0,40.0,0,1
9,3,0,0,1,12,1,1,5,3,10.0,0,1
9,3,0,0,1,12,1,0,5,0,23.0,0,1
13,5,1,1,1,3,0,1,5,0,59.0,0,1
8,3,0,0,1,12,1,1,5,0,31.0,0,1
9,3,0,0,1,12,1,0,5,0,35.0,0,1
20,19,1,1,1,12,1,1,4,0,29.0,0,1
9,3,0,0,1,12,1,1,5,0,31.0,0,1
13,5,1,1,1,12,0,1,5,0,40.0,1,1
9,3,0,0,1,12,1,1,5,1,30.0,0,1
9,3,0,0,1,12,0,0,0,1,25.5,1,1
9,3,0,0,1,12,0,1,5,0,34.0,0,1
32,10,2,0,1,12,0,1,2,3,26.0,0,1
8,3,0,0,1,12,0,1,0,1,32.0,0,1
40,30,2,0,1,12,0,1,2,1,25.0,0,1
9,3,0,0,1,12,1,1,5,0,41.0,0,1
9,3,0,0,1,12,1,1,5,3,22.0,0,1
9,3,0,0,1,12,1,1,2,1,47.0,0,1
9,3,0,0,1,12,0,1,3,1,33.0,0,1
9,3,0,0,1,12,1,1,5,3,26.0,0,1
9,3,0,0,1,12,1,1,5,0,25.0,0,1
30,28,1,0,1,12,0,1,5,0,33.0,0,1
8,3,0,0,1,12,2,1,2,1,47.0,0,1
13,5,1,1,1,12,0,1,5,3,22.0,0,1
8,3,0,0,1,12,0,1,5,1,41.0,0,1
33,10,2,0,1,12,0,1,0,1,31.0,0,1
7,25,1,1,1,3,0,1,2,1,35.0,0,1
8,3,0,0,1,12,0,1,2,3,37.0,0,1
31,7,1,0,1,12,1,1,5,3,43.0,0,1
9,3,0,0,1,12,1,1,5,1,67.0,0,1
9,3,0,0,1,12,1,1,5,0,18.0,0,1
9,3,0,0,1,12,1,1,5,1,37.0,0,1
9,3,0,0,1,12,2,1,5,0,33.0,0,1
2,18,0,0,1,12,2,1,5,3,31.0,0,1
9,3,0,0,1,12,1,0,5,3,49.0,0,1
32,10,2,0,1,12,0,1,5,0,32.0,0,1
32,10,2,0,1,12,0,1,5,1,41.0,0,1
30,28,1,0,1,5,0,1,5,0,59.0,0,1
8,3,0,0,1,0,0,1,5,1,33.0,0,1
32,10,2,0,1,5,0,1,5,0,44.0,0,1
32,10,2,0,1,12,0,1,5,0,62.0,0,1
9,3,0,0,1,12,1,0,5,0,29.0,0,1
31,7,1,0,1,12,1,1,5,0,22.0,0,1
9,3,0,0,1,12,0,1,5,3,40.0,0,1
9,3,0,0,1,12,1,1,5,1,42.0,0,1
32,10,2,0,1,12,2,1,0,0,53.0,0,1
2,18,0,0,1,12,0,1,5,1,29.0,1,1
8,3,0,0,1,5,2,0,5,1,31.0,0,1
9,3,0,0,1,12,1,1,5,1,59.0,0,1
32,10,2,0,1,12,2,1,5,0,29.0,0,1
9,3,0,0,1,12,1,1,5,1,46.0,0,1
9,3,0,0,1,12,1,1,5,0,35.0,0,1
8,3,0,0,1,12,0,1,5,3,27.0,0,1
8,3,0,0,1,3,0,1,0,0,24.0,0,1
9,3,0,0,1,12,1,1,5,3,50.0,0,1
9,3,0,0,1,12,1,1,0,3,29.0,0,1
20,19,1,1,1,12,1,0,5,3,40.0,0,1
9,3,0,0,1,12,0,1,0,3,23.0,0,1
9,3,0,0,1,12,1,0,5,0,34.0,0,1
8,3,0,0,1,12,1,1,5,0,24.0,0,1
9,3,0,0,1,12,1,0,5,0,22.0,0,1
9,3,0,0,1,12,1,1,4,3,22.0,0,1
8,3,0,0,1,3,0,1,0,3,37.0,0,1
8,3,0,0,1,12,0,1,5,0,25.0,0,1
20,19,1,1,1,12,1,1,2,1,50.0,0,1
32,10,2,0,1,12,0,1,5,1,35.0,0,1
32,10,2,0,1,12,0,0,0,1,39.0,0,1
32,10,2,0,1,12,0,1,5,0,30.0,0,1
21,21,1,1,1,12,0,1,5,1,39.0,0,1
16,19,1,0,1,12,0,1,5,1,52.0,0,1
16,19,1,0,1,12,0,1,5,1,36.0,0,1
29,11,1,1,1,12,0,0,2,3,33.0,0,1
33,10,2,0,1,12,1,1,5,0,33.0,0,1
32,10,2,0,1,5,0,1,5,3,43.0,0,1
8,3,0,0,1,3,0,1,5,3,32.0,0,1
32,10,2,0,1,12,0,0,0,1,28.0,0,1
8,3,0,0,1,5,0,1,0,1,48.0,0,1
9,3,0,0,1,12,1,1,5,0,46.0,0,1
16,19,1,0,1,12,1,0,5,0,31.0,1,1
16,19,1,0,1,12,1,0,5,0,42.0,0,1
9,3,0,0,1,12,1,1,5,0,47.0,0,1
40,30,2,0,1,3,1,1,2,1,27.0,0,1
9,3,0,0,1,12,1,0,0,3,36.0,0,1
9,3,0,0,1,12,1,0,0,1,21.0,0,1
9,3,0,0,1,12,1,1,5,0,37.0,0,1
9,3,0,0,1,12,1,1,5,3,45.0,0,1
30,28,1,0,1,1,2,1,5,0,29.0,0,1
8,3,0,0,1,0,0,1,5,0,39.0,0,1
32,10,2,0,1,12,2,1,4,3,32.0,0,1
32,10,2,0,1,12,2,0,5,3,28.0,0,1
6,26,0,0,1,12,2,1,5,0,33.0,0,1
32,10,2,0,1,11,0,0,2,0,40.0,1,1
31,7,1,0,1,12,1,1,0,3,33.0,0,1
9,3,0,0,1,12,2,1,5,0,26.0,0,1
8,3,0,0,1,12,2,1,2,1,44.0,0,1
9,3,0,0,1,12,1,0,5,1,68.0,0,1
33,10,2,0,1,12,2,1,5,3,60.0,0,1
8,3,0,0,1,12,2,1,5,0,50.0,0,1
31,7,1,0,1,12,1,1,5,3,35.0,0,1
9,3,0,0,1,5,0,1,5,1,52.0,0,1
8,3,0,0,1,12,1,1,5,0,27.0,0,1
9,3,0,0,1,12,1,1,5,3,38.0,0,1
10,3,0,0,1,12,1,0,5,1,40.0,0,1
9,3,0,0,1,12,1,1,5,3,34.0,0,1
9,3,0,0,1,12,1,1,5,3,39.0,0,1
9,3,0,0,1,12,0,1,5,0,39.0,0,1
31,7,1,0,1,12,1,0,2,0,31.0,0,1
32,10,2,0,1,12,0,1,5,3,28.0,0,1
9,3,0,0,1,12,1,0,5,3,24.0,0,1
9,3,0,0,1,12,1,1,2,1,28.0,0,1
9,3,0,0,1,12,0,1,5,0,21.0,0,1
8,3,0,0,1,12,1,1,5,3,29.0,0,1
33,10,2,0,1,12,1,1,5,1,35.0,0,1
9,3,0,0,1,12,0,1,0,1,28.0,0,1
32,10,2,0,1,3,0,1,5,1,31.0,0,1
9,3,0,0,1,12,1,1,4,3,32.0,0,1
9,3,0,0,1,12,1,1,5,1,93.0,0,1
32,10,2,0,1,12,0,0,4,3,35.0,0,1
33,10,2,0,1,12,1,1,5,3,37.0,0,1
9,3,0,0,1,12,0,0,4,3,26.0,0,1
9,3,0,0,1,12,0,1,5,0,33.0,0,1
9,3,0,0,1,12,1,1,5,1,44.0,0,1
30,28,1,0,1,12,0,1,5,0,28.0,0,1
9,3,0,0,1,12,1,0,5,3,27.0,0,1
10,3,0,0,1,12,1,1,5,3,34.0,0,1
32,10,2,0,1,12,0,0,0,1,23.0,0,1
32,10,2,0,1,12,2,1,5,3,25.0,0,1
8,3,0,0,1,12,0,1,5,0,24.0,0,1
9,3,0,0,1,12,1,0,2,1,27.0,0,1
9,3,0,0,1,12,1,0,5,1,34.0,0,1
9,3,0,0,1,12,1,1,5,3,29.0,0,1
31,7,1,0,1,12,1,1,5,0,23.0,0,1
32,10,2,0,1,3,2,1,2,1,25.0,0,1
9,3,0,0,1,12,0,1,0,3,24.0,0,1
10,3,0,0,1,12,1,1,5,3,33.0,0,1
9,3,0,0,1,12,1,1,5,0,42.0,0,1
9,3,0,0,1,12,0,1,2,3,30.0,0,1
9,3,0,0,1,12,1,1,5,3,35.0,0,1
9,3,0,0,1,12,0,0,4,0,21.0,0,1
8,3,0,0,1,12,0,1,0,3,36.0,0,1
9,3,0,0,1,12,1,1,0,1,31.0,0,1
13,5,1,1,1,12,0,1,5,3,45.0,0,1
9,3,0,0,1,12,1,1,5,3,42.0,0,1
32,10,2,0,1,12,0,1,5,0,32.0,0,1
8,3,0,0,1,5,1,1,0,3,47.0,0,1
9,3,0,0,1,10,1,0,5,0,32.0,0,1
9,3,0,0,1,12,1,0,5,1,23.0,0,1
8,3,0,0,1,12,0,1,5,0,29.0,0,1
9,3,0,0,1,12,1,1,5,3,32.0,0,1
9,3,0,0,1,12,1,0,5,1,28.0,0,1
9,3,0,0,1,12,1,1,0,1,31.0,0,1
9,3,0,0,1,12,1,0,5,0,50.0,0,1
9,3,0,0,1,12,1,1,5,1,29.0,0,1
32,10,2,0,1,12,0,0,3,1,27.0,0,1
9,3,0,0,1,12,1,1,5,3,26.0,0,1
30,28,1,0,1,3,0,0,5,1,42.0,0,1
8,3,0,0,1,12,1,1,0,3,44.0,0,1
9,3,0,0,1,12,1,1,5,3,27.0,0,1
30,28,1,0,1,12,0,1,5,3,23.0,0,1
32,10,2,0,1,12,0,0,2,1,34.0,0,1
32,10,2,0,1,5,0,1,4,3,35.0,0,1
8,3,0,0,1,12,1,0,5,1,31.0,0,1
32,10,2,0,1,12,0,1,5,0,42.0,0,1
16,19,1,0,1,12,1,1,5,3,23.0,0,1
16,19,1,0,1,12,1,1,5,3,44.0,0,1
8,3,0,0,1,12,0,1,5,0,39.0,0,1
9,3,0,0,1,12,1,1,5,1,29.0,0,1
9,3,0,0,1,12,0,1,5,1,44.0,0,1
10,3,0,0,1,12,1,1,2,3,25.0,0,1
32,10,2,0,1,12,0,1,5,0,34.0,0,1
30,28,1,0,1,12,0,0,4,0,31.5,1,1
9,3,0,0,1,12,1,1,2,0,31.0,0,1
9,3,0,0,1,12,2,1,5,0,31.0,0,1
32,10,2,0,1,12,0,1,5,0,35.0,0,1
16,19,1,0,1,12,1,1,5,3,36.0,0,1
9,3,0,0,1,12,0,1,5,0,35.0,0,1
9,3,0,0,1,12,1,1,5,3,20.0,0,1
8,3,0,0,1,12,0,0,5,1,29.0,0,1
8,3,0,0,1,12,0,1,1,1,44.0,0,1
9,3,0,0,1,12,0,0,5,3,32.0,0,1
33,10,2,0,1,12,0,1,5,0,53.0,0,1
8,3,0,0,1,12,0,1,5,3,39.0,0,1
8,3,0,0,1,12,0,0,0,1,41.0,0,1
9,3,0,0,1,12,1,1,5,3,30.0,0,1
9,3,0,0,1,12,2,1,0,3,46.0,0,1
9,3,0,0,1,12,1,1,5,3,37.0,0,1
8,3,0,0,1,3,0,1,5,0,21.0,0,1
8,3,0,0,1,12,0,1,5,0,24.0,0,1
9,3,0,0,1,12,1,0,5,0,36.0,0,1
9,3,0,0,1,12,1,0,0,1,28.0,0,1
9,3,0,0,1,12,1,1,5,0,64.0,0,1
9,3,0,0,1,12,0,1,5,3,25.0,0,1
32,10,2,0,1,12,0,1,5,3,46.0,0,1
9,3,0,0,1,12,2,0,5,0,31.0,0,1
9,3,0,0,1,12,1,1,5,3,50.0,0,1
20,19,1,1,1,12,1,1,5,1,24.0,0,1
16,19,1,0,1,12,0,0,5,0,52.0,0,1
9,3,0,0,1,5,0,1,4,3,31.0,0,1
35,23,2,0,1,12,1,1,5,0,44.0,0,1
9,3,0,0,1,12,2,1,5,1,41.0,0,1
7,25,1,1,1,1,2,0,5,0,45.0,0,1
2,18,0,0,1,12,2,1,5,3,30.0,0,1
9,3,0,0,1,0,2,0,0,1,25.0,0,1
31,7,1,0,1,12,1,0,5,1,56.0,0,1
8,3,0,0,1,12,1,1,5,1,54.0,0,1
8,3,0,0,1,12,0,1,5,1,25.0,0,1
9,3,0,0,1,12,2,1,5,0,38.0,0,1
9,3,0,0,1,12,1,0,4,3,26.0,0,1
30,28,1,0,1,12,0,1,2,3,32.0,0,1
32,10,2,0,1,12,0,1,5,0,39.0,0,1
32,10,2,0,1,12,2,1,5,0,38.0,0,1
9,3,0,0,1,12,1,1,4,0,41.0,0,1
32,10,2,0,1,12,0,0,4,3,36.0,0,1
9,3,0,0,1,12,2,1,5,1,22.0,0,1
9,3,0,0,1,12,1,0,4,1,31.0,0,1
9,3,0,0,1,12,1,0,0,1,22.0,0,1
9,3,0,0,1,12,0,0,5,3,24.0,0,1
9,3,0,0,1,12,1,1,5,3,35.0,0,1
9,3,0,0,1,12,1,1,5,3,62.0,0,1
9,3,0,0,1,12,0,0,5,0,30.0,0,1
9,3,0,0,1,12,1,0,5,0,19.0,0,1
8,3,0,0,1,5,0,1,4,3,50.0,0,1
31,7,1,0,1,12,1,1,5,3,39.0,0,1
20,19,1,1,1,12,1,1,5,0,32.0,0,1
9,3,0,0,1,12,1,0,5,0,51.0,0,1
9,3,0,0,1,12,1,1,5,0,40.0,0,1
8,3,0,0,1,12,0,1,2,1,56.0,0,1
8,3,0,0,1,12,0,1,0,3,34.0,0,1
9,3,0,0,1,12,1,1,2,1,22.0,0,1
9,3,0,0,1,12,2,1,5,3,24.0,0,1
32,10,2,0,1,12,2,1,5,3,42.0,0,1
31,7,1,0,1,12,0,1,5,0,34.0,0,1
32,10,2,0,1,12,2,1,5,0,33.0,0,1
9,3,0,0,1,12,1,0,5,3,37.0,0,1
31,7,1,0,1,12,1,1,4,3,34.0,0,1
16,19,1,0,1,12,2,1,4,0,32.5,1,1
16,19,1,0,1,12,1,0,5,1,41.0,0,1
16,19,1,0,1,12,0,1,5,0,31.0,0,1
23,14,1,1,1,12,2,1,5,3,48.0,0,1
31,7,1,0,1,12,0,1,5,0,41.0,0,1
31,7,1,0,1,12,1,1,5,1,37.0,0,1
32,10,2,0,1,12,2,0,0,3,31.0,0,1
8,3,0,0,1,5,2,0,5,0,13.0,0,1
16,19,1,0,1,12,1,0,5,3,34.0,0,1
32,10,2,0,1,12,2,1,5,0,19.0,0,1
16,19,1,0,1,12,0,0,0,1,35.0,0,1
8,3,0,0,1,12,0,0,5,0,32.0,0,1
32,10,2,0,1,12,2,1,5,1,56.0,0,1
32,10,2,0,1,12,2,1,4,3,38.0,0,1
9,3,0,0,1,12,0,0,2,1,36.0,0,1
9,3,0,0,1,12,1,1,0,1,33.0,0,1
8,3,0,0,1,5,0,0,5,3,59.0,0,1
9,3,0,0,1,12,1,1,0,1,23.0,0,1
8,3,0,0,1,12,1,1,5,3,32.0,0,1
9,3,0,0,1,12,1,1,5,3,29.0,0,1
9,3,0,0,1,12,1,1,0,0,34.0,0,1
40,30,2,0,1,12,0,1,5,0,36.0,0,1
9,3,0,0,1,12,1,1,4,3,28.0,0,1
30,28,1,0,1,12,0,1,5,0,32.0,0,1
16,19,1,0,1,12,1,1,5,0,33.0,0,1
33,10,2,0,1,12,0,1,5,3,37.0,0,1
8,3,0,0,1,12,1,1,5,0,49.0,0,1
8,3,0,0,1,12,1,1,5,0,56.0,0,1
32,10,2,0,1,12,0,1,5,1,35.0,0,1
32,10,2,0,1,5,0,0,5,1,29.5,1,1
16,19,1,0,1,12,1,1,0,3,28.0,0,1
16,19,1,0,1,12,1,1,5,0,53.0,0,1
32,10,2,0,1,12,0,0,5,3,33.0,0,1
8,3,0,0,1,12,0,1,2,1,37.0,0,1
8,3,0,0,1,12,1,0,5,0,46.0,0,1
8,3,0,0,1,3,0,1,5,0,35.0,0,1
13,5,1,1,1,12,0,1,0,3,22.0,0,1
9,3,0,0,1,12,1,0,5,0,22.0,0,1
9,3,0,0,1,12,1,1,5,0,44.0,0,1
9,3,0,0,1,12,1,0,5,0,39.0,0,1
13,5,1,1,1,12,0,1,4,1,35.0,0,1
9,3,0,0,1,12,1,1,4,0,65.0,0,1
9,3,0,0,1,12,1,1,0,1,34.0,0,1
8,3,0,0,1,12,1,1,4,3,30.0,0,1
32,10,2,0,1,12,0,1,5,0,27.0,0,1
9,3,0,0,1,12,0,1,5,3,35.0,0,1
32,10,2,0,1,12,0,1,4,3,34.0,0,1
9,3,0,0,1,12,1,1,5,1,66.0,0,1
8,3,0,0,1,12,0,1,5,3,67.0,0,1
9,3,0,0,1,12,0,1,5,3,41.0,0,1
16,19,1,0,1,12,0,1,5,3,37.0,0,1
13,5,1,1,1,12,0,1,5,3,41.0,0,1
8,3,0,0,1,5,0,1,5,1,47.0,0,1
33,10,2,0,1,12,0,1,5,3,28.0,0,1
16,19,1,0,1,12,1,1,5,0,34.0,0,1
32,10,2,0,1,12,0,1,0,1,26.0,0,1
32,10,2,0,1,12,0,0,5,1,34.0,0,1
9,3,0,0,1,12,1,1,5,0,32.0,0,1
9,3,0,0,1,12,1,1,2,1,35.0,0,1
16,19,1,0,1,12,1,0,5,0,32.0,1,1
16,19,1,0,1,12,0,0,0,1,41.0,0,1
9,3,0,0,1,12,1,1,5,0,83.0,0,1
10,3,0,0,1,12,1,1,5,0,45.0,0,1
9,3,0,0,1,12,1,0,0,1,48.0,0,1
9,3,0,0,1,12,1,1,5,0,30.0,0,1
9,3,0,0,1,12,1,1,5,1,27.0,0,1
8,3,0,0,1,12,1,0,2,3,41.0,0,1
8,3,0,0,1,12,0,1,2,1,32.0,0,1
9,3,0,0,1,12,1,1,5,0,45.0,0,1
9,3,0,0,1,12,1,1,0,1,25.0,0,1
9,3,0,0,1,12,1,0,4,3,17.0,0,1
8,3,0,0,1,12,0,1,0,0,23.0,0,1
9,3,0,0,1,12,1,0,2,1,51.0,0,1
9,3,0,0,1,12,1,0,3,1,21.0,0,1
8,3,0,0,1,12,0,1,5,3,27.0,0,1
8,3,0,0,1,12,2,1,0,3,24.0,0,1
9,3,0,0,1,12,1,0,0,1,35.0,0,1
33,10,2,0,1,12,1,1,0,0,36.0,0,1
9,3,0,0,1,12,1,0,0,1,48.0,0,1
9,3,0,0,1,12,0,1,5,0,35.0,0,1
32,10,2,0,1,12,0,1,5,0,32.0,0,1
9,3,0,0,1,12,1,1,5,0,29.0,0,1
33,10,2,0,1,5,1,1,5,1,49.0,0,1
32,10,2,0,1,12,0,1,5,0,24.0,0,1
13,5,1,1,1,12,0,1,5,3,39.0,0,1
9,3,0,0,1,12,0,0,5,1,31.0,0,1
9,3,0,0,1,12,1,1,4,3,20.0,0,1
9,3,0,0,1,12,0,1,4,3,53.0,0,1
9,3,0,0,1,12,2,1,5,0,46.0,0,1
9,3,0,0,1,12,1,0,5,0,65.0,0,1
32,10,2,0,1,12,0,1,5,3,35.0,0,1
32,10,2,0,1,12,2,1,5,0,40.0,0,1
16,19,1,0,1,12,0,1,5,3,41.0,0,1
16,19,1,0,1,12,1,0,5,3,30.0,0,1
32,10,2,0,1,12,2,1,5,0,33.0,0,1
32,10,2,0,1,12,0,1,2,1,33.0,0,1
9,3,0,0,1,12,1,0,5,1,36.0,0,1
9,3,0,0,1,12,1,0,5,1,41.0,0,1
8,3,0,0,1,12,1,0,0,3,43.0,0,1
13,5,1,1,1,12,0,1,5,1,25.0,0,1
8,3,0,0,1,12,0,1,2,1,19.0,0,1
16,19,1,0,1,5,0,1,5,0,37.0,0,1
9,3,0,0,1,12,1,1,5,3,49.0,0,1
8,3,0,0,1,12,1,1,5,1,47.0,0,1
9,3,0,0,1,12,1,1,5,0,32.0,0,1
9,3,0,0,1,12,0,0,0,1,32.0,0,1
32,10,2,0,1,12,2,1,5,0,35.0,0,1
32,10,2,0,1,12,0,0,0,1,31.0,0,1
30,28,1,0,1,12,0,1,5,0,21.0,0,1
8,3,0,0,1,12,0,1,5,0,22.0,0,1
9,3,0,0,1,12,0,0,5,0,33.0,0,1
9,3,0,0,1,12,1,1,0,3,34.0,0,1
9,3,0,0,1,12,0,1,5,0,23.0,0,1
9,3,0,0,1,12,1,0,5,3,29.0,0,1
13,5,1,1,1,12,0,1,5,0,19.0,0,1
21,21,1,1,1,12,0,0,5,0,28.0,0,1
32,10,2,0,1,12,0,1,4,0,33.0,0,1
9,3,0,0,1,12,1,1,5,0,54.0,0,1
9,3,0,0,1,12,0,0,5,0,28.0,0,1
9,3,0,0,1,12,1,1,5,3,54.0,0,1
9,3,0,0,1,12,1,1,5,0,19.0,0,1
9,3,0,0,1,12,1,1,5,0,37.0,0,1
9,3,0,0,1,12,1,1,5,3,29.0,0,1
32,10,2,0,1,12,0,1,5,3,32.0,0,1
9,3,0,0,1,12,1,1,5,1,34.0,0,1
8,3,0,0,1,12,0,1,5,0,60.0,0,1
8,3,0,0,1,12,0,1,5,3,26.0,0,1
16,19,1,0,1,12,1,1,2,1,29.0,0,1
40,30,2,0,1,12,1,0,2,1,19.0,1,1
8,3,0,0,1,12,0,0,4,3,28.0,0,1
9,3,0,0,1,12,1,1,0,1,27.0,0,1
32,10,2,0,1,12,0,1,2,1,34.0,0,1
9,3,0,0,1,5,0,1,0,1,50.0,0,1
32,10,2,0,1,12,0,0,5,0,30.0,0,1
9,3,0,0,1,12,0,1,5,0,26.0,0,1
9,3,0,0,1,12,1,0,5,0,34.0,0,1
8,3,0,0,1,12,0,1,5,1,30.0,0,1
40,30,2,0,1,3,1,1,5,0,17.0,0,1
21,21,1,1,1,12,0,1,5,3,30.0,0,1
9,3,0,0,1,12,0,1,5,0,29.0,0,1
9,3,0,0,1,12,1,1,0,1,34.0,0,1
9,3,0,0,1,12,0,1,4,0,50.0,0,1
10,3,0,0,1,12,1,0,5,0,27.0,0,1
9,3,0,0,1,12,0,1,5,3,31.0,0,1
8,3,0,0,1,12,0,1,5,0,25.0,0,1
13,5,1,1,1,12,0,1,5,3,52.0,0,1
31,7,1,0,1,12,0,1,5,3,39.0,0,1
9,3,0,0,1,12,0,0,5,0,39.0,0,1
18,19,1,1,1,12,0,1,2,3,35.0,0,1
9,3,0,0,1,12,1,0,2,1,25.0,0,1
32,10,2,0,1,12,0,1,5,1,30.0,0,1
32,10,2,0,1,12,0,1,5,3,30.0,0,1
33,10,2,0,1,12,0,1,4,3,39.0,0,1
8,3,0,0,1,12,1,1,5,3,60.0,0,1
8,3,0,0,1,5,0,1,5,3,40.0,0,1
7,25,1,1,1,12,0,1,5,3,40.0,0,1
33,10,2,0,1,12,1,1,5,0,27.0,0,1
16,19,1,0,1,12,0,0,4,3,34.0,0,1
32,10,2,0,1,12,0,1,5,3,56.0,0,1
16,19,1,0,1,12,0,0,2,3,36.0,0,1
13,5,1,1,1,12,0,0,0,1,27.0,0,1
31,7,1,0,1,12,1,1,5,0,46.0,0,1
9,3,0,0,1,12,1,1,5,0,41.0,0,1
9,3,0,0,1,12,0,0,2,0,31.0,0,1
8,3,0,0,1,5,0,1,5,0,32.0,0,1
8,3,0,0,1,12,1,1,4,3,39.0,0,1
17,19,1,1,1,12,1,1,5,0,47.0,0,1
8,3,0,0,1,12,1,0,5,3,53.0,0,1
9,3,0,0,1,12,1,1,5,0,19.0,0,1
9,3,0,0,1,12,1,0,5,0,27.0,0,1
9,3,0,0,1,12,1,0,5,3,46.0,0,1
9,3,0,0,1,12,0,0,5,3,26.0,0,1
32,10,2,0,1,12,0,1,5,1,42.0,0,1
32,10,2,0,1,5,0,0,0,1,20.0,0,1
31,7,1,0,1,12,1,1,5,0,47.0,0,1
9,3,0,0,1,12,1,1,2,3,20.0,0,1
33,10,2,0,1,12,0,1,5,1,35.0,0,1
9,3,0,0,1,12,1,1,5,0,37.0,0,1
9,3,0,0,1,12,1,1,0,3,36.0,0,1
33,10,2,0,1,12,2,0,0,1,25.0,0,1
8,3,0,0,1,5,0,0,5,1,41.0,0,1
16,19,1,0,1,12,1,1,5,0,34.0,0,1
10,3,0,0,1,12,1,1,4,3,54.0,0,1
9,3,0,0,1,12,1,1,5,0,25.0,0,1
9,3,0,0,1,5,0,1,5,1,33.0,0,1
32,10,2,0,1,12,2,0,0,0,31.0,0,1
32,10,2,0,1,12,0,1,5,0,40.0,0,1
13,5,1,1,1,0,0,0,5,0,19.0,0,1
30,28,1,0,1,12,0,0,4,3,29.0,0,1
31,7,1,0,1,12,1,0,0,1,33.0,0,1
9,3,0,0,1,12,1,0,5,0,52.0,0,1
31,7,1,0,1,12,1,1,5,0,38.0,0,1
9,3,0,0,1,12,1,0,5,0,34.0,0,1
40,30,2,0,1,1,1,1,2,1,21.0,0,1
9,3,0,0,1,12,1,0,2,3,23.0,0,1
9,3,0,0,1,12,1,1,5,0,21.0,0,1
9,3,0,0,1,3,0,1,5,3,65.0,0,1
9,3,0,0,1,12,0,1,5,0,28.0,0,1
31,7,1,0,1,12,1,1,5,0,39.0,0,1
9,3,0,0,1,12,2,1,5,0,33.0,0,1
30,28,1,0,1,12,2,1,5,1,19.0,0,1
40,30,2,0,1,12,1,1,5,0,31.0,0,1
16,19,1,0,1,12,1,1,5,1,41.0,0,1
8,3,0,0,1,12,1,0,2,3,29.0,0,1
32,10,2,0,1,12,0,1,5,3,36.0,0,1
32,10,2,0,1,12,0,1,5,0,32.0,0,1
10,3,0,0,1,12,1,1,5,0,35.0,0,1
9,3,0,0,1,12,1,1,4,0,38.0,0,1
32,10,2,0,1,12,0,1,5,1,33.0,0,1
32,10,2,0,1,12,0,0,5,0,34.0,0,1
9,3,0,0,1,12,1,1,5,0,24.0,0,1
32,10,2,0,1,5,0,1,5,1,38.0,0,1
30,28,1,0,1,12,0,1,5,3,34.0,0,1
9,3,0,0,1,12,2,1,5,1,45.0,0,1
33,10,2,0,1,12,0,1,5,1,34.0,0,1
9,3,0,0,1,12,0,1,5,3,26.0,0,1
9,3,0,0,1,12,1,1,5,3,28.0,0,1
9,3,0,0,1,12,1,1,5,3,25.0,0,1
16,19,1,0,1,12,0,1,5,1,26.0,0,1
9,3,0,0,1,12,1,1,5,3,41.0,0,1
32,10,2,0,1,12,0,1,5,0,25.0,0,1
32,10,2,0,1,12,0,1,5,1,33.0,0,1
9,3,0,0,1,12,1,1,5,3,31.0,0,1
21,21,1,1,1,12,0,1,5,1,33.0,0,1
8,3,0,0,1,12,2,1,5,3,26.0,0,1
9,3,0,0,1,12,1,1,5,0,27.0,0,1
30,28,1,0,1,12,0,0,4,0,37.0,1,1
9,3,0,0,1,0,1,1,5,3,28.0,0,1
16,19,1,0,1,12,0,1,5,1,32.0,0,1
16,19,1,0,1,12,1,1,5,3,21.0,0,1
30,28,1,0,1,12,0,1,5,3,36.0,0,1
8,3,0,0,1,12,2,1,5,0,37.0,0,1
8,3,0,0,1,12,1,1,2,1,33.0,0,1
8,3,0,0,1,12,1,0,5,1,37.0,0,1
32,10,2,0,1,12,0,1,5,3,46.0,0,1
32,10,2,0,1,12,0,0,5,3,35.0,0,1
16,19,1,0,1,12,1,0,5,0,55.0,1,1
32,10,2,0,1,12,0,0,0,3,24.0,0,1
10,3,0,0,1,12,1,1,5,3,64.0,0,1
16,19,1,0,1,12,1,1,5,3,18.0,0,1
32,10,2,0,1,12,2,0,5,3,37.0,0,1
32,10,2,0,1,12,0,1,5,1,42.0,0,1
16,19,1,0,1,12,1,1,5,0,68.0,0,1
31,7,1,0,1,0,1,1,5,3,73.0,0,1
16,19,1,0,1,12,1,1,5,0,57.0,0,1
31,7,1,0,1,12,0,1,0,1,38.0,0,1
9,3,0,0,1,12,1,1,4,3,40.0,0,1
9,3,0,0,1,12,1,1,5,3,20.0,0,1
9,3,0,0,1,12,1,1,5,1,52.0,0,1
9,3,0,0,1,12,1,0,0,1,20.0,0,1
40,30,2,0,1,3,0,1,0,1,27.0,0,1
8,3,0,0,1,12,1,1,0,1,17.0,0,1
9,3,0,0,1,12,1,1,5,3,57.0,0,1
9,3,0,0,1,12,0,0,5,1,40.0,0,1
31,7,1,0,1,12,1,0,4,0,37.0,1,1
9,3,0,0,1,12,0,1,4,3,23.0,0,1
9,3,0,0,1,12,1,1,4,3,40.0,0,1
40,30,2,0,1,3,0,1,5,0,51.0,0,1
9,3,0,0,1,12,1,1,5,0,11.0,0,1
32,10,2,0,1,12,0,1,5,1,34.0,0,1
8,3,0,0,1,12,1,1,4,3,62.0,0,1
9,3,0,0,1,12,0,1,5,0,24.0,0,1
9,3,0,0,1,12,1,0,2,1,21.0,0,1
9,3,0,0,1,12,1,0,0,3,33.0,0,1
33,10,2,0,1,12,1,1,5,3,35.0,0,1
8,3,0,0,1,12,1,0,5,0,21.5,1,1
9,3,0,0,1,12,0,1,5,0,36.0,0,1
9,3,0,0,1,12,1,1,5,0,17.0,0,1
32,10,2,0,1,12,0,1,2,1,44.0,0,1
9,3,0,0,1,12,1,1,5,0,42.0,0,1
9,3,0,0,1,12,1,0,5,0,72.0,0,1
9,3,0,0,1,12,0,1,0,3,36.0,0,1
9,3,0,0,1,12,1,0,5,1,72.0,0,1
31,7,1,0,1,12,1,1,2,1,31.0,0,1
8,3,0,0,1,12,1,1,5,0,29.0,0,1
8,3,0,0,1,5,0,1,4,0,38.0,0,1
9,3,0,0,1,12,1,0,4,3,28.0,0,1
9,3,0,0,1,12,1,1,5,1,40.0,0,1
9,3,0,0,1,12,0,1,4,3,32.0,0,1
9,3,0,0,1,12,1,1,4,3,27.0,0,1
8,3,0,0,1,1,0,1,5,0,29.0,0,1
9,3,0,0,1,12,1,1,5,0,34.0,0,1
32,10,2,0,1,12,0,1,5,0,37.0,0,1
33,10,2,0,1,12,1,1,5,0,36.0,1,1
16,19,1,0,1,12,0,1,5,0,25.5,1,1
32,10,2,0,1,12,0,1,2,1,68.0,0,1
31,7,1,0,1,12,1,1,5,1,23.0,0,1
32,10,2,0,1,12,0,1,5,0,41.0,0,1
9,3,0,0,1,12,1,1,2,3,39.0,0,1
8,3,0,0,1,3,0,1,5,3,48.0,0,1
9,3,0,0,1,12,1,1,5,1,55.0,0,1
9,3,0,0,1,12,1,1,5,0,18.0,0,1
16,19,1,0,1,12,0,1,5,0,47.0,0,1
9,3,0,0,1,12,0,1,2,1,38.0,0,1
9,3,0,0,1,12,0,0,5,0,37.0,0,1
9,3,0,0,1,12,1,0,0,0,37.0,1,1
16,19,1,0,1,12,0,0,2,1,24.0,0,1
9,3,0,0,1,12,1,0,5,0,56.0,0,1
9,3,0,0,1,12,1,1,5,1,56.0,0,1
40,30,2,0,1,5,0,1,0,3,20.0,0,1
31,7,1,0,1,12,1,1,0,1,32.0,0,1
9,3,0,0,1,12,0,1,0,3,40.0,0,1
9,3,0,0,1,12,0,0,0,0,24.0,0,1
9,3,0,0,1,12,0,1,5,0,30.0,0,1
9,3,0,0,1,12,0,1,4,3,34.0,0,1
31,7,1,0,1,12,1,0,5,0,36.0,0,1
9,3,0,0,1,12,1,1,5,0,26.0,0,1
9,3,0,0,1,12,1,0,0,1,23.0,0,1
9,3,0,0,1,10,0,1,5,0,34.0,0,1
8,3,0,0,1,12,1,1,5,1,16.0,0,1
32,10,2,0,1,12,2,1,5,0,35.0,0,1
9,3,0,0,1,12,1,1,0,3,42.0,0,1
8,3,0,0,1,12,0,0,5,3,31.0,0,1
9,3,0,0,1,12,1,0,5,3,59.0,0,1
8,3,0,0,1,5,0,1,5,0,61.0,0,1
9,3,0,0,1,12,1,1,5,0,38.0,0,1
18,19,1,1,1,12,2,0,5,0,33.0,0,1
8,3,0,0,1,12,2,1,0,0,35.5,1,1
6,26,0,0,1,12,1,1,0,1,31.0,0,1
9,3,0,0,1,12,1,1,5,3,23.0,0,1
16,19,1,0,1,12,0,0,5,0,30.0,0,1
9,3,0,0,1,12,1,1,5,0,49.0,0,1
32,10,2,0,1,12,2,1,5,1,35.0,0,1
33,10,2,0,1,5,2,1,5,0,49.0,0,1
9,3,0,0,1,12,1,1,5,0,29.0,0,1
8,3,0,0,1,6,0,1,5,0,44.0,0,1
30,28,1,0,1,12,0,1,5,0,19.0,0,1
8,3,0,0,1,12,0,1,2,1,50.0,0,1
8,3,0,0,1,12,0,1,5,0,29.0,0,1
8,3,0,0,1,12,0,0,5,0,52.0,0,1
9,3,0,0,1,12,1,1,5,3,52.0,0,1
13,5,1,1,1,12,0,1,2,1,40.0,0,1
8,3,0,0,1,0,1,0,0,1,39.0,0,1
8,3,0,0,1,3,0,0,5,0,25.0,0,1
9,3,0,0,1,12,1,1,5,3,33.0,0,1
31,7,1,0,1,0,1,1,5,3,37.0,0,1
9,3,0,0,1,12,1,1,4,0,20.0,0,1
9,3,0,0,1,12,1,0,5,0,15.0,0,1
33,10,2,0,1,12,0,1,5,0,33.0,0,1
32,10,2,0,1,12,0,1,5,0,56.0,0,1
8,3,0,0,1,3,0,1,5,0,38.0,0,1
32,10,2,0,1,12,0,1,0,3,37.0,0,1
9,3,0,0,1,12,1,1,5,1,36.0,0,1
9,3,0,0,1,12,1,1,5,3,64.0,0,1
8,3,0,0,1,3,0,1,5,0,15.0,1,1
8,3,0,0,1,12,0,1,5,3,52.0,0,1
31,7,1,0,1,12,1,1,0,1,40.0,0,1
9,3,0,0,1,12,1,0,5,1,29.0,0,1
32,10,2,0,1,12,0,1,5,3,32.0,0,1
8,3,0,0,1,12,0,1,5,0,29.0,0,1
9,3,0,0,1,12,1,1,5,3,24.0,0,1
9,3,0,0,1,12,1,1,5,1,50.0,0,1
32,10,2,0,1,12,0,1,4,1,29.0,0,1
8,3,0,0,1,12,0,0,5,0,24.0,0,1
8,3,0,0,1,5,0,1,5,0,46.0,0,1
32,10,2,0,1,12,0,1,5,0,44.0,0,1
9,3,0,0,1,12,1,1,5,3,50.0,0,1
8,3,0,0,1,5,0,0,5,0,51.0,0,1
16,19,1,0,1,12,1,0,5,0,25.0,0,1
9,3,0,0,1,12,1,1,5,0,43.0,0,1
9,3,0,0,1,12,1,1,5,1,23.0,0,1
9,3,0,0,1,12,1,1,5,1,29.0,0,1
8,3,0,0,1,12,1,1,0,1,38.0,0,1
9,3,0,0,1,12,2,1,5,0,27.0,0,1
8,3,0,0,1,12,0,1,0,1,37.0,0,1
9,3,0,0,1,12,1,1,5,0,19.0,0,1
9,3,0,0,1,12,1,0,5,0,58.0,0,1
9,3,0,0,1,12,1,1,5,0,45.0,0,1
13,5,1,1,1,12,0,1,0,3,31.0,0,1
13,5,1,1,1,12,0,0,0,1,26.0,0,1
9,3,0,0,1,12,1,1,5,0,33.0,0,1
32,10,2,0,1,12,0,0,5,0,29.0,0,1
33,10,2,0,1,12,1,1,5,0,41.0,0,1
30,28,1,0,1,12,0,1,5,0,38.0,0,1
32,10,2,0,1,12,1,0,5,3,30.0,0,1
9,3,0,0,1,12,1,0,5,0,31.0,0,1
40,30,2,0,1,12,0,1,5,3,36.0,0,1
30,28,1,0,1,12,0,1,5,1,41.0,0,1
9,3,0,0,1,12,1,1,4,3,40.0,0,1
9,3,0,0,1,12,1,1,5,0,24.0,0,1
16,19,1,0,1,12,0,0,5,0,47.0,0,1
16,19,1,0,1,12,1,0,0,0,31.0,0,1
31,7,1,0,1,12,1,0,5,1,38.0,0,1
9,3,0,0,1,12,1,1,5,3,34.0,0,1
8,3,0,0,1,12,0,1,5,3,37.0,0,1
32,10,2,0,1,12,0,1,5,1,32.0,0,1
16,19,1,0,1,12,1,0,4,3,55.0,0,1
32,10,2,0,1,12,0,1,5,1,44.0,0,1
9,3,0,0,1,12,1,1,5,0,25.0,0,1
8,3,0,0,1,12,0,1,5,0,44.0,0,1
9,3,0,0,1,12,1,1,5,0,29.0,0,1
32,10,2,0,1,5,0,0,4,3,39.0,0,1
9,3,0,0,1,12,0,1,5,3,40.0,0,1
32,10,2,0,1,12,0,1,4,3,56.0,0,1
32,10,2,0,1,12,0,1,5,1,45.0,0,1
13,5,1,1,1,12,0,1,1,3,40.0,0,1
32,10,2,0,1,12,0,1,0,1,33.0,0,1
13,5,1,1,1,12,0,1,0,0,44.0,0,1
9,3,0,0,1,12,1,1,5,0,43.0,0,1
9,3,0,0,1,12,1,0,5,0,36.0,0,1
9,3,0,0,1,12,1,1,0,3,36.0,0,1
32,10,2,0,1,5,0,1,5,1,34.0,0,1
33,10,2,0,1,12,1,1,5,0,39.0,0,1
32,10,2,0,1,12,0,1,5,0,29.0,0,1
9,3,0,0,1,12,0,1,5,3,47.0,0,1
32,10,2,0,1,12,0,1,5,0,31.0,0,1
32,10,2,0,1,12,0,0,2,1,22.0,0,1
33,10,2,0,1,12,1,1,5,0,39.0,0,1
32,10,2,0,1,12,0,0,5,3,18.0,0,1
9,3,0,0,1,12,1,0,4,0,23.0,0,1
9,3,0,0,1,12,1,1,5,1,45.0,0,1
9,3,0,0,1,12,0,1,2,1,30.0,0,1
8,3,0,0,1,12,1,1,5,0,42.0,0,1
8,3,0,0,1,12,0,1,5,1,46.0,0,1
30,28,1,0,1,12,0,1,4,0,61.0,0,1
9,3,0,0,1,12,1,1,5,1,20.0,0,1
32,10,2,0,1,12,0,0,5,1,28.0,0,1
31,7,1,0,1,12,1,1,5,3,37.0,0,1
8,3,0,0,1,12,0,1,5,0,19.0,0,1
13,5,1,1,1,12,0,1,5,1,43.0,0,1
32,10,2,0,1,12,0,0,5,3,38.0,0,1
8,3,0,0,1,12,0,1,2,0,27.0,0,1
9,3,0,0,1,12,0,0,0,1,34.0,0,1
33,10,2,0,1,12,1,1,5,3,31.0,0,1
8,3,0,0,1,12,0,1,2,3,13.0,0,1
9,3,0,0,1,12,1,1,5,0,20.0,0,1
16,19,1,0,1,12,1,0,0,0,31.0,0,1
16,19,1,0,1,12,0,1,0,1,34.5,1,1
8,3,0,0,1,3,0,1,5,0,36.0,0,1
16,19,1,0,1,12,0,1,2,0,35.0,1,1
32,10,2,0,1,12,0,0,5,3,40.0,0,1
8,3,0,0,1,8,0,1,5,0,33.0,0,1
9,3,0,0,1,12,1,0,4,3,36.0,0,1
9,3,0,0,1,12,1,1,5,3,47.0,0,1
9,3,0,0,1,12,1,1,2,3,39.0,0,1
8,3,0,0,1,12,0,1,5,0,33.0,0,1
9,3,0,0,1,12,1,1,5,1,35.0,0,1
9,3,0,0,1,12,1,1,2,3,19.0,0,1
9,3,0,0,1,12,1,1,5,3,22.0,0,1
31,7,1,0,1,12,1,1,5,1,32.0,0,1
13,5,1,1,1,12,0,0,5,0,40.0,0,1
13,5,1,1,1,12,0,1,5,1,80.0,0,1
9,3,0,0,1,12,0,1,1,3,23.0,0,1
32,10,2,0,1,12,0,1,5,3,34.0,0,1
9,3,0,0,1,12,1,1,5,3,24.0,0,1
8,3,0,0,1,12,1,1,5,0,46.0,0,1
16,19,1,0,1,12,1,1,5,0,41.0,1,1
8,3,0,0,1,12,0,1,5,0,26.0,0,1
32,10,2,0,1,12,0,1,5,1,30.0,0,1
33,10,2,0,1,5,1,1,5,0,34.0,0,1
9,3,0,0,1,12,1,1,5,3,35.0,0,1
23,14,1,1,1,12,1,0,5,0,40.0,0,1
33,10,2,0,1,5,0,1,5,3,56.0,0,1
31,7,1,0,1,12,0,1,5,1,38.0,0,1
9,3,0,0,1,12,1,0,5,3,34.0,0,1
9,3,0,0,1,12,0,1,4,0,32.0,0,1
9,3,0,0,1,12,0,1,5,1,31.0,0,1
40,30,2,0,1,3,0,1,2,1,28.0,0,1
32,10,2,0,1,12,0,1,5,0,60.0,0,1
33,10,2,0,1,12,0,0,5,0,34.0,0,1
8,3,0,0,1,12,1,1,5,3,32.0,0,1
9,3,0,0,1,12,1,0,5,1,45.0,0,1
8,3,0,0,1,12,0,1,4,3,22.0,0,1
9,3,0,0,1,12,1,0,0,1,19.0,0,1
9,3,0,0,1,12,1,0,5,0,25.0,0,1
8,3,0,0,1,12,2,1,4,3,44.0,0,1
9,3,0,0,1,12,1,1,5,1,24.0,0,1
32,10,2,0,1,3,0,1,5,0,29.0,0,1
9,3,0,0,1,12,1,1,5,3,45.0,0,1
31,7,1,0,1,12,1,0,5,1,39.0,0,1
9,3,0,0,1,12,1,0,4,3,21.0,0,1
32,10,2,0,1,12,0,1,5,1,28.0,0,1
9,3,0,0,1,12,0,1,0,3,26.0,0,1
8,3,0,0,1,12,0,1,5,1,45.0,0,1
8,3,0,0,1,5,0,1,5,0,57.0,0,1
9,3,0,0,1,12,1,1,5,0,38.0,0,1
8,3,0,0,1,12,0,1,5,0,35.0,0,1
32,10,2,0,1,12,0,1,5,0,41.0,0,1
9,3,0,0,1,12,1,1,0,3,40.0,0,1
9,3,0,0,1,12,1,1,5,0,35.0,0,1
16,19,1,0,1,12,1,1,0,3,29.0,0,1
9,3,0,0,1,12,1,1,5,1,25.0,0,1
8,3,0,0,1,12,0,1,0,3,28.0,0,1
8,3,0,0,1,5,0,1,5,0,60.0,0,1
9,3,0,0,1,12,0,1,2,3,33.0,0,1
8,3,0,0,1,3,0,1,5,0,21.0,0,1
9,3,0,0,1,12,1,1,4,3,29.0,0,1
9,3,0,0,1,12,1,1,5,3,42.0,0,1
9,3,0,0,1,12,1,1,0,1,36.0,0,1
9,3,0,0,1,12,1,0,5,1,35.5,1,1
8,3,0,0,1,12,0,0,5,0,18.0,0,1
32,10,2,0,1,12,0,1,5,0,40.0,0,1
9,3,0,0,1,12,1,1,0,1,26.0,0,1
9,3,0,0,1,12,1,0,0,1,30.0,0,1
9,3,0,0,1,12,1,0,0,1,34.0,1,1
33,10,2,0,1,12,1,1,5,3,49.0,0,1
32,10,2,0,1,3,0,1,5,0,35.0,0,1
9,3,0,0,1,12,1,1,4,0,24.0,0,1
9,3,0,0,1,12,1,1,2,3,48.0,0,1
42,1,2,0,0,12,1,1,5,0,27.272727272727273,1,1
8,3,0,0,1,12,0,1,5,3,29.0,0,1
32,10,2,0,1,12,0,1,5,3,47.0,0,1
8,3,0,0,1,12,0,1,0,1,28.0,0,1
8,3,0,0,1,3,2,1,5,3,28.0,0,1
9,3,0,0,1,12,1,1,5,0,36.0,0,1
8,3,0,0,1,12,0,1,5,0,25.0,0,1
32,10,2,0,1,12,0,1,5,1,43.0,0,1
8,3,0,0,1,12,0,0,5,3,52.0,0,1
32,10,2,0,1,12,0,0,5,1,34.0,0,1
9,3,0,0,1,12,1,0,5,3,19.0,0,1
8,3,0,0,1,12,0,0,5,1,52.0,0,1
31,7,1,0,1,12,1,1,5,0,38.0,0,1
40,30,2,0,1,3,0,1,5,0,19.0,0,1
13,5,1,1,1,12,0,0,2,0,23.0,1,1
9,3,0,0,1,12,0,1,0,1,37.0,0,1
9,3,0,0,1,12,0,0,4,3,30.0,0,1
8,3,0,0,1,5,0,1,2,0,59.0,0,1
30,28,1,0,1,12,0,1,5,1,24.0,0,1
9,3,0,0,1,12,0,1,5,0,19.0,0,1
9,3,0,0,1,12,1,1,2,1,37.0,0,1
8,3,0,0,1,12,0,0,5,1,25.0,0,1
31,7,1,0,1,5,1,1,2,1,31.0,0,1
9,3,0,0,1,12,1,1,5,3,49.0,0,1
32,10,2,0,1,12,0,1,5,0,33.0,0,1
9,3,0,0,1,12,1,1,5,3,42.0,0,1
32,10,2,0,1,12,2,1,5,0,39.0,0,1
31,7,1,0,1,12,1,1,5,3,36.0,0,1
13,5,1,1,1,5,0,1,5,3,25.0,0,1
8,3,0,0,1,12,1,1,5,3,36.0,0,1
8,3,0,0,1,12,0,1,4,3,49.0,0,1
31,7,1,0,1,12,1,0,5,0,44.0,0,1
17,19,1,1,1,12,1,1,5,0,34.0,0,1
9,3,0,0,1,12,1,1,5,3,28.0,0,1
9,3,0,0,1,12,1,0,0,1,31.0,0,1
16,19,1,0,1,12,0,1,5,1,35.0,0,1
16,19,1,0,1,12,1,1,5,3,28.0,0,1
35,23,2,0,1,12,1,1,0,3,32.0,0,1
9,3,0,0,1,12,0,1,2,3,19.0,0,1
9,3,0,0,1,12,0,0,4,3,40.0,0,1
16,19,1,0,1,12,0,1,5,1,38.0,0,1
9,3,0,0,1,12,1,0,0,1,20.0,0,1
32,10,2,0,1,12,0,1,5,0,40.0,0,1
9,3,0,0,1,12,0,1,0,1,31.0,0,1
16,19,1,0,1,12,1,1,0,3,24.0,0,1
8,3,0,0,1,12,1,0,2,1,36.0,0,1
8,3,0,0,1,12,0,1,4,3,58.0,0,1
9,3,0,0,1,12,1,0,5,0,51.0,0,1
9,3,0,0,1,12,1,1,0,1,46.0,0,1
7,25,1,1,1,12,0,1,5,0,34.0,0,1
31,7,1,0,1,12,1,1,5,0,38.0,0,1
9,3,0,0,1,12,1,0,5,0,56.0,0,1
33,10,2,0,1,12,1,0,5,0,39.0,0,1
10,3,0,0,1,12,1,1,5,1,34.0,0,1
9,3,0,0,1,12,1,0,5,1,36.0,0,1
33,10,2,0,1,5,0,1,5,1,37.0,0,1
8,3,0,0,1,12,0,1,5,0,27.0,0,1
9,3,0,0,1,12,1,1,0,1,21.0,0,1
33,10,2,0,1,12,1,1,5,1,47.0,0,1
8,3,0,0,1,12,0,1,4,3,25.0,0,1
9,3,0,0,1,12,1,0,5,0,38.0,0,1
8,3,0,0,1,12,0,1,5,3,39.0,0,1
8,3,0,0,1,12,0,1,5,0,49.0,0,1
9,3,0,0,1,12,0,0,5,3,36.0,0,1
9,3,0,0,1,12,1,1,5,3,68.0,0,1
9,3,0,0,1,12,0,1,5,0,17.0,0,1
32,10,2,0,1,12,0,1,5,1,36.0,0,1
8,3,0,0,1,12,0,1,5,1,29.0,0,1
32,10,2,0,1,12,0,1,4,3,25.0,0,1
9,3,0,0,1,12,1,1,5,0,26.0,0,1
31,7,1,0,1,12,1,1,2,1,32.0,0,1
32,10,2,0,1,12,0,1,0,1,49.0,0,1
16,19,1,0,1,12,1,1,5,1,34.0,0,1
13,5,1,1,1,12,0,0,5,0,37.0,0,1
9,3,0,0,1,12,1,1,5,3,24.0,0,1
10,3,0,0,1,12,1,0,5,3,34.0,0,1
16,19,1,0,1,12,2,1,5,0,36.0,0,1
31,7,1,0,1,12,2,1,5,0,31.0,0,1
9,3,0,0,1,12,2,0,5,3,32.0,0,1
32,10,2,0,1,7,0,1,5,1,39.0,0,1
9,3,0,0,1,12,0,1,5,0,31.0,0,1
13,5,1,1,1,12,0,1,0,0,24.0,0,1
9,3,0,0,1,12,0,1,0,3,27.0,0,1
9,3,0,0,1,12,1,0,0,3,20.0,0,1
8,3,0,0,1,12,0,1,4,3,48.0,0,1
9,3,0,0,1,0,0,1,5,0,26.0,0,1
32,10,2,0,1,12,0,1,5,0,21.0,0,1
31,7,1,0,1,12,1,1,5,0,65.0,0,1
9,3,0,0,1,12,0,1,0,3,34.0,0,1
9,3,0,0,1,12,1,1,5,0,33.0,0,1
9,3,0,0,1,12,0,1,4,0,21.0,0,1
9,3,0,0,1,12,1,1,5,3,37.0,0,1
16,19,1,0,1,12,1,1,5,1,34.0,0,1
8,3,0,0,1,0,0,1,2,1,41.0,0,1
8,3,0,0,1,12,0,1,5,0,41.0,0,1
8,3,0,0,1,12,0,0,5,1,16.0,0,1
9,3,0,0,1,12,1,1,5,0,42.0,0,1
9,3,0,0,1,12,1,1,5,0,19.0,0,1
8,3,0,0,1,12,1,1,0,0,36.0,0,1
33,10,2,0,1,12,1,1,5,1,35.0,0,1
23,14,1,1,1,12,0,1,5,0,49.0,0,1
8,3,0,0,1,12,0,1,5,0,32.0,0,1
32,10,2,0,1,12,0,0,5,0,32.0,0,1
16,19,1,0,1,12,1,1,5,0,51.0,0,1
32,10,2,0,1,12,0,0,4,3,35.0,0,1
32,10,2,0,1,12,0,1,5,1,38.0,0,1
16,19,1,0,1,12,1,0,5,3,53.0,0,1
9,3,0,0,1,12,1,1,2,1,50.0,0,1
9,3,0,0,1,12,1,0,2,3,20.0,0,1
9,3,0,0,1,12,1,1,1,1,68.0,0,1
31,7,1,0,1,12,0,1,5,3,31.0,0,1
8,3,0,0,1,12,0,0,5,3,32.0,0,1
32,10,2,0,1,12,0,1,5,0,24.0,0,1
9,3,0,0,1,12,1,0,5,1,18.0,0,1
8,3,0,0,1,5,0,1,2,1,48.0,0,1
32,10,2,0,1,12,0,0,5,0,37.0,0,1
8,3,0,0,1,5,1,1,4,0,39.0,0,1
9,3,0,0,1,12,1,1,5,0,60.0,0,1
9,3,0,0,1,12,1,1,2,0,25.0,0,1
9,3,0,0,1,12,1,0,5,3,19.0,0,1
32,10,2,0,1,12,0,0,5,0,30.0,0,1
32,10,2,0,1,12,0,1,5,0,48.0,0,1
13,5,1,1,1,12,0,0,5,0,34.0,0,1
8,3,0,0,1,12,0,1,5,0,32.0,0,1
9,3,0,0,1,12,1,1,0,1,21.0,0,1
32,10,2,0,1,12,0,1,5,0,29.0,0,1
9,3,0,0,1,12,0,1,5,0,39.0,0,1
9,3,0,0,1,12,1,1,5,3,51.0,0,1
8,3,0,0,1,1,0,1,2,3,21.0,0,1
9,3,0,0,1,12,1,1,5,3,34.0,0,1
9,3,0,0,1,12,0,1,5,3,37.0,0,1
31,7,1,0,1,12,1,1,5,3,39.0,0,1
9,3,0,0,1,12,0,1,0,3,31.0,0,1
32,10,2,0,1,12,0,1,5,1,41.0,0,1
32,10,2,0,1,12,0,1,5,3,39.0,0,1
9,3,0,0,1,12,1,1,5,0,42.0,0,1
9,3,0,0,1,12,1,1,2,1,36.0,0,1
9,3,0,0,1,12,1,1,5,2,31.0,0,1
9,3,0,0,1,12,1,1,5,2,34.0,0,1
43,8,2,0,0,12,0,1,0,3,28.0,0,1
9,3,0,0,1,12,0,0,0,1,18.0,0,1
49,0,2,0,0,12,0,1,0,1,25.0,0,1
8,3,0,0,1,12,2,1,5,0,33.0,0,1
32,10,2,0,1,12,0,0,5,0,28.0,0,1
9,3,0,0,1,12,1,1,5,2,28.0,0,1
9,3,0,0,1,12,1,1,5,2,34.0,0,1
44,9,2,0,0,12,2,1,5,2,74.0,0,1
42,1,2,0,0,12,1,0,5,2,28.0,0,1
29,11,1,1,1,12,1,1,5,2,28.0,0,1
9,3,0,0,1,12,0,1,5,0,21.0,0,1
8,3,0,0,1,12,0,1,5,2,22.0,0,1
31,7,1,0,1,12,0,1,5,0,20.0,0,1
13,5,1,1,1,12,2,1,5,1,29.0,0,1
7,25,1,1,1,12,0,1,2,1,23.0,0,1
31,7,1,0,1,12,0,1,5,1,21.0,0,1
40,30,2,0,1,3,1,1,5,0,33.0,0,1
9,3,0,0,1,12,1,1,0,0,42.0,0,1
8,3,0,0,1,12,0,1,5,1,22.0,0,1
9,3,0,0,1,12,0,0,0,1,24.0,0,1
31,7,1,0,1,12,1,1,5,1,49.0,0,1
8,3,0,0,1,12,2,0,0,1,32.0,0,1
3,26,0,0,1,12,2,1,5,1,45.0,0,1
30,28,1,0,1,12,0,1,0,1,63.0,0,1
33,10,2,0,1,12,0,1,0,1,32.0,0,1
32,10,2,0,1,12,2,1,5,1,59.0,0,1
9,3,0,0,1,12,1,0,0,1,37.0,0,1
9,3,0,0,1,12,2,1,0,1,58.0,0,1
9,3,0,0,1,12,2,0,0,1,26.0,0,1
9,3,0,0,1,12,2,1,0,1,39.0,0,1
31,7,1,0,1,12,2,0,0,1,32.0,0,1
32,10,2,0,1,12,0,0,0,1,59.0,0,1
16,19,1,0,1,12,1,0,5,1,47.0,0,1
21,21,1,1,1,12,2,1,5,0,31.0,0,1
9,3,0,0,1,12,1,1,0,1,32.0,0,1
16,19,1,0,1,12,2,1,0,1,63.0,0,1
9,3,0,0,1,12,1,1,0,1,56.0,0,1
16,19,1,0,1,12,2,1,5,1,38.0,0,1
31,7,1,0,1,12,0,1,0,1,35.0,0,1
16,19,1,0,1,12,2,1,0,1,39.0,0,1
8,3,0,0,1,5,0,1,0,1,37.0,0,1
16,19,1,0,1,12,1,0,5,1,25.0,0,1
8,3,0,0,1,12,0,1,5,1,45.0,0,1
8,3,0,0,1,12,0,0,0,1,42.0,0,1
32,10,2,0,1,12,2,1,0,1,42.0,0,1
32,10,2,0,1,12,0,0,5,1,34.0,0,1
16,19,1,0,1,12,1,0,0,1,59.0,0,1
9,3,0,0,1,12,0,1,0,1,42.5,1,1
16,19,1,0,1,12,1,1,5,0,51.5,1,1
9,3,0,0,1,12,0,1,5,1,26.0,0,1
16,19,1,0,1,12,2,1,5,1,36.0,0,1
9,3,0,0,1,12,0,0,0,1,42.0,0,1
33,10,2,0,1,12,0,1,0,1,38.0,0,1
32,10,2,0,1,12,2,1,5,0,37.0,0,1
30,28,1,0,1,12,2,1,0,1,27.0,0,1
16,19,1,0,1,12,1,0,5,1,29.0,0,1
9,3,0,0,1,12,2,0,0,1,28.0,0,1
32,10,2,0,1,12,0,1,0,1,33.0,0,1
9,3,0,0,1,12,2,0,0,1,36.0,0,1
16,19,1,0,1,12,0,1,0,1,42.0,0,1
8,3,0,0,1,12,0,1,0,1,24.0,0,1
31,7,1,0,1,12,0,1,5,1,26.0,0,1
33,10,2,0,1,12,2,1,5,1,22.0,0,1
9,3,0,0,1,12,0,1,5,1,47.0,0,1
8,3,0,0,1,12,0,1,0,1,39.0,0,1
9,3,0,0,1,12,1,1,5,1,37.0,0,1
32,10,2,0,1,12,0,1,0,1,44.0,0,1
9,3,0,0,1,12,0,1,5,1,45.0,0,1
8,3,0,0,1,12,0,1,0,1,38.0,1,1
2,18,0,0,1,12,2,1,0,1,37.0,0,1
10,3,0,0,1,12,0,1,0,1,36.0,0,1
9,3,0,0,1,12,0,1,5,0,29.0,0,1
16,19,1,0,1,12,1,0,5,1,41.0,0,1
9,3,0,0,1,12,0,1,0,1,33.0,0,1
16,19,1,0,1,12,0,1,0,1,37.0,0,1
18,19,1,1,1,12,2,0,0,1,25.0,0,1
9,3,0,0,1,12,1,0,0,0,35.5,1,1
9,3,0,0,1,12,2,1,0,1,38.0,0,1
9,3,0,0,1,12,2,1,0,1,41.0,0,1
9,3,0,0,1,12,2,1,5,1,35.0,0,1
32,10,2,0,1,12,2,1,5,1,25.0,0,1
32,10,2,0,1,12,0,1,0,1,29.0,0,1
9,3,0,0,1,12,0,1,0,1,39.0,0,1
8,3,0,0,1,12,1,0,0,1,16.0,0,1
9,3,0,0,1,12,2,0,2,1,41.0,0,1
13,5,1,1,1,8,0,1,2,1,38.0,0,1
9,3,0,0,1,12,0,1,5,1,36.0,0,1
40,30,2,0,1,3,1,1,5,1,30.0,0,1
22,6,1,0,1,12,0,1,5,0,54.0,0,1
31,7,1,0,1,12,0,0,0,1,30.0,0,1
9,3,0,0,1,12,0,1,0,1,30.0,0,1
23,14,1,1,1,12,0,1,0,1,34.0,0,1
9,3,0,0,1,12,2,1,0,1,30.0,0,1
8,3,0,0,1,5,2,0,5,1,39.0,0,1
10,3,0,0,1,12,0,1,0,1,33.0,0,1
16,19,1,0,1,12,0,1,0,1,39.0,0,1
32,10,2,0,1,12,2,1,5,0,30.0,0,1
9,3,0,0,1,12,0,1,0,1,30.0,0,1
16,19,1,0,1,12,2,1,0,1,38.0,0,1
32,10,2,0,1,12,0,1,0,1,34.0,1,1
9,3,0,0,1,12,2,1,0,1,24.0,0,1
16,19,1,0,1,12,1,0,0,1,33.0,0,1
9,3,0,0,1,12,2,1,0,1,35.0,0,1
9,3,0,0,1,12,0,1,0,1,23.0,0,1
16,19,1,0,1,12,0,1,0,1,22.0,0,1
9,3,0,0,1,12,1,1,0,1,40.0,0,1
16,19,1,0,1,5,2,1,0,1,41.0,0,1
9,3,0,0,1,12,0,0,0,1,30.0,0,1
32,10,2,0,1,12,0,0,5,1,20.0,0,1
16,19,1,0,1,12,1,1,5,1,41.0,0,1
32,10,2,0,1,12,0,1,5,0,37.0,0,1
9,3,0,0,1,12,0,1,0,1,31.0,0,1
16,19,1,0,1,12,2,1,0,1,37.0,0,1
16,19,1,0,1,12,1,1,0,1,40.0,0,1
32,10,2,0,1,12,0,1,0,1,29.0,0,1
9,3,0,0,1,12,0,1,5,1,23.0,0,1
9,3,0,0,1,12,1,0,4,0,50.0,0,1
10,3,0,0,1,12,0,1,5,1,63.0,0,1
16,19,1,0,1,12,0,0,5,0,41.5,1,1
30,28,1,0,1,12,0,1,5,1,31.0,0,1
9,3,0,0,1,12,0,1,5,2,25.0,0,1
16,19,1,0,1,12,0,1,2,1,27.0,0,1
32,10,2,0,1,12,0,0,5,1,39.0,0,1
32,10,2,0,1,12,0,1,5,0,27.0,0,1
6,26,0,0,1,12,0,1,5,0,37.0,0,1
32,10,2,0,1,12,2,1,2,1,21.0,0,1
31,7,1,0,1,12,0,1,5,0,20.0,0,1
32,10,2,0,1,12,0,1,5,0,38.0,0,1
16,19,1,0,1,12,0,1,5,0,25.0,0,1
32,10,2,0,1,12,2,1,5,1,34.0,0,1
9,3,0,0,1,12,0,1,5,0,63.0,0,1
13,5,1,1,1,12,0,0,5,0,29.0,1,1
9,3,0,0,1,12,0,1,5,0,24.0,0,1
32,10,2,0,1,12,0,1,5,2,27.0,0,1
32,10,2,0,1,12,0,1,5,0,38.0,0,1
9,3,0,0,1,12,0,0,5,1,34.0,0,1
16,19,1,0,1,12,0,0,5,1,32.0,0,1
32,10,2,0,1,12,0,1,5,0,37.0,0,1
32,10,2,0,1,12,0,1,2,1,21.0,0,1
9,3,0,0,1,12,2,0,2,1,31.0,0,1
8,3,0,0,1,12,0,0,5,0,33.0,0,1
9,3,0,0,1,12,0,1,5,0,33.0,0,1
32,10,2,0,1,12,0,1,5,0,26.0,0,1
32,10,2,0,1,12,0,1,5,1,27.0,0,1
32,10,2,0,1,12,0,1,2,1,21.0,0,1
16,19,1,0,1,12,0,1,5,0,27.0,0,1
9,3,0,0,1,12,0,1,5,0,25.0,0,1
32,10,2,0,1,12,0,1,5,0,29.0,0,1
9,3,0,0,1,12,0,1,5,1,14.0,0,1
16,19,1,0,1,12,1,0,0,1,33.0,0,1
31,7,1,0,1,12,2,1,5,0,27.0,0,1
32,10,2,0,1,12,2,1,5,3,50.0,0,1
9,3,0,0,1,12,2,1,5,0,46.0,0,1
16,19,1,0,1,12,2,1,5,0,41.0,0,1
40,30,2,0,1,8,2,1,5,0,37.0,0,1
9,3,0,0,1,12,2,1,5,1,37.0,0,1
32,10,2,0,1,12,2,1,5,0,48.0,0,1
40,30,2,0,1,3,2,1,5,0,31.0,0,1
16,19,1,0,1,12,2,1,5,1,25.0,0,1
16,19,1,0,1,12,2,0,0,0,22.0,0,1
9,3,0,0,1,12,2,1,5,0,18.0,0,1
9,3,0,0,1,12,2,1,5,0,19.0,0,1
19,19,1,0,1,12,2,0,5,1,24.0,0,1
49,0,2,0,0,12,2,1,5,0,22.0,0,1
8,3,0,0,1,12,0,1,5,0,22.0,0,1
16,19,1,0,1,12,1,0,5,0,27.0,0,1
16,19,1,0,1,12,1,0,5,0,30.0,0,1
16,19,1,0,1,12,1,1,2,1,40.0,0,1
8,3,0,0,1,12,0,1,5,0,41.0,0,1
9,3,0,0,1,12,0,1,4,3,32.0,0,1
16,19,1,0,1,12,0,1,5,1,41.0,0,1
9,3,0,0,1,12,0,1,5,0,28.0,0,1
32,10,2,0,1,12,0,0,5,1,50.0,0,1
32,10,2,0,1,12,0,1,5,0,28.0,0,1
30,28,1,0,1,12,0,1,5,0,30.0,0,1
16,19,1,0,1,12,0,1,5,1,51.0,0,1
9,3,0,0,1,0,0,1,5,0,55.0,0,1
31,7,1,0,1,12,2,1,5,0,16.0,1,1
9,3,0,0,1,12,2,1,5,2,14.0,0,1
9,3,0,0,1,12,0,1,5,3,51.0,0,1
8,3,0,0,1,5,0,1,5,0,51.0,0,1
32,10,2,0,1,12,0,1,5,0,47.0,0,1
8,3,0,0,1,10,0,0,4,3,62.0,0,1
16,19,1,0,1,12,0,1,5,0,30.0,0,1
9,3,0,0,1,0,0,0,5,0,29.0,0,1
9,3,0,0,1,12,2,1,5,0,16.0,0,1
9,3,0,0,1,12,0,1,5,0,29.0,0,1
31,7,1,0,1,12,0,1,5,1,41.0,0,1
9,3,0,0,1,12,2,1,5,1,15.0,0,1
16,19,1,0,1,12,1,1,5,0,41.0,0,1
9,3,0,0,1,12,0,1,5,0,30.0,0,1
40,30,2,0,1,6,0,1,5,1,31.0,0,1
32,10,2,0,1,12,0,1,5,0,44.0,0,1
9,3,0,0,1,12,0,1,5,0,24.0,0,1
9,3,0,0,1,12,0,1,5,1,18.0,0,1
16,19,1,0,1,12,1,0,5,2,67.0,0,1
9,3,0,0,1,12,2,1,4,2,17.0,0,1
16,19,1,0,1,12,0,1,5,0,24.0,0,1
8,3,0,0,1,0,0,1,5,0,27.0,0,1
9,3,0,0,1,12,2,0,5,3,16.0,0,1
9,3,0,0,1,12,0,1,5,0,36.0,0,1
16,19,1,0,1,12,1,0,5,0,34.0,0,1
9,3,0,0,1,12,1,1,5,1,31.0,0,1
8,3,0,0,1,0,0,1,5,1,43.0,0,1
32,10,2,0,1,12,0,0,5,1,49.0,0,1
16,19,1,0,1,12,1,1,5,0,36.0,0,1
8,3,0,0,1,3,0,0,5,1,42.0,0,1
9,3,0,0,1,12,0,0,5,3,23.0,0,1
31,7,1,0,1,12,1,1,5,0,43.0,0,1
21,21,1,1,1,3,0,1,5,1,16.0,0,1
9,3,0,0,1,12,0,0,5,1,22.0,0,1
9,3,0,0,1,12,0,0,5,0,33.0,0,1
9,3,0,0,1,12,2,0,5,3,13.0,0,1
9,3,0,0,1,12,2,0,5,0,15.0,0,1
32,10,2,0,1,12,0,1,4,2,27.0,0,1
13,5,1,1,1,12,0,1,4,3,43.0,0,1
16,19,1,0,1,12,0,1,5,0,41.0,0,1
16,19,1,0,1,12,1,0,5,0,29.0,0,1
16,19,1,0,1,12,0,1,5,0,30.0,0,1
32,10,2,0,1,12,0,1,4,0,21.0,0,1
3,26,0,0,1,5,0,1,5,0,43.0,0,1
21,21,1,1,1,12,0,1,5,1,25.0,0,1
2,18,0,0,1,12,0,1,5,0,47.0,0,1
16,19,1,0,1,12,0,1,5,1,48.0,0,1
18,19,1,1,1,12,0,1,5,0,26.0,0,1
9,3,0,0,1,12,2,0,5,0,15.0,0,1
9,3,0,0,1,12,2,0,5,0,12.0,0,1
16,19,1,0,1,12,0,1,5,0,47.0,0,1
30,28,1,0,1,12,0,1,5,0,37.0,1,1
16,19,1,0,1,12,0,0,5,0,30.0,0,1
9,3,0,0,1,12,2,1,5,1,16.0,0,1
16,19,1,0,1,12,0,1,5,0,44.0,0,1
9,3,0,0,1,12,2,0,0,3,17.0,0,1
16,19,1,0,1,12,0,1,5,1,48.0,0,1
13,5,1,1,1,12,0,1,5,1,48.0,0,1
9,3,0,0,1,12,1,0,2,1,39.75,1,1
8,3,0,0,1,5,0,0,5,0,39.0,0,1
9,3,0,0,1,12,0,1,5,0,30.0,0,1
16,19,1,0,1,12,0,1,4,3,30.0,0,1
9,3,0,0,1,12,2,1,5,1,15.0,0,1
9,3,0,0,1,12,2,0,5,0,15.0,0,1
31,7,1,0,1,0,0,0,5,3,27.0,0,1
16,19,1,0,1,12,0,0,5,0,31.0,0,1
9,3,0,0,1,12,0,1,5,1,42.0,0,1
9,3,0,0,1,12,0,1,5,0,40.0,0,1
16,19,1,0,1,12,1,0,5,1,22.0,0,1
32,10,2,0,1,12,0,1,5,1,36.0,0,1
9,3,0,0,1,12,0,1,5,0,25.0,0,1
9,3,0,0,1,12,0,1,5,0,33.0,0,1
9,3,0,0,1,5,0,1,5,0,41.0,0,1
30,28,1,0,1,12,0,0,5,1,42.0,0,1
17,19,1,1,1,12,1,1,5,1,45.0,0,1
9,3,0,0,1,12,0,1,5,0,26.0,0,1
9,3,0,0,1,0,1,1,5,0,40.0,0,1
16,19,1,0,1,12,0,1,2,1,39.0,0,1
16,19,1,0,1,12,0,1,5,0,57.0,0,1
9,3,0,0,1,12,0,1,5,0,34.0,0,1
9,3,0,0,1,12,0,1,5,0,19.0,0,1
32,10,2,0,1,12,0,1,5,0,31.0,0,1
8,3,0,0,1,5,0,1,5,1,22.0,0,1
31,7,1,0,1,0,1,1,5,1,25.0,0,1
40,30,2,0,1,3,0,1,5,0,25.0,0,1
9,3,0,0,1,12,0,1,4,3,32.0,0,1
9,3,0,0,1,12,0,1,5,0,21.0,0,1
16,19,1,0,1,12,1,1,4,3,39.0,0,1
31,7,1,0,1,0,0,1,5,1,41.0,0,1
8,3,0,0,1,5,0,0,5,0,33.0,0,1
8,3,0,0,1,0,0,1,5,0,25.0,0,1
16,19,1,0,1,12,0,1,5,0,27.0,0,1
9,3,0,0,1,12,0,1,2,1,61.0,0,1
32,10,2,0,1,12,0,1,5,0,34.0,0,1
49,0,2,0,0,12,0,1,5,0,40.0,0,1
9,3,0,0,1,12,0,1,5,0,32.0,0,1
30,28,1,0,1,12,0,1,5,0,24.0,0,1
40,30,2,0,1,3,0,1,5,0,20.0,0,1
9,3,0,0,1,0,1,1,5,0,22.0,0,1
16,19,1,0,1,12,1,1,5,0,31.0,0,1
16,19,1,0,1,12,0,1,2,1,31.0,0,1
9,3,0,0,1,12,0,1,5,0,33.0,0,1
9,3,0,0,1,12,1,0,5,1,32.0,0,1
13,5,1,1,1,6,0,1,5,1,32.0,0,1
13,5,1,1,1,12,0,1,5,0,19.5,1,1
9,3,0,0,1,5,0,1,5,1,61.0,0,1
13,5,1,1,1,12,0,0,5,0,34.5,1,1
8,3,0,0,1,12,0,1,5,0,60.0,0,1
8,3,0,0,1,0,0,1,5,1,55.0,0,1
9,3,0,0,1,12,0,1,5,0,33.0,0,1
40,30,2,0,1,3,0,1,5,0,34.0,0,1
9,3,0,0,1,12,1,1,5,0,63.0,0,1
8,3,0,0,1,5,0,1,5,2,49.5,1,1
3,26,0,0,1,12,0,1,5,1,51.0,0,1
13,5,1,1,1,12,0,1,5,3,27.0,0,1
16,19,1,0,1,12,0,1,5,0,59.0,0,1
32,10,2,0,1,12,0,0,5,0,37.0,1,1
32,10,2,0,1,12,0,1,5,1,34.0,0,1
31,7,1,0,1,6,0,1,5,0,41.0,0,1
31,7,1,0,1,12,0,1,5,3,30.0,0,1
8,3,0,0,1,12,0,1,5,0,48.0,0,1
16,19,1,0,1,12,0,1,5,1,35.0,0,1
32,10,2,0,1,12,0,1,0,1,21.0,0,1
13,5,1,1,1,12,0,1,5,1,18.0,0,1
32,10,2,0,1,12,2,0,5,0,34.0,0,1
40,30,2,0,1,3,0,1,5,1,35.0,0,1
13,5,1,1,1,8,0,1,5,1,26.0,0,1
9,3,0,0,1,12,0,1,5,0,43.0,0,1
32,10,2,0,1,3,0,0,5,0,31.0,0,1
9,3,0,0,1,12,0,1,5,1,46.0,0,1
8,3,0,0,1,8,0,1,5,0,23.0,0,1
16,19,1,0,1,12,0,1,5,0,41.0,0,1
32,10,2,0,1,12,0,0,5,0,39.0,0,1
8,3,0,0,1,12,0,0,5,1,44.0,0,1
9,3,0,0,1,12,0,0,5,0,34.0,0,1
13,5,1,1,1,12,0,0,5,0,35.0,1,1
32,10,2,0,1,12,0,1,5,0,28.5,1,1
32,10,2,0,1,12,0,0,5,0,24.0,0,1
13,5,1,1,1,12,0,0,5,0,30.0,0,1
32,10,2,0,1,12,0,0,5,0,27.0,0,1
9,3,0,0,1,12,0,0,5,0,26.0,0,1
16,19,1,0,1,12,0,0,5,0,27.0,1,1
6,26,0,0,1,12,0,1,5,0,66.0,0,1
16,19,1,0,1,12,0,1,4,0,42.0,0,1
2,18,0,0,1,12,0,1,5,0,19.0,0,1
8,3,0,0,1,12,2,1,5,0,21.5,1,1
16,19,1,0,1,12,0,0,5,0,30.0,0,1
9,3,0,0,1,12,0,1,5,1,46.0,0,1
13,5,1,1,1,12,0,1,5,0,32.0,0,1
16,19,1,0,1,12,0,0,5,0,43.0,0,1
32,10,2,0,1,12,0,1,5,1,51.0,0,1
32,10,2,0,1,12,0,0,5,1,35.0,0,1
8,3,0,0,1,12,0,1,2,1,27.0,0,1
8,3,0,0,1,10,0,1,5,3,75.0,0,1
9,3,0,0,1,12,0,1,5,1,43.0,0,1
32,10,2,0,1,12,0,0,5,3,29.0,0,1
16,19,1,0,1,12,0,1,5,0,49.0,0,1
18,19,1,1,1,12,0,1,5,1,43.0,0,1
32,10,2,0,1,12,0,1,5,1,41.0,0,1
9,3,0,0,1,12,0,1,0,1,41.0,0,1
9,3,0,0,1,12,0,1,5,0,41.0,0,1
32,10,2,0,1,12,0,1,5,0,37.0,0,1
32,10,2,0,1,12,0,0,5,0,46.0,0,1
30,28,1,0,1,1,0,1,5,0,26.0,0,1
32,10,2,0,1,12,0,1,5,1,42.0,0,1
29,11,1,1,1,12,0,1,5,0,32.0,0,1
9,3,0,0,1,12,0,1,5,0,35.0,0,1
2,18,0,0,1,12,0,1,5,0,32.0,0,1
9,3,0,0,1,12,0,1,5,1,33.0,0,1
9,3,0,0,1,12,0,1,5,0,24.0,0,1
8,3,0,0,1,12,0,1,5,0,19.0,0,1
32,10,2,0,1,12,0,1,5,1,71.0,0,1
32,10,2,0,1,12,0,1,5,1,36.0,0,1
9,3,0,0,1,12,0,0,5,0,26.0,0,1
2,18,0,0,1,12,0,1,5,0,33.0,0,1
16,19,1,0,1,12,0,1,5,0,34.0,0,1
16,19,1,0,1,12,0,0,5,0,25.0,0,1
32,10,2,0,1,12,0,0,5,0,42.0,0,1
32,10,2,0,1,12,0,1,5,0,37.0,0,1
16,19,1,0,1,12,0,0,5,0,23.0,0,1
32,10,2,0,1,12,0,1,5,0,25.0,0,1
32,10,2,0,1,12,0,1,5,0,30.0,0,1
16,19,1,0,1,12,0,1,5,0,39.0,0,1
9,3,0,0,1,12,0,1,5,0,46.0,0,1
9,3,0,0,1,12,0,0,0,1,21.0,0,1
7,25,1,1,1,12,0,0,5,0,37.0,1,1
9,3,0,0,1,12,0,0,5,0,26.0,0,1
8,3,0,0,1,12,0,1,5,1,46.0,0,1
13,5,1,1,1,12,0,1,5,1,55.0,0,1
16,19,1,0,1,12,0,1,5,3,45.0,0,1
2,18,0,0,1,5,0,1,5,1,46.0,0,1
31,7,1,0,1,12,0,1,5,0,40.0,0,1
32,10,2,0,1,0,0,1,5,0,33.0,0,1
30,28,1,0,1,12,0,0,5,0,37.0,0,1
8,3,0,0,1,12,0,1,5,0,28.0,0,1
8,3,0,0,1,5,0,0,5,0,17.0,0,1
32,10,2,0,1,12,0,1,5,0,45.0,0,1
9,3,0,0,1,12,0,1,5,1,42.0,0,1
9,3,0,0,1,12,0,1,0,1,31.0,0,1
13,5,1,1,1,1,0,0,5,0,51.0,0,1
32,10,2,0,1,12,0,1,5,1,30.0,0,1
13,5,1,1,1,12,0,0,5,0,30.0,0,1
9,3,0,0,1,12,0,1,5,2,21.0,0,1
9,3,0,0,1,12,1,1,5,2,14.0,0,1
44,9,2,0,0,12,0,0,5,0,21.0,1,1
13,5,1,1,1,12,2,1,5,0,40.0,0,1
13,5,1,1,1,12,0,1,1,1,39.0,0,1
33,10,2,0,1,12,0,1,5,1,20.0,0,1
9,3,0,0,1,12,0,1,5,1,42.0,0,1
8,3,0,0,1,5,1,1,5,0,40.0,0,1
32,10,2,0,1,12,2,1,5,1,30.0,0,1
40,30,2,0,1,3,0,1,5,0,34.0,0,1
9,3,0,0,1,12,1,1,5,1,25.0,0,1
10,3,0,0,1,12,0,1,5,1,64.0,0,1
32,10,2,0,1,12,2,1,5,0,22.0,0,1
40,30,2,0,1,12,2,1,5,1,21.0,0,1
40,30,2,0,1,12,2,1,5,0,45.0,0,1
9,3,0,0,1,12,0,1,5,0,18.0,0,1
8,3,0,0,1,6,0,1,5,0,22.0,0,1
9,3,0,0,1,12,2,1,5,0,35.0,0,1
40,30,2,0,1,12,0,1,5,0,22.0,0,1
9,3,0,0,1,12,0,1,5,0,35.0,0,1
8,3,0,0,1,5,0,0,5,0,33.5,1,1
9,3,0,0,1,12,0,1,5,0,31.0,0,1
8,3,0,0,1,12,0,0,5,1,49.0,0,1
33,10,2,0,1,12,2,1,5,1,35.0,0,1
8,3,0,0,1,12,0,0,5,1,37.0,0,1
49,0,2,0,0,12,0,1,5,0,16.0,0,1
8,3,0,0,1,12,2,1,5,0,18.0,0,1
9,3,0,0,1,12,0,1,5,0,40.0,0,1
9,3,0,0,1,12,0,0,5,1,59.0,0,1
8,3,0,0,1,12,0,1,5,0,21.0,0,1
9,3,0,0,1,5,0,1,5,0,35.0,0,1
9,3,0,0,1,12,0,0,5,0,39.0,0,1
8,3,0,0,1,12,0,1,5,0,60.0,0,1
8,3,0,0,1,12,0,1,5,0,41.0,0,1
9,3,0,0,1,12,0,1,0,3,43.0,0,1
44,9,2,0,0,12,0,0,0,3,33.0,0,1
43,8,2,0,0,12,0,1,0,1,22.0,0,1
9,3,0,0,1,12,2,1,5,0,26.0,0,1
31,7,1,0,1,12,1,1,5,1,17.0,0,1
9,3,0,0,1,12,1,1,5,0,9.0,0,1
16,19,1,0,1,12,2,1,5,1,21.0,0,1
9,3,0,0,1,12,2,0,5,0,22.0,0,1
9,3,0,0,1,12,2,1,5,0,26.0,0,1
18,19,1,1,1,5,2,1,5,0,36.0,0,1
9,3,0,0,1,12,2,1,5,0,60.0,0,1
9,3,0,0,1,12,2,0,5,0,24.0,0,1
9,3,0,0,1,12,1,1,5,0,11.0,0,1
31,7,1,0,1,12,2,1,5,0,52.0,0,1
9,3,0,0,1,12,2,1,5,0,29.0,0,1
13,5,1,1,1,12,2,1,5,0,23.0,0,1
20,19,1,1,1,12,0,1,5,1,40.0,0,1
9,3,0,0,1,12,2,1,5,0,39.0,0,1
13,5,1,1,1,12,2,1,5,0,51.0,0,1
9,3,0,0,1,12,2,1,5,0,39.0,0,1
8,3,0,0,1,8,0,0,5,2,60.0,1,1
9,3,0,0,1,12,0,1,5,2,34.0,0,1
9,3,0,0,1,12,0,1,5,2,49.0,0,1
8,3,0,0,1,12,2,1,0,1,60.0,0,1
43,8,2,0,0,12,2,1,0,1,32.0,0,1
43,8,2,0,0,12,0,0,0,1,27.0,0,1
31,7,1,0,1,12,0,1,0,1,27.0,0,1
32,10,2,0,1,12,1,0,5,0,15.0,0,1
9,3,0,0,1,12,0,1,5,0,29.0,0,1
16,19,1,0,1,12,2,1,5,0,31.0,0,1
16,19,1,0,1,12,1,0,5,1,48.0,0,1
9,3,0,0,1,12,0,1,5,0,32.0,0,1
8,3,0,0,1,12,0,1,5,0,52.0,0,1
16,19,1,0,1,12,1,1,5,1,54.0,0,1
20,19,1,1,1,12,1,0,5,0,41.0,0,1
31,7,1,0,1,12,0,1,5,0,24.0,0,1
13,5,1,1,1,12,1,1,5,0,33.0,0,1
16,19,1,0,1,12,1,0,5,0,53.0,0,1
20,19,1,1,1,12,0,0,5,0,50.0,0,1
16,19,1,0,1,12,0,0,5,0,31.0,0,1
31,7,1,0,1,12,0,1,5,0,49.0,0,1
9,3,0,0,1,12,0,1,5,0,53.0,0,1
5,26,0,0,1,12,0,1,5,0,28.0,0,1
9,3,0,0,1,12,0,1,5,1,32.0,0,1
31,7,1,0,1,12,0,1,5,0,36.0,0,1
16,19,1,0,1,12,1,0,2,1,26.0,0,1
9,3,0,0,1,12,2,1,0,1,30.0,0,1
49,0,2,0,0,12,0,0,0,1,32.0,0,1
49,0,2,0,0,12,0,1,0,1,44.0,0,1
43,8,2,0,0,12,2,1,0,1,40.0,0,1
49,0,2,0,0,12,2,1,0,1,34.0,0,1
9,3,0,0,1,12,0,1,5,0,34.0,0,1
13,5,1,1,1,12,0,1,5,0,62.0,0,1
32,10,2,0,1,12,0,0,5,2,45.0,0,1
32,10,2,0,1,12,0,1,5,2,45.0,0,1
9,3,0,0,1,12,0,1,5,2,47.0,0,1
13,5,1,1,1,12,0,1,5,2,62.0,0,1
9,3,0,0,1,12,0,1,5,0,47.0,0,1
13,5,1,1,1,12,0,1,5,0,62.0,0,1
13,5,1,1,1,12,0,1,5,2,62.0,0,1
9,3,0,0,1,12,2,1,0,1,61.0,0,1
32,10,2,0,1,12,2,1,0,1,31.0,0,1
33,10,2,0,1,12,0,1,0,1,25.0,0,1
16,19,1,0,1,12,1,1,0,1,37.0,0,1
9,3,0,0,1,12,0,0,0,1,44.0,0,1
9,3,0,0,1,12,1,1,0,1,35.0,0,1
9,3,0,0,1,12,0,1,0,1,33.0,0,1
9,3,0,0,1,12,1,1,0,1,34.0,0,1
9,3,0,0,1,12,1,0,0,1,34.0,0,1
9,3,0,0,1,12,1,0,0,1,33.5,1,1
16,19,1,0,1,12,1,0,0,0,24.0,0,1
9,3,0,0,1,12,1,1,0,1,32.0,0,1
16,19,1,0,1,12,1,1,0,1,32.0,0,1
32,10,2,0,1,12,1,1,0,1,32.0,0,1
6,26,0,0,1,12,0,1,0,1,25.5,1,1
16,19,1,0,1,12,1,1,0,1,48.0,0,1
9,3,0,0,1,12,0,1,0,1,18.0,0,1
8,3,0,0,1,12,0,1,0,1,46.0,0,1
16,19,1,0,1,12,1,1,0,1,38.0,0,1
8,3,0,0,1,12,1,1,2,1,21.0,0,1
13,5,1,1,1,12,0,0,0,1,38.0,0,1
32,10,2,0,1,12,0,0,0,1,24.0,0,1
16,19,1,0,1,12,1,0,0,1,25.0,0,1
9,3,0,0,1,12,0,1,0,1,26.0,0,1
31,7,1,0,1,12,1,0,0,1,18.0,0,1
32,10,2,0,1,12,1,0,0,1,37.0,0,1
9,3,0,0,1,12,1,1,0,1,19.0,0,1
16,19,1,0,1,12,1,1,0,1,28.0,0,1
49,0,2,0,0,12,2,1,0,1,40.0,0,1
9,3,0,0,1,12,0,1,0,1,20.0,0,1
9,3,0,0,1,12,1,1,0,2,58.0,0,1
9,3,0,0,1,12,0,1,0,1,33.0,0,1
49,0,2,0,0,12,2,0,0,2,24.0,0,1
8,3,0,0,1,12,0,1,0,1,40.0,0,1
10,3,0,0,1,12,1,0,0,1,53.0,0,1
8,3,0,0,1,12,0,1,0,1,19.0,0,1
16,19,1,0,1,12,1,1,0,1,31.0,0,1
8,3,0,0,1,12,0,1,0,1,38.0,0,1
31,7,1,0,1,12,1,0,5,0,29.0,0,1
10,3,0,0,1,12,0,1,0,1,29.0,0,1
23,14,1,1,1,12,1,1,5,1,69.0,0,1
33,10,2,0,1,12,0,0,0,1,36.0,0,1
9,3,0,0,1,12,0,1,0,1,67.0,0,1
16,19,1,0,1,12,1,0,0,1,40.0,0,1
16,19,1,0,1,12,0,1,0,1,24.0,0,1
18,19,1,1,1,12,0,1,0,1,35.5,1,1
16,19,1,0,1,12,1,0,0,1,17.0,0,1
18,19,1,1,1,12,0,1,0,1,38.0,0,1
33,10,2,0,1,12,0,0,0,1,36.0,0,1
9,3,0,0,1,12,1,1,5,2,38.0,0,1
9,3,0,0,1,12,0,0,5,2,61.0,0,1
16,19,1,0,1,12,1,1,0,1,49.0,0,1
9,3,0,0,1,12,0,1,0,1,44.0,0,1
9,3,0,0,1,12,0,1,0,1,26.0,0,1
32,10,2,0,1,12,0,1,2,1,53.0,0,1
31,7,1,0,1,12,1,1,0,1,24.0,0,1
9,3,0,0,1,12,1,1,0,1,38.0,0,1
16,19,1,0,1,12,0,0,0,1,35.0,0,1
23,14,1,1,1,12,1,1,0,1,20.0,0,1
16,19,1,0,1,12,0,1,5,0,25.0,0,1
9,3,0,0,1,12,0,1,5,0,26.0,0,1
8,3,0,0,1,12,1,1,0,1,22.0,0,1
9,3,0,0,1,12,1,0,0,1,30.0,1,1
9,3,0,0,1,12,1,0,0,0,26.0,0,1
9,3,0,0,1,12,1,1,0,1,39.0,0,1
8,3,0,0,1,12,1,1,0,1,19.0,0,1
7,25,1,1,1,12,0,1,0,0,20.0,1,1
9,3,0,0,1,12,0,1,0,1,44.0,0,1
8,3,0,0,1,12,1,0,0,1,32.0,0,1
9,3,0,0,1,12,0,1,0,2,34.0,0,1
20,19,1,1,1,12,0,0,0,2,30.0,0,1
31,7,1,0,1,12,0,1,5,0,44.0,0,1
9,3,0,0,1,12,1,1,0,1,27.0,0,1
23,14,1,1,1,12,1,1,0,2,44.0,0,1
9,3,0,0,1,12,1,1,0,1,30.0,0,1
9,3,0,0,1,12,0,0,2,1,43.0,0,1
16,19,1,0,1,12,0,1,5,0,24.0,0,1
16,19,1,0,1,12,1,1,5,1,33.0,0,1
16,19,1,0,1,12,1,0,5,0,22.0,0,1
16,19,1,0,1,12,1,1,5,0,43.0,0,1
8,3,0,0,1,12,0,1,5,0,19.0,0,1
16,19,1,0,1,12,1,0,5,0,48.0,0,1
32,10,2,0,1,12,0,1,5,0,33.0,0,1
16,19,1,0,1,12,1,1,5,1,30.0,0,1
16,19,1,0,1,12,1,0,5,1,18.0,0,1
9,3,0,0,1,12,0,1,5,1,35.0,0,1
9,3,0,0,1,12,0,1,5,0,21.0,0,1
9,3,0,0,1,12,0,1,5,1,47.0,0,1
16,19,1,0,1,12,1,0,5,0,19.0,1,1
16,19,1,0,1,12,1,1,2,1,29.0,0,1
31,7,1,0,1,12,0,1,5,0,39.0,0,1
31,7,1,0,1,12,0,0,5,0,26.0,0,1
16,19,1,0,1,12,1,1,5,1,35.0,0,1
16,19,1,0,1,12,1,0,5,0,37.0,0,1
21,21,1,1,1,12,0,1,5,0,30.0,0,1
9,3,0,0,1,12,0,1,5,0,35.0,0,1
32,10,2,0,1,12,2,1,5,1,47.0,0,1
32,10,2,0,1,12,2,1,5,0,31.0,0,1
8,3,0,0,1,12,2,1,4,2,19.0,0,1
9,3,0,0,1,12,0,1,5,2,39.0,0,1
9,3,0,0,1,12,0,1,5,2,22.0,0,1
10,3,0,0,1,12,1,1,5,2,29.0,0,1
8,3,0,0,1,3,1,1,5,2,26.0,0,1
8,3,0,0,1,12,2,1,5,0,32.5,1,1
6,26,0,0,1,12,2,1,5,0,53.0,0,1
3,26,0,0,1,12,2,1,5,0,32.0,0,1
40,30,2,0,1,12,0,1,5,0,32.0,0,1
13,5,1,1,1,12,0,0,5,1,47.0,0,1
9,3,0,0,1,12,2,1,5,0,35.0,0,1
9,3,0,0,1,12,0,1,5,0,61.0,0,1
0,16,0,0,1,12,0,0,5,1,30.0,0,1
8,3,0,0,1,5,0,1,5,0,20.0,0,1
40,30,2,0,1,12,0,0,5,0,54.0,0,1
9,3,0,0,1,12,0,1,5,0,39.0,0,1
9,3,0,0,1,12,0,1,5,1,35.0,0,1
31,7,1,0,1,12,2,1,5,0,41.0,0,1
8,3,0,0,1,12,0,1,5,0,50.0,0,1
13,5,1,1,1,12,0,1,5,0,37.0,0,1
9,3,0,0,1,12,2,1,0,1,28.0,0,1
16,19,1,0,1,12,2,1,5,0,40.0,0,1
31,7,1,0,1,12,1,1,5,1,15.0,0,1
2,18,0,0,1,12,2,1,0,1,29.0,0,1
8,3,0,0,1,12,2,1,5,1,45.0,0,1
31,7,1,0,1,12,0,1,5,1,31.0,0,1
8,3,0,0,1,12,0,1,5,0,15.0,0,1
9,3,0,0,1,12,0,1,0,1,38.0,0,1
9,3,0,0,1,12,2,1,5,1,32.0,0,1
9,3,0,0,1,12,0,1,0,1,29.5,1,1
21,21,1,1,1,12,2,0,2,1,15.0,0,1
9,3,0,0,1,12,0,1,5,1,29.0,0,1
33,10,2,0,1,12,0,1,0,1,33.0,0,1
16,19,1,0,1,12,0,1,0,1,32.0,0,1
9,3,0,0,1,12,0,0,5,1,45.0,0,1
9,3,0,0,1,12,0,0,5,1,28.0,0,1
9,3,0,0,1,12,0,0,0,1,39.0,0,1
9,3,0,0,1,12,2,1,5,1,29.0,0,1
2,18,0,0,1,12,0,1,5,0,57.0,0,1
32,10,2,0,1,12,1,1,0,1,12.0,0,1
32,10,2,0,1,12,1,0,0,0,12.0,0,1
31,7,1,0,1,12,0,1,2,1,25.0,0,1
9,3,0,0,1,12,0,1,0,1,28.0,0,1
9,3,0,0,1,12,0,0,0,1,22.0,0,1
8,3,0,0,1,12,0,1,5,0,14.0,0,1
32,10,2,0,1,12,2,1,5,1,29.0,0,1
40,30,2,0,1,1,2,1,0,1,44.0,0,1
9,3,0,0,1,12,0,0,5,1,37.0,0,1
21,21,1,1,1,12,0,0,5,1,30.0,0,1
9,3,0,0,1,12,0,1,0,1,29.0,0,1
31,7,1,0,1,12,1,1,5,0,16.0,0,1
40,30,2,0,1,12,2,1,5,1,35.0,0,1
9,3,0,0,1,12,0,1,5,1,15.0,0,1
16,19,1,0,1,12,0,1,0,1,46.0,0,1
32,10,2,0,1,12,1,0,0,1,13.0,0,1
9,3,0,0,1,12,0,1,5,1,33.0,0,1
31,7,1,0,1,12,0,1,5,1,26.0,0,1
9,3,0,0,1,12,1,0,0,0,12.0,0,1
9,3,0,0,1,12,0,1,0,1,30.0,0,1
42,1,2,0,0,12,1,0,5,1,68.0,0,1
30,28,1,0,1,12,0,1,0,1,51.0,0,1
9,3,0,0,1,12,0,0,0,1,69.0,0,1
9,3,0,0,1,12,0,0,5,1,35.0,0,1
9,3,0,0,1,12,1,1,5,0,16.0,0,1
8,3,0,0,1,12,0,1,5,1,23.0,0,1
9,3,0,0,1,12,0,1,0,1,34.0,0,1
9,3,0,0,1,12,2,1,5,1,36.0,0,1
9,3,0,0,1,12,2,1,5,0,22.0,0,1
9,3,0,0,1,12,0,0,0,0,38.0,0,1
31,7,1,0,1,12,1,1,5,1,14.0,0,1
9,3,0,0,1,12,0,1,5,1,38.0,0,1
32,10,2,0,1,12,1,1,0,1,14.0,0,1
8,3,0,0,1,12,2,1,2,1,38.0,0,1
9,3,0,0,1,12,0,1,0,1,30.0,0,1
9,3,0,0,1,12,0,0,0,1,29.0,0,1
16,19,1,0,1,12,0,1,0,1,50.0,0,1
9,3,0,0,1,12,2,1,5,1,34.0,0,1
32,10,2,0,1,12,0,1,5,1,52.0,0,1
13,5,1,1,1,12,2,0,5,1,27.0,0,1
9,3,0,0,1,12,0,0,0,1,29.0,0,1
9,3,0,0,1,12,0,0,5,1,47.0,0,1
11,2,1,0,1,12,2,1,0,1,40.0,0,1
9,3,0,0,1,12,1,0,0,1,26.5,1,1
9,3,0,0,1,12,2,1,5,1,33.0,0,1
32,10,2,0,1,12,2,1,5,1,32.0,0,1
9,3,0,0,1,12,0,1,0,1,40.0,0,1
9,3,0,0,1,12,0,1,5,1,30.0,0,1
31,7,1,0,1,12,1,1,5,1,30.0,0,1
8,3,0,0,1,5,0,1,5,2,56.0,0,1
8,3,0,0,1,12,1,1,4,1,43.0,0,1
30,28,1,0,1,12,1,1,5,0,23.0,0,1
30,28,1,0,1,12,2,1,5,0,21.0,0,1
30,28,1,0,1,12,2,1,5,1,26.0,0,1
16,19,1,0,1,12,1,0,5,1,68.0,0,1
31,7,1,0,1,12,1,1,5,0,54.0,0,1
9,3,0,0,1,12,2,1,5,0,50.0,0,1
32,10,2,0,1,12,2,0,5,0,42.0,0,1
8,3,0,0,1,12,1,1,5,1,71.0,0,1
31,7,1,0,1,12,2,0,5,1,21.0,0,1
18,19,1,1,1,12,2,1,5,0,36.0,0,1
8,3,0,0,1,12,1,1,5,1,39.0,0,1
16,19,1,0,1,12,2,1,5,1,47.0,0,1
16,19,1,0,1,12,2,0,5,1,60.0,0,1
32,10,2,0,1,12,1,0,5,1,24.0,0,1
9,3,0,0,1,12,2,1,5,1,31.0,0,1
8,3,0,0,1,12,1,1,5,1,62.0,0,1
9,3,0,0,1,12,2,1,5,1,30.0,0,1
32,10,2,0,1,12,2,1,4,1,37.0,0,1
9,3,0,0,1,12,1,0,5,1,38.0,0,1
9,3,0,0,1,12,1,0,5,1,45.0,0,1
9,3,0,0,1,12,1,1,5,1,31.0,0,1
8,3,0,0,1,12,2,1,5,1,36.0,0,1
30,28,1,0,1,12,2,1,5,0,27.0,0,1
9,3,0,0,1,12,2,0,5,1,32.0,0,1
31,7,1,0,1,12,1,1,5,1,36.0,0,1
8,3,0,0,1,12,1,1,5,1,46.0,0,1
9,3,0,0,1,12,2,0,5,0,33.0,0,1
16,19,1,0,1,12,1,1,5,1,40.0,0,1
49,0,2,0,0,12,2,1,1,1,43.0,0,1
21,21,1,1,1,12,1,1,5,1,39.0,0,1
16,19,1,0,1,12,2,0,5,1,27.0,1,1
9,3,0,0,1,12,1,1,5,1,61.0,0,1
30,28,1,0,1,12,2,1,5,1,39.0,0,1
16,19,1,0,1,12,2,0,5,1,46.0,0,1
40,30,2,0,1,12,2,1,5,1,42.0,0,1
16,19,1,0,1,12,2,1,5,1,41.0,0,1
30,28,1,0,1,12,0,1,5,0,34.0,0,1
16,19,1,0,1,12,1,1,5,1,27.0,0,1
8,3,0,0,1,12,1,0,5,1,23.0,0,1
2,18,0,0,1,12,1,1,5,0,35.0,0,1
9,3,0,0,1,12,1,1,5,1,40.0,0,1
9,3,0,0,1,12,1,1,5,1,45.0,0,1
8,3,0,0,1,12,1,1,5,1,38.0,0,1
7,25,1,1,1,12,1,1,5,1,61.0,0,1
9,3,0,0,1,12,1,1,5,0,38.0,0,1
20,19,1,1,1,12,1,1,5,1,45.0,0,1
9,3,0,0,1,12,2,0,5,0,36.0,0,1
21,21,1,1,1,12,1,0,5,0,28.0,0,1
8,3,0,0,1,12,2,1,5,1,46.0,0,1
9,3,0,0,1,12,1,1,5,1,36.0,0,1
9,3,0,0,1,12,2,0,5,1,51.0,0,1
8,3,0,0,1,12,2,1,4,0,48.0,0,1
9,3,0,0,1,12,1,1,2,1,18.0,0,1
30,28,1,0,1,12,2,0,5,1,40.5,1,1
2,18,0,0,1,12,2,1,0,1,34.0,0,1
9,3,0,0,1,12,2,0,5,1,19.0,0,1
8,3,0,0,1,12,2,0,5,0,24.0,0,1
9,3,0,0,1,12,2,1,5,0,45.0,0,1
20,19,1,1,1,12,1,1,5,0,29.0,0,1
9,3,0,0,1,12,2,1,5,1,33.0,0,1
31,7,1,0,1,12,1,1,5,1,19.0,0,1
16,19,1,0,1,12,1,1,5,1,27.0,0,1
16,19,1,0,1,12,2,1,4,1,43.5,1,1
20,19,1,1,1,12,1,1,5,1,41.0,0,1
9,3,0,0,1,12,2,1,2,1,30.0,0,1
8,3,0,0,1,12,2,1,5,1,45.0,0,1
9,3,0,0,1,12,2,1,5,1,34.0,0,1
49,0,2,0,0,12,2,0,5,1,42.0,0,1
32,10,2,0,1,12,1,1,5,1,33.0,0,1
8,3,0,0,1,12,2,1,5,3,28.0,0,1
9,3,0,0,1,12,1,1,4,1,26.0,0,1
30,28,1,0,1,12,2,1,5,0,47.0,0,1
9,3,0,0,1,12,1,1,4,1,23.0,0,1
20,19,1,1,1,12,1,1,5,1,52.0,0,1
32,10,2,0,1,12,2,1,4,1,40.0,0,1
8,3,0,0,1,12,2,0,5,1,41.0,0,1
9,3,0,0,1,12,1,0,5,1,35.0,0,1
9,3,0,0,1,12,1,1,2,1,27.0,0,1
9,3,0,0,1,12,2,1,5,1,40.0,0,1
9,3,0,0,1,12,2,1,5,0,19.0,0,1
16,19,1,0,1,12,1,0,5,0,53.0,0,1
10,3,0,0,1,12,1,1,5,1,54.0,0,1
8,3,0,0,1,12,2,0,5,1,42.0,0,1
30,28,1,0,1,12,2,1,5,1,34.0,0,1
9,3,0,0,1,12,2,0,5,1,21.0,0,1
9,3,0,0,1,12,1,1,5,1,69.0,0,1
32,10,2,0,1,12,2,0,5,0,22.0,0,1
9,3,0,0,1,12,1,1,5,1,50.0,0,1
30,28,1,0,1,12,1,1,5,0,34.0,0,1
16,19,1,0,1,12,2,0,1,0,29.5,1,1
31,7,1,0,1,12,1,0,5,1,37.0,0,1
16,19,1,0,1,12,2,1,5,1,35.0,0,1
43,8,2,0,0,12,0,1,0,3,24.0,0,1
8,3,0,0,1,12,2,1,4,2,51.0,0,1
31,7,1,0,1,12,2,1,5,0,42.0,0,1
17,19,1,1,1,12,2,1,5,0,27.0,0,1
31,7,1,0,1,12,1,1,5,0,41.0,0,1
31,7,1,0,1,12,1,1,5,0,33.0,0,1
32,10,2,0,1,12,2,1,5,1,54.0,0,1
9,3,0,0,1,12,2,0,5,1,44.0,0,1
20,19,1,1,1,12,1,1,2,1,22.0,0,1
17,19,1,1,1,12,1,1,5,0,33.0,0,1
40,30,2,0,1,3,2,1,5,0,36.0,0,1
33,10,2,0,1,12,2,0,5,0,31.0,1,1
31,7,1,0,1,12,1,1,5,0,55.0,0,1
10,3,0,0,1,12,1,1,5,0,53.0,0,1
16,19,1,0,1,12,2,1,5,0,41.0,0,1
21,21,1,1,1,12,2,1,5,0,42.0,0,1
16,19,1,0,1,12,1,0,5,0,45.0,0,1
8,3,0,0,1,12,2,1,5,0,36.0,0,1
15,19,1,0,1,12,2,1,5,0,54.0,0,1
32,10,2,0,1,12,2,1,5,0,25.0,0,1
40,30,2,0,1,4,2,1,5,0,38.0,0,1
18,19,1,1,1,12,2,1,5,0,32.0,0,1
9,3,0,0,1,12,1,0,5,1,31.5,1,1
31,7,1,0,1,12,2,1,5,0,20.0,0,1
31,7,1,0,1,12,1,1,5,1,45.0,0,1
16,19,1,0,1,12,2,1,5,0,58.0,0,1
8,3,0,0,1,12,2,1,5,0,23.0,0,1
31,7,1,0,1,12,1,1,5,0,42.0,0,1
47,29,2,0,0,12,2,1,5,0,35.0,0,1
9,3,0,0,1,12,2,1,5,1,24.0,0,1
9,3,0,0,1,12,1,1,5,0,62.0,0,1
9,3,0,0,1,12,2,1,5,0,32.0,0,1
30,28,1,0,1,12,2,1,5,1,51.0,0,1
32,10,2,0,1,12,2,1,5,0,43.0,0,1
30,28,1,0,1,12,2,1,5,0,37.0,0,1
8,3,0,0,1,5,2,0,5,0,33.0,0,1
9,3,0,0,1,12,2,1,5,0,40.0,0,1
9,3,0,0,1,12,2,1,5,0,26.0,0,1
9,3,0,0,1,12,1,1,5,0,50.0,0,1
9,3,0,0,1,12,2,1,2,3,35.0,0,1
31,7,1,0,1,12,1,1,5,0,34.0,0,1
16,19,1,0,1,12,2,1,4,3,49.0,0,1
32,10,2,0,1,12,2,1,5,0,32.0,0,1
9,3,0,0,1,12,2,1,5,0,25.0,0,1
16,19,1,0,1,12,2,0,5,0,44.0,1,1
32,10,2,0,1,12,2,1,5,0,54.0,0,1
9,3,0,0,1,12,1,1,5,1,38.0,0,1
13,5,1,1,1,12,2,1,5,0,37.0,0,1
10,3,0,0,1,12,2,1,5,0,45.0,0,1
8,3,0,0,1,12,2,0,5,0,41.0,0,1
9,3,0,0,1,12,1,1,5,1,57.0,0,1
10,3,0,0,1,12,2,1,5,0,26.0,0,1
32,10,2,0,1,12,2,1,5,1,38.0,0,1
9,3,0,0,1,12,1,1,5,0,20.0,0,1
6,26,0,0,1,12,2,0,5,0,14.0,0,1
9,3,0,0,1,12,2,1,5,1,46.0,0,1
32,10,2,0,1,12,2,1,5,0,35.0,0,1
30,28,1,0,1,3,2,1,5,0,19.0,0,1
32,10,2,0,1,12,2,1,5,0,41.0,0,1
9,3,0,0,1,12,1,1,5,1,33.0,0,1
9,3,0,0,1,12,1,1,5,0,38.0,0,1
8,3,0,0,1,12,2,0,2,1,26.5,1,1
9,3,0,0,1,12,2,1,5,1,35.0,0,1
32,10,2,0,1,3,2,1,5,0,35.0,0,1
9,3,0,0,1,12,2,1,5,0,28.0,0,1
9,3,0,0,1,12,2,1,5,1,76.0,0,1
20,19,1,1,1,3,2,1,5,0,27.0,0,1
9,3,0,0,1,12,1,1,5,0,40.0,0,1
32,10,2,0,1,12,2,0,5,0,37.0,0,1
32,10,2,0,1,12,2,1,5,0,45.0,0,1
16,19,1,0,1,12,2,1,5,0,40.0,0,1
9,3,0,0,1,12,1,1,5,0,60.0,0,1
10,3,0,0,1,12,1,1,5,0,41.0,0,1
30,28,1,0,1,12,1,1,5,0,35.0,0,1
30,28,1,0,1,12,2,1,5,3,32.0,0,1
40,30,2,0,1,8,2,1,5,0,22.0,0,1
24,14,1,1,1,12,2,1,5,0,26.0,0,1
32,10,2,0,1,12,2,1,5,0,32.0,0,1
9,3,0,0,1,12,1,1,5,0,41.0,0,1
32,10,2,0,1,12,2,1,5,1,65.0,0,1
9,3,0,0,1,12,1,0,2,1,31.0,0,1
9,3,0,0,1,12,2,1,5,1,41.0,0,1
9,3,0,0,1,1,1,1,5,1,45.0,0,1
9,3,0,0,1,12,1,0,5,0,25.0,0,1
32,10,2,0,1,12,2,0,5,0,31.0,0,1
31,7,1,0,1,12,1,1,5,0,36.0,0,1
9,3,0,0,1,12,1,1,5,0,31.0,0,1
9,3,0,0,1,12,1,0,5,0,45.0,0,1
9,3,0,0,1,12,2,1,5,0,24.0,0,1
32,10,2,0,1,12,2,1,5,0,58.0,0,1
9,3,0,0,1,12,1,1,5,0,34.0,0,1
9,3,0,0,1,3,1,0,5,1,58.0,0,1
9,3,0,0,1,12,1,1,5,0,38.0,0,1
9,3,0,0,1,12,1,0,5,0,37.0,0,1
30,28,1,0,1,5,2,1,5,0,36.0,0,1
9,3,0,0,1,12,2,1,4,3,19.0,0,1
32,10,2,0,1,12,2,1,5,0,27.0,0,1
31,7,1,0,1,12,1,0,0,0,42.0,0,1
9,3,0,0,1,12,1,1,4,3,25.0,0,1
8,3,0,0,1,3,2,1,5,0,29.0,0,1
21,21,1,1,1,12,2,1,5,1,33.0,0,1
32,10,2,0,1,12,2,1,5,0,30.0,0,1
20,19,1,1,1,12,1,0,5,0,40.0,0,1
31,7,1,0,1,12,1,1,5,1,35.0,0,1
9,3,0,0,1,12,1,1,4,3,57.0,0,1
20,19,1,1,1,12,1,0,5,0,48.0,0,1
32,10,2,0,1,12,2,1,5,0,27.0,1,1
40,30,2,0,1,12,2,1,5,0,54.0,0,1
31,7,1,0,1,12,1,0,5,0,24.0,0,1
30,28,1,0,1,12,2,1,5,3,29.0,0,1
30,28,1,0,1,3,2,1,5,0,30.0,1,1
32,10,2,0,1,12,2,1,2,1,30.0,0,1
9,3,0,0,1,12,2,1,5,1,37.0,0,1
31,7,1,0,1,12,1,1,5,0,53.0,0,1
9,3,0,0,1,12,2,1,0,1,25.0,0,1
32,10,2,0,1,12,2,1,5,0,41.0,0,1
9,3,0,0,1,12,2,1,5,0,41.0,0,1
13,5,1,1,1,12,2,1,5,0,37.0,0,1
9,3,0,0,1,12,2,1,5,0,25.0,0,1
9,3,0,0,1,12,1,0,5,0,17.0,0,1
30,28,1,0,1,12,2,1,5,0,23.0,0,1
9,3,0,0,1,12,2,0,5,0,42.0,0,1
33,10,2,0,1,12,2,0,5,0,44.0,0,1
33,10,2,0,1,12,1,0,5,0,29.0,0,1
16,19,1,0,1,12,1,1,5,0,24.0,0,1
32,10,2,0,1,12,2,1,1,0,20.0,0,1
9,3,0,0,1,12,2,0,5,0,43.0,0,1
9,3,0,0,1,12,1,1,5,0,62.0,0,1
8,3,0,0,1,12,2,1,5,0,41.0,0,1
9,3,0,0,1,12,1,1,5,0,52.0,0,1
30,28,1,0,1,12,2,1,5,0,40.0,0,1
32,10,2,0,1,12,2,1,5,0,32.0,0,1
27,14,1,1,1,12,2,0,5,0,35.0,0,1
9,3,0,0,1,12,1,1,5,0,41.0,0,1
9,3,0,0,1,12,2,1,5,0,29.0,0,1
44,9,2,0,0,12,1,0,5,0,62.0,0,1
13,5,1,1,1,12,2,0,5,0,37.0,0,1
16,19,1,0,1,12,1,0,4,3,42.0,0,1
9,3,0,0,1,12,1,1,5,0,70.0,0,1
9,3,0,0,1,12,1,1,5,1,42.0,0,1
9,3,0,0,1,12,0,1,5,1,67.0,0,1
16,19,1,0,1,12,1,0,5,0,50.0,0,1
16,19,1,0,1,12,1,1,5,1,42.0,0,1
16,19,1,0,1,12,1,1,2,1,47.0,0,1
16,19,1,0,1,12,0,1,5,1,25.0,0,1
16,19,1,0,1,12,1,1,5,1,43.0,0,1
9,3,0,0,1,12,0,1,5,0,30.0,0,1
21,21,1,1,1,12,0,1,2,1,53.0,0,1
8,3,0,0,1,0,2,1,5,0,23.0,0,1
32,10,2,0,1,12,2,1,5,0,17.0,0,1
31,7,1,0,1,12,2,0,5,0,16.0,0,1
32,10,2,0,1,12,0,1,5,1,35.0,0,1
9,3,0,0,1,12,0,0,4,0,21.0,0,1
32,10,2,0,1,12,0,1,5,0,19.0,0,1
9,3,0,0,1,12,0,1,0,1,18.0,0,1
13,5,1,1,1,12,0,1,5,1,39.0,0,1
32,10,2,0,1,12,0,0,5,0,36.0,0,1
32,10,2,0,1,12,0,1,2,0,29.0,0,1
20,19,1,1,1,12,2,1,5,0,23.0,0,1
49,0,2,0,0,12,2,1,5,0,36.0,0,1
16,19,1,0,1,12,1,1,5,1,22.0,0,1
32,10,2,0,1,12,0,1,5,0,25.0,0,1
32,10,2,0,1,12,0,1,5,0,46.0,0,1
16,19,1,0,1,12,1,0,4,3,24.0,0,1
16,19,1,0,1,12,1,0,5,0,44.0,0,1
8,3,0,0,1,12,2,0,5,1,31.0,0,1
49,0,2,0,0,12,2,1,5,0,20.0,0,1
9,3,0,0,1,12,0,0,5,0,31.5,1,1
16,19,1,0,1,12,1,0,5,0,12.0,1,1
16,19,1,0,1,12,1,0,5,1,41.0,0,1
40,30,2,0,1,3,0,1,5,0,22.0,0,1
8,3,0,0,1,12,0,0,5,0,37.0,0,1
9,3,0,0,1,12,2,0,2,1,21.0,0,1
30,28,1,0,1,12,2,0,4,3,41.0,0,1
16,19,1,0,1,12,1,0,5,1,40.0,0,1
49,0,2,0,0,5,2,1,5,0,18.0,0,1
8,3,0,0,1,12,0,1,5,1,67.0,0,1
9,3,0,0,1,12,1,0,5,1,53.0,0,1
9,3,0,0,1,12,1,0,4,0,45.0,0,1
9,3,0,0,1,12,2,1,5,0,28.0,0,1
9,3,0,0,1,12,1,1,5,0,42.0,0,1
49,0,2,0,0,5,2,1,5,1,36.0,0,1
9,3,0,0,1,12,0,1,5,0,20.0,0,1
47,29,2,0,0,12,1,0,5,0,31.0,1,1
9,3,0,0,1,12,2,0,5,0,29.0,0,1
9,3,0,0,1,12,0,0,5,0,33.0,0,1
8,3,0,0,1,12,2,1,4,0,23.0,0,1
16,19,1,0,1,12,1,0,5,1,37.0,1,1
40,30,2,0,1,12,2,1,4,3,21.0,0,1
49,0,2,0,0,12,2,0,5,1,21.0,0,1
49,0,2,0,0,12,2,1,5,0,20.0,0,1
49,0,2,0,0,12,2,1,5,1,36.0,0,1
49,0,2,0,0,12,2,0,4,0,21.0,0,1
16,19,1,0,1,12,1,0,5,1,35.0,0,1
16,19,1,0,1,12,1,0,5,0,21.0,0,1
8,3,0,0,1,12,2,1,4,0,23.0,0,1
9,3,0,0,1,12,2,1,5,1,27.0,0,1
13,5,1,1,1,12,0,0,5,0,59.0,0,1
9,3,0,0,1,12,0,1,5,1,33.0,0,1
9,3,0,0,1,12,0,1,5,1,29.0,0,1
16,19,1,0,1,12,1,0,5,1,55.0,0,1
8,3,0,0,1,12,2,1,5,2,22.0,0,1
9,3,0,0,1,12,2,0,0,3,20.0,0,1
8,3,0,0,1,0,2,1,0,0,62.0,0,1
9,3,0,0,1,12,2,0,0,3,22.0,0,1
31,7,1,0,1,12,1,0,5,0,21.0,0,1
9,3,0,0,1,0,0,1,5,0,37.0,0,1
9,3,0,0,1,12,2,1,5,0,34.0,0,1
16,19,1,0,1,12,1,0,5,0,22.5,1,1
31,7,1,0,1,5,1,1,5,0,17.0,0,1
9,3,0,0,1,12,0,1,5,0,49.0,0,1
25,14,1,1,1,3,0,1,2,1,25.0,0,1
20,19,1,1,1,12,2,1,5,0,34.0,0,1
22,6,1,0,1,12,1,1,5,1,19.0,0,1
13,5,1,1,1,12,2,1,5,0,34.0,0,1
9,3,0,0,1,12,2,1,2,1,68.0,0,1
9,3,0,0,1,12,0,1,5,0,28.0,0,1
21,21,1,1,1,12,0,1,5,0,31.0,0,1
9,3,0,0,1,12,0,0,5,1,62.0,0,1
8,3,0,0,1,12,0,1,5,0,32.0,1,1
9,3,0,0,1,12,0,1,5,0,30.0,0,1
8,3,0,0,1,12,2,1,5,1,22.0,0,1
49,0,2,0,0,12,0,1,0,1,29.0,0,1
9,3,0,0,1,12,0,1,0,1,23.0,0,1
9,3,0,0,1,12,2,1,0,1,31.0,0,1
8,3,0,0,1,12,0,1,0,1,28.0,0,1
18,19,1,1,1,12,0,0,0,1,22.5,1,1
32,10,2,0,1,12,0,1,5,0,29.0,0,1
16,19,1,0,1,12,0,1,5,0,30.0,0,1
16,19,1,0,1,12,0,1,0,1,38.0,0,1
16,19,1,0,1,12,0,1,5,1,41.0,0,1
16,19,1,0,1,12,0,1,5,1,26.0,0,1
32,10,2,0,1,12,0,1,0,1,46.0,0,1
16,19,1,0,1,12,0,1,2,1,29.0,0,1
8,3,0,0,1,5,0,1,0,1,32.0,0,1
16,19,1,0,1,3,0,1,0,1,20.0,0,1
9,3,0,0,1,12,0,1,0,1,31.0,0,1
16,19,1,0,1,12,0,0,5,1,54.0,0,1
9,3,0,0,1,12,0,1,0,1,35.0,0,1
16,19,1,0,1,12,0,1,5,1,40.0,0,1
32,10,2,0,1,12,0,1,0,1,29.0,0,1
9,3,0,0,1,12,0,1,5,1,50.0,0,1
44,9,2,0,0,12,0,0,0,1,36.0,0,1
9,3,0,0,1,12,2,1,0,1,43.0,0,1
9,3,0,0,1,12,2,0,0,1,28.0,0,1
9,3,0,0,1,12,2,0,0,1,28.0,0,1
9,3,0,0,1,12,2,1,0,1,28.0,0,1
9,3,0,0,1,12,2,1,0,1,51.0,0,1
9,3,0,0,1,12,2,1,0,1,32.0,0,1
9,3,0,0,1,12,2,1,0,1,39.0,0,1
9,3,0,0,1,12,2,1,5,0,29.0,0,1
9,3,0,0,1,12,1,1,0,1,19.0,0,1
16,19,1,0,1,12,0,1,2,1,43.0,0,1
32,10,2,0,1,12,2,1,5,0,36.0,0,1
20,19,1,1,1,12,2,1,5,0,30.0,0,1
13,5,1,1,1,12,2,1,5,0,21.0,0,1
16,19,1,0,1,12,2,0,5,0,32.0,0,1
24,14,1,1,1,12,2,1,5,0,41.0,0,1
13,5,1,1,1,12,2,1,5,0,30.0,0,1
32,10,2,0,1,3,2,1,5,1,42.0,0,1
16,19,1,0,1,12,1,1,5,1,41.0,0,1
9,3,0,0,1,12,2,1,5,0,42.0,1,1
32,10,2,0,1,12,2,0,5,1,33.0,0,1
8,3,0,0,1,0,2,1,5,1,40.0,0,1
16,19,1,0,1,12,2,1,5,0,45.0,0,1
13,5,1,1,1,12,2,1,5,0,27.0,0,1
44,9,2,0,0,3,0,1,5,0,18.0,1,1
8,3,0,0,1,12,0,1,5,0,27.0,0,1
9,3,0,0,1,12,0,1,5,0,19.0,0,1
9,3,0,0,1,12,0,0,5,0,39.0,0,1
9,3,0,0,1,12,0,1,5,0,39.0,0,1
9,3,0,0,1,12,0,1,5,0,33.0,0,1
32,10,2,0,1,12,0,1,5,0,19.0,0,1
8,3,0,0,1,12,0,1,5,0,19.0,0,1
9,3,0,0,1,12,0,1,5,0,18.0,0,1
39,4,1,1,1,12,2,1,5,0,53.0,0,1
30,28,1,0,1,12,0,1,5,0,20.0,0,1
32,10,2,0,1,12,2,1,5,0,25.0,0,1
9,3,0,0,1,12,2,1,5,1,59.0,0,1
30,28,1,0,1,12,0,1,5,0,39.0,0,1
8,3,0,0,1,12,0,0,5,0,50.0,0,1
8,3,0,0,1,12,0,0,5,0,39.0,0,1
8,3,0,0,1,12,0,1,5,0,56.0,0,1
49,0,2,0,0,12,2,0,5,0,49.0,0,1
9,3,0,0,1,12,0,1,5,0,44.0,0,1
8,3,0,0,1,0,2,0,4,2,59.0,0,1
32,10,2,0,1,12,0,1,5,0,55.0,0,1
33,10,2,0,1,12,2,1,5,1,24.0,0,1
40,30,2,0,1,12,0,1,5,1,36.0,0,1
32,10,2,0,1,12,0,1,5,1,31.5,1,1
9,3,0,0,1,12,0,1,0,1,38.0,0,1
33,10,2,0,1,12,2,1,5,1,25.0,0,1
32,10,2,0,1,12,2,1,5,0,42.0,0,1
2,18,0,0,1,12,2,1,2,1,33.0,0,1
20,19,1,1,1,12,2,1,5,1,36.0,0,1
13,5,1,1,1,12,2,1,2,1,38.0,0,1
8,3,0,0,1,12,0,1,5,1,30.0,0,1
8,3,0,0,1,12,2,1,5,0,23.0,0,1
8,3,0,0,1,12,2,1,5,0,21.333333333333332,1,1
2,18,0,0,1,12,0,1,5,1,26.0,0,1
32,10,2,0,1,12,1,1,5,0,15.0,0,1
9,3,0,0,1,12,2,1,5,0,23.0,0,1
9,3,0,0,1,12,2,1,5,1,21.0,0,1
13,5,1,1,1,12,2,1,5,0,23.0,0,1
9,3,0,0,1,5,0,1,5,1,34.0,0,1
2,18,0,0,1,12,2,1,5,0,38.0,0,1
31,7,1,0,1,12,0,1,5,0,36.0,0,1
42,1,2,0,0,12,2,1,5,1,21.0,0,1
31,7,1,0,1,12,2,1,5,0,33.0,0,1
6,26,0,0,1,12,2,1,5,0,61.0,0,1
40,30,2,0,1,12,2,0,5,0,43.5,1,1
2,18,0,0,1,12,0,1,5,0,15.0,0,1
31,7,1,0,1,12,2,1,5,0,25.0,0,1
8,3,0,0,1,3,2,1,5,0,61.0,0,1
9,3,0,0,1,12,2,1,5,0,25.0,0,1
13,5,1,1,1,12,2,1,5,1,19.0,0,1
9,3,0,0,1,12,2,1,5,0,44.0,0,1
31,7,1,0,1,12,2,0,5,0,40.0,0,1
30,28,1,0,1,12,2,1,5,1,19.0,0,1
9,3,0,0,1,12,2,1,5,0,48.0,0,1
40,30,2,0,1,12,2,1,5,0,15.0,0,1
16,19,1,0,1,12,2,1,5,0,39.0,0,1
9,3,0,0,1,12,0,0,5,0,25.0,0,1
16,19,1,0,1,12,0,1,5,0,49.0,0,1
16,19,1,0,1,12,1,0,5,0,21.0,0,1
16,19,1,0,1,12,0,0,2,0,30.5,1,1
31,7,1,0,1,12,2,1,5,0,29.0,0,1
9,3,0,0,1,12,0,1,2,1,56.0,0,1
9,3,0,0,1,12,2,0,5,1,27.0,0,1
9,3,0,0,1,12,0,0,5,0,37.0,0,1
8,3,0,0,1,12,0,1,5,0,39.0,0,1
31,7,1,0,1,12,2,0,5,0,25.0,0,1
30,28,1,0,1,12,2,1,5,1,19.0,0,1
8,3,0,0,1,12,2,1,5,1,40.0,0,1
13,5,1,1,1,12,2,1,5,0,25.0,0,1
20,19,1,1,1,12,2,1,5,1,37.0,0,1
32,10,2,0,1,12,0,1,5,0,48.0,0,1
9,3,0,0,1,12,0,0,5,0,21.0,0,1
9,3,0,0,1,12,0,1,5,0,19.0,0,1
8,3,0,0,1,12,2,0,5,0,33.0,0,1
9,3,0,0,1,12,0,1,2,1,41.0,0,1
9,3,0,0,1,12,2,1,5,0,15.0,0,1
31,7,1,0,1,12,0,1,5,0,29.0,0,1
16,19,1,0,1,12,1,0,5,0,24.0,0,1
20,19,1,1,1,12,2,0,2,1,38.0,0,1
31,7,1,0,1,12,0,1,5,0,33.0,0,1
40,30,2,0,1,8,1,1,5,0,27.0,0,1
8,3,0,0,1,3,0,1,5,1,24.0,0,1
16,19,1,0,1,12,1,1,5,1,66.0,0,1
46,20,2,0,0,12,1,0,5,0,15.666666666666666,1,1
8,3,0,0,1,5,0,0,5,0,45.0,0,1
8,3,0,0,1,12,0,1,5,1,21.0,0,1
10,3,0,0,1,12,0,0,5,0,29.0,0,1
9,3,0,0,1,12,0,1,5,0,29.0,0,1
9,3,0,0,1,12,1,0,5,0,17.0,0,1
10,3,0,0,1,12,2,1,5,1,47.0,0,1
8,3,0,0,1,12,2,1,5,1,43.0,0,1
9,3,0,0,1,12,0,1,5,1,41.0,0,1
32,10,2,0,1,12,0,1,5,1,62.0,0,1
8,3,0,0,1,12,0,1,5,1,48.0,0,1
9,3,0,0,1,12,1,1,5,0,14.0,0,1
31,7,1,0,1,12,2,1,5,0,41.0,0,1
9,3,0,0,1,12,0,1,5,1,60.0,0,1
16,19,1,0,1,12,1,1,5,1,31.0,0,1
9,3,0,0,1,12,0,0,5,0,24.0,0,1
16,19,1,0,1,12,1,1,5,0,36.0,0,1
8,3,0,0,1,12,2,0,5,0,46.0,0,1
16,19,1,0,1,12,0,1,5,0,19.0,0,1
22,6,1,0,1,12,0,1,5,0,18.0,0,1
9,3,0,0,1,5,1,0,5,0,16.0,0,1
16,19,1,0,1,12,1,1,5,0,46.0,0,1
9,3,0,0,1,12,0,1,5,0,21.0,0,1
21,21,1,1,1,12,2,0,5,0,20.0,1,1
2,18,0,0,1,12,2,1,5,0,33.0,0,1
8,3,0,0,1,12,2,0,5,0,23.0,0,1
9,3,0,0,1,12,0,1,5,0,41.0,0,1
9,3,0,0,1,12,0,0,5,0,33.0,0,1
2,18,0,0,1,12,2,1,5,1,29.0,0,1
9,3,0,0,1,12,2,1,5,0,19.0,0,1
2,18,0,0,1,12,2,1,5,0,19.0,0,1
9,3,0,0,1,12,2,1,5,0,22.0,0,1
9,3,0,0,1,12,0,0,5,0,52.0,0,1
9,3,0,0,1,12,0,1,5,0,21.0,0,1
0,16,0,0,1,12,2,0,5,0,40.0,0,1
31,7,1,0,1,12,2,0,5,0,30.0,1,1
16,19,1,0,1,12,0,1,5,1,33.0,0,1
9,3,0,0,1,12,0,1,5,1,34.0,0,1
9,3,0,0,1,12,1,1,5,0,36.0,0,1
9,3,0,0,1,12,0,1,5,1,36.0,0,1
7,25,1,1,1,12,2,1,5,0,40.0,0,1
16,19,1,0,1,12,0,0,5,0,40.0,0,1
9,3,0,0,1,12,1,1,5,1,10.0,0,1
9,3,0,0,1,12,0,1,5,1,35.0,0,1
9,3,0,0,1,12,0,0,5,0,35.0,0,1
20,19,1,1,1,12,2,0,5,1,44.0,0,1
9,3,0,0,1,12,2,0,5,1,47.0,0,1
31,7,1,0,1,12,0,1,5,1,25.0,0,1
8,3,0,0,1,12,2,1,5,0,28.0,0,1
9,3,0,0,1,12,0,0,5,1,18.0,0,1
2,18,0,0,1,12,0,1,5,0,21.0,0,1
9,3,0,0,1,12,0,1,5,0,21.0,0,1
9,3,0,0,1,12,0,0,5,1,21.0,0,1
33,10,2,0,1,12,0,1,5,0,32.0,0,1
8,3,0,0,1,12,0,1,5,0,28.0,0,1
9,3,0,0,1,12,0,1,5,0,16.0,0,1
9,3,0,0,1,12,0,0,5,1,55.0,0,1
9,3,0,0,1,12,0,1,5,0,37.0,0,1
9,3,0,0,1,12,2,1,5,2,45.0,0,1
9,3,0,0,1,12,2,1,0,1,25.0,0,1
9,3,0,0,1,12,2,1,0,1,31.0,0,1
33,10,2,0,1,12,2,0,0,1,27.0,0,1
9,3,0,0,1,12,2,0,0,1,25.0,0,1
49,0,2,0,0,12,2,0,0,1,25.0,0,1
9,3,0,0,1,12,2,0,0,1,18.0,0,1
9,3,0,0,1,12,2,1,0,1,30.0,0,1
9,3,0,0,1,12,2,1,0,1,32.0,0,1
9,3,0,0,1,12,2,1,0,1,27.0,0,1
9,3,0,0,1,12,1,1,0,1,36.0,0,1
9,3,0,0,1,12,1,1,0,1,64.0,0,1
9,3,0,0,1,12,1,1,0,1,39.0,0,1
9,3,0,0,1,12,2,1,0,1,46.0,0,1
9,3,0,0,1,12,2,0,0,1,48.0,0,1
9,3,0,0,1,12,2,1,0,1,35.0,0,1
7,25,1,1,1,12,0,1,5,2,21.0,0,1
11,2,1,0,1,12,0,1,5,2,31.0,0,1
8,3,0,0,1,0,2,1,5,2,55.0,0,1
8,3,0,0,1,12,0,1,5,2,31.0,0,1
9,3,0,0,1,12,2,0,5,2,34.0,0,1
13,5,1,1,1,12,2,0,5,2,28.0,0,1
9,3,0,0,1,12,2,1,5,2,25.0,0,1
32,10,2,0,1,12,1,1,5,2,32.0,0,1
32,10,2,0,1,12,2,0,5,2,26.0,0,1
32,10,2,0,1,8,0,1,5,2,37.0,0,1
31,7,1,0,1,12,1,0,5,0,51.0,0,1
10,3,0,0,1,12,1,1,5,0,45.0,0,1
8,3,0,0,1,12,1,1,2,1,24.0,0,1
8,3,0,0,1,12,2,0,5,0,38.5,1,1
8,3,0,0,1,12,1,0,5,0,31.5,1,1
13,5,1,1,1,12,2,1,2,1,27.0,0,1
9,3,0,0,1,12,1,1,5,0,26.0,0,1
9,3,0,0,1,12,2,0,5,0,43.0,0,1
9,3,0,0,1,12,1,0,5,0,27.0,0,1
8,3,0,0,1,12,1,1,5,0,27.0,0,1
10,3,0,0,1,0,1,1,5,0,48.0,0,1
9,3,0,0,1,12,1,0,5,0,17.0,0,1
49,0,2,0,0,12,2,1,5,1,33.0,0,1
10,3,0,0,1,12,1,0,5,0,38.0,0,1
9,3,0,0,1,12,2,0,5,1,34.0,0,1
13,5,1,1,1,5,2,1,5,0,41.0,0,1
8,3,0,0,1,12,1,0,5,0,51.0,0,1
10,3,0,0,1,12,2,1,5,0,46.0,0,1
8,3,0,0,1,12,1,1,5,0,45.0,0,1
9,3,0,0,1,12,2,0,5,1,34.0,0,1
9,3,0,0,1,12,2,1,5,0,28.0,0,1
32,10,2,0,1,12,2,1,5,0,46.0,0,1
9,3,0,0,1,12,1,1,5,0,21.0,0,1
40,30,2,0,1,12,1,0,5,3,45.0,0,1
20,19,1,1,1,12,2,1,0,1,32.0,0,1
9,3,0,0,1,12,1,1,5,0,33.0,0,1
9,3,0,0,1,12,2,1,5,3,19.0,0,1
3,26,0,0,1,12,2,1,5,0,41.0,0,1
49,0,2,0,0,12,1,1,5,0,33.0,0,1
9,3,0,0,1,12,2,1,5,1,25.0,0,1
9,3,0,0,1,12,2,1,5,1,19.0,0,1
8,3,0,0,1,12,2,1,5,0,46.0,0,1
8,3,0,0,1,12,1,1,5,0,28.0,0,1
8,3,0,0,1,12,1,1,5,0,42.0,0,1
8,3,0,0,1,12,2,1,5,0,33.0,0,1
21,21,1,1,1,12,1,1,5,1,15.0,0,1
30,28,1,0,1,12,1,0,5,0,43.0,1,1
30,28,1,0,1,12,2,1,5,1,62.0,0,1
9,3,0,0,1,12,2,1,5,0,37.0,0,1
11,2,1,0,1,12,2,1,5,0,19.0,0,1
9,3,0,0,1,12,2,0,5,0,37.0,0,1
9,3,0,0,1,12,1,0,5,0,31.0,0,1
9,3,0,0,1,12,2,0,5,1,32.0,0,1
8,3,0,0,1,12,2,1,5,0,60.0,0,1
9,3,0,0,1,12,1,0,5,0,67.0,1,1
13,5,1,1,1,12,1,1,5,0,53.0,0,1
32,10,2,0,1,12,2,1,5,1,21.0,0,1
9,3,0,0,1,12,2,1,5,0,62.0,0,1
9,3,0,0,1,12,2,1,5,0,51.0,0,1
49,0,2,0,0,12,2,1,5,0,51.5,1,1
8,3,0,0,1,12,2,1,5,0,67.0,0,1
21,21,1,1,1,12,1,1,5,0,44.0,0,1
8,3,0,0,1,12,2,1,5,0,21.0,0,1
8,3,0,0,1,12,1,1,5,1,37.0,0,1
9,3,0,0,1,12,2,0,5,0,35.0,0,1
9,3,0,0,1,12,2,0,0,1,39.0,0,1
9,3,0,0,1,12,1,1,0,1,35.0,0,1
32,10,2,0,1,12,2,1,0,1,43.0,0,1
9,3,0,0,1,12,2,1,0,1,23.0,0,1
8,3,0,0,1,12,0,1,5,1,22.0,0,1
32,10,2,0,1,12,0,0,5,0,33.0,1,1
32,10,2,0,1,12,0,0,5,1,41.0,0,1
8,3,0,0,1,10,0,1,5,0,43.0,0,1
32,10,2,0,1,12,0,1,0,1,41.0,0,1
31,7,1,0,1,12,0,1,5,1,27.0,0,1
8,3,0,0,1,5,0,1,5,1,34.0,0,1
16,19,1,0,1,5,0,1,5,0,29.0,0,1
32,10,2,0,1,12,0,1,5,0,26.0,0,1
8,3,0,0,1,12,0,0,5,0,25.0,0,1
16,19,1,0,1,12,0,1,5,0,32.0,0,1
45,13,0,0,0,12,0,0,5,0,22.0,0,1
16,19,1,0,1,12,0,1,5,0,39.0,0,1
9,3,0,0,1,12,0,1,5,0,37.0,0,1
31,7,1,0,1,12,0,1,5,1,29.0,0,1
32,10,2,0,1,12,0,1,5,0,25.0,0,1
2,18,0,0,1,12,0,1,5,0,26.0,0,1
32,10,2,0,1,12,0,1,5,0,27.0,0,1
8,3,0,0,1,12,0,1,5,1,54.0,0,1
32,10,2,0,1,12,0,1,5,1,29.0,0,1
9,3,0,0,1,12,0,1,5,1,61.0,0,1
32,10,2,0,1,12,0,0,5,0,23.0,0,1
8,3,0,0,1,12,0,0,4,0,34.0,0,1
32,10,2,0,1,12,0,1,5,1,34.0,0,1
32,10,2,0,1,12,0,0,5,0,31.0,0,1
8,3,0,0,1,3,0,1,5,0,34.0,0,1
8,3,0,0,1,5,0,0,5,0,46.0,0,1
9,3,0,0,1,12,0,1,5,0,20.0,0,1
9,3,0,0,1,12,0,0,5,0,19.0,0,1
32,10,2,0,1,12,0,1,5,0,25.0,0,1
32,10,2,0,1,12,0,0,5,0,37.0,0,1
32,10,2,0,1,12,0,1,5,1,38.0,0,1
9,3,0,0,1,12,0,1,5,0,27.0,0,1
9,3,0,0,1,12,0,0,5,0,59.0,0,1
16,19,1,0,1,12,0,1,5,1,42.0,0,1
9,3,0,0,1,12,0,1,5,0,28.0,0,1
9,3,0,0,1,12,0,1,5,1,71.0,0,1
8,3,0,0,1,12,0,1,5,1,43.0,0,1
16,19,1,0,1,12,0,0,5,1,25.0,0,1
32,10,2,0,1,12,0,1,5,0,37.0,0,1
32,10,2,0,1,12,0,1,5,3,41.0,0,1
8,3,0,0,1,0,0,1,4,0,36.0,0,1
8,3,0,0,1,12,0,1,5,0,34.0,0,1
32,10,2,0,1,12,0,0,5,0,42.0,0,1
44,9,2,0,0,12,2,0,5,0,33.0,0,1
9,3,0,0,1,12,0,1,5,0,40.0,0,1
16,19,1,0,1,12,0,0,5,0,29.0,0,1
8,3,0,0,1,12,0,1,5,0,39.0,0,1
32,10,2,0,1,12,0,1,5,1,28.0,0,1
18,19,1,1,1,12,0,1,5,0,26.0,0,1
16,19,1,0,1,12,0,1,5,0,29.0,0,1
16,19,1,0,1,12,0,1,5,1,45.0,0,1
32,10,2,0,1,12,0,0,5,1,44.0,0,1
8,3,0,0,1,1,0,1,5,0,41.0,0,1
32,10,2,0,1,12,0,1,5,0,47.0,0,1
32,10,2,0,1,12,0,1,5,0,39.0,0,1
8,3,0,0,1,12,0,1,5,0,25.0,0,1
16,19,1,0,1,12,0,1,5,0,20.0,0,1
2,18,0,0,1,12,0,1,2,1,36.0,0,1
9,3,0,0,1,12,0,1,5,0,28.0,0,1
32,10,2,0,1,12,0,0,5,0,45.0,0,1
8,3,0,0,1,12,0,0,5,1,32.0,0,1
16,19,1,0,1,12,0,1,5,0,27.0,0,1
8,3,0,0,1,12,0,1,5,3,23.0,0,1
30,28,1,0,1,12,0,1,5,1,30.0,0,1
9,3,0,0,1,12,0,0,5,0,23.0,0,1
9,3,0,0,1,12,0,0,0,1,29.0,0,1
40,30,2,0,1,1,0,0,5,0,50.0,0,1
32,10,2,0,1,12,0,1,5,1,46.0,0,1
32,10,2,0,1,12,0,1,5,0,44.0,0,1
9,3,0,0,1,12,0,1,5,0,33.0,0,1
9,3,0,0,1,12,0,1,5,1,29.0,0,1
7,25,1,1,1,12,0,1,5,0,25.0,0,1
30,28,1,0,1,12,0,1,5,1,52.0,0,1
13,5,1,1,1,12,0,0,5,0,26.0,0,1
16,19,1,0,1,12,0,1,5,1,68.0,0,1
16,19,1,0,1,12,0,0,5,0,25.5,1,1
9,3,0,0,1,12,0,1,5,0,24.0,0,1
8,3,0,0,1,12,1,1,2,0,21.0,0,1
9,3,0,0,1,12,1,0,5,0,47.0,0,1
9,3,0,0,1,12,1,0,5,0,38.0,0,1
29,11,1,1,1,12,0,1,5,0,23.0,0,1
9,3,0,0,1,12,0,1,5,0,49.0,0,1
3,26,0,0,1,12,0,1,5,0,37.0,0,1
8,3,0,0,1,12,1,1,5,0,29.125,1,1
32,10,2,0,1,12,0,1,5,0,49.0,0,1
40,30,2,0,1,3,0,1,5,0,23.0,0,1
16,19,1,0,1,12,1,1,5,1,43.0,0,1
9,3,0,0,1,12,0,0,5,0,36.0,0,1
9,3,0,0,1,12,0,0,5,0,38.0,0,1
9,3,0,0,1,12,1,1,5,1,57.0,0,1
9,3,0,0,1,12,1,0,5,0,26.0,0,1
9,3,0,0,1,12,0,1,5,1,48.0,0,1
9,3,0,0,1,12,0,0,5,1,59.0,0,1
8,3,0,0,1,12,1,0,5,0,20.0,0,1
9,3,0,0,1,12,0,1,5,0,49.0,0,1
31,7,1,0,1,12,2,1,5,1,14.0,0,1
8,3,0,0,1,8,0,1,5,0,81.0,0,1
20,19,1,1,1,12,0,1,5,0,38.0,0,1
46,20,2,0,0,12,1,1,5,0,18.0,0,1
31,7,1,0,1,12,2,1,5,1,14.0,0,1
16,19,1,0,1,12,1,1,5,0,24.0,1,1
21,21,1,1,1,12,0,1,5,0,31.0,1,1
9,3,0,0,1,12,0,0,5,1,30.0,0,1
9,3,0,0,1,12,0,0,5,0,27.0,0,1
9,3,0,0,1,12,0,0,5,0,31.0,0,1
9,3,0,0,1,12,1,1,5,1,63.0,0,1
16,19,1,0,1,12,0,0,5,1,44.0,0,1
7,25,1,1,1,12,0,1,5,0,15.0,1,1
32,10,2,0,1,12,0,1,5,0,32.0,0,1
9,3,0,0,1,12,0,1,5,0,54.0,0,1
32,10,2,0,1,12,0,1,5,0,53.0,0,1
32,10,2,0,1,12,2,1,5,0,38.0,0,1
16,19,1,0,1,12,0,1,5,1,46.0,0,1
32,10,2,0,1,12,0,1,5,0,33.0,0,1
13,5,1,1,1,12,0,1,5,0,31.5,1,1
31,7,1,0,1,12,0,1,5,0,33.0,0,1
32,10,2,0,1,12,0,1,5,0,23.0,0,1
32,10,2,0,1,12,0,1,5,0,29.0,0,1
9,3,0,0,1,12,0,1,5,0,39.0,0,1
9,3,0,0,1,12,0,0,5,0,28.0,0,1
9,3,0,0,1,12,0,1,5,0,36.0,0,1
16,19,1,0,1,12,0,0,5,0,42.0,0,1
32,10,2,0,1,12,0,1,2,1,40.0,0,1
9,3,0,0,1,12,0,0,5,1,35.0,0,1
16,19,1,0,1,12,0,1,2,1,36.0,0,1
16,19,1,0,1,12,0,1,5,1,31.0,0,1
8,3,0,0,1,12,0,0,5,0,38.0,0,1
8,3,0,0,1,12,0,1,5,0,16.0,0,1
8,3,0,0,1,12,0,1,5,0,23.0,0,1
40,30,2,0,1,3,0,1,5,0,31.0,0,1
49,0,2,0,0,12,2,0,2,1,31.0,0,1
9,3,0,0,1,12,0,1,5,0,27.0,0,1
32,10,2,0,1,12,0,1,2,1,26.0,0,1
32,10,2,0,1,12,0,1,5,0,28.0,0,1
32,10,2,0,1,12,2,1,5,2,38.0,0,1
8,3,0,0,1,12,0,0,5,0,35.0,0,1
16,19,1,0,1,12,0,1,2,1,27.0,0,1
32,10,2,0,1,12,2,1,2,1,25.0,0,1
30,28,1,0,1,12,0,1,2,1,34.0,0,1
9,3,0,0,1,12,2,1,2,1,42.0,0,1
32,10,2,0,1,12,2,0,5,1,22.0,0,1
16,19,1,0,1,12,0,0,5,0,31.0,0,1
9,3,0,0,1,12,0,1,5,0,31.0,0,1
9,3,0,0,1,12,2,0,5,0,23.0,0,1
9,3,0,0,1,12,0,1,5,0,49.0,0,1
8,3,0,0,1,3,0,1,2,1,24.0,0,1
8,3,0,0,1,5,0,0,2,1,36.0,0,1
9,3,0,0,1,12,0,1,5,1,42.0,0,1
13,5,1,1,1,12,0,0,5,1,34.0,0,1
32,10,2,0,1,12,0,1,5,0,29.0,0,1
32,10,2,0,1,12,2,1,5,0,23.0,0,1
21,21,1,1,1,12,0,1,5,0,30.0,0,1
9,3,0,0,1,12,0,1,5,1,37.0,0,1
16,19,1,0,1,12,0,1,2,1,29.0,0,1
9,3,0,0,1,12,0,0,5,1,39.0,0,1
32,10,2,0,1,5,0,1,5,0,43.0,0,1
8,3,0,0,1,12,0,1,5,0,43.0,0,1
16,19,1,0,1,12,0,1,5,0,33.0,0,1
16,19,1,0,1,12,0,0,5,1,41.0,0,1
9,3,0,0,1,12,0,1,5,0,26.0,0,1
31,7,1,0,1,12,0,1,5,0,25.0,0,1
30,28,1,0,1,12,0,1,5,0,40.0,0,1
8,3,0,0,1,12,0,1,0,1,29.0,0,1
9,3,0,0,1,12,0,0,0,1,25.0,0,1
9,3,0,0,1,12,2,0,5,1,44.0,0,1
16,19,1,0,1,12,0,1,0,1,65.0,0,1
8,3,0,0,1,5,0,0,0,0,26.0,0,1
8,3,0,0,1,0,0,1,5,0,28.0,0,1
32,10,2,0,1,12,2,1,5,0,22.0,0,1
21,21,1,1,1,12,2,1,5,1,43.0,0,1
30,28,1,0,1,12,2,1,5,0,34.0,0,1
21,21,1,1,1,12,1,1,5,0,54.0,0,1
32,10,2,0,1,12,2,1,5,0,26.0,0,1
32,10,2,0,1,12,2,0,5,1,30.0,0,1
32,10,2,0,1,12,2,1,5,0,47.0,0,1
20,19,1,1,1,12,1,1,5,0,49.0,0,1
8,3,0,0,1,12,2,1,2,1,21.0,0,1
20,19,1,1,1,12,0,1,5,0,37.0,1,1
8,3,0,0,1,12,1,0,5,0,26.5,1,1
12,12,1,1,1,12,1,1,5,0,45.0,0,1
6,26,0,0,1,12,2,1,5,0,32.0,0,1
32,10,2,0,1,12,2,1,5,1,55.0,0,1
9,3,0,0,1,12,2,1,5,0,27.0,0,1
9,3,0,0,1,12,2,0,5,0,39.0,0,1
10,3,0,0,1,12,2,1,5,0,33.0,0,1
33,10,2,0,1,12,2,0,5,1,59.0,0,1
8,3,0,0,1,12,2,1,5,1,30.0,0,1
20,19,1,1,1,12,2,0,5,1,32.0,0,1
0,16,0,0,1,3,0,1,2,3,24.0,0,1
32,10,2,0,1,12,2,1,5,0,32.0,0,1
40,30,2,0,1,8,1,1,5,0,23.0,0,1
9,3,0,0,1,12,1,1,5,3,73.0,0,1
8,3,0,0,1,12,0,1,5,1,42.0,0,1
30,28,1,0,1,12,0,0,5,3,41.0,0,1
19,19,1,0,1,12,1,1,4,3,35.0,0,1
16,19,1,0,1,12,0,0,5,0,31.5,1,1
9,3,0,0,1,12,1,0,5,0,40.0,0,1
16,19,1,0,1,12,1,1,0,3,30.0,0,1
8,3,0,0,1,12,1,0,5,1,31.0,0,1
9,3,0,0,1,12,1,1,5,3,35.0,0,1
9,3,0,0,1,12,1,1,5,1,31.0,0,1
9,3,0,0,1,12,0,1,5,3,28.0,0,1
32,10,2,0,1,12,0,1,5,0,34.5,1,1
9,3,0,0,1,12,1,1,5,3,44.0,0,1
16,19,1,0,1,12,1,1,5,1,34.0,0,1
9,3,0,0,1,12,1,0,5,3,21.0,0,1
2,18,0,0,1,12,1,1,5,3,33.0,0,1
9,3,0,0,1,12,1,1,5,1,38.0,0,1
16,19,1,0,1,12,1,0,5,0,49.0,1,1
33,10,2,0,1,12,0,1,5,1,27.0,1,1
9,3,0,0,1,12,1,0,4,3,27.0,0,1
9,3,0,0,1,12,1,1,5,0,20.666666666666668,1,1
13,5,1,1,1,12,0,0,5,3,34.0,0,1
9,3,0,0,1,12,1,1,5,3,38.0,0,1
9,3,0,0,1,12,1,0,5,0,38.0,0,1
40,30,2,0,1,12,1,1,5,0,23.0,0,1
9,3,0,0,1,12,1,1,5,0,24.0,0,1
32,10,2,0,1,12,0,1,5,3,30.0,0,1
8,3,0,0,1,12,1,1,5,1,35.0,0,1
31,7,1,0,1,5,0,1,5,1,38.0,0,1
21,21,1,1,1,12,0,0,5,1,44.0,0,1
16,19,1,0,1,12,0,0,5,0,23.0,0,1
9,3,0,0,1,12,1,1,5,3,41.0,0,1
8,3,0,0,1,12,1,0,0,1,51.0,1,1
30,28,1,0,1,12,0,1,5,1,32.0,0,1
13,5,1,1,1,5,0,0,5,1,46.0,1,1
30,28,1,0,1,12,0,1,5,1,38.0,0,1
7,25,1,1,1,12,0,1,2,1,33.0,0,1
8,3,0,0,1,12,0,1,5,3,23.0,0,1
8,3,0,0,1,12,0,1,5,1,30.0,0,1
9,3,0,0,1,12,1,1,0,1,33.0,0,1
33,10,2,0,1,12,0,1,5,1,41.0,1,1
9,3,0,0,1,12,1,1,5,0,46.0,0,1
16,19,1,0,1,12,1,1,5,0,25.0,0,1
9,3,0,0,1,12,1,1,5,0,38.0,0,1
9,3,0,0,1,12,1,1,5,0,25.0,0,1
9,3,0,0,1,12,0,1,5,0,22.0,0,1
8,3,0,0,1,12,0,1,5,0,44.0,0,1
30,28,1,0,1,12,0,1,4,3,19.0,0,1
9,3,0,0,1,12,1,1,5,0,27.0,0,1
8,3,0,0,1,5,0,0,0,1,23.0,0,1
9,3,0,0,1,12,1,1,5,1,47.0,0,1
40,30,2,0,1,4,0,1,5,3,16.0,0,1
8,3,0,0,1,12,0,1,5,3,23.0,0,1
1,16,0,0,1,12,0,0,0,1,23.0,0,1
42,1,2,0,0,12,0,1,0,1,26.0,0,1
8,3,0,0,1,0,0,1,5,0,37.0,0,1
8,3,0,0,1,3,0,1,5,0,16.0,0,1
16,19,1,0,1,12,1,1,5,0,45.0,0,1
21,21,1,1,1,12,0,1,5,0,32.0,0,1
9,3,0,0,1,12,1,0,5,3,23.0,0,1
32,10,2,0,1,12,0,1,0,1,34.0,0,1
31,7,1,0,1,12,1,0,5,0,36.0,0,1
9,3,0,0,1,12,0,1,5,0,42.5,1,1
9,3,0,0,1,12,0,1,2,3,40.0,0,1
9,3,0,0,1,12,0,0,4,1,26.0,1,1
9,3,0,0,1,12,0,1,2,3,22.0,0,1
13,5,1,1,1,12,0,1,0,1,37.0,0,1
16,19,1,0,1,12,1,1,5,3,55.0,0,1
16,19,1,0,1,12,1,1,2,1,49.0,0,1
16,19,1,0,1,12,1,1,2,3,42.0,0,1
9,3,0,0,1,12,0,1,5,3,31.0,0,1
8,3,0,0,1,12,0,0,4,3,37.0,0,1
9,3,0,0,1,12,1,1,0,1,47.0,0,1
8,3,0,0,1,12,0,0,5,1,28.0,0,1
31,7,1,0,1,12,1,1,5,0,33.0,0,1
30,28,1,0,1,12,0,1,5,3,27.0,0,1
9,3,0,0,1,12,1,1,5,0,46.0,0,1
9,3,0,0,1,12,1,0,5,0,36.0,0,1
32,10,2,0,1,12,0,1,5,0,28.0,0,1
31,7,1,0,1,12,0,1,5,0,35.0,0,1
9,3,0,0,1,12,1,0,5,3,28.0,0,1
9,3,0,0,1,12,1,0,4,3,30.0,0,1
32,10,2,0,1,12,0,1,5,1,54.0,0,1
30,28,1,0,1,12,0,1,5,0,34.0,0,1
8,3,0,0,1,12,0,1,5,0,22.0,0,1
9,3,0,0,1,12,0,1,0,3,26.0,0,1
9,3,0,0,1,12,1,1,5,0,23.0,0,1
9,3,0,0,1,12,0,1,5,3,27.0,0,1
9,3,0,0,1,12,1,1,5,1,20.0,0,1
8,3,0,0,1,12,0,1,5,3,53.0,0,1
9,3,0,0,1,12,0,1,5,3,24.0,0,1
8,3,0,0,1,12,0,1,5,3,30.0,0,1
9,3,0,0,1,12,1,1,5,0,52.0,0,1
16,19,1,0,1,12,1,1,4,3,30.0,0,1
16,19,1,0,1,12,1,1,4,0,27.0,0,1
32,10,2,0,1,12,0,1,0,1,34.0,0,1
30,28,1,0,1,12,0,1,5,1,39.0,0,1
8,3,0,0,1,3,0,1,5,1,18.75,1,1
9,3,0,0,1,12,1,1,5,1,36.0,0,1
30,28,1,0,1,12,0,0,5,0,32.0,0,1
9,3,0,0,1,12,0,0,5,0,58.0,0,1
8,3,0,0,1,12,0,0,0,1,38.0,0,1
9,3,0,0,1,12,1,1,5,0,46.0,0,1
16,19,1,0,1,12,1,1,0,3,32.0,0,1
10,3,0,0,1,12,1,1,5,0,30.0,0,1
8,3,0,0,1,5,2,1,5,3,44.0,0,1
9,3,0,0,1,12,1,1,5,3,24.0,0,1
16,19,1,0,1,12,0,0,5,0,33.0,0,1
8,3,0,0,1,12,1,1,2,1,64.0,0,1
9,3,0,0,1,12,1,1,0,1,52.0,0,1
9,3,0,0,1,12,1,1,2,1,55.0,0,1
31,7,1,0,1,12,1,1,5,0,39.0,0,1
8,3,0,0,1,5,0,1,5,1,69.0,0,1
7,25,1,1,1,5,0,0,5,0,38.0,0,1
31,7,1,0,1,12,1,1,5,3,46.0,0,1
8,3,0,0,1,12,0,1,5,3,36.0,0,1
16,19,1,0,1,12,0,0,5,0,36.0,1,1
33,10,2,0,1,5,0,0,0,1,31.5,1,1
32,10,2,0,1,12,0,1,5,1,27.0,0,1
16,19,1,0,1,12,1,1,5,0,27.0,0,1
16,19,1,0,1,12,1,1,5,1,44.0,0,1
32,10,2,0,1,12,0,1,5,0,39.0,0,1
32,10,2,0,1,12,0,1,5,0,29.0,0,1
8,3,0,0,1,4,0,1,5,3,18.0,0,1
16,19,1,0,1,12,0,0,0,1,35.0,0,1
16,19,1,0,1,12,1,1,4,3,30.0,0,1
33,10,2,0,1,12,0,0,0,3,36.5,1,1
32,10,2,0,1,12,0,0,5,3,50.0,0,1
9,3,0,0,1,12,1,1,0,1,23.0,0,1
9,3,0,0,1,12,1,1,4,3,40.0,0,1
9,3,0,0,1,12,0,1,5,0,34.0,0,1
33,10,2,0,1,12,1,1,2,1,34.0,0,1
32,10,2,0,1,12,0,0,0,1,31.0,0,1
13,5,1,1,1,12,0,1,0,1,32.0,0,1
9,3,0,0,1,12,0,1,4,1,37.0,0,1
30,28,1,0,1,3,0,1,5,1,37.0,0,1
32,10,2,0,1,12,0,1,0,0,59.0,0,1
10,3,0,0,1,12,1,1,5,0,38.0,0,1
9,3,0,0,1,12,1,1,5,1,44.0,0,1
8,3,0,0,1,12,0,1,5,0,45.0,0,1
9,3,0,0,1,12,0,1,0,1,47.0,0,1
9,3,0,0,1,12,1,1,5,3,53.0,0,1
9,3,0,0,1,12,1,0,0,1,49.0,0,1
32,10,2,0,1,12,0,1,5,1,33.0,0,1
8,3,0,0,1,12,1,1,5,0,33.0,0,1
9,3,0,0,1,12,1,1,0,1,40.0,0,1
6,26,0,0,1,12,1,1,5,0,28.0,0,1
31,7,1,0,1,0,1,1,5,1,32.0,0,1
9,3,0,0,1,12,1,1,5,1,41.0,0,1
8,3,0,0,1,12,0,0,0,1,48.0,0,1
16,19,1,0,1,12,1,1,5,0,36.0,0,1
9,3,0,0,1,12,1,1,5,1,44.0,0,1
32,10,2,0,1,12,0,0,5,0,45.0,0,1
8,3,0,0,1,12,0,1,5,1,44.0,0,1
32,10,2,0,1,12,0,1,4,0,46.0,0,1
32,10,2,0,1,12,0,0,5,0,55.0,0,1
6,26,0,0,1,12,0,1,0,0,42.0,0,1
32,10,2,0,1,12,0,1,5,0,22.0,0,1
32,10,2,0,1,12,0,1,5,0,45.0,0,1
31,7,1,0,1,12,0,0,5,0,44.0,0,1
32,10,2,0,1,12,0,1,5,3,38.0,0,1
33,10,2,0,1,12,0,1,4,3,34.0,0,1
9,3,0,0,1,12,1,0,5,1,20.0,0,1
9,3,0,0,1,12,1,0,0,3,43.0,0,1
17,19,1,1,1,12,1,1,5,1,29.0,0,1
9,3,0,0,1,12,1,1,5,3,21.0,0,1
9,3,0,0,1,12,1,1,5,3,55.0,0,1
8,3,0,0,1,5,0,0,2,3,31.0,0,1
8,3,0,0,1,12,2,1,5,0,51.0,0,1
32,10,2,0,1,12,2,0,5,0,38.0,0,1
9,3,0,0,1,12,1,1,2,3,33.0,0,1
32,10,2,0,1,12,2,1,5,0,32.0,0,1
9,3,0,0,1,12,2,1,5,0,62.0,0,1
8,3,0,0,1,12,2,0,5,1,82.0,0,1
9,3,0,0,1,12,1,1,5,3,33.0,0,1
8,3,0,0,1,6,2,1,5,0,38.0,0,1
31,7,1,0,1,12,1,0,2,0,49.0,1,1
31,7,1,0,1,12,2,1,5,3,20.0,0,1
9,3,0,0,1,8,2,1,5,1,28.0,0,1
32,10,2,0,1,12,0,1,0,1,34.0,0,1
13,5,1,1,1,12,2,1,5,0,35.0,0,1
9,3,0,0,1,12,1,1,2,3,50.0,0,1
9,3,0,0,1,12,1,0,5,0,19.0,0,1
8,3,0,0,1,5,0,1,5,1,33.0,0,1
9,3,0,0,1,12,1,1,5,3,22.0,0,1
32,10,2,0,1,12,0,1,5,3,43.0,0,1
8,3,0,0,1,12,0,1,5,0,40.0,0,1
32,10,2,0,1,12,0,1,5,0,32.0,0,1
9,3,0,0,1,12,1,0,5,3,50.0,0,1
32,10,2,0,1,12,0,1,5,3,29.0,0,1
32,10,2,0,1,12,0,1,4,0,45.0,0,1
9,3,0,0,1,12,0,0,4,3,35.0,0,1
7,25,1,1,1,12,0,1,5,0,35.0,0,1
10,3,0,0,1,12,1,1,2,1,46.0,0,1
31,7,1,0,1,12,1,1,4,3,44.0,0,1
8,3,0,0,1,12,0,1,5,0,28.0,0,1
9,3,0,0,1,12,0,0,0,1,22.0,0,1
31,7,1,0,1,0,1,1,5,3,28.0,0,1
9,3,0,0,1,12,1,0,5,0,51.0,0,1
17,19,1,1,1,12,1,1,5,1,34.0,0,1
9,3,0,0,1,12,1,0,2,1,31.0,0,1
9,3,0,0,1,12,1,1,5,1,40.0,0,1
9,3,0,0,1,12,1,1,5,0,26.0,0,1
8,3,0,0,1,12,1,1,5,0,62.0,0,1
9,3,0,0,1,12,1,0,5,1,36.0,0,1
8,3,0,0,1,12,0,1,5,0,58.0,0,1
16,19,1,0,1,12,1,1,5,1,34.0,0,1
9,3,0,0,1,12,0,0,5,0,33.0,0,1
31,7,1,0,1,0,1,1,2,1,41.0,0,1
16,19,1,0,1,12,0,1,5,0,34.0,0,1
31,7,1,0,1,12,1,1,5,0,31.0,0,1
9,3,0,0,1,12,0,1,5,0,18.0,0,1
9,3,0,0,1,12,1,1,0,3,29.0,0,1
32,10,2,0,1,12,0,1,5,0,50.0,0,1
31,7,1,0,1,12,0,1,5,3,41.0,0,1
9,3,0,0,1,12,0,1,2,3,20.0,0,1
23,14,1,1,1,12,1,1,5,3,34.0,0,1
8,3,0,0,1,12,0,1,2,1,37.0,0,1
9,3,0,0,1,12,0,0,5,0,33.0,0,1
32,10,2,0,1,12,0,1,4,3,47.0,0,1
31,7,1,0,1,12,1,1,5,1,44.0,0,1
8,3,0,0,1,4,0,1,5,0,28.0,0,1
8,3,0,0,1,12,0,0,5,0,42.0,0,1
9,3,0,0,1,12,1,0,5,3,25.0,0,1
31,7,1,0,1,12,1,1,5,0,35.0,0,1
9,3,0,0,1,12,1,0,5,3,18.0,0,1
9,3,0,0,1,12,1,1,5,1,67.0,0,1
13,5,1,1,1,12,0,1,5,0,44.0,0,1
9,3,0,0,1,12,1,0,5,1,32.0,0,1
9,3,0,0,1,12,1,0,4,0,46.0,1,1
13,5,1,1,1,12,0,1,5,0,33.0,0,1
32,10,2,0,1,12,0,1,4,3,34.0,0,1
32,10,2,0,1,12,0,1,5,0,33.0,0,1
8,3,0,0,1,5,0,1,4,3,61.0,0,1
32,10,2,0,1,12,0,1,5,0,18.0,0,1
32,10,2,0,1,12,0,1,5,0,39.5,1,1
32,10,2,0,1,12,0,1,5,0,20.0,0,1
9,3,0,0,1,12,1,0,5,0,60.0,0,1
33,10,2,0,1,12,0,1,5,1,40.0,0,1
31,7,1,0,1,12,1,1,0,1,34.0,0,1
7,25,1,1,1,3,0,1,4,3,29.0,0,1
16,19,1,0,1,12,1,0,5,0,35.0,0,1
33,10,2,0,1,12,1,0,5,0,26.0,1,1
16,19,1,0,1,12,0,1,5,0,37.0,0,1
8,3,0,0,1,12,1,1,5,3,58.0,0,1
9,3,0,0,1,12,1,0,5,0,32.0,0,1
30,28,1,0,1,12,0,0,0,0,41.0,1,1
8,3,0,0,1,12,0,0,5,0,61.0,0,1
9,3,0,0,1,12,1,0,5,0,23.0,0,1
31,7,1,0,1,12,1,1,5,1,59.0,0,1
9,3,0,0,1,12,1,1,5,0,32.0,0,1
9,3,0,0,1,12,1,1,5,0,52.0,0,1
16,19,1,0,1,12,1,0,2,1,39.5,1,1
8,3,0,0,1,12,0,1,5,0,28.0,0,1
9,3,0,0,1,12,1,0,0,1,32.0,0,1
9,3,0,0,1,12,0,1,5,0,30.0,0,1
16,19,1,0,1,12,1,1,5,0,48.0,0,1
30,28,1,0,1,12,0,1,5,0,35.0,0,1
33,10,2,0,1,12,0,0,4,0,25.5,1,1
8,3,0,0,1,12,1,1,5,0,40.0,0,1
32,10,2,0,1,12,0,1,5,1,28.0,0,1
9,3,0,0,1,12,1,1,5,3,60.0,0,1
32,10,2,0,1,12,0,1,5,0,29.5,1,1
9,3,0,0,1,12,1,0,0,1,33.0,0,1
32,10,2,0,1,5,0,1,5,0,35.0,1,1
9,3,0,0,1,5,0,1,0,1,35.0,0,1
33,10,2,0,1,12,1,1,0,1,28.0,0,1
8,3,0,0,1,12,1,0,0,1,21.0,0,1
16,19,1,0,1,12,1,0,5,0,46.0,0,1
32,10,2,0,1,12,0,1,5,3,33.0,0,1
9,3,0,0,1,12,1,0,0,1,36.0,0,1
16,19,1,0,1,12,2,1,5,0,41.0,0,1
32,10,2,0,1,12,2,1,5,0,36.0,0,1
9,3,0,0,1,12,1,1,5,3,36.0,0,1
31,7,1,0,1,12,1,1,5,0,19.0,0,1
9,3,0,0,1,12,1,0,5,1,55.0,0,1
8,3,0,0,1,12,2,1,5,0,72.0,0,1
13,5,1,1,1,12,0,1,5,0,26.0,0,1
9,3,0,0,1,12,1,1,5,0,49.0,0,1
8,3,0,0,1,12,0,1,5,3,46.0,0,1
31,7,1,0,1,12,1,1,2,3,37.0,0,1
8,3,0,0,1,12,0,1,5,3,36.0,0,1
8,3,0,0,1,12,0,1,5,0,19.0,0,1
31,7,1,0,1,12,1,1,5,1,45.0,0,1
32,10,2,0,1,5,0,1,5,1,57.0,0,1
16,19,1,0,1,12,1,1,5,0,52.0,0,1
9,3,0,0,1,12,1,1,4,3,40.0,0,1
32,10,2,0,1,12,0,1,2,3,47.0,0,1
9,3,0,0,1,12,1,1,5,3,47.0,0,1
9,3,0,0,1,12,1,1,2,1,50.0,0,1
32,10,2,0,1,12,0,1,2,1,23.0,0,1
32,10,2,0,1,12,0,0,5,0,20.0,0,1
9,3,0,0,1,12,1,1,5,3,37.0,0,1
16,19,1,0,1,12,0,1,4,1,29.0,0,1
32,10,2,0,1,12,0,0,5,0,45.0,0,1
16,19,1,0,1,12,0,1,5,1,26.0,0,1
9,3,0,0,1,12,0,0,5,3,68.0,0,1
16,19,1,0,1,12,0,1,4,0,27.0,0,1
32,10,2,0,1,12,0,0,5,0,34.0,0,1
32,10,2,0,1,12,0,0,5,0,53.0,0,1
30,28,1,0,1,12,0,1,5,0,31.0,0,1
9,3,0,0,1,12,1,1,5,0,45.0,0,1
9,3,0,0,1,12,1,0,0,1,48.0,0,1
9,3,0,0,1,12,2,1,4,3,41.0,0,1
9,3,0,0,1,12,1,1,2,3,32.0,0,1
9,3,0,0,1,12,0,1,5,1,44.0,0,1
9,3,0,0,1,12,1,1,5,0,23.5,1,1
9,3,0,0,1,12,1,1,5,0,43.0,0,1
16,19,1,0,1,12,1,1,5,3,23.0,0,1
9,3,0,0,1,5,0,1,0,1,39.0,0,1
31,7,1,0,1,12,1,1,5,0,41.0,0,1
31,7,1,0,1,12,1,1,5,0,29.0,0,1
9,3,0,0,1,12,1,1,5,0,50.0,0,1
33,10,2,0,1,5,1,0,0,0,32.0,1,1
33,10,2,0,1,12,1,1,5,0,35.0,0,1
16,19,1,0,1,12,0,1,5,0,39.0,0,1
8,3,0,0,1,12,0,1,5,1,30.0,0,1
32,10,2,0,1,12,0,0,4,3,32.0,0,1
32,10,2,0,1,3,0,1,4,3,34.0,0,1
20,19,1,1,1,12,1,1,5,3,29.0,0,1
31,7,1,0,1,12,1,1,5,3,48.0,0,1
23,14,1,1,1,12,0,1,5,3,58.0,0,1
9,3,0,0,1,12,0,1,4,3,30.0,0,1
9,3,0,0,1,12,1,1,4,3,51.0,0,1
9,3,0,0,1,12,0,1,5,0,24.0,0,1
31,7,1,0,1,12,1,1,5,1,36.0,0,1
32,10,2,0,1,12,0,1,2,1,27.0,0,1
16,19,1,0,1,12,0,1,5,1,34.0,0,1
33,10,2,0,1,12,1,1,5,0,32.0,0,1
16,19,1,0,1,12,1,0,5,0,32.5,1,1
8,3,0,0,1,5,0,1,5,1,12.0,0,1
7,25,1,1,1,12,0,1,5,3,16.0,0,1
9,3,0,0,1,12,1,1,5,1,25.0,0,1
8,3,0,0,1,12,1,0,4,3,51.0,0,1
9,3,0,0,1,12,0,1,0,1,33.0,0,1
32,10,2,0,1,12,0,1,5,1,36.0,0,1
31,7,1,0,1,12,0,1,5,3,35.0,0,1
9,3,0,0,1,12,1,0,5,0,35.0,0,1
9,3,0,0,1,12,0,1,5,0,49.0,0,1
7,25,1,1,1,12,2,0,4,0,33.0,1,1
8,3,0,0,1,12,0,0,5,0,56.0,0,1
8,3,0,0,1,12,0,1,2,1,49.0,0,1
8,3,0,0,1,12,0,1,5,1,17.0,0,1
9,3,0,0,1,12,1,0,0,3,35.0,0,1
9,3,0,0,1,12,1,1,5,0,26.0,0,1
32,10,2,0,1,12,0,1,5,1,31.0,0,1
9,3,0,0,1,12,1,1,5,1,23.0,0,1
31,7,1,0,1,12,1,1,4,3,31.0,0,1
9,3,0,0,1,12,1,1,0,3,24.0,0,1
8,3,0,0,1,12,0,1,0,1,30.0,0,1
33,10,2,0,1,12,1,1,5,3,34.0,0,1
8,3,0,0,1,12,0,1,2,1,26.0,0,1
32,10,2,0,1,12,0,1,5,0,35.0,0,1
9,3,0,0,1,12,0,0,5,1,36.0,0,1
7,25,1,1,1,5,0,1,4,0,40.0,0,1
16,19,1,0,1,12,1,1,2,3,35.0,0,1
9,3,0,0,1,12,0,1,2,1,43.0,0,1
9,3,0,0,1,12,1,1,5,0,38.0,0,1
8,3,0,0,1,12,1,1,5,0,29.0,0,1
9,3,0,0,1,12,1,1,5,0,26.0,0,1
33,10,2,0,1,12,2,0,4,3,22.0,0,1
40,30,2,0,1,3,2,1,5,0,25.0,0,1
32,10,2,0,1,12,0,0,5,0,23.0,1,1
9,3,0,0,1,12,1,1,5,0,61.0,0,1
9,3,0,0,1,12,1,0,5,1,41.0,0,1
9,3,0,0,1,12,1,1,4,0,25.5,1,1
13,5,1,1,1,12,2,0,4,0,24.0,0,1
8,3,0,0,1,12,0,1,5,3,28.0,0,1
13,5,1,1,1,12,0,1,5,0,23.0,0,1
9,3,0,0,1,12,1,0,5,0,19.0,0,1
31,7,1,0,1,12,1,0,5,0,62.0,0,1
31,7,1,0,1,12,1,0,4,0,23.5,1,1
8,3,0,0,1,12,1,1,5,3,22.0,0,1
7,25,1,1,1,0,0,1,5,3,45.0,0,1
9,3,0,0,1,12,1,0,5,3,39.0,0,1
8,3,0,0,1,5,2,1,2,1,23.0,0,1
9,3,0,0,1,12,0,1,5,3,48.0,0,1
8,3,0,0,1,12,1,0,5,3,28.0,0,1
8,3,0,0,1,12,1,0,5,3,47.0,0,1
9,3,0,0,1,12,1,0,4,3,31.0,0,1
16,19,1,0,1,12,1,1,5,1,34.0,0,1
9,3,0,0,1,12,1,1,5,1,32.0,0,1
16,19,1,0,1,12,1,1,5,1,34.0,0,1
32,10,2,0,1,12,0,1,5,0,27.0,0,1
9,3,0,0,1,12,1,1,5,3,38.0,0,1
9,3,0,0,1,12,1,0,5,1,39.0,0,1
9,3,0,0,1,12,1,1,4,0,45.0,0,1
32,10,2,0,1,12,0,1,0,1,33.0,0,1
9,3,0,0,1,12,1,1,5,0,21.0,0,1
8,3,0,0,1,12,0,1,5,0,53.0,0,1
9,3,0,0,1,12,0,0,5,1,29.0,0,1
8,3,0,0,1,12,0,1,0,1,28.0,0,1
9,3,0,0,1,12,1,0,5,0,56.0,0,1
20,19,1,1,1,12,0,1,5,1,26.0,0,1
9,3,0,0,1,12,1,0,0,1,30.0,0,1
9,3,0,0,1,12,0,1,5,1,30.0,0,1
9,3,0,0,1,12,1,0,5,3,23.0,0,1
8,3,0,0,1,12,0,0,5,0,29.0,0,1
8,3,0,0,1,12,0,0,5,1,29.0,0,1
18,19,1,1,1,12,0,1,5,0,34.0,0,1
31,7,1,0,1,12,1,1,0,1,33.0,0,1
8,3,0,0,1,0,0,1,5,0,39.0,0,1
30,28,1,0,1,12,0,1,5,0,28.0,0,1
8,3,0,0,1,3,1,1,5,0,31.0,0,1
31,7,1,0,1,12,0,0,5,0,62.0,0,1
31,7,1,0,1,12,0,0,5,0,24.0,0,1
17,19,1,1,1,12,1,1,5,0,47.0,0,1
31,7,1,0,1,12,1,1,5,1,32.0,0,1
9,3,0,0,1,12,0,1,5,0,26.0,0,1
9,3,0,0,1,12,2,1,5,0,35.0,0,1
8,3,0,0,1,5,0,0,5,0,16.0,0,1
9,3,0,0,1,12,0,0,5,0,32.0,0,1
8,3,0,0,1,12,0,1,5,0,39.0,0,1
32,10,2,0,1,12,0,1,5,0,34.0,0,1
8,3,0,0,1,3,0,1,5,0,39.0,0,1
32,10,2,0,1,5,0,1,5,0,32.0,0,1
9,3,0,0,1,12,1,1,5,1,35.0,0,1
8,3,0,0,1,0,0,1,5,0,39.0,0,1
9,3,0,0,1,12,0,1,5,0,36.0,0,1
32,10,2,0,1,12,0,1,2,3,22.0,0,1
9,3,0,0,1,12,1,1,5,3,35.0,0,1
9,3,0,0,1,12,1,1,5,0,37.0,0,1
9,3,0,0,1,12,1,1,5,0,33.0,0,1
9,3,0,0,1,12,0,1,4,1,52.0,0,1
8,3,0,0,1,12,0,1,5,1,24.0,0,1
9,3,0,0,1,4,1,0,4,0,21.0,0,1
32,10,2,0,1,12,0,1,4,0,36.0,0,1
9,3,0,0,1,12,0,1,2,3,22.0,0,1
9,3,0,0,1,12,0,1,5,0,36.0,0,1
9,3,0,0,1,12,1,1,4,3,38.0,0,1
9,3,0,0,1,12,1,0,5,0,38.0,0,1
9,3,0,0,1,12,1,0,3,1,21.0,0,1
16,19,1,0,1,12,0,0,5,1,38.0,0,1
9,3,0,0,1,12,1,0,5,1,35.0,0,1
9,3,0,0,1,12,1,0,4,3,24.0,0,1
9,3,0,0,1,12,1,1,2,1,60.0,0,1
9,3,0,0,1,12,0,1,5,1,22.0,0,1
9,3,0,0,1,12,1,0,0,1,33.0,0,1
8,3,0,0,1,12,0,1,0,3,44.0,0,1
9,3,0,0,1,12,1,1,5,3,60.0,0,1
9,3,0,0,1,12,2,1,5,1,32.0,0,1
31,7,1,0,1,12,1,1,0,1,33.0,0,1
32,10,2,0,1,12,0,0,5,3,32.0,0,1
9,3,0,0,1,12,1,1,5,1,46.0,0,1
33,10,2,0,1,12,1,0,5,3,42.0,0,1
9,3,0,0,1,12,1,1,5,3,23.0,0,1
30,28,1,0,1,12,0,0,5,0,36.0,0,1
32,10,2,0,1,12,0,0,5,3,36.0,0,1
9,3,0,0,1,12,1,1,5,0,24.0,0,1
32,10,2,0,1,12,0,1,5,1,33.0,0,1
8,3,0,0,1,12,0,0,5,3,34.0,0,1
9,3,0,0,1,12,1,0,5,0,25.0,0,1
8,3,0,0,1,10,0,1,0,1,27.0,0,1
9,3,0,0,1,12,1,1,2,1,67.0,0,1
16,19,1,0,1,12,0,1,5,3,31.0,0,1
9,3,0,0,1,12,1,0,5,1,18.0,0,1
9,3,0,0,1,12,1,1,5,0,60.0,0,1
20,19,1,1,1,12,1,1,5,0,48.0,0,1
9,3,0,0,1,12,1,1,2,1,18.0,0,1
21,21,1,1,1,12,0,1,2,1,42.0,0,1
9,3,0,0,1,12,1,0,5,0,24.0,0,1
9,3,0,0,1,12,1,0,5,0,21.0,0,1
31,7,1,0,1,12,1,1,5,3,33.0,0,1
32,10,2,0,1,12,2,1,5,0,44.0,0,1
31,7,1,0,1,12,1,1,5,0,29.0,0,1
8,3,0,0,1,12,0,1,5,0,28.0,0,1
32,10,2,0,1,12,0,0,5,0,22.0,0,1
31,7,1,0,1,12,1,1,5,1,28.0,0,1
9,3,0,0,1,12,1,0,0,1,48.0,0,1
33,10,2,0,1,12,0,1,0,1,30.0,0,1
7,25,1,1,1,12,2,1,4,3,35.0,0,1
32,10,2,0,1,12,0,1,5,0,58.0,0,1
31,7,1,0,1,0,1,0,4,3,77.0,0,1
32,10,2,0,1,12,2,1,5,3,59.0,0,1
33,10,2,0,1,12,1,1,5,3,30.0,0,1
32,10,2,0,1,12,2,0,5,1,26.0,0,1
32,10,2,0,1,12,0,0,5,3,26.0,0,1
32,10,2,0,1,12,0,1,5,0,18.0,0,1
32,10,2,0,1,12,0,1,5,1,32.0,0,1
9,3,0,0,1,12,0,1,5,0,24.0,0,1
9,3,0,0,1,12,0,1,5,0,32.0,0,1
9,3,0,0,1,12,0,1,2,3,22.0,0,1
32,10,2,0,1,12,0,1,5,0,66.0,0,1
9,3,0,0,1,12,1,1,5,0,28.0,0,1
8,3,0,0,1,12,2,1,5,1,25.0,0,1
9,3,0,0,1,12,1,0,5,3,34.0,0,1
31,7,1,0,1,5,1,1,2,3,61.0,0,1
9,3,0,0,1,12,1,1,5,0,23.0,0,1
40,30,2,0,1,3,1,1,5,0,28.0,0,1
32,10,2,0,1,12,0,1,5,0,34.0,0,1
33,10,2,0,1,12,1,1,4,3,31.0,0,1
32,10,2,0,1,5,0,0,4,0,24.0,0,1
40,30,2,0,1,3,1,1,5,0,21.0,0,1
32,10,2,0,1,12,0,0,0,3,23.0,0,1
32,10,2,0,1,12,0,0,5,3,29.0,0,1
32,10,2,0,1,12,2,1,5,0,52.0,0,1
33,10,2,0,1,12,1,0,5,0,37.0,0,1
32,10,2,0,1,12,0,1,5,3,29.0,0,1
9,3,0,0,1,12,0,1,5,1,45.0,0,1
32,10,2,0,1,12,2,0,5,3,41.0,0,1
16,19,1,0,1,12,1,1,2,0,28.0,0,1
9,3,0,0,1,12,2,0,5,0,29.0,0,1
32,10,2,0,1,12,0,0,5,3,36.0,0,1
20,19,1,1,1,12,1,0,5,3,25.0,0,1
9,3,0,0,1,12,1,0,2,1,19.0,0,1
9,3,0,0,1,12,1,0,5,0,44.0,0,1
8,3,0,0,1,12,0,0,5,0,39.0,0,1
8,3,0,0,1,12,2,0,0,1,23.0,0,1
9,3,0,0,1,12,0,1,5,0,45.0,0,1
9,3,0,0,1,12,1,0,5,1,68.0,0,1
40,30,2,0,1,12,0,1,5,0,25.0,0,1
8,3,0,0,1,5,0,1,5,1,45.0,0,1
9,3,0,0,1,12,2,1,5,0,37.0,0,1
9,3,0,0,1,12,1,0,5,0,42.0,0,1
9,3,0,0,1,12,0,1,0,1,27.0,0,1
9,3,0,0,1,12,1,1,2,3,33.0,0,1
9,3,0,0,1,12,1,0,5,0,26.0,0,1
9,3,0,0,1,12,1,1,5,0,25.0,0,1
9,3,0,0,1,12,1,1,2,1,51.0,0,1
32,10,2,0,1,3,0,1,5,0,26.0,0,1
32,10,2,0,1,5,0,1,5,1,31.0,0,1
8,3,0,0,1,12,0,1,5,0,39.0,0,1
8,3,0,0,1,12,0,1,5,0,28.0,0,1
31,7,1,0,1,3,1,1,5,3,25.0,0,1
16,19,1,0,1,12,0,1,5,0,36.0,0,1
9,3,0,0,1,12,0,1,4,3,25.0,0,1
13,5,1,1,1,12,0,1,5,0,44.0,0,1
33,10,2,0,1,12,1,1,5,1,44.0,0,1
13,5,1,1,1,12,0,0,5,0,24.0,0,1
31,7,1,0,1,12,1,1,5,0,36.0,0,1
13,5,1,1,1,12,0,1,5,3,59.0,0,1
9,3,0,0,1,12,0,0,0,1,32.0,0,1
32,10,2,0,1,12,0,0,5,3,42.0,0,1
9,3,0,0,1,12,1,1,5,0,19.0,0,1
8,3,0,0,1,12,0,0,5,3,27.0,0,1
9,3,0,0,1,12,1,0,5,0,44.0,0,1
9,3,0,0,1,12,1,1,5,0,31.0,0,1
8,3,0,0,1,12,0,1,2,1,28.0,0,1
8,3,0,0,1,5,0,0,0,1,40.0,0,1
16,19,1,0,1,12,1,1,5,3,20.0,0,1
16,19,1,0,1,12,1,1,4,3,29.0,0,1
8,3,0,0,1,5,2,1,2,1,36.0,0,1
8,3,0,0,1,12,2,1,5,0,20.0,0,1
30,28,1,0,1,12,0,1,5,0,28.0,0,1
40,30,2,0,1,3,0,1,2,3,17.0,0,1
8,3,0,0,1,12,2,1,5,3,45.0,0,1
31,7,1,0,1,12,1,1,0,3,43.0,0,1
32,10,2,0,1,12,2,1,5,0,63.0,0,1
21,21,1,1,1,12,0,1,5,3,32.0,0,1
32,10,2,0,1,12,2,1,5,1,33.0,0,1
10,3,0,0,1,12,1,1,5,0,39.0,0,1
8,3,0,0,1,12,0,1,5,0,28.0,0,1
9,3,0,0,1,12,2,0,4,3,28.0,0,1
31,7,1,0,1,12,2,1,0,3,37.0,0,1
8,3,0,0,1,5,2,1,0,1,28.0,0,1
32,10,2,0,1,12,0,1,5,0,29.0,0,1
30,28,1,0,1,12,0,0,5,0,30.0,0,1
9,3,0,0,1,12,1,1,2,3,28.0,0,1
9,3,0,0,1,12,1,1,5,3,46.0,0,1
9,3,0,0,1,12,1,0,0,3,46.0,0,1
32,10,2,0,1,12,2,1,5,0,45.0,0,1
31,7,1,0,1,12,1,1,0,3,28.0,0,1
8,3,0,0,1,12,1,1,5,0,36.0,0,1
8,3,0,0,1,12,0,1,5,1,36.0,0,1
9,3,0,0,1,12,2,0,5,3,41.0,0,1
8,3,0,0,1,12,0,1,0,0,44.0,0,1
16,19,1,0,1,12,0,1,5,0,31.0,0,1
9,3,0,0,1,12,1,1,0,3,36.0,0,1
8,3,0,0,1,12,2,1,5,1,27.0,0,1
13,5,1,1,1,12,0,1,5,3,32.0,0,1
31,7,1,0,1,12,1,1,5,0,15.0,0,1
9,3,0,0,1,12,1,1,4,3,31.0,0,1
31,7,1,0,1,12,1,0,4,3,37.0,0,1
9,3,0,0,1,12,1,0,5,3,29.0,0,1
33,10,2,0,1,12,1,1,5,1,40.0,0,1
30,28,1,0,1,12,0,0,5,1,24.0,0,1
9,3,0,0,1,12,1,1,4,0,53.0,0,1
9,3,0,0,1,12,1,0,2,3,22.0,0,1
8,3,0,0,1,12,1,1,5,3,58.0,0,1
13,5,1,1,1,12,0,0,5,3,34.0,0,1
33,10,2,0,1,12,0,0,5,1,41.0,0,1
9,3,0,0,1,12,0,0,2,1,30.0,0,1
9,3,0,0,1,12,1,1,5,0,22.0,0,1
16,19,1,0,1,12,0,1,5,1,47.0,0,1
16,19,1,0,1,12,1,1,0,1,26.0,0,1
8,3,0,0,1,5,0,0,5,1,16.0,0,1
32,10,2,0,1,12,0,1,5,0,43.0,0,1
9,3,0,0,1,12,1,1,5,3,57.0,0,1
9,3,0,0,1,12,1,1,2,1,34.0,0,1
9,3,0,0,1,12,1,1,5,1,65.0,0,1
8,3,0,0,1,12,0,0,5,0,65.0,0,1
31,7,1,0,1,12,1,1,2,1,32.0,0,1
9,3,0,0,1,12,0,1,5,0,32.0,0,1
8,3,0,0,1,12,1,1,0,0,23.0,0,1
31,7,1,0,1,12,1,1,0,1,21.0,0,1
7,25,1,1,1,12,0,1,5,0,36.0,0,1
9,3,0,0,1,12,0,0,4,3,42.0,0,1
9,3,0,0,1,12,1,0,5,0,24.0,1,1
9,3,0,0,1,12,0,0,0,1,25.0,0,1
9,3,0,0,1,12,0,1,4,3,40.0,0,1
9,3,0,0,1,12,1,0,5,1,35.0,0,1
31,7,1,0,1,12,1,1,5,1,46.0,0,1
31,7,1,0,1,12,1,1,5,3,51.0,0,1
32,10,2,0,1,12,0,0,2,3,39.0,0,1
32,10,2,0,1,12,0,1,5,1,40.0,0,1
23,14,1,1,1,12,0,0,5,0,28.0,0,1
8,3,0,0,1,3,0,1,5,0,49.0,0,1
32,10,2,0,1,12,0,1,5,1,40.0,0,1
32,10,2,0,1,12,0,1,5,3,27.0,0,1
32,10,2,0,1,12,0,0,2,1,51.0,0,1
8,3,0,0,1,12,0,1,5,0,31.0,0,1
32,10,2,0,1,12,0,1,2,1,22.0,0,1
9,3,0,0,1,12,1,1,4,3,19.0,0,1
16,19,1,0,1,12,1,0,5,0,47.0,0,1
40,30,2,0,1,3,0,1,5,0,27.0,0,1
9,3,0,0,1,12,0,1,5,3,27.0,0,1
9,3,0,0,1,12,0,1,0,1,18.0,0,1
32,10,2,0,1,5,0,1,0,3,33.0,0,1
32,10,2,0,1,12,2,1,5,0,26.0,0,1
9,3,0,0,1,12,2,1,5,0,40.0,0,1
16,19,1,0,1,12,0,0,5,0,39.0,0,1
16,19,1,0,1,12,1,1,4,0,41.0,0,1
9,3,0,0,1,12,1,1,5,0,32.0,0,1
16,19,1,0,1,12,1,1,2,1,33.5,1,1
40,30,2,0,1,3,1,1,5,1,29.0,0,1
9,3,0,0,1,12,1,1,5,3,24.0,0,1
8,3,0,0,1,12,2,1,2,1,31.0,0,1
9,3,0,0,1,12,1,0,5,3,18.0,0,1
9,3,0,0,1,12,1,1,5,0,19.0,0,1
8,3,0,0,1,12,2,1,5,1,40.0,0,1
9,3,0,0,1,12,1,1,5,0,54.0,0,1
9,3,0,0,1,12,0,0,5,0,31.0,0,1
10,3,0,0,1,12,1,1,5,3,24.0,0,1
16,19,1,0,1,12,1,1,5,1,29.0,0,1
32,10,2,0,1,12,0,1,5,3,45.0,0,1
32,10,2,0,1,12,2,1,5,1,29.0,0,1
32,10,2,0,1,12,0,0,5,0,47.0,0,1
32,10,2,0,1,12,0,0,5,3,39.0,0,1
9,3,0,0,1,12,1,1,4,3,29.0,0,1
32,10,2,0,1,12,0,1,5,0,46.0,0,1
9,3,0,0,1,12,0,0,5,1,54.0,0,1
8,3,0,0,1,12,1,1,5,1,26.0,0,1
9,3,0,0,1,12,1,1,5,1,27.0,0,1
40,30,2,0,1,0,0,1,5,1,29.0,0,1
8,3,0,0,1,5,0,1,5,0,38.0,0,1
32,10,2,0,1,12,0,1,5,0,63.0,0,1
18,19,1,1,1,12,1,1,5,0,23.0,0,1
40,30,2,0,1,3,0,1,2,1,56.0,0,1
16,19,1,0,1,12,1,1,0,3,39.0,0,1
33,10,2,0,1,12,0,1,4,3,26.0,0,1
8,3,0,0,1,12,0,1,5,0,29.0,0,1
31,7,1,0,1,12,1,0,5,0,43.0,0,1
8,3,0,0,1,12,1,1,4,0,24.0,0,1
8,3,0,0,1,12,0,1,4,3,43.0,0,1
9,3,0,0,1,12,1,0,4,0,34.0,0,1
7,25,1,1,1,10,0,1,2,3,43.0,0,1
32,10,2,0,1,12,0,1,5,0,35.0,0,1
32,10,2,0,1,12,0,0,5,3,33.0,0,1
32,10,2,0,1,12,0,1,5,0,37.0,0,1
8,3,0,0,1,12,1,1,0,1,27.0,0,1
32,10,2,0,1,5,0,1,5,0,33.0,0,1
30,28,1,0,1,12,0,0,5,0,29.0,0,1
32,10,2,0,1,12,0,0,5,3,34.0,0,1
31,7,1,0,1,12,1,1,4,0,39.0,0,1
16,19,1,0,1,12,1,0,2,1,42.0,0,1
32,10,2,0,1,12,0,0,5,0,25.0,0,1
9,3,0,0,1,12,1,1,5,1,68.0,0,1
31,7,1,0,1,5,1,1,5,0,60.0,0,1
30,28,1,0,1,3,2,1,5,0,46.0,0,1
8,3,0,0,1,12,0,1,5,0,63.0,0,1
31,7,1,0,1,12,0,0,5,3,43.0,0,1
8,3,0,0,1,3,0,1,2,1,68.0,0,1
9,3,0,0,1,12,1,1,5,3,33.0,0,1
8,3,0,0,1,3,0,1,5,1,33.0,0,1
9,3,0,0,1,12,1,0,5,3,31.0,0,1
9,3,0,0,1,12,1,1,1,3,24.0,0,1
8,3,0,0,1,1,0,1,5,1,42.0,0,1
9,3,0,0,1,12,1,1,5,0,32.0,0,1
9,3,0,0,1,12,1,1,5,0,47.0,0,1
31,7,1,0,1,12,1,1,5,0,31.0,0,1
9,3,0,0,1,12,1,1,5,0,28.0,0,1
9,3,0,0,1,12,1,0,5,1,36.0,0,1
10,3,0,0,1,12,1,1,4,0,43.0,0,1
9,3,0,0,1,12,1,0,0,3,25.0,0,1
32,10,2,0,1,12,0,1,5,0,26.0,0,1
8,3,0,0,1,0,0,1,5,0,26.0,0,1
20,19,1,1,1,12,1,1,5,0,39.0,0,1
32,10,2,0,1,12,0,0,0,1,29.5,1,1
31,7,1,0,1,12,0,0,0,1,47.0,0,1
32,10,2,0,1,12,0,0,5,0,28.0,0,1
32,10,2,0,1,12,0,0,5,0,23.0,0,1
31,7,1,0,1,12,1,1,2,1,24.0,0,1
8,3,0,0,1,12,1,1,5,0,44.0,0,1
33,10,2,0,1,12,0,0,4,3,29.0,0,1
9,3,0,0,1,12,1,1,5,3,38.0,0,1
9,3,0,0,1,12,1,0,0,1,35.0,0,1
9,3,0,0,1,12,1,0,5,3,35.0,0,1
9,3,0,0,1,12,0,0,5,3,28.0,0,1
8,3,0,0,1,5,2,1,5,3,33.0,0,1
9,3,0,0,1,12,1,1,5,0,49.0,0,1
9,3,0,0,1,12,1,1,5,0,40.0,0,1
9,3,0,0,1,12,1,1,5,1,32.0,0,1
8,3,0,0,1,12,0,1,5,0,29.0,0,1
30,28,1,0,1,12,2,1,4,3,34.0,0,1
9,3,0,0,1,12,1,1,5,0,47.0,0,1
9,3,0,0,1,12,1,0,5,1,63.0,0,1
9,3,0,0,1,12,2,0,0,3,23.0,0,1
9,3,0,0,1,12,0,1,0,1,44.0,0,1
32,10,2,0,1,12,0,1,5,0,32.0,0,1
13,5,1,1,1,12,0,1,0,1,28.0,0,1
8,3,0,0,1,12,0,1,5,3,39.0,0,1
9,3,0,0,1,12,1,1,5,0,30.0,0,1
20,19,1,1,1,12,1,1,0,3,47.0,0,1
31,7,1,0,1,12,0,1,5,1,38.0,0,1
32,10,2,0,1,12,0,1,0,3,44.0,0,1
9,3,0,0,1,12,2,0,2,1,40.0,0,1
9,3,0,0,1,12,1,0,5,0,31.0,0,1
9,3,0,0,1,12,1,0,5,3,59.0,0,1
16,19,1,0,1,12,1,0,5,0,53.5,1,1
30,28,1,0,1,3,0,0,5,3,41.0,0,1
9,3,0,0,1,12,1,1,4,3,40.0,0,1
33,10,2,0,1,12,0,0,0,1,35.0,0,1
9,3,0,0,1,12,1,0,5,1,25.0,0,1
9,3,0,0,1,12,1,0,2,3,35.0,0,1
9,3,0,0,1,12,1,1,0,3,19.0,0,1
32,10,2,0,1,12,0,1,5,0,35.0,0,1
9,3,0,0,1,12,1,1,4,3,26.0,0,1
31,7,1,0,1,12,1,0,0,1,25.0,0,1
8,3,0,0,1,3,0,1,0,1,25.0,0,1
32,10,2,0,1,12,0,1,5,1,45.0,0,1
9,3,0,0,1,12,0,0,5,3,31.0,0,1
32,10,2,0,1,5,0,1,5,0,58.0,0,1
9,3,0,0,1,12,1,1,0,3,22.0,0,1
32,10,2,0,1,12,2,1,5,3,53.0,0,1
9,3,0,0,1,12,1,1,2,1,38.0,0,1
9,3,0,0,1,12,0,1,5,0,23.0,0,1
8,3,0,0,1,12,1,1,5,3,21.0,0,1
9,3,0,0,1,12,1,0,2,3,28.0,0,1
9,3,0,0,1,12,1,0,5,3,18.0,0,1
9,3,0,0,1,12,0,1,5,0,37.0,0,1
9,3,0,0,1,12,1,1,5,3,28.0,0,1
9,3,0,0,1,12,1,1,2,1,38.0,0,1
9,3,0,0,1,12,0,1,5,0,47.0,0,1
9,3,0,0,1,12,1,1,5,3,28.0,0,1
9,3,0,0,1,12,0,0,0,1,30.0,0,1
31,7,1,0,1,12,1,1,4,3,20.0,0,1
32,10,2,0,1,12,0,1,0,0,24.0,0,1
40,30,2,0,1,12,0,1,2,1,69.0,0,1
13,5,1,1,1,12,0,1,5,3,42.0,0,1
8,3,0,0,1,5,0,0,5,0,80.0,0,1
9,3,0,0,1,12,1,1,5,1,30.0,0,1
9,3,0,0,1,12,0,0,5,1,54.0,0,1
9,3,0,0,1,12,1,1,5,3,46.0,0,1
9,3,0,0,1,12,1,1,2,3,27.0,0,1
9,3,0,0,1,12,1,1,5,0,31.0,0,1
8,3,0,0,1,0,2,1,5,3,50.0,0,1
8,3,0,0,1,12,0,0,4,3,47.0,0,1
32,10,2,0,1,12,0,1,5,3,25.0,0,1
9,3,0,0,1,12,0,1,5,1,48.0,0,1
9,3,0,0,1,12,1,1,5,3,37.0,0,1
9,3,0,0,1,12,2,1,5,0,21.0,0,1
9,3,0,0,1,12,1,1,5,0,37.0,0,1
2,18,0,0,1,12,0,1,5,1,48.0,0,1
8,3,0,0,1,12,1,1,0,3,26.0,0,1
9,3,0,0,1,12,1,1,5,0,32.0,0,1
8,3,0,0,1,12,2,0,5,1,19.0,0,1
9,3,0,0,1,12,1,1,5,3,63.0,0,1
9,3,0,0,1,12,1,1,5,0,24.0,0,1
32,10,2,0,1,12,0,1,5,1,38.0,0,1
32,10,2,0,1,12,0,1,5,1,37.0,0,1
10,3,0,0,1,12,1,1,0,1,31.0,0,1
8,3,0,0,1,12,0,1,5,0,26.0,0,1
9,3,0,0,1,12,1,1,5,0,47.0,0,1
9,3,0,0,1,12,1,0,5,1,36.0,0,1
9,3,0,0,1,12,1,0,5,3,18.0,0,1
9,3,0,0,1,12,1,1,5,3,29.0,0,1
9,3,0,0,1,12,0,1,5,1,40.0,0,1
30,28,1,0,1,3,2,1,5,0,27.0,0,1
32,10,2,0,1,12,2,1,5,3,22.0,0,1
9,3,0,0,1,12,2,1,5,3,33.0,0,1
9,3,0,0,1,12,1,1,1,3,29.0,0,1
8,3,0,0,1,12,1,1,2,1,24.0,0,1
9,3,0,0,1,12,1,1,5,1,44.0,0,1
8,3,0,0,1,12,0,1,5,1,35.0,0,1
32,10,2,0,1,12,2,0,5,3,21.0,0,1
32,10,2,0,1,12,2,1,5,0,34.0,0,1
16,19,1,0,1,12,0,1,0,1,40.5,1,1
9,3,0,0,1,12,0,1,4,0,31.0,0,1
32,10,2,0,1,5,2,1,5,3,31.0,0,1
32,10,2,0,1,5,0,1,5,1,45.5,1,1
32,10,2,0,1,12,0,0,4,0,27.0,1,1
8,3,0,0,1,3,0,0,2,1,31.0,0,1
32,10,2,0,1,12,2,1,5,3,40.0,1,1
9,3,0,0,1,12,0,1,5,0,32.0,0,1
13,5,1,1,1,12,0,1,4,0,32.0,0,1
8,3,0,0,1,0,1,0,5,3,27.0,0,1
10,3,0,0,1,12,1,1,5,0,28.0,0,1
16,19,1,0,1,12,0,0,5,0,25.0,0,1
30,28,1,0,1,12,0,0,5,3,18.0,0,1
9,3,0,0,1,12,1,1,5,0,48.0,0,1
9,3,0,0,1,12,1,1,5,0,47.0,0,1
9,3,0,0,1,5,0,1,5,0,26.0,0,1
9,3,0,0,1,12,0,1,5,0,20.0,0,1
33,10,2,0,1,12,1,0,5,0,30.0,0,1
16,19,1,0,1,5,1,1,5,3,28.0,0,1
9,3,0,0,1,12,1,0,5,3,38.0,0,1
31,7,1,0,1,12,1,1,5,3,38.0,0,1
9,3,0,0,1,12,1,0,4,3,20.0,0,1
10,3,0,0,1,12,1,1,2,0,34.0,0,1
40,30,2,0,1,12,0,1,5,0,36.0,0,1
13,5,1,1,1,12,0,1,5,0,27.0,0,1
9,3,0,0,1,12,1,0,5,0,54.0,0,1
32,10,2,0,1,12,0,0,5,0,38.0,0,1
9,3,0,0,1,12,1,0,5,0,30.0,0,1
9,3,0,0,1,12,0,1,5,1,31.0,0,1
33,10,2,0,1,12,0,1,5,3,40.0,0,1
32,10,2,0,1,12,2,1,5,3,49.0,0,1
9,3,0,0,1,12,1,1,5,0,46.0,0,1
31,7,1,0,1,12,1,1,5,0,40.0,0,1
32,10,2,0,1,12,2,0,5,0,21.0,0,1
16,19,1,0,1,12,1,1,5,0,29.0,0,1
33,10,2,0,1,12,0,0,0,1,30.0,1,1
33,10,2,0,1,3,0,1,4,0,27.0,1,1
16,19,1,0,1,12,0,1,4,0,35.0,0,1
9,3,0,0,1,12,0,0,5,3,69.0,0,1
9,3,0,0,1,12,2,1,2,1,35.0,0,1
32,10,2,0,1,12,0,0,5,3,37.0,0,1
16,19,1,0,1,12,1,0,5,0,42.0,0,1
9,3,0,0,1,12,1,1,2,3,56.0,0,1
32,10,2,0,1,12,0,1,5,3,32.0,0,1
9,3,0,0,1,12,1,1,5,3,36.0,0,1
9,3,0,0,1,12,1,0,0,1,25.0,0,1
9,3,0,0,1,12,1,1,5,1,40.0,0,1
31,7,1,0,1,5,2,0,5,1,39.0,0,1
9,3,0,0,1,12,1,1,5,1,23.0,0,1
9,3,0,0,1,12,0,1,5,0,34.0,0,1
32,10,2,0,1,12,0,1,5,1,36.0,0,1
30,28,1,0,1,12,0,0,5,0,45.0,1,1
9,3,0,0,1,12,0,0,4,3,59.0,0,1
9,3,0,0,1,12,1,0,5,0,24.0,0,1
32,10,2,0,1,12,0,1,5,0,34.0,0,1
32,10,2,0,1,12,2,0,5,0,28.0,0,1
10,3,0,0,1,12,1,1,5,1,28.0,0,1
32,10,2,0,1,12,0,0,4,3,31.0,0,1
33,10,2,0,1,5,1,0,5,0,24.0,0,1
9,3,0,0,1,12,1,1,0,3,21.0,0,1
33,10,2,0,1,12,0,0,4,3,38.0,0,1
33,10,2,0,1,12,1,0,5,0,33.0,0,1
32,10,2,0,1,12,0,0,2,1,22.0,0,1
21,21,1,1,1,12,0,0,0,3,31.0,0,1
9,3,0,0,1,12,1,0,4,3,34.0,0,1
16,19,1,0,1,12,1,1,5,3,45.0,0,1
9,3,0,0,1,12,1,1,0,1,28.0,0,1
9,3,0,0,1,12,0,1,0,1,27.0,0,1
30,28,1,0,1,12,0,1,5,1,37.0,0,1
40,30,2,0,1,3,1,1,5,0,21.0,0,1
9,3,0,0,1,12,0,1,4,0,32.0,0,1
9,3,0,0,1,12,2,1,5,3,39.0,0,1
9,3,0,0,1,12,1,1,5,0,59.0,0,1
9,3,0,0,1,12,1,0,5,0,24.0,0,1
9,3,0,0,1,12,0,1,5,0,35.0,0,1
9,3,0,0,1,12,1,1,0,1,29.0,0,1
9,3,0,0,1,12,1,1,5,3,26.0,0,1
8,3,0,0,1,12,1,1,5,0,44.0,0,1
32,10,2,0,1,12,2,1,5,0,25.0,0,1
32,10,2,0,1,12,0,1,5,1,32.0,0,1
9,3,0,0,1,12,1,1,5,1,20.0,0,1
13,5,1,1,1,12,0,1,5,3,37.0,0,1
9,3,0,0,1,12,0,0,4,3,34.0,0,1
7,25,1,1,1,12,0,1,4,3,23.0,0,1
33,10,2,0,1,12,0,1,0,1,26.0,0,1
9,3,0,0,1,12,1,1,5,0,25.0,0,1
31,7,1,0,1,12,1,1,5,1,30.0,0,1
9,3,0,0,1,12,1,1,5,3,47.0,0,1
13,5,1,1,1,12,0,1,5,0,62.0,0,1
10,3,0,0,1,12,1,1,5,3,44.0,0,1
9,3,0,0,1,12,1,1,4,0,32.0,0,1
9,3,0,0,1,12,1,0,2,1,46.0,0,1
16,19,1,0,1,12,0,1,5,1,22.0,0,1
9,3,0,0,1,12,1,0,5,1,36.0,0,1
9,3,0,0,1,12,1,0,0,1,20.0,0,1
8,3,0,0,1,12,0,1,5,1,37.0,0,1
9,3,0,0,1,12,1,1,4,3,35.0,0,1
9,3,0,0,1,12,0,1,0,1,58.0,0,1
9,3,0,0,1,12,0,1,5,1,37.0,0,1
9,3,0,0,1,12,1,1,0,1,33.0,0,1
32,10,2,0,1,3,0,1,5,0,43.0,0,1
30,28,1,0,1,12,0,1,5,0,32.0,0,1
8,3,0,0,1,12,1,1,5,3,59.0,0,1
9,3,0,0,1,12,1,1,5,1,48.0,0,1
40,30,2,0,1,12,1,1,5,0,40.0,0,1
31,7,1,0,1,12,1,1,5,3,40.0,0,1
9,3,0,0,1,12,1,1,0,3,62.0,0,1
9,3,0,0,1,12,1,1,5,3,35.0,0,1
20,19,1,1,1,12,1,1,5,0,28.0,0,1
9,3,0,0,1,12,0,1,0,1,33.0,0,1
9,3,0,0,1,12,1,0,5,1,45.0,0,1
9,3,0,0,1,12,0,0,5,1,58.0,0,1
32,10,2,0,1,12,0,0,5,0,18.0,0,1
32,10,2,0,1,12,0,0,5,0,39.0,0,1
9,3,0,0,1,12,1,1,5,0,41.0,0,1
9,3,0,0,1,12,1,0,4,3,24.0,1,1
9,3,0,0,1,3,1,1,2,1,30.0,0,1
9,3,0,0,1,12,0,1,0,1,21.0,1,1
8,3,0,0,1,12,0,1,5,1,25.0,0,1
9,3,0,0,1,12,1,1,5,3,33.0,0,1
9,3,0,0,1,12,0,0,5,0,31.0,1,1
9,3,0,0,1,12,1,1,3,1,26.0,0,1
33,10,2,0,1,12,1,1,2,1,43.0,1,1
7,25,1,1,1,3,0,0,5,1,34.0,0,1
10,3,0,0,1,12,1,0,0,1,25.0,0,1
9,3,0,0,1,12,1,1,0,1,32.0,0,1
32,10,2,0,1,12,0,0,5,0,26.0,0,1
30,28,1,0,1,3,0,0,2,3,23.0,1,1
9,3,0,0,1,12,1,1,5,0,35.0,0,1
10,3,0,0,1,12,1,0,5,0,37.0,0,1
9,3,0,0,1,12,1,1,5,0,58.0,0,1
8,3,0,0,1,12,0,1,5,3,40.0,0,1
8,3,0,0,1,3,0,1,5,3,15.0,1,1
8,3,0,0,1,5,0,1,5,3,27.0,0,1
31,7,1,0,1,12,1,0,5,0,19.0,0,1
9,3,0,0,1,12,1,0,5,3,24.0,0,1
33,10,2,0,1,12,1,1,5,1,30.0,0,1
31,7,1,0,1,3,1,1,5,3,28.0,0,1
9,3,0,0,1,12,1,1,5,1,51.0,0,1
16,19,1,0,1,12,0,1,5,0,32.0,1,1
9,3,0,0,1,12,0,1,5,0,20.0,0,1
9,3,0,0,1,12,1,0,5,0,37.0,0,1
8,3,0,0,1,5,0,1,5,1,45.0,0,1
32,10,2,0,1,12,0,0,5,1,48.0,0,1
9,3,0,0,1,12,1,1,5,0,32.0,0,1
9,3,0,0,1,12,1,0,5,3,32.0,0,1
32,10,2,0,1,12,0,0,5,3,26.0,0,1
9,3,0,0,1,12,1,0,5,0,18.0,0,1
9,3,0,0,1,12,0,1,2,1,27.0,0,1
13,5,1,1,1,12,0,1,5,1,25.0,0,1
9,3,0,0,1,12,0,1,5,0,41.0,0,1
9,3,0,0,1,12,0,1,5,1,24.0,0,1
8,3,0,0,1,5,0,1,5,0,68.0,0,1
9,3,0,0,1,12,0,1,4,3,39.0,0,1
8,3,0,0,1,12,0,1,5,0,36.0,0,1
33,10,2,0,1,12,1,1,5,0,28.0,0,1
20,19,1,1,1,12,1,1,5,0,50.0,0,1
9,3,0,0,1,12,1,0,5,0,26.0,0,1
9,3,0,0,1,12,1,1,5,0,19.0,0,1
9,3,0,0,1,12,1,1,5,1,42.0,0,1
8,3,0,0,1,12,1,1,5,0,32.0,0,1
32,10,2,0,1,12,0,0,5,1,31.0,0,1
7,25,1,1,1,12,2,1,5,3,59.0,0,1
9,3,0,0,1,12,1,0,4,3,32.0,0,1
32,10,2,0,1,12,2,1,5,0,41.0,0,1
30,28,1,0,1,12,0,0,5,0,29.0,0,1
32,10,2,0,1,12,0,0,5,0,28.0,0,1
9,3,0,0,1,12,1,1,0,1,31.0,0,1
31,7,1,0,1,12,1,1,0,3,23.0,0,1
9,3,0,0,1,12,1,1,0,0,26.0,0,1
33,10,2,0,1,12,0,0,5,0,28.0,0,1
9,3,0,0,1,12,1,1,5,0,69.0,0,1
30,28,1,0,1,12,0,1,5,0,42.0,0,1
9,3,0,0,1,12,0,1,5,0,24.0,0,1
9,3,0,0,1,12,1,0,4,3,32.0,0,1
13,5,1,1,1,12,0,1,5,1,26.0,0,1
9,3,0,0,1,12,1,1,5,0,35.0,0,1
9,3,0,0,1,12,1,1,5,3,24.0,0,1
33,10,2,0,1,12,0,0,5,0,30.0,1,1
32,10,2,0,1,12,0,1,5,0,35.0,0,1
32,10,2,0,1,12,0,1,2,3,33.0,0,1
32,10,2,0,1,12,0,1,5,3,53.0,0,1
32,10,2,0,1,6,0,1,5,0,32.0,0,1
8,3,0,0,1,5,0,1,5,0,37.0,0,1
32,10,2,0,1,12,0,0,2,1,60.0,0,1
33,10,2,0,1,12,1,1,5,0,36.0,0,1
9,3,0,0,1,12,1,1,0,1,59.0,0,1
9,3,0,0,1,12,1,0,4,3,27.0,0,1
33,10,2,0,1,12,1,0,5,1,49.0,0,1
32,10,2,0,1,5,0,1,5,0,29.0,0,1
32,10,2,0,1,12,0,1,5,0,42.0,0,1
32,10,2,0,1,12,0,1,5,0,41.0,0,1
16,19,1,0,1,12,0,1,5,0,23.0,0,1
32,10,2,0,1,12,0,0,0,1,41.0,0,1
16,19,1,0,1,12,0,1,5,0,40.0,0,1
10,3,0,0,1,12,1,1,2,1,35.0,0,1
9,3,0,0,1,12,1,0,0,1,29.5,1,1
20,19,1,1,1,12,1,1,5,0,40.0,0,1
16,19,1,0,1,12,1,0,0,3,28.0,0,1
9,3,0,0,1,12,1,1,5,1,18.0,0,1
31,7,1,0,1,5,1,1,5,0,25.0,0,1
31,7,1,0,1,12,1,0,2,1,28.0,0,1
9,3,0,0,1,12,1,1,5,1,42.0,0,1
8,3,0,0,1,12,0,1,5,0,27.0,0,1
9,3,0,0,1,12,1,1,5,1,62.0,0,1
32,10,2,0,1,12,0,0,4,3,60.0,0,1
32,10,2,0,1,12,0,0,5,0,36.0,1,1
31,7,1,0,1,12,0,1,4,3,29.0,0,1
9,3,0,0,1,12,1,1,5,1,42.0,0,1
32,10,2,0,1,12,0,0,0,3,33.0,0,1
16,19,1,0,1,12,1,0,5,1,45.0,0,1
32,10,2,0,1,12,0,1,5,0,31.5,1,1
8,3,0,0,1,12,1,1,4,0,28.0,0,1
17,19,1,1,1,12,1,0,5,0,44.0,0,1
9,3,0,0,1,12,1,1,5,0,38.0,0,1
9,3,0,0,1,12,0,1,0,3,30.0,0,1
9,3,0,0,1,12,0,1,0,1,28.0,0,1
9,3,0,0,1,12,1,1,5,3,38.0,0,1
8,3,0,0,1,1,1,0,5,1,23.0,0,1
9,3,0,0,1,12,1,1,5,0,36.0,0,1
9,3,0,0,1,12,1,0,0,3,32.0,0,1
33,10,2,0,1,12,2,1,5,0,23.0,0,1
32,10,2,0,1,12,0,0,5,1,37.0,0,1
9,3,0,0,1,12,0,1,0,1,30.0,0,1
16,19,1,0,1,12,1,1,0,1,36.0,0,1
9,3,0,0,1,12,1,0,5,3,27.0,0,1
30,28,1,0,1,12,0,1,5,0,27.0,0,1
32,10,2,0,1,12,0,0,5,0,33.0,0,1
16,19,1,0,1,12,2,1,5,0,43.0,0,1
32,10,2,0,1,12,2,0,5,3,17.0,0,1
9,3,0,0,1,12,1,0,5,0,27.0,0,1
8,3,0,0,1,12,0,1,5,0,18.0,0,1
16,19,1,0,1,5,1,1,5,0,40.0,0,1
16,19,1,0,1,12,0,0,4,1,29.0,0,1
21,21,1,1,1,12,0,0,0,1,34.0,0,1
8,3,0,0,1,12,0,1,5,0,38.0,0,1
9,3,0,0,1,12,1,0,5,3,27.0,0,1
9,3,0,0,1,12,0,1,5,0,44.0,0,1
32,10,2,0,1,12,0,1,5,1,38.0,0,1
8,3,0,0,1,5,0,1,5,3,40.0,0,1
31,7,1,0,1,12,1,0,4,3,24.0,0,1
13,5,1,1,1,12,0,1,0,1,26.0,0,1
8,3,0,0,1,5,0,1,5,1,37.0,0,1
9,3,0,0,1,12,1,0,2,1,19.0,0,1
8,3,0,0,1,12,0,1,5,3,33.0,0,1
9,3,0,0,1,12,1,0,5,1,39.0,0,1
13,5,1,1,1,12,0,0,2,1,44.0,0,1
32,10,2,0,1,12,0,0,5,0,18.0,0,1
9,3,0,0,1,12,0,0,5,0,47.0,0,1
8,3,0,0,1,12,0,1,5,1,22.0,0,1
9,3,0,0,1,12,0,1,5,0,35.0,0,1
9,3,0,0,1,12,0,1,2,1,37.0,0,1
9,3,0,0,1,12,1,1,4,3,28.0,0,1
9,3,0,0,1,12,1,1,5,0,26.0,0,1
9,3,0,0,1,12,2,0,2,3,30.0,0,1
9,3,0,0,1,12,2,1,5,1,36.0,0,1
13,5,1,1,1,12,2,1,5,0,48.0,0,1
9,3,0,0,1,12,0,1,4,0,20.0,0,1
32,10,2,0,1,12,0,1,5,0,29.0,0,1
9,3,0,0,1,12,2,1,5,1,16.0,0,1
31,7,1,0,1,12,0,1,5,1,16.0,0,1
31,7,1,0,1,5,1,1,5,1,28.0,0,1
9,3,0,0,1,12,1,0,5,0,26.0,0,1
31,7,1,0,1,12,0,1,5,1,16.0,0,1
9,3,0,0,1,12,1,0,3,3,24.0,0,1
31,7,1,0,1,12,1,1,2,1,22.0,0,1
9,3,0,0,1,12,1,0,5,0,27.0,0,1
32,10,2,0,1,12,0,0,4,3,32.0,0,1
9,3,0,0,1,12,1,0,5,1,23.0,0,1
29,11,1,1,1,12,0,1,0,1,39.0,0,1
8,3,0,0,1,12,1,1,5,0,62.0,0,1
16,19,1,0,1,12,0,0,5,1,29.0,0,1
31,7,1,0,1,12,0,1,0,1,41.0,0,1
9,3,0,0,1,12,1,1,5,1,37.0,0,1
9,3,0,0,1,12,1,0,0,1,23.0,0,1
9,3,0,0,1,12,1,1,5,3,18.0,0,1
32,10,2,0,1,12,0,1,5,0,44.0,0,1
9,3,0,0,1,12,1,1,0,1,22.0,0,1
13,5,1,1,1,12,0,0,5,0,29.0,0,1
33,10,2,0,1,12,1,1,5,1,25.0,0,1
32,10,2,0,1,12,0,1,5,0,44.0,0,1
32,10,2,0,1,12,0,0,5,3,37.5,1,1
9,3,0,0,1,12,1,1,5,0,21.0,0,1
9,3,0,0,1,12,0,0,5,1,22.0,0,1
8,3,0,0,1,5,0,1,4,3,31.0,0,1
9,3,0,0,1,12,1,1,5,3,40.0,0,1
8,3,0,0,1,12,0,1,4,3,26.0,0,1
9,3,0,0,1,12,0,1,5,3,46.0,0,1
8,3,0,0,1,0,0,1,5,1,33.0,0,1
9,3,0,0,1,12,0,1,5,0,51.0,0,1
32,10,2,0,1,12,0,1,5,0,27.0,0,1
9,3,0,0,1,12,1,0,5,0,23.0,0,1
8,3,0,0,1,5,0,1,2,1,23.0,0,1
31,7,1,0,1,12,1,1,2,1,20.0,0,1
8,3,0,0,1,12,1,0,5,3,45.5,1,1
16,19,1,0,1,12,0,1,0,1,46.0,0,1
9,3,0,0,1,12,1,0,4,3,39.0,0,1
8,3,0,0,1,12,1,0,5,0,23.0,0,1
9,3,0,0,1,12,0,1,5,3,37.0,0,1
24,14,1,1,1,12,1,1,5,0,44.0,0,1
16,19,1,0,1,12,1,1,5,0,26.0,0,1
45,13,0,0,0,12,0,1,0,1,23.0,0,1
49,0,2,0,0,12,2,0,0,1,42.0,0,1
49,0,2,0,0,12,0,1,0,1,34.0,0,1
47,29,2,0,0,1,1,1,5,2,20.0,1,1
31,7,1,0,1,12,0,1,0,1,40.0,0,1
10,3,0,0,1,12,0,1,0,1,28.0,0,1
9,3,0,0,1,12,0,1,0,2,37.0,0,1
25,14,1,1,1,12,0,1,5,1,41.0,0,1
18,19,1,1,1,12,1,1,4,1,48.0,0,1
31,7,1,0,1,12,1,1,4,0,23.0,0,1
31,7,1,0,1,12,0,1,2,1,48.0,0,1
13,5,1,1,1,12,2,1,5,0,28.0,0,1
15,19,1,0,1,12,1,1,5,1,40.0,0,1
2,18,0,0,1,12,0,1,5,0,22.0,0,1
3,26,0,0,1,12,0,1,5,1,15.0,0,1
13,5,1,1,1,12,0,1,5,0,32.0,0,1
9,3,0,0,1,12,1,1,2,1,40.0,0,1
9,3,0,0,1,12,0,0,4,3,28.0,0,1
16,19,1,0,1,12,1,0,5,0,47.0,0,1
49,0,2,0,0,12,0,1,5,0,41.0,0,1
9,3,0,0,1,12,0,0,5,0,25.0,0,1
16,19,1,0,1,12,0,1,2,1,36.0,0,1
8,3,0,0,1,12,0,1,5,0,38.0,0,1
16,19,1,0,1,12,0,1,5,3,32.0,0,1
9,3,0,0,1,12,0,0,2,2,25.0,1,1
9,3,0,0,1,12,0,0,5,0,30.0,0,1
9,3,0,0,1,12,0,0,4,3,24.0,0,1
9,3,0,0,1,12,1,0,5,0,30.0,0,1
30,28,1,0,1,12,0,1,5,0,32.0,0,1
32,10,2,0,1,12,0,1,5,1,58.0,0,1
9,3,0,0,1,12,0,0,0,1,37.0,0,1
29,11,1,1,1,12,2,0,5,1,15.0,0,1
9,3,0,0,1,12,0,1,5,0,29.0,0,1
9,3,0,0,1,12,0,1,5,0,36.0,0,1
32,10,2,0,1,12,0,1,5,1,58.0,0,1
9,3,0,0,1,12,0,1,5,0,29.0,0,1
9,3,0,0,1,12,0,1,5,1,34.0,0,1
9,3,0,0,1,0,1,0,5,0,21.0,0,1
32,10,2,0,1,12,0,1,2,1,43.0,0,1
16,19,1,0,1,12,1,1,5,1,53.0,0,1
31,7,1,0,1,12,2,0,5,1,17.0,0,1
9,3,0,0,1,12,0,1,5,0,44.0,0,1
16,19,1,0,1,12,1,1,5,1,34.0,0,1
16,19,1,0,1,12,1,1,5,1,34.0,0,1
16,19,1,0,1,12,0,0,5,1,21.0,0,1
13,5,1,1,1,12,0,1,5,1,43.0,0,1
16,19,1,0,1,12,0,0,5,1,59.0,0,1
9,3,0,0,1,12,0,1,2,1,56.0,0,1
9,3,0,0,1,12,0,0,5,0,44.0,0,1
9,3,0,0,1,12,0,1,5,1,25.0,0,1
16,19,1,0,1,12,0,1,5,0,31.0,0,1
9,3,0,0,1,12,0,1,5,0,41.0,0,1
16,19,1,0,1,12,1,1,5,0,32.0,0,1
16,19,1,0,1,12,1,1,5,0,36.0,0,1
16,19,1,0,1,12,1,0,5,1,28.0,0,1
8,3,0,0,1,12,0,0,5,0,43.0,0,1
16,19,1,0,1,12,1,1,5,1,36.0,0,1
16,19,1,0,1,12,0,0,5,0,33.0,0,1
21,21,1,1,1,6,0,1,5,0,38.0,0,1
16,19,1,0,1,12,1,1,5,0,20.0,0,1
8,3,0,0,1,12,0,0,2,3,24.0,0,1
9,3,0,0,1,12,0,1,5,0,29.0,0,1
16,19,1,0,1,12,1,1,5,1,60.0,0,1
8,3,0,0,1,0,0,0,5,0,25.0,0,1
13,5,1,1,1,12,0,1,5,1,32.0,0,1
32,10,2,0,1,12,0,0,4,3,40.0,0,1
6,26,0,0,1,12,0,1,5,1,20.0,0,1
16,19,1,0,1,12,0,1,5,3,41.0,0,1
20,19,1,1,1,12,0,1,5,0,34.0,0,1
20,19,1,1,1,12,0,1,5,0,31.0,0,1
9,3,0,0,1,12,0,0,5,0,46.0,0,1
20,19,1,1,1,12,1,1,5,0,49.0,0,1
9,3,0,0,1,12,0,1,5,0,24.0,0,1
9,3,0,0,1,12,0,0,5,0,27.0,0,1
32,10,2,0,1,12,0,1,5,3,36.0,0,1
8,3,0,0,1,12,0,1,5,0,29.0,0,1
9,3,0,0,1,12,0,1,5,0,36.0,0,1
9,3,0,0,1,12,0,1,4,3,53.0,0,1
9,3,0,0,1,12,2,0,4,3,16.0,0,1
23,14,1,1,1,12,0,1,5,0,27.0,0,1
49,0,2,0,0,12,0,1,5,0,43.0,0,1
31,7,1,0,1,12,2,1,5,1,16.0,0,1
24,14,1,1,1,12,2,1,5,1,16.0,0,1
9,3,0,0,1,12,0,1,5,1,42.0,0,1
16,19,1,0,1,12,1,0,5,0,31.0,0,1
9,3,0,0,1,0,0,0,5,0,41.0,0,1
8,3,0,0,1,5,0,0,5,0,20.0,0,1
16,19,1,0,1,12,1,0,4,3,39.0,0,1
7,25,1,1,1,5,0,1,5,1,46.0,0,1
9,3,0,0,1,12,1,0,5,0,49.0,0,1
10,3,0,0,1,12,2,1,5,0,13.0,0,1
32,10,2,0,1,12,2,1,5,0,15.0,0,1
16,19,1,0,1,12,0,1,5,1,34.0,0,1
18,19,1,1,1,12,0,0,5,0,36.0,0,1
9,3,0,0,1,12,0,1,5,0,51.0,0,1
8,3,0,0,1,6,0,1,5,0,21.0,0,1
9,3,0,0,1,12,0,1,4,0,50.0,0,1
9,3,0,0,1,12,0,1,5,0,30.0,0,1
31,7,1,0,1,12,0,1,5,1,28.0,0,1
8,3,0,0,1,12,0,0,5,0,39.0,0,1
16,19,1,0,1,12,0,0,5,3,36.0,0,1
9,3,0,0,1,12,0,0,5,0,34.0,0,1
30,28,1,0,1,12,0,1,5,0,23.0,0,1
9,3,0,0,1,12,0,1,5,1,51.0,0,1
16,19,1,0,1,12,0,1,5,0,25.0,0,1
30,28,1,0,1,12,0,1,5,0,46.0,0,1
8,3,0,0,1,12,0,1,5,0,23.0,0,1
33,10,2,0,1,12,2,0,5,0,13.0,0,1
16,19,1,0,1,12,1,0,5,1,56.0,0,1
16,19,1,0,1,12,1,1,5,0,36.0,0,1
16,19,1,0,1,12,0,1,5,0,34.0,0,1
9,3,0,0,1,12,2,1,4,3,13.333333333333334,1,1
32,10,2,0,1,12,0,0,5,0,29.0,0,1
16,19,1,0,1,12,1,1,5,0,30.0,0,1
32,10,2,0,1,12,2,1,5,0,16.0,0,1
40,30,2,0,1,5,2,1,2,1,16.0,0,1
16,19,1,0,1,12,0,1,5,1,54.0,0,1
8,3,0,0,1,12,0,1,5,0,35.0,0,1
32,10,2,0,1,12,2,0,5,0,14.0,0,1
16,19,1,0,1,12,0,1,5,0,34.0,0,1
8,3,0,0,1,12,0,1,5,0,34.0,0,1
16,19,1,0,1,12,0,0,5,0,38.0,1,1
16,19,1,0,1,12,1,0,2,1,41.0,0,1
32,10,2,0,1,12,2,0,5,0,12.5,1,1
13,5,1,1,1,12,0,1,5,1,28.0,0,1
33,10,2,0,1,12,1,1,5,0,35.0,0,1
30,28,1,0,1,12,0,1,5,1,25.0,0,1
9,3,0,0,1,12,0,0,5,0,29.0,0,1
23,14,1,1,1,12,0,1,5,1,27.0,0,1
13,5,1,1,1,12,0,1,5,0,37.5,1,1
9,3,0,0,1,12,0,1,5,0,24.0,0,1
13,5,1,1,1,12,0,1,5,0,15.0,0,1
9,3,0,0,1,12,0,1,5,0,27.0,0,1
20,19,1,1,1,12,0,1,5,1,32.0,0,1
45,13,0,0,0,12,0,0,5,1,38.0,0,1
8,3,0,0,1,12,0,1,5,0,25.0,0,1
33,10,2,0,1,12,0,1,5,1,35.0,0,1
9,3,0,0,1,12,0,1,0,1,38.0,0,1
8,3,0,0,1,12,0,1,0,1,27.0,0,1
9,3,0,0,1,12,0,1,0,1,31.0,0,1
31,7,1,0,1,12,2,1,5,1,43.0,0,1
9,3,0,0,1,12,0,0,0,1,35.0,1,1
10,3,0,0,1,12,0,1,0,1,36.0,0,1
10,3,0,0,1,12,0,0,0,1,37.0,0,1
18,19,1,1,1,12,0,1,5,1,28.0,0,1
9,3,0,0,1,12,0,1,0,1,34.0,0,1
9,3,0,0,1,12,0,1,5,1,35.0,0,1
16,19,1,0,1,12,2,1,0,1,40.0,0,1
32,10,2,0,1,12,2,0,5,0,23.0,0,1
30,28,1,0,1,12,0,1,0,1,57.0,0,1
32,10,2,0,1,12,2,1,5,1,38.0,0,1
16,19,1,0,1,12,0,0,0,1,35.0,0,1
16,19,1,0,1,12,2,0,0,1,31.0,0,1
16,19,1,0,1,12,0,1,5,1,41.0,0,1
9,3,0,0,1,12,0,0,5,1,42.0,0,1
32,10,2,0,1,12,2,0,5,0,52.0,0,1
8,3,0,0,1,12,0,1,5,1,43.0,0,1
32,10,2,0,1,12,0,0,0,1,34.0,0,1
32,10,2,0,1,12,0,0,5,1,37.0,0,1
9,3,0,0,1,12,1,0,0,1,60.0,0,1
9,3,0,0,1,12,0,1,5,1,42.0,0,1
8,3,0,0,1,5,0,1,0,1,30.0,0,1
16,19,1,0,1,12,1,1,5,1,31.0,0,1
8,3,0,0,1,12,0,0,0,1,33.0,0,1
16,19,1,0,1,12,2,0,5,1,41.0,0,1
9,3,0,0,1,12,2,0,0,1,28.0,0,1
16,19,1,0,1,12,0,1,5,1,53.0,0,1
32,10,2,0,1,12,2,1,0,0,34.0,0,1
32,10,2,0,1,12,0,0,0,1,37.0,0,1
9,3,0,0,1,12,2,0,0,1,38.0,0,1
9,3,0,0,1,12,2,1,0,1,54.0,0,1
16,19,1,0,1,12,0,1,5,1,36.0,0,1
2,18,0,0,1,5,0,1,5,1,23.0,0,1
16,19,1,0,1,12,0,0,0,1,32.0,0,1
8,3,0,0,1,1,0,1,0,1,30.0,0,1
31,7,1,0,1,12,0,0,0,1,34.0,0,1
9,3,0,0,1,12,0,0,0,1,52.0,0,1
7,25,1,1,1,0,0,1,5,0,16.0,1,1
31,7,1,0,1,12,0,1,0,1,47.0,0,1
16,19,1,0,1,12,0,1,0,1,49.0,1,1
33,10,2,0,1,12,0,0,0,1,45.0,0,1
9,3,0,0,1,12,2,1,0,1,32.0,0,1
16,19,1,0,1,12,0,1,5,0,34.0,0,1
9,3,0,0,1,12,2,1,0,1,55.0,0,1
33,10,2,0,1,12,0,0,5,0,40.0,0,1
16,19,1,0,1,12,0,1,0,1,41.0,0,1
8,3,0,0,1,12,2,1,0,1,35.0,0,1
16,19,1,0,1,12,2,1,0,1,60.0,0,1
9,3,0,0,1,12,2,1,5,0,19.0,0,1
9,3,0,0,1,12,1,0,0,1,38.0,0,1
16,19,1,0,1,12,1,0,0,1,33.0,0,1
31,7,1,0,1,12,1,1,0,1,18.0,0,1
16,19,1,0,1,12,0,1,0,1,24.0,0,1
31,7,1,0,1,12,2,1,0,1,50.0,0,1
9,3,0,0,1,12,0,1,0,1,28.0,0,1
16,19,1,0,1,12,0,0,5,1,43.0,0,1
13,5,1,1,1,12,0,1,0,1,30.0,0,1
8,3,0,0,1,12,0,0,0,1,44.0,0,1
8,3,0,0,1,12,2,1,0,1,18.0,0,1
9,3,0,0,1,12,0,0,0,1,23.0,0,1
16,19,1,0,1,12,0,0,5,1,19.0,0,1
8,3,0,0,1,12,0,1,0,1,36.0,0,1
32,10,2,0,1,12,0,1,0,1,38.0,0,1
32,10,2,0,1,12,0,1,0,0,34.0,0,1
16,19,1,0,1,12,2,1,0,1,39.0,0,1
9,3,0,0,1,12,1,1,0,1,38.0,0,1
8,3,0,0,1,0,0,1,0,1,32.0,0,1
40,30,2,0,1,3,1,1,0,1,18.0,0,1
9,3,0,0,1,12,2,1,5,1,24.0,0,1
9,3,0,0,1,12,0,1,5,0,23.0,0,1
8,3,0,0,1,12,2,1,0,1,22.0,0,1
8,3,0,0,1,12,0,1,0,1,41.0,0,1
9,3,0,0,1,12,2,0,5,1,40.0,0,1
9,3,0,0,1,12,2,1,5,0,26.0,0,1
9,3,0,0,1,12,2,1,0,1,22.0,0,1
16,19,1,0,1,12,0,0,5,1,45.0,0,1
9,3,0,0,1,12,1,0,5,1,45.0,0,1
16,19,1,0,1,12,2,0,0,0,29.0,1,1
9,3,0,0,1,12,2,1,5,0,22.0,0,1
31,7,1,0,1,12,1,0,0,1,36.0,0,1
31,7,1,0,1,12,2,1,5,1,45.0,0,1
8,3,0,0,1,12,0,0,0,1,28.0,0,1
9,3,0,0,1,12,0,1,0,1,38.0,0,1
8,3,0,0,1,12,2,1,0,1,29.0,0,1
9,3,0,0,1,12,0,0,0,1,36.0,0,1
16,19,1,0,1,12,2,1,0,1,48.0,0,1
8,3,0,0,1,12,0,1,5,1,49.0,0,1
31,7,1,0,1,12,0,0,0,1,23.0,0,1
9,3,0,0,1,12,0,0,0,1,32.0,0,1
9,3,0,0,1,12,0,0,0,1,29.0,0,1
8,3,0,0,1,12,2,1,0,1,33.0,0,1
40,30,2,0,1,12,2,1,0,1,30.0,0,1
9,3,0,0,1,12,2,1,0,1,32.0,0,1
9,3,0,0,1,12,0,1,0,1,26.0,0,1
33,10,2,0,1,12,0,1,0,1,50.0,0,1
16,19,1,0,1,12,1,0,0,1,20.0,0,1
31,7,1,0,1,12,2,1,4,1,60.0,0,1
8,3,0,0,1,5,0,1,0,1,39.0,0,1
31,7,1,0,1,12,0,1,5,2,19.0,0,1
32,10,2,0,1,12,2,1,5,0,48.0,0,1
9,3,0,0,1,12,2,1,0,1,23.0,0,1
9,3,0,0,1,12,1,0,0,1,20.0,0,1
9,3,0,0,1,12,2,1,0,1,37.0,0,1
10,3,0,0,1,12,1,1,0,1,34.0,0,1
21,21,1,1,1,12,1,1,0,1,60.0,0,1
9,3,0,0,1,12,2,0,5,2,27.0,0,1
32,10,2,0,1,12,2,1,5,2,44.0,0,1
47,29,2,0,0,12,0,0,5,1,42.0,0,1
13,5,1,1,1,12,0,0,5,1,31.0,0,1
9,3,0,0,1,12,0,1,5,1,24.0,0,1
9,3,0,0,1,12,1,0,5,0,11.0,0,1
21,21,1,1,1,12,2,1,5,0,28.0,0,1
9,3,0,0,1,12,0,1,5,0,30.0,0,1
32,10,2,0,1,12,0,1,5,1,38.0,0,1
32,10,2,0,1,12,0,1,5,0,31.0,0,1
9,3,0,0,1,12,0,0,5,1,36.0,0,1
13,5,1,1,1,12,0,1,5,0,41.0,0,1
9,3,0,0,1,12,0,1,5,0,18.0,0,1
8,3,0,0,1,12,0,1,5,0,44.0,0,1
40,30,2,0,1,12,1,1,5,0,28.0,0,1
9,3,0,0,1,12,0,1,5,1,34.0,0,1
9,3,0,0,1,12,1,1,2,1,67.0,0,1
8,3,0,0,1,12,0,1,5,1,36.0,0,1
22,6,1,0,1,12,0,0,5,1,60.0,0,1
9,3,0,0,1,12,1,1,5,0,48.0,0,1
9,3,0,0,1,12,2,1,5,0,38.0,0,1
9,3,0,0,1,12,0,1,5,0,45.0,0,1
9,3,0,0,1,12,0,1,5,0,28.0,0,1
16,19,1,0,1,12,2,1,5,0,47.0,0,1
13,5,1,1,1,12,2,1,5,0,25.0,0,1
18,19,1,1,1,12,1,1,5,0,17.0,0,1
8,3,0,0,1,10,2,1,4,2,41.0,0,1
43,8,2,0,0,12,2,0,0,1,22.0,0,1
9,3,0,0,1,12,1,0,0,1,18.0,0,1
9,3,0,0,1,12,1,1,0,1,36.666666666666664,1,1
9,3,0,0,1,12,2,1,0,1,56.0,0,1
32,10,2,0,1,12,2,1,0,1,50.5,1,1
8,3,0,0,1,12,1,1,0,1,18.0,0,1
9,3,0,0,1,12,1,1,0,1,53.0,0,1
9,3,0,0,1,12,2,1,0,1,24.0,0,1
45,13,0,0,0,12,0,0,0,1,32.0,0,1
9,3,0,0,1,12,1,1,0,1,40.0,0,1
9,3,0,0,1,12,0,0,0,1,34.0,0,1
16,19,1,0,1,12,1,1,5,0,36.0,0,1
16,19,1,0,1,12,0,0,0,1,41.0,0,1
9,3,0,0,1,12,0,0,0,1,36.0,0,1
9,3,0,0,1,12,0,0,5,0,20.0,0,1
9,3,0,0,1,12,1,1,4,0,30.0,0,1
9,3,0,0,1,12,0,1,5,0,63.0,0,1
16,19,1,0,1,12,1,0,0,1,26.0,0,1
10,3,0,0,1,12,0,0,0,1,39.0,0,1
49,0,2,0,0,12,2,0,0,1,33.0,0,1
9,3,0,0,1,12,0,1,0,1,31.0,0,1
9,3,0,0,1,12,1,1,0,1,23.5,1,1
9,3,0,0,1,12,1,1,0,1,30.0,0,1
13,5,1,1,1,12,0,1,5,1,50.0,0,1
16,19,1,0,1,12,1,1,0,2,32.0,0,1
16,19,1,0,1,12,1,1,0,2,32.0,0,1
16,19,1,0,1,12,0,1,0,2,32.0,0,1
16,19,1,0,1,12,1,1,2,1,38.0,0,1
9,3,0,0,1,12,1,0,5,0,45.0,0,1
9,3,0,0,1,12,1,1,0,1,29.0,0,1
8,3,0,0,1,12,0,0,0,1,20.0,0,1
8,3,0,0,1,12,0,1,0,1,35.0,0,1
31,7,1,0,1,12,1,1,0,1,24.0,0,1
33,10,2,0,1,12,0,0,0,1,36.0,0,1
31,7,1,0,1,12,1,1,5,0,26.0,0,1
9,3,0,0,1,12,0,1,0,1,23.0,0,1
9,3,0,0,1,12,1,0,0,1,33.0,0,1
33,10,2,0,1,12,1,1,0,1,26.0,0,1
32,10,2,0,1,12,0,1,0,1,34.0,0,1
16,19,1,0,1,12,1,0,0,1,35.0,0,1
9,3,0,0,1,12,1,1,0,1,38.0,0,1
9,3,0,0,1,12,1,0,0,1,43.0,0,1
9,3,0,0,1,12,1,1,4,3,59.0,0,1
32,10,2,0,1,12,0,1,5,0,40.0,0,1
16,19,1,0,1,12,1,1,0,1,31.0,0,1
16,19,1,0,1,12,0,1,0,1,34.0,0,1
9,3,0,0,1,12,0,1,0,2,42.0,0,1
6,26,0,0,1,12,0,1,0,0,33.0,0,1
9,3,0,0,1,12,0,0,0,1,39.0,0,1
31,7,1,0,1,12,0,0,0,1,30.0,0,1
16,19,1,0,1,12,1,1,0,1,41.0,0,1
16,19,1,0,1,12,0,1,0,1,37.0,0,1
9,3,0,0,1,12,1,1,0,1,52.0,0,1
16,19,1,0,1,12,0,1,0,1,36.0,0,1
9,3,0,0,1,12,1,1,0,1,28.0,0,1
9,3,0,0,1,12,1,0,0,1,18.0,0,1
9,3,0,0,1,12,1,1,0,2,36.0,0,1
9,3,0,0,1,12,1,1,0,1,23.0,0,1
8,3,0,0,1,12,0,1,0,1,23.0,0,1
9,3,0,0,1,12,0,0,0,1,42.0,0,1
16,19,1,0,1,12,1,1,0,1,31.0,0,1
9,3,0,0,1,12,1,0,0,2,25.0,0,1
8,3,0,0,1,12,0,0,0,1,28.0,0,1
9,3,0,0,1,12,1,1,0,1,39.0,0,1
9,3,0,0,1,12,1,0,0,1,32.0,0,1
7,25,1,1,1,12,0,1,5,0,44.0,0,1
16,19,1,0,1,12,1,1,0,1,30.0,0,1
9,3,0,0,1,12,1,1,0,1,29.0,0,1
16,19,1,0,1,12,1,0,0,1,26.0,0,1
9,3,0,0,1,12,0,0,0,1,24.0,0,1
9,3,0,0,1,12,0,1,5,2,30.0,0,1
9,3,0,0,1,12,1,1,0,2,17.0,0,1
9,3,0,0,1,12,0,0,0,1,28.0,0,1
9,3,0,0,1,12,1,1,0,1,40.0,0,1
9,3,0,0,1,12,0,1,0,2,51.0,0,1
9,3,0,0,1,12,1,1,0,1,39.0,0,1
32,10,2,0,1,12,0,0,0,1,19.0,0,1
32,10,2,0,1,12,0,0,0,2,33.0,0,1
9,3,0,0,1,12,1,1,0,1,20.0,0,1
9,3,0,0,1,12,0,0,0,1,60.0,0,1
8,3,0,0,1,12,0,1,0,1,37.0,0,1
9,3,0,0,1,12,1,0,0,2,18.0,0,1
9,3,0,0,1,12,1,1,0,1,40.0,0,1
13,5,1,1,1,12,0,1,0,1,40.0,0,1
16,19,1,0,1,12,1,0,0,1,25.0,0,1
16,19,1,0,1,12,1,1,0,1,50.0,0,1
9,3,0,0,1,12,1,1,0,1,33.0,0,1
9,3,0,0,1,12,0,0,0,1,23.0,0,1
16,19,1,0,1,12,1,1,0,1,38.0,0,1
4,26,0,0,1,12,0,1,2,1,24.0,0,1
9,3,0,0,1,12,0,1,5,0,43.0,0,1
47,29,2,0,0,12,0,1,5,1,32.0,0,1
44,9,2,0,0,12,2,0,0,1,26.0,0,1
9,3,0,0,1,12,2,0,0,1,37.0,0,1
9,3,0,0,1,12,2,1,0,1,51.0,0,1
32,10,2,0,1,12,1,0,5,0,41.5,1,1
32,10,2,0,1,12,1,1,5,1,45.0,0,1
49,0,2,0,0,12,0,1,0,1,22.0,0,1
32,10,2,0,1,12,0,0,5,2,26.0,0,1
32,10,2,0,1,12,1,0,5,2,41.0,0,1
32,10,2,0,1,12,0,1,5,2,36.0,0,1
16,19,1,0,1,12,0,1,5,2,41.0,0,1
20,19,1,1,1,12,1,1,5,2,57.0,0,1
9,3,0,0,1,12,0,1,5,2,26.0,0,1
9,3,0,0,1,12,1,0,5,0,79.0,0,1
20,19,1,1,1,12,2,0,5,0,28.0,0,1
9,3,0,0,1,12,2,0,5,1,30.0,0,1
9,3,0,0,1,12,2,0,5,1,71.0,0,1
31,7,1,0,1,12,1,1,5,0,15.0,0,1
18,19,1,1,1,12,0,1,5,1,58.0,0,1
30,28,1,0,1,12,0,0,0,1,30.0,0,1
13,5,1,1,1,12,2,1,5,1,43.0,0,1
8,3,0,0,1,0,0,0,5,1,23.0,0,1
9,3,0,0,1,12,0,1,2,1,26.0,0,1
32,10,2,0,1,12,0,1,0,1,45.0,0,1
8,3,0,0,1,12,0,1,0,1,35.0,0,1
9,3,0,0,1,12,2,0,0,1,25.0,0,1
9,3,0,0,1,12,2,1,0,1,36.0,0,1
32,10,2,0,1,12,2,0,5,0,37.0,0,1
2,18,0,0,1,12,0,1,5,1,58.0,0,1
9,3,0,0,1,12,2,0,5,1,30.0,0,1
16,19,1,0,1,12,0,1,4,3,34.0,0,1
9,3,0,0,1,12,0,1,0,1,33.0,0,1
40,30,2,0,1,3,0,1,4,3,26.0,0,1
31,7,1,0,1,12,0,1,5,1,33.0,0,1
8,3,0,0,1,12,0,1,5,0,56.0,0,1
9,3,0,0,1,12,0,1,5,0,56.0,0,1
9,3,0,0,1,12,1,1,5,1,15.0,0,1
9,3,0,0,1,12,0,0,5,2,29.0,0,1
40,30,2,0,1,3,0,1,5,1,35.0,0,1
9,3,0,0,1,12,0,1,5,0,26.0,0,1
9,3,0,0,1,12,0,0,0,1,27.0,0,1
9,3,0,0,1,12,1,0,5,1,12.0,0,1
16,19,1,0,1,12,2,0,0,1,35.0,0,1
9,3,0,0,1,12,0,0,5,1,31.0,0,1
9,3,0,0,1,12,0,1,0,1,43.0,0,1
9,3,0,0,1,12,0,1,5,0,52.0,0,1
9,3,0,0,1,12,2,1,0,1,35.0,0,1
31,7,1,0,1,12,1,1,5,1,42.0,0,1
32,10,2,0,1,12,0,1,5,1,38.0,0,1
9,3,0,0,1,12,0,1,0,0,44.0,0,1
9,3,0,0,1,12,0,1,5,1,52.0,0,1
9,3,0,0,1,12,0,1,0,1,24.0,0,1
49,0,2,0,0,12,0,1,0,1,22.0,0,1
8,3,0,0,1,12,0,1,0,1,37.0,0,1
9,3,0,0,1,12,0,1,0,0,33.0,0,1
9,3,0,0,1,12,0,1,5,1,48.0,0,1
8,3,0,0,1,8,0,1,5,1,78.0,0,1
9,3,0,0,1,12,1,0,0,1,15.0,0,1
31,7,1,0,1,12,1,0,5,0,26.0,0,1
2,18,0,0,1,12,0,1,5,1,63.0,0,1
33,10,2,0,1,12,0,1,4,0,39.0,0,1
9,3,0,0,1,12,0,0,5,1,22.0,0,1
24,14,1,1,1,12,1,1,5,1,13.0,0,1
8,3,0,0,1,12,2,1,5,1,48.0,0,1
33,10,2,0,1,12,1,1,5,1,32.0,0,1
9,3,0,0,1,12,0,1,0,1,31.0,0,1
9,3,0,0,1,12,0,1,0,1,29.0,0,1
9,3,0,0,1,12,0,1,5,0,33.0,0,1
16,19,1,0,1,12,0,0,0,1,34.0,0,1
9,3,0,0,1,12,0,1,0,1,44.0,0,1
9,3,0,0,1,12,0,1,0,1,24.0,0,1
9,3,0,0,1,12,0,1,0,1,44.0,0,1
9,3,0,0,1,12,0,1,5,1,21.0,0,1
40,30,2,0,1,1,0,1,5,1,25.0,0,1
30,28,1,0,1,12,0,1,5,0,50.0,0,1
3,26,0,0,1,12,2,1,5,1,29.0,0,1
9,3,0,0,1,12,0,1,5,1,58.0,0,1
33,10,2,0,1,12,0,1,5,0,26.0,0,1
31,7,1,0,1,12,1,1,3,1,59.0,0,1
9,3,0,0,1,12,0,1,0,1,62.0,0,1
9,3,0,0,1,12,2,1,4,2,19.0,0,1
24,14,1,1,1,12,0,1,0,1,36.0,0,1
43,8,2,0,0,12,0,1,0,1,41.0,0,1
43,8,2,0,0,12,0,0,0,1,41.0,0,1
8,3,0,0,1,5,0,1,0,1,33.0,0,1
8,3,0,0,1,5,0,1,5,0,34.0,0,1
2,18,0,0,1,12,2,0,5,0,29.5,1,1
30,28,1,0,1,12,0,1,5,0,41.0,0,1
32,10,2,0,1,12,0,1,5,0,42.0,0,1
32,10,2,0,1,12,2,0,5,0,36.0,0,1
9,3,0,0,1,12,0,1,5,0,34.0,0,1
32,10,2,0,1,12,0,0,5,0,29.0,0,1
32,10,2,0,1,12,0,1,5,0,57.0,0,1
32,10,2,0,1,12,2,0,5,0,33.0,0,1
24,14,1,1,1,3,0,1,5,0,35.5,1,1
9,3,0,0,1,12,0,1,0,3,20.0,0,1
32,10,2,0,1,12,2,0,0,1,38.0,0,1
8,3,0,0,1,12,2,0,0,1,41.0,0,1
49,0,2,0,0,12,2,0,0,1,23.0,0,1
9,3,0,0,1,12,2,1,0,1,28.0,0,1
49,0,2,0,0,12,2,1,0,1,37.0,0,1
9,3,0,0,1,12,2,0,0,1,51.0,0,1
43,8,2,0,0,12,2,1,0,1,35.0,0,1
21,21,1,1,1,12,2,0,0,1,30.0,0,1
32,10,2,0,1,12,2,1,0,1,32.0,0,1
8,3,0,0,1,12,2,1,0,1,29.0,0,1
9,3,0,0,1,12,2,0,0,1,27.0,0,1
21,21,1,1,1,12,2,1,0,1,30.0,0,1
32,10,2,0,1,12,1,1,5,2,22.0,0,1
13,5,1,1,1,12,1,1,5,0,15.0,0,1
0,16,0,0,1,3,2,1,5,0,17.0,0,1
8,3,0,0,1,3,2,1,5,0,22.0,0,1
9,3,0,0,1,12,1,1,5,0,33.0,0,1
9,3,0,0,1,12,1,1,5,0,20.0,0,1
40,30,2,0,1,3,2,1,5,1,26.0,0,1
9,3,0,0,1,12,2,1,5,0,30.0,0,1
40,30,2,0,1,3,1,1,5,0,20.0,0,1
9,3,0,0,1,12,2,1,5,1,43.0,0,1
30,28,1,0,1,12,2,1,5,0,47.0,0,1
9,3,0,0,1,12,2,1,5,1,32.0,0,1
40,30,2,0,1,3,2,1,4,3,39.0,0,1
8,3,0,0,1,0,2,1,5,0,29.0,0,1
9,3,0,0,1,12,1,1,5,0,46.0,0,1
30,28,1,0,1,3,2,1,5,1,52.0,0,1
10,3,0,0,1,12,1,0,0,1,52.0,1,1
30,28,1,0,1,12,2,0,5,0,27.0,0,1
16,19,1,0,1,12,2,1,5,0,23.0,0,1
9,3,0,0,1,12,1,1,5,0,25.0,0,1
9,3,0,0,1,12,2,1,5,0,24.0,0,1
32,10,2,0,1,12,2,1,5,0,24.0,1,1
9,3,0,0,1,12,2,0,5,0,26.0,1,1
9,3,0,0,1,12,2,1,5,1,21.0,0,1
9,3,0,0,1,12,2,0,5,0,25.0,0,1
20,19,1,1,1,12,2,1,5,1,21.0,0,1
9,3,0,0,1,12,1,1,2,3,29.0,0,1
9,3,0,0,1,12,1,1,5,0,44.0,0,1
9,3,0,0,1,12,1,1,5,3,47.0,0,1
29,11,1,1,1,12,2,0,5,0,25.0,0,1
7,25,1,1,1,12,2,1,2,0,42.0,0,1
8,3,0,0,1,4,2,1,5,1,34.0,0,1
9,3,0,0,1,12,2,0,5,0,21.0,0,1
9,3,0,0,1,12,1,1,5,0,47.0,0,1
30,28,1,0,1,3,2,1,5,1,38.0,0,1
33,10,2,0,1,12,2,0,5,1,39.0,0,1
30,28,1,0,1,12,2,1,5,0,33.0,0,1
9,3,0,0,1,12,1,1,5,0,21.0,0,1
31,7,1,0,1,12,1,1,5,0,23.0,0,1
8,3,0,0,1,12,2,0,5,1,53.0,0,1
8,3,0,0,1,12,1,0,5,0,34.0,0,1
9,3,0,0,1,12,1,1,5,0,72.0,0,1
9,3,0,0,1,12,2,0,5,3,31.0,0,1
32,10,2,0,1,12,2,1,5,0,41.0,0,1
9,3,0,0,1,0,2,0,5,0,18.0,0,1
9,3,0,0,1,12,1,1,5,0,41.0,0,1
32,10,2,0,1,12,2,1,5,1,30.0,0,1
31,7,1,0,1,12,1,1,5,1,34.0,0,1
9,3,0,0,1,5,1,1,5,0,34.0,0,1
9,3,0,0,1,12,1,1,5,1,18.0,0,1
32,10,2,0,1,12,2,1,5,0,41.0,0,1
32,10,2,0,1,12,2,1,5,1,26.0,0,1
31,7,1,0,1,12,2,1,5,0,55.0,0,1
40,30,2,0,1,3,2,1,5,0,28.0,0,1
32,10,2,0,1,12,2,0,5,0,39.0,0,1
31,7,1,0,1,12,2,1,5,1,44.0,0,1
9,3,0,0,1,12,2,1,5,0,20.0,0,1
30,28,1,0,1,12,2,1,5,0,37.0,0,1
18,19,1,1,1,4,2,1,0,1,16.0,0,1
9,3,0,0,1,12,2,1,5,0,23.0,0,1
30,28,1,0,1,12,2,0,5,1,38.0,0,1
9,3,0,0,1,12,2,1,5,1,49.0,0,1
30,28,1,0,1,3,2,1,5,0,43.0,0,1
9,3,0,0,1,12,1,1,5,0,33.0,0,1
9,3,0,0,1,12,2,1,5,0,27.0,0,1
32,10,2,0,1,12,2,1,5,0,41.0,0,1
9,3,0,0,1,12,2,0,5,1,28.0,0,1
9,3,0,0,1,12,1,1,5,0,55.0,0,1
32,10,2,0,1,12,2,1,5,1,25.0,0,1
10,3,0,0,1,12,2,1,5,1,33.0,0,1
9,3,0,0,1,12,1,1,5,1,65.0,0,1
32,10,2,0,1,12,2,0,5,0,35.0,0,1
32,10,2,0,1,12,2,0,5,1,65.0,0,1
16,19,1,0,1,12,2,0,5,0,32.0,0,1
33,10,2,0,1,12,2,1,5,0,30.0,0,1
9,3,0,0,1,12,1,1,5,0,22.0,0,1
10,3,0,0,1,12,2,1,5,0,34.0,0,1
30,28,1,0,1,12,2,1,5,3,36.0,0,1
9,3,0,0,1,12,1,1,5,0,47.0,0,1
9,3,0,0,1,12,1,0,5,0,72.0,0,1
30,28,1,0,1,12,2,1,5,0,47.0,0,1
9,3,0,0,1,12,2,1,5,0,39.0,0,1
9,3,0,0,1,12,1,1,5,0,29.0,0,1
9,3,0,0,1,12,2,1,4,3,23.0,0,1
9,3,0,0,1,12,2,1,5,0,27.0,0,1
8,3,0,0,1,12,2,1,5,0,34.0,0,1
9,3,0,0,1,12,2,1,5,0,22.0,0,1
32,10,2,0,1,12,2,0,5,0,30.0,1,1
9,3,0,0,1,12,2,1,5,0,34.0,0,1
9,3,0,0,1,12,1,0,5,0,41.0,0,1
9,3,0,0,1,12,1,0,5,0,36.5,1,1
30,28,1,0,1,12,2,1,5,0,34.0,0,1
30,28,1,0,1,4,2,1,5,0,30.0,0,1
40,30,2,0,1,3,2,1,5,1,22.0,0,1
13,5,1,1,1,12,2,0,5,0,19.0,0,1
16,19,1,0,1,12,1,0,5,0,39.0,0,1
9,3,0,0,1,12,1,1,5,1,48.0,0,1
9,3,0,0,1,12,2,0,4,3,24.0,0,1
9,3,0,0,1,12,1,1,5,0,30.0,0,1
9,3,0,0,1,12,2,1,5,0,47.0,0,1
9,3,0,0,1,12,1,1,4,3,38.0,0,1
30,28,1,0,1,12,2,1,5,0,46.0,0,1
16,19,1,0,1,12,2,0,5,1,38.0,0,1
16,19,1,0,1,12,1,1,5,0,32.0,0,1
16,19,1,0,1,12,1,1,5,1,54.0,0,1
9,3,0,0,1,12,1,1,5,0,37.0,0,1
32,10,2,0,1,12,2,0,5,0,26.0,0,1
44,9,2,0,0,12,2,1,5,0,52.0,0,1
13,5,1,1,1,12,2,1,5,1,32.0,0,1
9,3,0,0,1,12,1,1,5,0,22.0,0,1
31,7,1,0,1,12,1,1,5,0,44.0,0,1
29,11,1,1,1,12,2,0,5,0,42.0,0,1
9,3,0,0,1,12,1,1,5,3,45.0,0,1
31,7,1,0,1,12,1,1,5,0,39.0,0,1
10,3,0,0,1,12,1,0,5,1,56.0,0,1
9,3,0,0,1,12,1,1,5,0,56.0,0,1
16,19,1,0,1,12,2,0,5,0,49.0,0,1
8,3,0,0,1,12,2,1,5,1,35.0,0,1
20,19,1,1,1,12,1,0,5,0,50.0,0,1
9,3,0,0,1,12,1,1,5,0,46.0,0,1
8,3,0,0,1,5,2,1,5,0,64.0,0,1
9,3,0,0,1,12,2,1,5,0,29.0,0,1
9,3,0,0,1,12,2,1,5,0,37.0,0,1
9,3,0,0,1,12,2,0,5,0,18.0,0,1
30,28,1,0,1,12,2,1,5,0,32.0,0,1
9,3,0,0,1,12,2,1,5,1,42.0,0,1
9,3,0,0,1,12,1,1,5,0,13.0,0,1
17,19,1,1,1,12,1,0,0,0,14.0,0,1
32,10,2,0,1,12,2,1,5,0,40.0,0,1
22,6,1,0,1,12,2,1,5,1,42.0,0,1
9,3,0,0,1,12,1,0,5,1,23.0,0,1
9,3,0,0,1,12,1,1,5,1,38.0,0,1
16,19,1,0,1,12,1,0,5,0,33.0,0,1
17,19,1,1,1,12,1,1,5,0,27.0,0,1
32,10,2,0,1,3,2,1,5,0,29.0,0,1
31,7,1,0,1,12,1,1,5,0,36.0,0,1
16,19,1,0,1,12,2,1,5,0,39.0,0,1
9,3,0,0,1,12,2,1,5,0,38.0,0,1
9,3,0,0,1,12,1,0,5,0,31.0,0,1
29,11,1,1,1,12,2,1,5,0,26.0,0,1
13,5,1,1,1,12,2,1,5,0,38.0,0,1
9,3,0,0,1,12,1,1,5,0,41.0,0,1
13,5,1,1,1,12,2,1,2,1,22.0,0,1
10,3,0,0,1,12,1,1,0,1,23.0,0,1
9,3,0,0,1,12,1,1,5,1,21.0,0,1
30,28,1,0,1,12,2,1,5,0,36.0,0,1
16,19,1,0,1,12,1,1,5,0,31.0,0,1
13,5,1,1,1,12,2,1,5,0,28.0,0,1
21,21,1,1,1,12,2,1,0,3,46.0,0,1
21,21,1,1,1,12,2,1,0,3,18.0,0,1
8,3,0,0,1,3,2,1,0,3,18.0,0,1
16,19,1,0,1,12,1,0,0,3,39.0,0,1
32,10,2,0,1,12,2,0,0,2,34.0,0,1
9,3,0,0,1,12,1,1,5,0,39.666666666666664,1,1
19,19,1,0,1,12,1,1,5,1,55.0,0,1
9,3,0,0,1,12,2,1,0,1,29.0,0,1
9,3,0,0,1,12,1,1,0,1,26.0,0,1
9,3,0,0,1,12,2,1,0,1,31.0,0,1
43,8,2,0,0,12,0,1,0,1,26.0,0,1
9,3,0,0,1,12,0,1,0,0,61.0,0,1
32,10,2,0,1,12,0,0,0,1,32.0,0,1
9,3,0,0,1,12,2,0,0,1,40.0,0,1
9,3,0,0,1,12,1,1,0,1,31.0,0,1
9,3,0,0,1,12,2,0,0,1,28.0,0,1
9,3,0,0,1,12,2,0,0,1,34.0,0,1
32,10,2,0,1,12,0,1,5,0,45.0,0,1
8,3,0,0,1,12,0,1,5,0,33.0,0,1
3,26,0,0,1,12,0,1,5,0,29.0,0,1
8,3,0,0,1,12,2,1,4,2,32.0,0,1
8,3,0,0,1,12,2,1,4,2,32.0,0,1
9,3,0,0,1,12,2,1,0,1,36.0,0,1
9,3,0,0,1,12,2,0,0,0,24.0,0,1
9,3,0,0,1,12,2,0,0,1,31.0,0,1
9,3,0,0,1,12,2,0,0,1,18.0,0,1
30,28,1,0,1,12,2,1,5,0,35.0,0,1
49,0,2,0,0,5,2,1,2,1,67.0,0,1
9,3,0,0,1,12,0,0,5,0,27.0,0,1
32,10,2,0,1,12,2,1,5,0,50.0,0,1
8,3,0,0,1,12,0,0,5,0,36.0,0,1
16,19,1,0,1,12,2,0,5,0,56.0,0,1
30,28,1,0,1,12,2,0,5,0,30.0,0,1
30,28,1,0,1,12,0,1,5,0,21.0,0,1
31,7,1,0,1,12,0,1,5,0,24.0,0,1
31,7,1,0,1,12,0,0,5,1,26.0,0,1
32,10,2,0,1,12,2,1,5,0,39.0,0,1
16,19,1,0,1,12,2,0,5,0,26.0,0,1
40,30,2,0,1,12,0,1,5,1,38.0,0,1
32,10,2,0,1,12,2,0,5,1,36.0,0,1
8,3,0,0,1,3,0,0,5,0,41.0,0,1
9,3,0,0,1,12,2,1,5,0,24.0,0,1
9,3,0,0,1,12,2,1,5,0,18.0,0,1
8,3,0,0,1,12,0,1,5,0,51.0,0,1
8,3,0,0,1,12,0,1,5,0,18.0,0,1
8,3,0,0,1,12,0,1,5,1,65.0,0,1
8,3,0,0,1,12,0,0,5,0,34.0,0,1
30,28,1,0,1,12,0,0,5,0,56.0,0,1
16,19,1,0,1,12,1,1,5,0,34.0,0,1
8,3,0,0,1,12,0,1,5,0,26.0,0,1
8,3,0,0,1,5,0,1,5,0,56.0,0,1
9,3,0,0,1,12,0,1,0,1,31.0,0,1
9,3,0,0,1,12,0,1,5,0,35.0,0,1
31,7,1,0,1,12,1,1,5,0,19.0,0,1
32,10,2,0,1,12,2,1,5,0,34.0,0,1
49,0,2,0,0,12,0,1,0,1,30.0,0,1
31,7,1,0,1,12,2,1,5,0,22.0,0,1
32,10,2,0,1,12,2,1,5,1,37.0,0,1
33,10,2,0,1,12,0,0,5,1,43.0,0,1
42,1,2,0,0,12,0,0,5,1,42.0,0,1
33,10,2,0,1,12,0,1,5,1,48.0,0,1
40,30,2,0,1,3,2,1,5,1,34.0,0,1
32,10,2,0,1,12,0,1,5,1,26.0,0,1
9,3,0,0,1,12,0,1,0,1,23.0,0,1
40,30,2,0,1,12,0,1,5,1,32.0,0,1
32,10,2,0,1,12,2,1,5,1,29.0,0,1
32,10,2,0,1,12,2,1,5,1,19.0,0,1
32,10,2,0,1,12,2,0,5,0,32.0,0,1
32,10,2,0,1,12,2,1,5,0,26.0,0,1
32,10,2,0,1,12,2,1,5,0,29.0,0,1
32,10,2,0,1,12,2,0,5,1,62.0,0,1
32,10,2,0,1,12,2,1,5,0,46.0,0,1
32,10,2,0,1,12,2,1,5,1,36.0,0,1
32,10,2,0,1,12,2,0,5,0,43.0,0,1
32,10,2,0,1,12,2,0,5,0,22.0,0,1
10,3,0,0,1,12,2,1,5,0,21.0,0,1
29,11,1,1,1,12,2,1,5,0,33.0,0,1
8,3,0,0,1,12,2,0,5,0,41.0,0,1
31,7,1,0,1,12,2,1,5,0,37.0,0,1
32,10,2,0,1,12,2,1,5,0,38.0,0,1
20,19,1,1,1,12,2,0,5,1,36.0,0,1
20,19,1,1,1,12,2,1,5,0,25.0,0,1
9,3,0,0,1,12,0,1,5,1,34.0,0,1
32,10,2,0,1,12,2,1,5,0,33.0,0,1
16,19,1,0,1,12,2,0,5,0,40.0,0,1
9,3,0,0,1,12,2,0,5,1,57.0,0,1
2,18,0,0,1,12,2,1,5,0,54.0,0,1
32,10,2,0,1,12,0,1,5,0,55.0,0,1
16,19,1,0,1,12,1,1,5,0,15.0,0,1
9,3,0,0,1,12,0,1,5,0,33.0,0,1
9,3,0,0,1,12,2,1,5,1,31.0,0,1
2,18,0,0,1,12,0,1,5,1,23.0,0,1
16,19,1,0,1,12,2,1,2,1,32.0,0,1
9,3,0,0,1,12,0,0,5,1,34.0,0,1
31,7,1,0,1,12,2,1,5,0,41.0,0,1
31,7,1,0,1,12,2,1,5,0,53.0,0,1
2,18,0,0,1,12,2,1,5,0,31.0,0,1
42,1,2,0,0,5,2,1,5,0,36.0,0,1
49,0,2,0,0,12,0,0,5,0,36.0,0,1
9,3,0,0,1,12,0,0,5,0,35.0,0,1
9,3,0,0,1,3,0,1,5,0,34.0,0,1
16,19,1,0,1,12,2,0,2,1,34.0,0,1
16,19,1,0,1,12,1,1,5,1,32.0,0,1
9,3,0,0,1,12,2,1,5,0,41.0,0,1
16,19,1,0,1,12,1,0,5,1,47.0,0,1
8,3,0,0,1,12,2,1,5,0,41.0,0,1
9,3,0,0,1,12,0,1,5,0,44.0,0,1
16,19,1,0,1,12,1,0,5,0,40.0,0,1
9,3,0,0,1,12,0,1,5,1,60.0,0,1
9,3,0,0,1,12,2,1,5,1,46.0,0,1
9,3,0,0,1,12,2,0,5,0,31.0,0,1
10,3,0,0,1,12,2,1,5,0,31.0,0,1
9,3,0,0,1,12,0,1,5,1,41.0,0,1
8,3,0,0,1,8,0,1,5,0,37.0,0,1
49,0,2,0,0,12,0,1,5,0,41.0,0,1
9,3,0,0,1,12,1,1,5,1,11.0,0,1
9,3,0,0,1,12,1,1,5,0,14.0,0,1
10,3,0,0,1,12,2,0,5,0,33.0,0,1
9,3,0,0,1,12,2,1,5,0,25.0,0,1
16,19,1,0,1,12,0,1,5,0,36.0,0,1
9,3,0,0,1,12,0,1,5,0,38.0,0,1
43,8,2,0,0,12,0,0,5,1,43.0,1,1
10,3,0,0,1,12,2,1,5,0,41.0,0,1
2,18,0,0,1,12,2,1,5,0,37.0,0,1
13,5,1,1,1,12,0,1,5,0,49.0,0,1
9,3,0,0,1,12,0,1,5,1,49.0,0,1
9,3,0,0,1,12,0,1,5,0,42.0,0,1
31,7,1,0,1,12,2,0,5,0,27.0,0,1
9,3,0,0,1,12,1,1,5,0,12.0,0,1
2,18,0,0,1,12,2,1,5,0,42.0,0,1
9,3,0,0,1,12,0,0,2,1,15.0,0,1
16,19,1,0,1,12,1,0,5,0,41.5,1,1
9,3,0,0,1,12,0,1,5,1,32.0,0,1
32,10,2,0,1,12,2,1,5,0,33.0,0,1
16,19,1,0,1,12,1,1,2,0,37.0,0,1
32,10,2,0,1,12,0,1,5,0,32.0,0,1
9,3,0,0,1,3,0,1,5,0,18.0,0,1
30,28,1,0,1,12,0,1,5,0,35.0,0,1
8,3,0,0,1,12,0,1,2,1,41.0,0,1
32,10,2,0,1,3,0,1,5,0,32.0,0,1
16,19,1,0,1,12,1,1,5,0,24.0,0,1
20,19,1,1,1,12,0,1,5,0,33.0,0,1
9,3,0,0,1,12,0,1,5,0,31.0,0,1
20,19,1,1,1,12,1,0,5,1,19.0,0,1
9,3,0,0,1,12,2,1,5,0,29.0,0,1
32,10,2,0,1,3,0,1,5,0,53.0,0,1
9,3,0,0,1,12,0,0,5,1,62.0,0,1
32,10,2,0,1,12,0,0,5,0,44.0,0,1
2,18,0,0,1,12,0,1,5,0,23.0,0,1
9,3,0,0,1,12,0,1,5,0,51.0,0,1
32,10,2,0,1,12,0,0,5,1,39.0,0,1
10,3,0,0,1,12,0,0,5,1,34.0,0,1
32,10,2,0,1,12,0,1,5,1,36.0,0,1
43,8,2,0,0,6,1,1,5,0,15.0,1,1
9,3,0,0,1,12,0,1,5,0,18.333333333333332,1,1
9,3,0,0,1,12,0,0,5,0,29.0,0,1
9,3,0,0,1,12,0,1,5,0,34.0,0,1
9,3,0,0,1,12,0,0,5,0,36.0,0,1
11,2,1,0,1,12,0,0,5,0,39.0,0,1
29,11,1,1,1,12,0,0,5,0,19.0,0,1
40,30,2,0,1,3,2,1,5,0,16.0,1,1
2,18,0,0,1,12,2,1,5,0,31.0,0,1
9,3,0,0,1,12,0,1,5,0,40.0,0,1
0,16,0,0,1,12,2,1,5,0,35.666666666666664,1,1
2,18,0,0,1,12,2,1,5,0,33.0,0,1
9,3,0,0,1,12,0,1,5,0,39.0,0,1
43,8,2,0,0,12,1,1,5,0,15.25,1,1
9,3,0,0,1,12,2,1,5,0,31.0,0,1
9,3,0,0,1,12,1,1,5,0,16.0,0,1
16,19,1,0,1,12,1,1,5,0,45.0,0,1
31,7,1,0,1,12,0,0,5,0,22.0,0,1
9,3,0,0,1,12,0,1,5,1,32.0,0,1
9,3,0,0,1,12,2,0,5,0,23.0,0,1
9,3,0,0,1,12,0,1,5,1,37.0,0,1
9,3,0,0,1,12,1,0,5,0,16.0,0,1
9,3,0,0,1,12,0,1,5,0,38.0,0,1
13,5,1,1,1,12,0,1,5,1,47.0,0,1
10,3,0,0,1,12,0,0,5,0,29.0,0,1
9,3,0,0,1,12,2,1,5,0,41.0,0,1
16,19,1,0,1,12,1,0,5,1,62.0,0,1
40,30,2,0,1,12,1,0,5,0,21.5,1,1
8,3,0,0,1,5,0,0,5,0,30.0,0,1
30,28,1,0,1,3,0,1,5,0,19.0,0,1
8,3,0,0,1,12,0,1,5,1,17.0,0,1
9,3,0,0,1,12,0,1,5,0,23.0,0,1
21,21,1,1,1,12,0,1,5,0,47.0,0,1
9,3,0,0,1,12,0,1,5,1,26.0,0,1
10,3,0,0,1,12,0,0,5,0,29.0,0,1
40,30,2,0,1,5,1,1,5,0,17.0,0,1
9,3,0,0,1,12,0,1,5,0,22.0,0,1
43,8,2,0,0,12,0,0,5,0,30.0,0,1
9,3,0,0,1,12,0,0,5,0,35.5,1,1
9,3,0,0,1,12,0,1,5,0,24.0,0,1
8,3,0,0,1,12,2,1,5,2,19.0,0,1
32,10,2,0,1,12,2,1,5,0,53.0,0,1
32,10,2,0,1,12,2,1,5,0,21.0,0,1
20,19,1,1,1,12,2,1,5,1,61.0,0,1
16,19,1,0,1,12,1,1,5,1,40.0,0,1
8,3,0,0,1,5,2,0,0,2,18.0,0,1
32,10,2,0,1,12,2,1,5,2,28.0,0,1
9,3,0,0,1,12,2,1,5,2,13.0,0,1
32,10,2,0,1,5,2,0,5,1,19.0,0,1
20,19,1,1,1,12,2,1,5,0,35.0,0,1
13,5,1,1,1,12,2,1,5,2,16.0,1,1
16,19,1,0,1,12,1,0,5,0,29.0,0,1
10,3,0,0,1,12,2,1,5,1,61.0,0,1
32,10,2,0,1,12,1,0,5,0,33.0,1,1
9,3,0,0,1,12,2,0,0,1,38.0,0,1
18,19,1,1,1,12,1,1,0,1,29.0,0,1
9,3,0,0,1,5,2,1,0,1,30.0,0,1
21,21,1,1,1,12,1,1,5,0,53.5,1,1
9,3,0,0,1,12,1,0,0,1,26.0,0,1
13,5,1,1,1,12,1,1,0,1,60.0,0,1
32,10,2,0,1,12,2,1,5,0,24.0,0,1
32,10,2,0,1,12,2,1,5,0,41.0,0,1
32,10,2,0,1,12,2,0,0,1,29.0,0,1
16,19,1,0,1,12,1,0,5,1,24.0,1,1
31,7,1,0,1,12,2,1,5,1,30.0,0,1
16,19,1,0,1,3,2,0,0,0,30.0,1,1
32,10,2,0,1,5,2,1,5,0,30.0,0,1
32,10,2,0,1,12,2,1,5,3,40.0,0,1
31,7,1,0,1,12,2,0,0,0,29.0,0,1
32,10,2,0,1,12,2,1,5,0,31.0,0,1
32,10,2,0,1,12,2,1,5,1,36.0,0,1
40,30,2,0,1,12,2,1,5,0,27.0,0,1
16,19,1,0,1,12,2,0,5,0,33.0,1,1
32,10,2,0,1,12,2,1,5,1,62.0,0,1
16,19,1,0,1,12,2,1,5,0,56.0,0,1
9,3,0,0,1,12,2,1,5,1,30.0,0,1
32,10,2,0,1,12,2,0,5,0,33.0,0,1
16,19,1,0,1,12,2,1,5,0,29.0,0,1
16,19,1,0,1,12,2,1,5,1,25.0,0,1
32,10,2,0,1,12,2,1,5,0,34.0,0,1
32,10,2,0,1,12,2,0,5,0,34.0,0,1
31,7,1,0,1,12,2,1,5,3,36.0,0,1
9,3,0,0,1,12,2,1,5,3,24.0,0,1
30,28,1,0,1,12,0,1,5,0,31.0,0,1
20,19,1,1,1,12,2,1,5,0,25.0,0,1
32,10,2,0,1,12,2,0,5,1,31.0,0,1
16,19,1,0,1,12,2,1,5,1,36.0,0,1
17,19,1,1,1,12,2,1,5,0,28.0,0,1
9,3,0,0,1,12,2,1,1,1,47.0,0,1
32,10,2,0,1,12,2,1,5,0,25.0,0,1
16,19,1,0,1,12,2,1,5,0,56.0,0,1
16,19,1,0,1,12,2,1,5,0,32.0,0,1
32,10,2,0,1,12,2,1,5,1,21.0,0,1
30,28,1,0,1,12,2,1,5,0,33.0,0,1
32,10,2,0,1,12,2,0,5,1,25.0,0,1
8,3,0,0,1,12,2,1,5,0,45.0,0,1
9,3,0,0,1,12,2,0,5,1,33.0,0,1
10,3,0,0,1,12,2,1,5,0,61.0,0,1
9,3,0,0,1,12,2,0,5,3,43.0,0,1
9,3,0,0,1,12,2,1,5,1,42.0,0,1
19,19,1,0,1,12,2,1,5,0,50.0,0,1
8,3,0,0,1,12,2,1,5,0,20.0,0,1
9,3,0,0,1,12,2,0,0,3,22.0,0,1
32,10,2,0,1,12,2,1,5,0,46.0,0,1
9,3,0,0,1,12,1,0,5,0,34.0,0,1
32,10,2,0,1,12,2,0,5,0,34.0,0,1
25,14,1,1,1,12,0,1,5,0,28.0,0,1
16,19,1,0,1,12,2,1,5,1,32.0,0,1
32,10,2,0,1,12,2,1,5,0,27.0,0,1
32,10,2,0,1,12,2,1,5,1,30.0,0,1
32,10,2,0,1,12,0,0,5,0,45.5,1,1
10,3,0,0,1,12,2,1,5,0,31.0,0,1
22,6,1,0,1,12,2,1,5,1,43.0,0,1
16,19,1,0,1,12,2,0,0,1,31.0,0,1
31,7,1,0,1,12,2,1,5,0,72.0,0,1
32,10,2,0,1,12,2,1,5,0,18.0,0,1
31,7,1,0,1,12,2,0,5,0,27.0,0,1
32,10,2,0,1,12,2,0,0,0,22.0,0,1
22,6,1,0,1,12,2,1,5,3,38.0,0,1
9,3,0,0,1,12,1,1,5,1,26.0,0,1
9,3,0,0,1,12,1,0,5,3,24.0,0,1
30,28,1,0,1,12,2,1,5,0,27.0,0,1
32,10,2,0,1,12,2,0,5,0,33.0,0,1
8,3,0,0,1,12,2,0,5,0,27.0,0,1
32,10,2,0,1,12,2,1,5,0,28.0,0,1
16,19,1,0,1,12,2,1,5,0,69.0,0,1
31,7,1,0,1,12,2,0,5,0,47.0,0,1
32,10,2,0,1,12,0,1,5,0,18.0,0,1
32,10,2,0,1,12,2,1,5,0,42.0,0,1
9,3,0,0,1,12,2,1,5,1,67.0,0,1
8,3,0,0,1,12,2,1,5,0,36.0,0,1
10,3,0,0,1,12,2,1,5,0,32.0,0,1
16,19,1,0,1,12,2,1,5,1,17.0,0,1
32,10,2,0,1,12,2,0,5,0,25.0,0,1
16,19,1,0,1,12,2,0,5,1,27.0,0,1
16,19,1,0,1,12,2,1,5,0,48.5,1,1
9,3,0,0,1,12,2,1,5,0,48.0,0,1
13,5,1,1,1,12,2,1,5,0,39.0,0,1
31,7,1,0,1,12,2,1,5,0,28.0,0,1
9,3,0,0,1,12,2,0,5,1,37.0,0,1
31,7,1,0,1,12,2,1,5,1,23.0,0,1
22,6,1,0,1,12,2,1,5,0,39.0,0,1
32,10,2,0,1,12,2,0,5,1,28.0,0,1
16,19,1,0,1,12,2,1,5,3,45.0,0,1
30,28,1,0,1,12,2,1,5,0,31.0,0,1
10,3,0,0,1,12,0,1,5,1,52.0,0,1
16,19,1,0,1,12,2,1,5,0,36.0,0,1
32,10,2,0,1,12,2,1,5,0,59.0,0,1
30,28,1,0,1,12,2,1,5,0,44.0,0,1
49,0,2,0,0,12,0,1,5,0,22.0,0,1
31,7,1,0,1,12,2,1,5,1,25.0,0,1
32,10,2,0,1,12,2,1,5,0,40.0,0,1
20,19,1,1,1,12,2,1,5,1,48.0,0,1
9,3,0,0,1,12,2,1,2,1,19.0,0,1
30,28,1,0,1,12,2,1,5,1,32.0,0,1
32,10,2,0,1,12,2,1,5,1,44.0,0,1
16,19,1,0,1,12,2,1,5,0,56.0,0,1
25,14,1,1,1,12,2,1,5,0,27.0,0,1
32,10,2,0,1,12,2,0,5,1,25.0,0,1
9,3,0,0,1,12,2,1,5,0,23.0,0,1
32,10,2,0,1,12,2,1,5,0,42.0,0,1
10,3,0,0,1,12,2,1,5,0,25.0,0,1
32,10,2,0,1,12,2,1,5,0,31.0,0,1
40,30,2,0,1,3,2,1,5,0,29.0,0,1
32,10,2,0,1,12,2,0,5,1,42.0,0,1
9,3,0,0,1,12,2,0,5,0,18.0,0,1
9,3,0,0,1,12,2,1,5,0,44.0,0,1
10,3,0,0,1,12,2,1,5,0,43.0,0,1
32,10,2,0,1,12,2,1,5,0,39.0,0,1
30,28,1,0,1,12,2,1,5,0,27.0,0,1
16,19,1,0,1,12,2,1,5,0,44.0,0,1
9,3,0,0,1,12,2,1,5,0,48.0,0,1
9,3,0,0,1,12,2,0,5,3,29.0,0,1
16,19,1,0,1,12,1,1,5,1,49.0,0,1
16,19,1,0,1,12,1,0,5,1,35.0,0,1
8,3,0,0,1,12,0,1,5,0,34.0,0,1
32,10,2,0,1,12,0,1,2,1,45.0,0,1
16,19,1,0,1,12,0,1,5,0,43.0,0,1
9,3,0,0,1,12,0,1,5,0,28.0,0,1
16,19,1,0,1,12,1,0,5,0,23.0,1,1
40,30,2,0,1,12,1,1,5,0,20.0,0,1
32,10,2,0,1,12,1,0,5,0,13.0,0,1
16,19,1,0,1,12,1,1,5,3,23.0,0,1
11,2,1,0,1,12,0,1,5,0,22.0,0,1
32,10,2,0,1,12,0,1,2,1,37.0,0,1
20,19,1,1,1,12,0,1,2,1,30.0,0,1
16,19,1,0,1,12,1,0,1,1,72.0,0,1
9,3,0,0,1,12,0,0,5,0,29.0,0,1
9,3,0,0,1,12,0,1,5,0,37.0,0,1
16,19,1,0,1,12,1,0,5,0,47.0,0,1
32,10,2,0,1,12,1,0,5,0,18.0,0,1
16,19,1,0,1,12,1,1,5,0,37.0,0,1
8,3,0,0,1,12,0,1,5,0,27.0,0,1
8,3,0,0,1,12,0,1,5,0,21.5,1,1
16,19,1,0,1,12,0,0,5,0,49.0,0,1
8,3,0,0,1,12,2,1,0,1,24.0,0,1
9,3,0,0,1,12,2,1,5,1,36.0,0,1
8,3,0,0,1,12,0,1,5,0,25.0,0,1
9,3,0,0,1,12,0,1,5,1,21.0,0,1
16,19,1,0,1,12,1,0,5,0,31.5,1,1
9,3,0,0,1,12,0,1,5,0,29.0,0,1
32,10,2,0,1,12,2,0,5,2,44.0,0,1
32,10,2,0,1,12,2,0,5,2,28.0,0,1
9,3,0,0,1,12,1,0,5,0,29.5,1,1
31,7,1,0,1,12,1,1,5,0,62.0,0,1
9,3,0,0,1,12,2,1,5,0,60.0,0,1
9,3,0,0,1,12,2,0,5,1,27.0,0,1
10,3,0,0,1,12,1,1,0,1,33.0,0,1
8,3,0,0,1,12,1,0,0,1,45.0,0,1
9,3,0,0,1,12,2,1,5,0,24.0,0,1
9,3,0,0,1,12,2,0,5,1,24.0,0,1
9,3,0,0,1,12,1,0,5,0,48.0,0,1
10,3,0,0,1,12,2,1,5,3,24.0,0,1
8,3,0,0,1,12,2,1,5,0,23.0,0,1
8,3,0,0,1,3,1,1,5,0,22.0,0,1
45,13,0,0,0,12,1,1,5,0,19.0,0,1
8,3,0,0,1,5,1,0,5,1,25.0,0,1
9,3,0,0,1,12,2,1,5,0,44.0,0,1
9,3,0,0,1,12,1,1,5,0,36.0,0,1
8,3,0,0,1,12,1,1,5,1,50.0,0,1
9,3,0,0,1,12,2,1,5,1,29.0,0,1
9,3,0,0,1,12,2,1,5,0,25.0,0,1
9,3,0,0,1,12,1,1,5,1,15.0,0,1
8,3,0,0,1,12,2,1,5,0,30.666666666666668,1,1
8,3,0,0,1,12,2,1,5,0,24.0,0,1
29,11,1,1,1,12,1,0,5,0,42.0,0,1
9,3,0,0,1,12,2,1,5,0,47.0,0,1
9,3,0,0,1,12,1,0,0,1,39.0,0,1
20,19,1,1,1,12,1,0,5,0,48.0,0,1
8,3,0,0,1,12,1,1,5,1,25.0,0,1
9,3,0,0,1,12,2,0,5,0,27.0,0,1
13,5,1,1,1,12,2,1,5,0,19.0,0,1
30,28,1,0,1,12,1,1,5,0,42.0,0,1
9,3,0,0,1,12,2,1,5,1,50.0,0,1
16,19,1,0,1,12,1,0,5,1,44.0,0,1
9,3,0,0,1,12,2,1,5,0,21.0,0,1
9,3,0,0,1,12,0,1,5,1,52.0,0,1
44,9,2,0,0,12,1,0,5,0,23.0,0,1
32,10,2,0,1,12,2,0,5,2,24.0,0,1
17,19,1,1,1,12,1,1,4,2,0.0,0,1
32,10,2,0,1,12,2,0,5,2,40.0,0,1
32,10,2,0,1,12,1,1,5,2,24.0,0,1
32,10,2,0,1,12,1,0,5,2,24.0,0,1
17,19,1,1,1,12,1,1,5,2,24.0,0,1
20,19,1,1,1,12,0,1,4,0,46.0,0,1
32,10,2,0,1,12,2,1,5,1,25.0,0,1
13,5,1,1,1,12,0,1,0,1,46.0,0,1
8,3,0,0,1,12,0,1,5,1,76.0,0,1
9,3,0,0,1,12,0,0,0,0,23.0,0,1
10,3,0,0,1,12,0,1,0,2,50.0,0,1
32,10,2,0,1,12,2,0,5,1,31.0,0,1
32,10,2,0,1,12,0,1,5,1,54.0,0,1
13,5,1,1,1,12,0,0,5,1,36.0,0,1
32,10,2,0,1,12,2,0,5,1,29.0,0,1
8,3,0,0,1,12,2,1,5,0,20.0,0,1
32,10,2,0,1,12,0,0,5,0,41.0,0,1
8,3,0,0,1,12,0,1,5,0,33.0,0,1
32,10,2,0,1,12,2,1,5,0,33.0,0,1
9,3,0,0,1,12,0,1,5,0,57.0,0,1
32,10,2,0,1,12,2,1,5,0,33.0,0,1
2,18,0,0,1,12,0,1,5,0,28.0,0,1
13,5,1,1,1,12,2,1,5,0,37.0,0,1
13,5,1,1,1,12,0,1,5,0,37.0,0,1
8,3,0,0,1,12,0,1,5,0,33.2,1,1
32,10,2,0,1,12,0,1,5,0,31.0,0,1
32,10,2,0,1,12,0,1,5,0,33.0,0,1
8,3,0,0,1,12,0,0,5,3,53.0,0,1
32,10,2,0,1,12,0,0,5,1,44.0,0,1
32,10,2,0,1,12,0,1,5,0,35.0,0,1
31,7,1,0,1,12,0,0,5,0,51.0,0,1
9,3,0,0,1,12,0,0,5,1,64.0,0,1
8,3,0,0,1,12,0,0,5,0,19.0,0,1
32,10,2,0,1,12,0,0,5,0,40.0,0,1
9,3,0,0,1,12,2,1,5,0,54.0,0,1
43,8,2,0,0,5,1,1,5,0,35.0,0,1
32,10,2,0,1,12,0,1,0,1,36.0,0,1
32,10,2,0,1,12,1,0,5,0,34.0,0,1
32,10,2,0,1,12,2,1,5,0,22.0,0,1
32,10,2,0,1,12,1,1,5,3,31.0,0,1
8,3,0,0,1,12,1,1,0,1,23.0,0,1
21,21,1,1,1,12,1,0,5,1,39.0,1,1
9,3,0,0,1,12,0,1,5,0,73.0,0,1
9,3,0,0,1,12,1,1,0,1,13.0,0,1
9,3,0,0,1,12,1,1,0,1,13.5,1,1
32,10,2,0,1,12,2,1,5,0,39.0,0,1
31,7,1,0,1,10,2,1,5,0,40.0,0,1
16,19,1,0,1,12,1,0,5,0,28.0,0,1
16,19,1,0,1,12,1,0,5,0,34.5,1,1
16,19,1,0,1,12,1,1,5,0,19.666666666666668,1,1
32,10,2,0,1,12,0,1,2,1,26.0,0,1
9,3,0,0,1,12,0,1,5,0,50.0,0,1
32,10,2,0,1,12,1,0,5,1,11.0,0,1
9,3,0,0,1,12,0,1,5,0,37.0,0,1
49,0,2,0,0,12,2,1,1,1,19.0,0,1
9,3,0,0,1,12,0,1,5,2,40.0,0,1
9,3,0,0,1,12,0,1,5,0,33.0,0,1
32,10,2,0,1,12,1,0,5,0,20.0,0,1
19,19,1,0,1,12,1,1,5,0,29.0,0,1
49,0,2,0,0,4,1,1,5,0,28.0,0,1
49,0,2,0,0,12,1,1,5,0,31.0,0,1
32,10,2,0,1,12,0,1,5,0,23.0,0,1
40,30,2,0,1,12,0,1,5,0,31.0,0,1
8,3,0,0,1,12,2,1,5,0,36.0,0,1
8,3,0,0,1,12,2,1,2,1,28.0,0,1
11,2,1,0,1,12,2,1,5,0,37.0,0,1
34,27,0,0,1,12,0,1,5,0,32.0,0,1
9,3,0,0,1,12,0,0,5,0,41.0,0,1
2,18,0,0,1,12,0,1,5,0,19.0,0,1
32,10,2,0,1,12,0,1,5,0,43.0,0,1
9,3,0,0,1,12,0,1,4,3,28.0,0,1
9,3,0,0,1,12,0,0,5,0,29.0,0,1
13,5,1,1,1,12,0,1,5,0,41.0,0,1
9,3,0,0,1,12,0,1,5,1,34.0,0,1
9,3,0,0,1,12,0,1,5,0,35.0,0,1
31,7,1,0,1,12,1,1,4,0,31.0,0,1
1,16,0,0,1,12,0,1,5,0,21.0,0,1
30,28,1,0,1,12,0,0,5,0,25.0,1,1
9,3,0,0,1,12,1,1,5,0,16.0,0,1
9,3,0,0,1,12,0,0,5,0,22.0,0,1
9,3,0,0,1,12,2,0,5,0,14.0,0,1
9,3,0,0,1,12,0,1,5,0,44.0,0,1
9,3,0,0,1,12,2,0,5,1,17.0,0,1
9,3,0,0,1,12,0,0,5,1,42.0,0,1
9,3,0,0,1,12,0,0,5,0,26.0,0,1
31,7,1,0,1,12,0,1,5,0,44.0,0,1
9,3,0,0,1,12,0,1,5,0,34.0,0,1
9,3,0,0,1,12,1,1,5,0,18.0,0,1
6,26,0,0,1,12,0,1,5,0,33.0,0,1
9,3,0,0,1,12,2,1,5,0,14.0,0,1
9,3,0,0,1,12,2,1,5,0,16.0,0,1
40,30,2,0,1,12,1,1,5,0,49.0,0,1
9,3,0,0,1,12,1,0,5,1,39.0,0,1
9,3,0,0,1,12,0,1,0,0,42.0,0,1
32,10,2,0,1,12,0,0,5,1,20.0,0,1
16,19,1,0,1,12,0,0,5,1,26.0,0,1
32,10,2,0,1,12,2,1,5,1,48.0,0,1
9,3,0,0,1,12,2,1,4,1,60.0,0,1
23,14,1,1,1,12,1,1,5,1,55.0,0,1
8,3,0,0,1,5,0,1,0,1,36.0,0,1
10,3,0,0,1,12,0,0,0,1,41.0,0,1
9,3,0,0,1,12,0,1,0,1,32.0,0,1
9,3,0,0,1,12,2,0,5,0,35.0,0,1
16,19,1,0,1,12,2,1,0,1,40.0,0,1
16,19,1,0,1,12,0,0,5,1,24.0,0,1
8,3,0,0,1,5,0,1,2,1,14.0,0,1
33,10,2,0,1,12,0,0,0,1,42.0,0,1
33,10,2,0,1,12,0,0,0,1,28.0,1,1
32,10,2,0,1,12,2,1,5,1,52.0,0,1
2,18,0,0,1,8,0,1,0,1,23.0,0,1
8,3,0,0,1,12,2,1,0,1,41.0,0,1
9,3,0,0,1,12,1,0,0,1,35.0,0,1
9,3,0,0,1,12,0,1,4,1,60.0,0,1
20,19,1,1,1,12,2,1,5,1,46.0,0,1
33,10,2,0,1,12,0,0,5,1,37.0,0,1
9,3,0,0,1,12,0,0,0,1,32.0,0,1
9,3,0,0,1,12,0,0,0,1,33.0,0,1
9,3,0,0,1,12,0,1,0,1,26.0,0,1
32,10,2,0,1,12,0,0,0,1,25.0,0,1
16,19,1,0,1,12,0,0,5,1,41.0,1,1
9,3,0,0,1,12,0,1,5,0,28.0,0,1
9,3,0,0,1,12,0,0,5,1,39.0,0,1
9,3,0,0,1,12,1,1,5,1,40.0,0,1
9,3,0,0,1,12,0,1,5,0,20.0,0,1
32,10,2,0,1,12,0,0,4,1,21.0,0,1
9,3,0,0,1,12,0,1,0,1,29.0,0,1
16,19,1,0,1,5,0,1,0,1,50.0,0,1
9,3,0,0,1,12,2,1,0,1,25.0,0,1
32,10,2,0,1,12,2,1,4,0,54.0,0,1
16,19,1,0,1,12,1,1,0,1,22.0,0,1
8,3,0,0,1,5,0,1,0,1,40.0,0,1
16,19,1,0,1,12,0,1,0,1,25.0,0,1
32,10,2,0,1,12,2,1,5,1,41.0,0,1
33,10,2,0,1,12,0,0,5,0,32.0,0,1
33,10,2,0,1,12,0,1,0,0,29.0,0,1
9,3,0,0,1,12,2,1,0,1,48.0,0,1
16,19,1,0,1,12,0,1,5,1,30.0,0,1
10,3,0,0,1,12,0,1,0,1,39.0,0,1
10,3,0,0,1,12,0,1,0,1,44.0,0,1
9,3,0,0,1,12,0,1,0,1,36.0,0,1
32,10,2,0,1,12,2,1,5,1,43.0,0,1
9,3,0,0,1,12,0,1,0,1,36.0,0,1
9,3,0,0,1,12,2,1,0,1,34.0,0,1
9,3,0,0,1,12,2,1,0,1,49.0,0,1
40,30,2,0,1,3,1,1,0,1,32.0,0,1
8,3,0,0,1,5,2,1,5,0,35.0,0,1
10,3,0,0,1,12,0,0,0,1,43.0,0,1
9,3,0,0,1,12,0,1,0,1,27.0,0,1
9,3,0,0,1,12,2,1,0,1,22.0,0,1
8,3,0,0,1,12,0,1,0,1,41.0,0,1
32,10,2,0,1,12,0,1,5,0,32.0,0,1
9,3,0,0,1,12,2,1,0,1,22.0,0,1
32,10,2,0,1,12,0,1,5,1,30.0,0,1
32,10,2,0,1,12,2,1,5,0,37.0,0,1
8,3,0,0,1,12,2,1,5,1,43.0,0,1
9,3,0,0,1,12,2,1,0,1,44.0,0,1
16,19,1,0,1,12,0,1,0,1,24.0,0,1
9,3,0,0,1,12,0,0,5,1,32.0,0,1
21,21,1,1,1,12,0,0,0,0,40.0,1,1
33,10,2,0,1,12,0,0,5,0,27.5,1,1
16,19,1,0,1,12,0,1,5,1,53.0,0,1
9,3,0,0,1,12,0,0,0,1,29.0,0,1
16,19,1,0,1,12,1,1,0,1,45.0,0,1
9,3,0,0,1,12,0,1,0,1,65.0,0,1
40,30,2,0,1,3,0,1,0,1,56.0,0,1
43,8,2,0,0,12,1,0,0,0,41.75,1,1
32,10,2,0,1,12,0,1,5,0,46.0,0,1
16,19,1,0,1,12,2,1,0,1,33.0,0,1
9,3,0,0,1,12,1,1,0,1,16.0,0,1
8,3,0,0,1,12,2,1,0,1,31.0,0,1
9,3,0,0,1,12,1,1,5,0,16.0,0,1
8,3,0,0,1,12,2,1,5,0,35.0,0,1
13,5,1,1,1,12,0,1,5,1,62.0,0,1
32,10,2,0,1,12,0,0,0,1,20.0,0,1
16,19,1,0,1,12,0,1,0,1,32.0,0,1
9,3,0,0,1,12,2,1,0,1,26.0,0,1
9,3,0,0,1,12,2,0,5,1,42.0,0,1
9,3,0,0,1,12,2,1,0,1,45.0,0,1
40,30,2,0,1,3,2,1,5,0,21.0,0,1
8,3,0,0,1,12,0,1,0,1,31.0,0,1
9,3,0,0,1,12,2,1,5,1,31.0,0,1
8,3,0,0,1,12,2,1,0,1,25.0,0,1
32,10,2,0,1,12,2,1,5,1,34.0,0,1
8,3,0,0,1,12,2,0,0,1,38.0,0,1
9,3,0,0,1,12,1,0,0,1,35.0,0,1
10,3,0,0,1,12,0,1,0,1,48.0,0,1
32,10,2,0,1,12,0,0,0,1,42.0,0,1
21,21,1,1,1,12,2,1,5,1,34.0,0,1
16,19,1,0,1,12,2,0,5,1,31.0,0,1
8,3,0,0,1,0,0,1,0,1,15.0,0,1
40,30,2,0,1,12,0,1,5,0,25.0,0,1
33,10,2,0,1,12,2,0,0,1,37.0,0,1
9,3,0,0,1,12,0,1,0,1,42.0,0,1
9,3,0,0,1,12,2,1,5,0,31.0,0,1
8,3,0,0,1,12,2,1,5,1,31.0,0,1
31,7,1,0,1,12,0,1,5,1,61.0,0,1
13,5,1,1,1,12,0,1,5,1,37.0,0,1
8,3,0,0,1,12,2,1,5,1,60.0,0,1
8,3,0,0,1,12,0,1,5,0,28.0,0,1
9,3,0,0,1,12,0,0,5,0,46.0,0,1
49,0,2,0,0,12,2,1,5,0,25.0,1,1
13,5,1,1,1,12,2,1,5,0,35.0,0,1
32,10,2,0,1,12,0,0,0,1,44.0,0,1
32,10,2,0,1,12,2,0,5,0,30.0,1,1
31,7,1,0,1,12,2,1,0,1,36.0,0,1
35,23,2,0,1,12,2,1,4,3,22.0,0,1
9,3,0,0,1,12,2,1,0,1,42.0,0,1
9,3,0,0,1,12,0,1,0,1,46.0,0,1
39,4,1,1,1,12,0,1,0,1,24.0,0,1
10,3,0,0,1,12,2,1,5,1,66.0,0,1
9,3,0,0,1,12,0,1,0,1,18.0,0,1
9,3,0,0,1,12,0,0,0,1,34.0,0,1
32,10,2,0,1,12,2,1,5,1,32.0,0,1
32,10,2,0,1,12,0,1,5,1,30.0,0,1
32,10,2,0,1,12,2,1,5,1,47.0,0,1
9,3,0,0,1,12,0,1,5,1,26.0,0,1
32,10,2,0,1,12,2,0,5,1,54.0,0,1
33,10,2,0,1,12,0,1,5,1,39.0,0,1
9,3,0,0,1,12,0,1,0,1,32.0,0,1
8,3,0,0,1,12,0,0,5,1,45.0,0,1
31,7,1,0,1,12,0,1,0,1,24.0,0,1
40,30,2,0,1,12,1,1,5,1,36.0,0,1
9,3,0,0,1,12,0,0,5,1,39.0,0,1
9,3,0,0,1,12,1,1,5,1,16.0,0,1
13,5,1,1,1,12,0,1,5,1,32.0,0,1
31,7,1,0,1,12,0,1,5,0,36.0,0,1
9,3,0,0,1,12,0,0,0,1,18.0,0,1
40,30,2,0,1,12,0,1,5,1,37.0,0,1
31,7,1,0,1,12,0,1,5,1,52.0,0,1
30,28,1,0,1,12,2,1,5,1,31.0,0,1
10,3,0,0,1,12,1,1,5,1,15.0,0,1
8,3,0,0,1,12,2,1,5,1,81.0,0,1
32,10,2,0,1,12,0,0,0,1,24.0,0,1
31,7,1,0,1,12,0,1,0,1,34.0,0,1
20,19,1,1,1,12,2,1,5,1,42.0,0,1
8,3,0,0,1,12,1,1,5,0,15.0,0,1
33,10,2,0,1,12,2,1,5,1,29.0,0,1
9,3,0,0,1,12,0,1,0,1,32.0,0,1
30,28,1,0,1,12,2,0,5,1,26.0,0,1
8,3,0,0,1,12,2,1,5,0,48.0,0,1
40,30,2,0,1,12,2,1,5,0,45.0,0,1
9,3,0,0,1,12,0,1,0,1,21.0,0,1
9,3,0,0,1,12,0,1,5,1,34.0,0,1
9,3,0,0,1,12,0,0,0,1,35.0,0,1
6,26,0,0,1,12,2,1,5,0,47.0,0,1
9,3,0,0,1,12,0,0,5,1,44.0,0,1
9,3,0,0,1,12,2,1,0,1,36.0,0,1
9,3,0,0,1,12,0,0,5,1,54.0,0,1
40,30,2,0,1,3,1,1,5,1,22.0,0,1
32,10,2,0,1,12,1,0,0,1,13.0,0,1
32,10,2,0,1,12,1,0,0,1,12.0,0,1
31,7,1,0,1,12,1,0,5,0,26.0,0,1
9,3,0,0,1,12,0,0,5,1,23.0,0,1
9,3,0,0,1,12,0,0,5,1,23.0,0,1
9,3,0,0,1,12,0,1,0,1,20.0,0,1
9,3,0,0,1,12,2,1,5,1,33.0,0,1
39,4,1,1,1,12,0,1,0,1,56.0,0,1
32,10,2,0,1,12,1,1,0,1,17.0,0,1
9,3,0,0,1,12,0,1,0,1,32.0,0,1
9,3,0,0,1,12,0,1,5,1,33.0,0,1
9,3,0,0,1,12,0,1,5,1,26.0,0,1
33,10,2,0,1,12,2,0,0,1,41.0,0,1
9,3,0,0,1,12,0,1,5,1,39.0,0,1
13,5,1,1,1,12,2,0,5,1,52.0,0,1
8,3,0,0,1,12,0,0,0,1,31.0,0,1
16,19,1,0,1,12,0,0,5,1,23.0,0,1
9,3,0,0,1,12,2,0,5,1,29.0,0,1
40,30,2,0,1,12,1,1,5,1,66.0,0,1
32,10,2,0,1,12,0,0,5,1,23.0,0,1
31,7,1,0,1,12,0,1,0,1,40.0,0,1
31,7,1,0,1,12,0,1,5,0,32.0,0,1
32,10,2,0,1,12,0,1,0,1,45.0,0,1
32,10,2,0,1,12,2,0,5,0,32.0,0,1
29,11,1,1,1,12,2,1,0,1,51.0,0,1
32,10,2,0,1,12,1,1,0,1,16.0,0,1
31,7,1,0,1,12,2,1,2,1,30.0,0,1
9,3,0,0,1,12,2,1,0,1,40.0,0,1
32,10,2,0,1,12,2,0,0,1,29.0,0,1
40,30,2,0,1,0,1,0,0,1,16.0,0,1
9,3,0,0,1,12,0,0,5,1,36.0,0,1
9,3,0,0,1,12,0,0,0,1,36.0,0,1
9,3,0,0,1,12,0,1,0,1,39.0,0,1
24,14,1,1,1,12,2,1,5,1,13.0,0,1
31,7,1,0,1,12,2,1,0,1,25.0,0,1
8,3,0,0,1,12,0,1,5,0,37.0,0,1
9,3,0,0,1,12,0,0,4,3,21.0,0,1
9,3,0,0,1,12,0,1,0,1,42.0,0,1
32,10,2,0,1,12,1,1,5,0,31.0,0,1
43,8,2,0,0,12,1,1,5,0,39.0,0,1
23,14,1,1,1,12,0,1,5,1,49.0,0,1
16,19,1,0,1,12,1,1,5,1,40.0,0,1
32,10,2,0,1,12,0,1,5,0,38.0,0,1
32,10,2,0,1,12,2,1,5,0,15.5,1,1
16,19,1,0,1,12,0,0,5,1,45.0,0,1
16,19,1,0,1,12,0,0,5,1,32.0,0,1
8,3,0,0,1,0,0,1,1,1,36.0,0,1
32,10,2,0,1,12,2,1,5,0,14.0,0,1
13,5,1,1,1,12,0,1,5,1,44.0,0,1
9,3,0,0,1,0,0,0,4,3,37.0,0,1
49,0,2,0,0,12,0,1,5,0,19.0,0,1
9,3,0,0,1,12,0,1,5,1,34.0,0,1
32,10,2,0,1,12,0,1,5,0,55.0,0,1
32,10,2,0,1,12,2,1,5,0,14.0,0,1
9,3,0,0,1,12,1,1,5,0,70.0,0,1
8,3,0,0,1,12,0,1,5,0,29.0,0,1
8,3,0,0,1,5,0,0,5,0,38.0,0,1
9,3,0,0,1,12,0,0,5,0,47.0,1,1
9,3,0,0,1,12,2,1,2,1,12.0,0,1
16,19,1,0,1,12,1,1,5,0,27.0,0,1
40,30,2,0,1,12,0,0,5,0,40.0,0,1
32,10,2,0,1,12,2,1,5,0,16.0,0,1
32,10,2,0,1,12,2,1,5,0,12.0,0,1
32,10,2,0,1,12,2,0,5,0,15.0,0,1
8,3,0,0,1,5,0,1,5,0,36.0,0,1
16,19,1,0,1,12,1,1,5,1,50.0,0,1
8,3,0,0,1,0,2,1,5,0,14.0,0,1
16,19,1,0,1,12,1,1,5,1,25.0,0,1
9,3,0,0,1,12,0,1,5,0,39.0,0,1
9,3,0,0,1,12,2,0,5,1,12.0,0,1
8,3,0,0,1,12,0,1,5,0,14.0,1,1
9,3,0,0,1,12,0,1,5,1,33.0,0,1
8,3,0,0,1,3,0,1,4,3,68.0,0,1
9,3,0,0,1,12,0,1,5,0,19.0,0,1
49,0,2,0,0,12,0,1,5,0,35.0,0,1
9,3,0,0,1,12,0,1,5,0,34.0,0,1
16,19,1,0,1,12,1,1,5,0,40.0,0,1
9,3,0,0,1,12,2,0,5,0,16.0,0,1
32,10,2,0,1,12,2,0,5,0,15.0,0,1
8,3,0,0,1,3,0,0,5,0,16.0,0,1
16,19,1,0,1,12,0,1,5,0,25.0,0,1
9,3,0,0,1,12,0,0,5,0,26.0,0,1
16,19,1,0,1,12,1,1,5,1,42.0,0,1
32,10,2,0,1,12,0,1,5,0,38.0,0,1
30,28,1,0,1,12,0,0,5,0,27.5,1,1
9,3,0,0,1,12,2,0,5,0,12.0,0,1
9,3,0,0,1,12,0,0,5,0,16.0,0,1
16,19,1,0,1,12,0,1,5,3,34.0,0,1
7,25,1,1,1,5,0,1,5,1,44.0,0,1
40,30,2,0,1,5,2,1,5,0,13.0,0,1
16,19,1,0,1,12,0,1,5,0,52.0,0,1
9,3,0,0,1,12,2,0,5,0,14.0,0,1
8,3,0,0,1,5,2,1,5,0,17.0,0,1
9,3,0,0,1,12,1,0,5,0,41.0,0,1
8,3,0,0,1,1,0,1,5,0,17.0,0,1
9,3,0,0,1,12,2,1,2,3,11.0,0,1
32,10,2,0,1,12,2,1,5,0,13.0,0,1
9,3,0,0,1,12,1,1,5,0,29.0,0,1
9,3,0,0,1,12,2,1,5,0,12.0,0,1
31,7,1,0,1,12,0,1,5,0,29.0,0,1
9,3,0,0,1,12,0,1,4,2,47.0,0,1
16,19,1,0,1,12,1,1,5,0,41.0,0,1
9,3,0,0,1,12,2,0,5,0,14.0,0,1
9,3,0,0,1,12,2,0,5,0,14.5,1,1
16,19,1,0,1,12,0,1,5,2,32.0,0,1
16,19,1,0,1,12,0,1,5,0,61.0,0,1
20,19,1,1,1,12,2,0,2,1,12.0,0,1
9,3,0,0,1,0,1,0,5,0,40.0,0,1
9,3,0,0,1,0,0,0,4,3,43.0,0,1
9,3,0,0,1,12,0,1,4,3,18.0,0,1
9,3,0,0,1,12,0,0,5,0,35.0,0,1
9,3,0,0,1,12,2,0,5,0,14.0,0,1
9,3,0,0,1,12,0,1,4,3,34.0,0,1
9,3,0,0,1,12,0,1,4,3,22.0,0,1
31,7,1,0,1,0,0,1,5,1,29.0,0,1
9,3,0,0,1,12,0,0,5,0,36.0,1,1
32,10,2,0,1,12,0,1,5,0,23.0,0,1
16,19,1,0,1,12,0,1,5,0,34.0,0,1
9,3,0,0,1,12,0,1,5,1,44.0,0,1
40,30,2,0,1,3,0,1,5,0,17.0,0,1
31,7,1,0,1,12,2,1,5,1,17.0,0,1
9,3,0,0,1,12,2,1,5,0,13.0,0,1
9,3,0,0,1,12,1,1,5,1,23.0,0,1
9,3,0,0,1,12,0,1,2,1,22.0,0,1
9,3,0,0,1,12,0,1,5,1,45.0,0,1
32,10,2,0,1,12,0,1,5,3,47.0,0,1
9,3,0,0,1,12,2,1,5,1,11.0,0,1
16,19,1,0,1,12,1,1,5,0,31.0,0,1
32,10,2,0,1,12,2,1,5,0,16.0,0,1
9,3,0,0,1,0,0,1,5,0,17.0,0,1
9,3,0,0,1,12,0,0,5,0,35.0,0,1
16,19,1,0,1,12,0,1,5,0,30.0,0,1
9,3,0,0,1,12,0,1,5,0,42.0,0,1
9,3,0,0,1,12,2,1,5,2,10.0,0,1
31,7,1,0,1,12,1,1,5,0,25.0,0,1
32,10,2,0,1,12,2,1,5,0,16.0,0,1
32,10,2,0,1,12,2,1,5,0,17.0,0,1
9,3,0,0,1,12,0,1,5,0,31.0,0,1
32,10,2,0,1,12,0,1,5,0,28.0,0,1
8,3,0,0,1,0,0,1,2,1,28.0,0,1
2,18,0,0,1,12,0,1,5,1,21.0,0,1
9,3,0,0,1,12,2,0,5,0,12.25,1,1
9,3,0,0,1,12,2,1,5,0,17.0,0,1
9,3,0,0,1,12,2,1,5,0,17.0,0,1
16,19,1,0,1,12,0,1,5,0,27.0,0,1
16,19,1,0,1,12,2,0,5,0,17.0,0,1
16,19,1,0,1,12,0,1,5,0,36.0,0,1
9,3,0,0,1,12,0,1,5,0,37.0,0,1
32,10,2,0,1,12,0,1,5,0,33.0,0,1
16,19,1,0,1,12,0,0,5,1,32.0,0,1
16,19,1,0,1,12,1,0,5,3,39.0,0,1
9,3,0,0,1,12,0,1,5,1,23.0,0,1
16,19,1,0,1,12,1,0,2,1,34.5,1,1
9,3,0,0,1,12,2,1,5,1,17.0,0,1
32,10,2,0,1,12,0,1,4,3,26.0,0,1
9,3,0,0,1,12,0,0,5,0,40.0,0,1
32,10,2,0,1,12,2,1,5,0,17.0,0,1
9,3,0,0,1,12,1,1,5,0,22.0,0,1
32,10,2,0,1,12,2,1,5,1,16.0,0,1
32,10,2,0,1,12,2,1,5,0,14.0,0,1
32,10,2,0,1,5,2,0,5,0,13.0,0,1
16,19,1,0,1,12,0,1,5,3,47.0,0,1
9,3,0,0,1,12,0,1,5,1,37.0,0,1
32,10,2,0,1,12,0,1,5,0,34.0,0,1
9,3,0,0,1,0,0,0,4,0,22.0,0,1
32,10,2,0,1,12,2,1,5,0,15.0,0,1
9,3,0,0,1,12,0,1,5,0,38.0,0,1
9,3,0,0,1,12,1,0,5,0,37.5,1,1
9,3,0,0,1,12,0,1,5,0,34.0,0,1
8,3,0,0,1,12,0,1,5,0,41.0,0,1
9,3,0,0,1,12,1,1,5,0,28.0,0,1
16,19,1,0,1,12,0,0,5,0,32.0,0,1
9,3,0,0,1,12,0,1,5,0,40.0,0,1
16,19,1,0,1,12,1,0,5,1,27.0,0,1
9,3,0,0,1,12,0,1,5,0,27.0,0,1
9,3,0,0,1,12,0,1,5,0,24.0,0,1
16,19,1,0,1,12,1,1,2,1,40.0,0,1
9,3,0,0,1,12,0,1,5,0,34.0,0,1
21,21,1,1,1,12,0,1,5,0,26.0,0,1
21,21,1,1,1,12,0,1,5,0,32.0,0,1
9,3,0,0,1,12,0,1,5,0,28.0,0,1
8,3,0,0,1,12,0,1,5,1,57.0,0,1
23,14,1,1,1,12,1,1,5,0,26.0,0,1
13,5,1,1,1,12,0,1,5,0,36.0,0,1
9,3,0,0,1,12,2,1,5,3,12.0,0,1
16,19,1,0,1,12,1,0,5,1,23.0,0,1
16,19,1,0,1,12,1,1,5,1,41.0,0,1
16,19,1,0,1,12,0,0,5,1,38.0,0,1
9,3,0,0,1,12,2,0,4,3,17.0,0,1
9,3,0,0,1,0,0,1,4,3,27.0,0,1
44,9,2,0,0,12,2,1,5,2,44.0,0,1
9,3,0,0,1,12,1,1,5,1,40.0,0,1
9,3,0,0,1,12,1,1,5,0,38.0,0,1
13,5,1,1,1,12,1,1,5,1,25.0,0,1
9,3,0,0,1,12,1,1,4,1,48.0,0,1
43,8,2,0,0,12,1,1,5,1,30.0,0,1
8,3,0,0,1,12,1,1,5,1,55.0,0,1
32,10,2,0,1,12,1,1,5,1,47.0,0,1
9,3,0,0,1,12,1,0,5,1,33.0,0,1
9,3,0,0,1,12,1,0,5,1,23.0,1,1
31,7,1,0,1,12,1,0,5,0,37.0,0,1
9,3,0,0,1,12,1,1,4,1,60.0,0,1
20,19,1,1,1,12,1,1,5,0,27.0,0,1
30,28,1,0,1,12,2,1,5,1,47.0,0,1
16,19,1,0,1,12,1,1,5,1,30.0,0,1
29,11,1,1,1,12,1,1,4,1,29.0,0,1
31,7,1,0,1,12,1,0,4,1,25.0,0,1
16,19,1,0,1,12,1,1,5,1,27.0,0,1
16,19,1,0,1,12,1,1,5,1,38.0,0,1
49,0,2,0,0,12,2,0,5,0,22.0,0,1
2,18,0,0,1,12,1,0,5,0,28.0,0,1
16,19,1,0,1,12,2,0,5,1,38.0,0,1
16,19,1,0,1,12,2,0,5,1,44.0,0,1
9,3,0,0,1,12,2,1,4,1,31.0,0,1
30,28,1,0,1,12,2,1,5,0,36.0,0,1
9,3,0,0,1,12,2,1,5,0,23.0,0,1
8,3,0,0,1,12,2,1,5,1,24.0,0,1
8,3,0,0,1,12,2,1,0,1,30.0,0,1
9,3,0,0,1,12,2,1,5,0,42.0,0,1
9,3,0,0,1,12,2,1,5,1,16.0,0,1
8,3,0,0,1,12,2,1,5,1,47.0,0,1
9,3,0,0,1,12,1,1,0,1,42.0,0,1
9,3,0,0,1,12,2,0,5,1,47.0,0,1
16,19,1,0,1,12,2,0,5,0,47.0,0,1
18,19,1,1,1,12,1,1,5,1,68.0,0,1
23,14,1,1,1,12,1,0,5,0,33.5,1,1
29,11,1,1,1,12,1,1,5,1,40.0,0,1
9,3,0,0,1,12,1,1,4,1,75.0,0,1
9,3,0,0,1,12,2,1,5,1,40.0,0,1
8,3,0,0,1,12,2,1,2,1,61.0,0,1
9,3,0,0,1,12,2,0,4,3,31.0,0,1
32,10,2,0,1,12,2,1,5,1,31.0,0,1
32,10,2,0,1,12,2,1,5,1,35.0,0,1
9,3,0,0,1,12,1,1,5,0,43.0,0,1
31,7,1,0,1,12,1,1,5,1,42.0,0,1
9,3,0,0,1,12,2,1,5,0,38.0,0,1
9,3,0,0,1,12,1,1,5,0,31.0,0,1
8,3,0,0,1,12,1,1,2,1,20.0,0,1
8,3,0,0,1,12,1,1,5,1,51.0,0,1
23,14,1,1,1,12,1,1,5,1,49.0,0,1
9,3,0,0,1,12,1,0,5,1,50.0,0,1
8,3,0,0,1,12,1,0,5,3,43.0,0,1
9,3,0,0,1,12,0,1,5,1,36.0,0,1
9,3,0,0,1,12,0,1,4,1,67.0,0,1
9,3,0,0,1,12,1,0,4,1,40.0,0,1
9,3,0,0,1,12,2,1,5,0,41.0,0,1
30,28,1,0,1,12,2,0,5,1,41.0,0,1
32,10,2,0,1,12,0,1,0,1,48.0,0,1
20,19,1,1,1,12,1,1,5,0,53.0,0,1
9,3,0,0,1,12,1,1,5,0,38.0,0,1
31,7,1,0,1,12,1,1,1,1,75.0,0,1
9,3,0,0,1,12,2,0,1,1,76.0,0,1
16,19,1,0,1,12,2,1,5,1,46.0,0,1
9,3,0,0,1,12,1,0,5,0,41.0,0,1
9,3,0,0,1,12,2,0,0,1,29.0,0,1
9,3,0,0,1,12,1,1,5,0,46.0,0,1
32,10,2,0,1,12,2,1,5,1,28.0,0,1
2,18,0,0,1,12,2,1,5,0,31.0,0,1
8,3,0,0,1,12,0,1,5,1,25.0,0,1
8,3,0,0,1,12,2,1,5,0,38.0,0,1
9,3,0,0,1,12,2,1,5,1,54.0,0,1
9,3,0,0,1,12,2,0,2,1,23.0,0,1
9,3,0,0,1,12,1,1,5,1,40.0,0,1
31,7,1,0,1,12,1,1,5,0,43.0,0,1
32,10,2,0,1,12,2,1,5,1,28.0,0,1
18,19,1,1,1,12,2,1,5,0,33.0,0,1
9,3,0,0,1,12,2,1,5,1,32.0,0,1
8,3,0,0,1,12,2,1,5,1,50.0,0,1
9,3,0,0,1,12,1,1,0,1,52.0,0,1
8,3,0,0,1,12,2,1,5,1,54.0,0,1
32,10,2,0,1,12,1,0,5,1,23.0,0,1
8,3,0,0,1,12,2,1,5,1,29.0,0,1
16,19,1,0,1,12,2,0,5,1,29.0,1,1
16,19,1,0,1,12,1,1,2,1,27.0,0,1
9,3,0,0,1,12,1,0,5,1,30.0,0,1
16,19,1,0,1,12,1,0,4,1,43.0,0,1
30,28,1,0,1,12,0,0,5,1,42.5,1,1
9,3,0,0,1,12,1,1,5,1,29.0,0,1
13,5,1,1,1,12,2,1,5,0,52.0,0,1
31,7,1,0,1,12,1,1,4,1,24.0,0,1
9,3,0,0,1,12,1,1,5,1,42.0,0,1
9,3,0,0,1,12,0,0,0,1,43.0,0,1
16,19,1,0,1,12,1,0,5,0,41.0,0,1
9,3,0,0,1,12,1,1,5,1,54.0,0,1
32,10,2,0,1,12,1,1,5,0,57.0,0,1
13,5,1,1,1,12,0,1,2,1,18.0,0,1
8,3,0,0,1,12,2,1,0,1,32.0,0,1
9,3,0,0,1,12,0,1,5,1,29.0,0,1
18,19,1,1,1,12,1,1,5,1,23.0,0,1
16,19,1,0,1,12,0,1,5,1,41.0,0,1
9,3,0,0,1,12,0,0,2,1,37.0,0,1
9,3,0,0,1,12,1,0,5,1,71.0,0,1
49,0,2,0,0,12,0,0,5,0,22.0,0,1
9,3,0,0,1,12,2,1,5,1,28.0,0,1
44,9,2,0,0,12,0,1,5,0,31.0,0,1
16,19,1,0,1,12,0,0,5,1,25.0,0,1
31,7,1,0,1,12,0,0,5,1,20.0,0,1
16,19,1,0,1,12,1,0,5,1,35.0,1,1
32,10,2,0,1,12,1,1,4,3,50.0,0,1
30,28,1,0,1,12,0,1,5,1,35.0,0,1
16,19,1,0,1,12,1,0,5,1,49.0,0,1
30,28,1,0,1,12,0,1,5,1,29.0,0,1
13,5,1,1,1,12,0,0,5,0,32.5,1,1
32,10,2,0,1,12,0,0,2,1,32.5,1,1
16,19,1,0,1,12,1,1,2,1,27.0,0,1
16,19,1,0,1,12,1,1,2,1,27.0,0,1
16,19,1,0,1,12,1,1,2,1,27.0,0,1
16,19,1,0,1,12,1,1,2,1,27.0,0,1
24,14,1,1,1,12,1,0,5,1,39.0,0,1
16,19,1,0,1,12,1,1,2,1,27.0,0,1
16,19,1,0,1,12,1,1,2,1,27.0,0,1
40,30,2,0,1,12,0,1,5,1,57.0,0,1
8,3,0,0,1,12,1,1,5,1,32.0,0,1
9,3,0,0,1,12,1,1,5,1,60.0,0,1
16,19,1,0,1,12,1,1,5,1,31.0,0,1
30,28,1,0,1,12,0,1,5,0,36.0,0,1
8,3,0,0,1,12,1,1,5,1,43.0,0,1
32,10,2,0,1,12,0,1,5,1,28.0,0,1
32,10,2,0,1,12,0,1,5,1,29.0,0,1
9,3,0,0,1,12,0,1,5,0,31.0,0,1
49,0,2,0,0,12,2,1,5,1,32.0,0,1
9,3,0,0,1,12,0,1,5,1,34.0,0,1
16,19,1,0,1,12,1,1,5,0,35.0,0,1
32,10,2,0,1,12,0,0,4,1,36.0,0,1
8,3,0,0,1,12,0,1,5,0,38.0,0,1
16,19,1,0,1,12,1,0,5,1,33.0,1,1
40,30,2,0,1,12,0,1,5,1,35.0,0,1
10,3,0,0,1,12,1,1,5,0,46.0,0,1
16,19,1,0,1,12,1,0,5,0,29.5,1,1
31,7,1,0,1,12,1,0,5,1,37.0,0,1
9,3,0,0,1,12,1,0,5,0,25.0,0,1
16,19,1,0,1,12,0,0,0,1,29.5,1,1
22,6,1,0,1,12,0,1,5,1,19.0,0,1
9,3,0,0,1,12,1,1,5,0,39.0,0,1
9,3,0,0,1,12,0,1,5,1,32.0,0,1
16,19,1,0,1,12,1,1,4,1,39.0,0,1
22,6,1,0,1,12,1,0,4,1,29.0,0,1
32,10,2,0,1,12,1,1,5,1,60.0,0,1
32,10,2,0,1,12,2,0,5,0,33.0,0,1
9,3,0,0,1,12,1,1,5,0,41.0,0,1
13,5,1,1,1,12,1,0,5,0,34.666666666666664,1,1
21,21,1,1,1,3,1,1,2,0,14.5,1,1
8,3,0,0,1,3,1,1,5,0,25.0,0,1
16,19,1,0,1,12,1,1,5,0,36.0,0,1
32,10,2,0,1,12,2,1,5,0,44.0,0,1
9,3,0,0,1,12,2,0,5,0,35.0,0,1
8,3,0,0,1,12,2,1,4,2,28.0,0,1
49,0,2,0,0,9,1,1,5,0,40.0,0,1
32,10,2,0,1,12,1,1,4,3,34.333333333333336,1,1
32,10,2,0,1,12,1,1,5,0,37.0,0,1
33,10,2,0,1,12,1,0,5,1,50.5,1,1
8,3,0,0,1,12,0,1,5,1,25.0,0,1
9,3,0,0,1,12,0,0,5,1,26.0,0,1
32,10,2,0,1,12,0,0,5,0,30.0,1,1
31,7,1,0,1,12,1,0,5,1,29.0,0,1
9,3,0,0,1,12,1,0,5,0,31.0,0,1
9,3,0,0,1,12,1,0,5,1,21.0,0,1
9,3,0,0,1,12,1,1,2,1,50.0,0,1
9,3,0,0,1,12,0,0,4,0,21.0,0,1
23,14,1,1,1,12,0,1,5,1,62.0,0,1
16,19,1,0,1,12,1,1,5,1,40.0,0,1
16,19,1,0,1,12,1,1,5,1,38.0,0,1
40,30,2,0,1,12,1,1,5,1,41.0,0,1
9,3,0,0,1,12,1,0,5,1,39.0,0,1
9,3,0,0,1,12,0,1,5,1,22.0,0,1
9,3,0,0,1,12,0,0,5,1,30.0,0,1
8,3,0,0,1,12,1,1,5,1,46.0,0,1
31,7,1,0,1,12,1,0,5,1,38.0,0,1
31,7,1,0,1,12,1,1,5,1,34.0,0,1
8,3,0,0,1,12,0,1,5,1,21.0,0,1
9,3,0,0,1,12,0,0,4,1,49.0,0,1
16,19,1,0,1,12,1,0,5,0,58.0,0,1
9,3,0,0,1,12,1,1,5,1,42.0,0,1
2,18,0,0,1,12,0,1,5,1,38.0,0,1
9,3,0,0,1,12,1,1,5,1,60.0,0,1
9,3,0,0,1,12,0,1,5,1,35.0,0,1
9,3,0,0,1,12,1,0,5,0,33.0,0,1
32,10,2,0,1,12,0,0,5,0,44.0,0,1
32,10,2,0,1,12,1,0,5,1,60.0,0,1
9,3,0,0,1,12,2,0,5,1,52.0,0,1
8,3,0,0,1,12,1,1,5,1,31.0,0,1
23,14,1,1,1,12,1,1,5,1,26.0,0,1
32,10,2,0,1,12,2,1,0,1,26.0,0,1
8,3,0,0,1,12,0,1,5,1,37.0,0,1
9,3,0,0,1,12,0,1,5,0,36.0,0,1
32,10,2,0,1,12,1,1,5,0,34.0,0,1
16,19,1,0,1,12,0,0,5,0,21.0,0,1
16,19,1,0,1,12,1,1,5,0,40.0,0,1
8,3,0,0,1,12,0,0,5,1,41.0,0,1
8,3,0,0,1,12,0,1,5,1,36.0,0,1
32,10,2,0,1,12,0,1,4,1,47.0,0,1
13,5,1,1,1,12,1,1,5,0,24.0,0,1
8,3,0,0,1,12,0,1,5,1,35.0,0,1
9,3,0,0,1,12,0,1,2,1,62.0,0,1
16,19,1,0,1,12,1,1,4,1,37.0,0,1
16,19,1,0,1,12,0,0,5,0,33.0,0,1
9,3,0,0,1,12,0,1,5,0,38.0,0,1
9,3,0,0,1,12,0,0,5,0,35.0,0,1
9,3,0,0,1,12,1,1,5,1,54.0,0,1
9,3,0,0,1,12,2,1,4,1,24.0,0,1
32,10,2,0,1,12,0,0,5,3,33.0,0,1
9,3,0,0,1,12,2,0,5,1,30.0,0,1
32,10,2,0,1,12,0,0,5,1,23.0,0,1
31,7,1,0,1,12,1,1,5,1,37.0,0,1
31,7,1,0,1,12,1,1,5,0,20.0,0,1
30,28,1,0,1,12,1,0,1,1,31.0,0,1
49,0,2,0,0,12,0,0,5,1,29.0,0,1
31,7,1,0,1,12,1,1,5,1,48.0,0,1
30,28,1,0,1,12,0,0,5,1,30.0,0,1
9,3,0,0,1,12,0,1,5,3,63.0,0,1
8,3,0,0,1,12,0,1,5,1,19.0,0,1
9,3,0,0,1,12,1,0,5,1,39.0,0,1
13,5,1,1,1,12,0,1,5,3,18.0,0,1
9,3,0,0,1,12,0,1,5,0,25.0,0,1
10,3,0,0,1,12,1,1,5,1,25.0,0,1
7,25,1,1,1,12,0,1,2,1,32.0,0,1
9,3,0,0,1,12,0,0,5,1,35.0,0,1
16,19,1,0,1,12,1,1,2,1,32.0,0,1
30,28,1,0,1,12,0,1,5,1,67.0,0,1
16,19,1,0,1,12,0,1,5,1,27.0,0,1
9,3,0,0,1,12,0,1,5,1,16.0,0,1
18,19,1,1,1,12,1,1,4,1,28.0,0,1
9,3,0,0,1,12,1,1,2,1,24.0,0,1
31,7,1,0,1,12,1,0,5,1,18.0,0,1
49,0,2,0,0,12,0,1,0,1,44.0,0,1
49,0,2,0,0,12,0,1,0,1,36.0,0,1
32,10,2,0,1,12,0,1,5,0,46.0,0,1
17,19,1,1,1,12,0,1,5,1,28.0,0,1
33,10,2,0,1,12,0,1,5,0,43.0,0,1
30,28,1,0,1,12,0,1,5,0,40.0,0,1
32,10,2,0,1,12,0,1,5,0,18.0,0,1
33,10,2,0,1,12,0,1,5,0,36.0,0,1
16,19,1,0,1,12,1,1,5,0,62.0,0,1
32,10,2,0,1,12,0,1,5,0,55.0,0,1
9,3,0,0,1,12,0,0,5,0,21.0,0,1
8,3,0,0,1,12,0,1,5,0,21.0,0,1
9,3,0,0,1,12,0,1,5,0,25.0,0,1
9,3,0,0,1,12,0,1,5,0,29.0,0,1
10,3,0,0,1,12,2,0,5,0,65.0,0,1
9,3,0,0,1,12,0,1,5,0,25.0,0,1
9,3,0,0,1,12,1,0,4,0,12.0,0,1
9,3,0,0,1,12,1,1,5,0,20.0,0,1
40,30,2,0,1,3,2,1,5,0,46.0,0,1
32,10,2,0,1,12,2,0,0,1,26.0,0,1
8,3,0,0,1,12,2,1,0,1,58.0,0,1
9,3,0,0,1,12,1,1,5,3,29.0,0,1
8,3,0,0,1,12,0,1,5,0,38.0,0,1
9,3,0,0,1,12,1,1,5,1,29.0,0,1
32,10,2,0,1,12,1,0,5,3,20.0,0,1
9,3,0,0,1,12,1,1,5,1,37.0,0,1
31,7,1,0,1,12,1,0,5,0,35.0,0,1
33,10,2,0,1,12,1,1,5,1,29.0,0,1
33,10,2,0,1,12,1,0,5,0,29.0,1,1
31,7,1,0,1,12,2,0,5,0,26.0,0,1
6,26,0,0,1,12,1,1,0,3,69.0,0,1
29,11,1,1,1,12,1,0,2,1,60.0,0,1
32,10,2,0,1,12,2,1,5,0,37.0,0,1
9,3,0,0,1,12,1,0,5,0,32.0,0,1
9,3,0,0,1,12,2,1,5,3,35.0,0,1
8,3,0,0,1,12,1,0,0,1,29.0,0,1
9,3,0,0,1,12,1,0,4,3,40.0,0,1
9,3,0,0,1,12,0,1,5,0,27.0,0,1
10,3,0,0,1,12,1,1,4,3,48.0,0,1
9,3,0,0,1,12,1,1,5,3,27.0,0,1
9,3,0,0,1,12,1,0,5,1,50.0,0,1
9,3,0,0,1,12,0,0,0,3,45.0,0,1
9,3,0,0,1,12,1,1,0,3,28.0,0,1
18,19,1,1,1,12,0,1,5,3,60.0,0,1
9,3,0,0,1,12,0,0,5,0,20.0,0,1
8,3,0,0,1,12,0,1,5,3,61.0,0,1
9,3,0,0,1,12,1,0,5,0,17.0,0,1
32,10,2,0,1,12,0,1,2,3,26.0,0,1
9,3,0,0,1,12,1,1,5,3,32.0,0,1
9,3,0,0,1,12,1,1,5,1,61.0,0,1
21,21,1,1,1,12,0,1,5,0,31.0,0,1
16,19,1,0,1,12,1,1,0,1,32.0,0,1
32,10,2,0,1,12,0,1,4,3,47.0,0,1
9,3,0,0,1,12,1,1,5,0,65.0,0,1
16,19,1,0,1,12,1,1,5,1,29.0,0,1
9,3,0,0,1,12,1,1,5,3,58.0,0,1
16,19,1,0,1,12,2,1,0,1,36.0,0,1
32,10,2,0,1,12,2,1,4,0,38.0,0,1
32,10,2,0,1,12,0,1,5,0,32.0,0,1
16,19,1,0,1,12,1,0,5,0,42.5,1,1
32,10,2,0,1,12,2,1,5,0,29.0,0,1
31,7,1,0,1,12,1,0,5,3,41.0,0,1
10,3,0,0,1,12,1,1,5,1,39.0,0,1
8,3,0,0,1,0,2,1,5,0,32.0,0,1
9,3,0,0,1,12,1,1,5,3,53.0,0,1
18,19,1,1,1,12,0,1,2,1,36.0,0,1
8,3,0,0,1,12,0,1,4,1,31.0,0,1
9,3,0,0,1,12,0,0,0,1,26.0,0,1
8,3,0,0,1,12,1,0,5,0,33.0,0,1
13,5,1,1,1,12,2,1,2,1,26.0,0,1
31,7,1,0,1,0,1,1,5,3,39.0,0,1
32,10,2,0,1,12,2,1,2,3,47.0,0,1
31,7,1,0,1,12,1,1,5,1,31.0,0,1
8,3,0,0,1,12,1,1,2,1,27.0,0,1
10,3,0,0,1,12,1,1,2,3,23.0,0,1
8,3,0,0,1,12,2,0,0,3,44.0,0,1
9,3,0,0,1,12,1,0,0,1,48.0,0,1
9,3,0,0,1,12,1,1,2,1,56.0,0,1
9,3,0,0,1,12,0,1,0,3,36.0,0,1
33,10,2,0,1,12,1,1,5,3,40.0,0,1
32,10,2,0,1,12,0,1,5,0,39.0,0,1
33,10,2,0,1,12,1,1,0,3,47.0,0,1
8,3,0,0,1,5,0,1,2,1,38.0,0,1
9,3,0,0,1,12,1,1,5,1,77.0,0,1
32,10,2,0,1,12,0,1,5,0,35.0,0,1
13,5,1,1,1,12,0,1,5,0,49.0,0,1
7,25,1,1,1,12,0,1,5,0,31.0,0,1
9,3,0,0,1,12,1,1,5,0,27.0,0,1
32,10,2,0,1,12,0,1,5,0,26.0,0,1
18,19,1,1,1,12,0,1,5,0,53.0,0,1
40,30,2,0,1,3,0,1,5,0,17.0,0,1
10,3,0,0,1,12,1,1,5,0,56.0,0,1
8,3,0,0,1,8,0,1,5,0,24.0,0,1
32,10,2,0,1,12,0,1,5,0,32.0,0,1
10,3,0,0,1,12,1,1,5,3,33.0,0,1
9,3,0,0,1,12,1,1,5,1,39.0,0,1
8,3,0,0,1,12,0,1,5,0,38.0,0,1
9,3,0,0,1,12,0,1,5,0,20.0,0,1
8,3,0,0,1,12,1,1,5,3,37.0,0,1
8,3,0,0,1,12,0,1,5,0,25.0,0,1
8,3,0,0,1,0,1,0,5,3,38.0,0,1
32,10,2,0,1,12,0,1,5,0,27.0,0,1
33,10,2,0,1,12,0,0,5,0,44.0,0,1
32,10,2,0,1,12,0,0,4,3,45.0,0,1
9,3,0,0,1,12,1,1,5,0,61.0,0,1
32,10,2,0,1,12,0,1,5,0,38.0,0,1
8,3,0,0,1,5,0,0,5,1,27.0,0,1
32,10,2,0,1,12,0,1,5,0,22.0,0,1
9,3,0,0,1,12,1,1,5,3,31.0,0,1
32,10,2,0,1,12,0,1,5,3,41.0,0,1
23,14,1,1,1,12,1,0,5,0,21.0,0,1
32,10,2,0,1,12,0,1,5,3,25.0,0,1
16,19,1,0,1,12,0,1,5,1,31.0,0,1
9,3,0,0,1,12,1,1,5,0,41.0,0,1
9,3,0,0,1,12,1,1,5,0,40.0,0,1
16,19,1,0,1,12,2,1,5,3,22.0,0,1
16,19,1,0,1,12,2,0,5,0,26.0,1,1
9,3,0,0,1,12,1,1,5,3,56.0,0,1
31,7,1,0,1,12,1,1,4,3,76.0,0,1
8,3,0,0,1,12,1,1,5,0,35.0,0,1
32,10,2,0,1,12,2,1,5,0,41.0,0,1
9,3,0,0,1,12,1,1,5,0,27.0,0,1
8,3,0,0,1,12,1,0,4,3,36.0,0,1
8,3,0,0,1,12,1,1,0,1,45.0,0,1
9,3,0,0,1,12,1,1,5,1,43.0,0,1
32,10,2,0,1,12,0,1,4,3,52.0,0,1
8,3,0,0,1,12,1,0,4,3,28.0,0,1
16,19,1,0,1,12,0,1,5,0,41.0,0,1
8,3,0,0,1,12,0,1,5,0,43.0,0,1
9,3,0,0,1,12,0,0,5,0,38.0,0,1
9,3,0,0,1,12,1,1,5,3,42.0,0,1
9,3,0,0,1,12,1,1,5,0,29.0,0,1
9,3,0,0,1,12,0,1,5,1,51.0,0,1
9,3,0,0,1,12,1,1,0,1,38.0,0,1
9,3,0,0,1,12,1,0,0,1,41.0,0,1
32,10,2,0,1,12,0,1,5,1,24.0,0,1
9,3,0,0,1,12,1,0,5,3,28.0,0,1
9,3,0,0,1,12,1,0,5,1,35.0,0,1
31,7,1,0,1,12,0,0,5,0,29.0,0,1
17,19,1,1,1,12,1,1,2,1,34.0,0,1
9,3,0,0,1,12,1,1,5,1,40.0,0,1
9,3,0,0,1,12,1,1,5,1,32.0,0,1
8,3,0,0,1,12,0,1,5,0,31.0,0,1
9,3,0,0,1,12,0,1,5,1,50.0,0,1
8,3,0,0,1,12,0,1,5,0,49.0,0,1
9,3,0,0,1,12,1,1,0,1,27.0,0,1
31,7,1,0,1,12,0,1,4,3,64.0,0,1
9,3,0,0,1,12,0,1,2,1,31.0,0,1
9,3,0,0,1,12,1,0,5,1,24.0,0,1
16,19,1,0,1,12,0,0,5,1,33.0,0,1
16,19,1,0,1,12,1,1,5,3,38.0,0,1
9,3,0,0,1,12,1,1,5,3,52.0,0,1
9,3,0,0,1,12,0,1,2,1,22.0,0,1
8,3,0,0,1,12,0,1,5,0,57.0,0,1
32,10,2,0,1,12,0,0,5,0,35.0,0,1
40,30,2,0,1,12,1,1,4,1,28.0,0,1
40,30,2,0,1,3,1,1,2,1,24.0,0,1
8,3,0,0,1,12,1,1,4,3,35.0,0,1
6,26,0,0,1,12,0,1,5,0,37.0,0,1
32,10,2,0,1,12,0,0,5,1,44.0,0,1
9,3,0,0,1,12,1,0,5,3,37.0,0,1
8,3,0,0,1,12,0,1,0,1,34.0,0,1
9,3,0,0,1,12,1,1,5,3,45.0,0,1
9,3,0,0,1,12,2,1,5,3,29.0,0,1
9,3,0,0,1,12,1,0,5,3,28.0,0,1
9,3,0,0,1,12,1,0,5,1,20.0,0,1
8,3,0,0,1,12,0,1,5,0,30.0,0,1
8,3,0,0,1,12,0,1,5,1,32.0,0,1
32,10,2,0,1,12,0,1,5,3,26.0,0,1
8,3,0,0,1,12,0,1,5,0,45.0,0,1
30,28,1,0,1,12,0,1,5,3,31.0,0,1
32,10,2,0,1,12,0,1,5,0,37.0,0,1
9,3,0,0,1,12,0,1,5,0,22.0,0,1
8,3,0,0,1,12,1,1,5,0,32.0,0,1
31,7,1,0,1,12,1,1,2,3,23.0,0,1
8,3,0,0,1,3,0,1,4,0,37.0,0,1
9,3,0,0,1,12,1,0,0,1,37.0,0,1
13,5,1,1,1,12,0,1,5,0,28.0,0,1
8,3,0,0,1,3,0,1,5,0,32.0,0,1
33,10,2,0,1,12,1,0,5,1,34.0,0,1
30,28,1,0,1,12,0,1,0,3,31.0,0,1
9,3,0,0,1,12,0,1,5,3,33.0,0,1
33,10,2,0,1,12,1,1,0,1,22.0,0,1
9,3,0,0,1,12,0,0,5,0,32.0,0,1
32,10,2,0,1,12,0,1,2,3,26.0,0,1
33,10,2,0,1,12,1,0,5,0,26.5,1,1
32,10,2,0,1,12,2,1,5,3,34.0,0,1
10,3,0,0,1,12,1,0,5,0,31.0,0,1
16,19,1,0,1,12,0,1,2,1,23.0,0,1
32,10,2,0,1,12,0,0,5,3,31.0,0,1
13,5,1,1,1,12,2,1,5,3,43.0,0,1
16,19,1,0,1,12,1,0,4,0,48.0,1,1
9,3,0,0,1,12,1,1,5,0,22.0,0,1
10,3,0,0,1,12,1,1,5,3,56.0,0,1
9,3,0,0,1,12,1,0,4,3,22.0,0,1
8,3,0,0,1,12,1,1,5,1,21.0,0,1
9,3,0,0,1,12,2,0,5,3,60.0,0,1
32,10,2,0,1,12,0,1,2,1,47.0,0,1
9,3,0,0,1,12,1,0,0,3,20.0,0,1
10,3,0,0,1,12,1,1,4,3,43.0,0,1
8,3,0,0,1,12,2,0,1,1,50.0,0,1
9,3,0,0,1,12,1,1,5,3,33.0,0,1
9,3,0,0,1,12,1,1,5,0,26.0,0,1
8,3,0,0,1,12,1,1,5,1,52.0,0,1
9,3,0,0,1,12,1,1,5,0,33.0,0,1
9,3,0,0,1,12,0,0,4,3,28.0,0,1
9,3,0,0,1,12,1,1,5,3,33.0,0,1
30,28,1,0,1,3,0,1,0,1,28.0,0,1
21,21,1,1,1,12,2,1,5,0,16.0,1,1
33,10,2,0,1,12,2,1,5,3,22.0,0,1
32,10,2,0,1,12,0,1,5,0,43.0,0,1
30,28,1,0,1,4,0,1,5,0,37.0,0,1
9,3,0,0,1,12,1,1,5,3,45.0,0,1
31,7,1,0,1,12,1,0,5,3,46.0,0,1
8,3,0,0,1,12,1,0,5,0,49.0,0,1
9,3,0,0,1,12,0,1,5,0,32.0,0,1
9,3,0,0,1,12,1,1,5,3,23.0,0,1
31,7,1,0,1,12,1,1,5,0,24.0,0,1
9,3,0,0,1,12,1,0,5,3,53.0,0,1
9,3,0,0,1,12,0,0,4,3,20.0,0,1
9,3,0,0,1,12,1,1,5,0,38.0,0,1
32,10,2,0,1,12,0,1,0,3,37.0,0,1
9,3,0,0,1,12,1,0,1,0,37.0,0,1
30,28,1,0,1,12,0,1,5,3,37.0,0,1
31,7,1,0,1,12,1,1,0,3,37.0,0,1
31,7,1,0,1,12,1,1,5,1,21.0,0,1
9,3,0,0,1,12,0,0,2,1,32.0,0,1
9,3,0,0,1,12,0,1,5,3,61.0,0,1
9,3,0,0,1,12,1,1,5,0,58.0,0,1
9,3,0,0,1,12,1,0,2,3,61.0,0,1
9,3,0,0,1,12,1,1,5,3,40.0,0,1
9,3,0,0,1,12,2,0,0,1,43.0,0,1
8,3,0,0,1,12,0,1,5,3,18.0,0,1
31,7,1,0,1,12,1,1,5,0,39.0,0,1
8,3,0,0,1,12,0,1,5,3,53.0,0,1
18,19,1,1,1,12,0,1,5,1,34.0,0,1
9,3,0,0,1,12,0,0,5,3,34.0,0,1
33,10,2,0,1,12,0,1,5,0,28.0,0,1
31,7,1,0,1,12,0,1,0,1,28.0,0,1
9,3,0,0,1,12,0,1,5,3,25.0,0,1
16,19,1,0,1,12,0,1,4,1,37.0,0,1
9,3,0,0,1,12,1,0,2,1,55.0,0,1
9,3,0,0,1,12,2,0,5,3,38.0,0,1
16,19,1,0,1,12,1,1,5,0,43.0,0,1
2,18,0,0,1,12,0,1,2,1,35.0,0,1
32,10,2,0,1,12,0,1,0,1,34.0,0,1
9,3,0,0,1,12,1,0,5,0,25.0,0,1
9,3,0,0,1,12,0,1,5,0,42.0,0,1
16,19,1,0,1,12,1,0,5,0,24.0,0,1
16,19,1,0,1,12,0,1,5,0,29.0,0,1
32,10,2,0,1,12,0,0,5,0,29.0,0,1
16,19,1,0,1,12,0,0,5,0,26.0,0,1
16,19,1,0,1,12,1,0,5,1,50.0,0,1
8,3,0,0,1,12,1,1,5,1,48.0,0,1
8,3,0,0,1,12,0,0,5,1,43.0,0,1
9,3,0,0,1,12,1,1,5,0,20.0,0,1
8,3,0,0,1,12,0,0,4,3,32.0,0,1
30,28,1,0,1,12,0,0,5,0,32.0,0,1
9,3,0,0,1,12,1,1,4,3,26.0,0,1
8,3,0,0,1,6,0,0,5,3,17.0,0,1
9,3,0,0,1,12,1,0,5,0,40.0,0,1
9,3,0,0,1,12,1,0,4,3,26.0,0,1
17,19,1,1,1,12,1,1,5,0,45.0,0,1
9,3,0,0,1,12,1,1,5,3,26.0,0,1
9,3,0,0,1,12,1,0,5,0,29.0,0,1
9,3,0,0,1,12,1,1,5,3,29.0,0,1
10,3,0,0,1,12,1,1,4,3,35.0,0,1
9,3,0,0,1,12,1,1,5,3,55.0,0,1
13,5,1,1,1,12,0,0,5,1,38.0,0,1
32,10,2,0,1,12,0,1,5,1,29.0,0,1
33,10,2,0,1,12,0,1,5,3,45.0,0,1
16,19,1,0,1,12,0,1,5,0,20.0,0,1
33,10,2,0,1,12,0,1,5,1,55.0,0,1
30,28,1,0,1,12,0,1,5,1,34.0,0,1
32,10,2,0,1,12,0,1,5,1,48.0,0,1
33,10,2,0,1,12,1,0,5,1,50.0,0,1
33,10,2,0,1,12,0,1,0,1,35.0,0,1
30,28,1,0,1,12,0,0,5,0,34.5,1,1
9,3,0,0,1,12,1,1,4,3,30.0,0,1
32,10,2,0,1,12,0,1,5,3,29.0,0,1
32,10,2,0,1,5,0,1,5,0,23.0,0,1
8,3,0,0,1,12,0,1,5,1,32.0,0,1
33,10,2,0,1,12,0,0,5,0,24.0,0,1
32,10,2,0,1,5,0,1,2,1,23.0,0,1
33,10,2,0,1,12,0,0,5,0,28.0,0,1
33,10,2,0,1,12,1,1,5,3,39.0,0,1
32,10,2,0,1,12,0,0,2,1,29.0,0,1
24,14,1,1,1,12,0,0,4,3,30.0,0,1
9,3,0,0,1,12,1,1,5,0,31.0,0,1
33,10,2,0,1,12,1,1,5,1,47.0,0,1
9,3,0,0,1,12,1,1,5,0,38.0,0,1
32,10,2,0,1,12,0,0,0,3,23.0,0,1
33,10,2,0,1,12,0,1,5,1,43.0,0,1
33,10,2,0,1,12,0,0,5,0,31.0,0,1
9,3,0,0,1,12,0,0,5,0,38.0,0,1
32,10,2,0,1,12,0,1,0,1,33.0,0,1
31,7,1,0,1,12,1,1,5,3,34.0,0,1
9,3,0,0,1,12,1,1,5,0,51.0,0,1
9,3,0,0,1,12,1,0,5,3,66.0,0,1
8,3,0,0,1,3,0,1,5,1,21.0,0,1
9,3,0,0,1,12,1,1,5,1,40.0,0,1
30,28,1,0,1,12,1,1,5,1,52.0,0,1
8,3,0,0,1,12,1,1,5,3,58.0,0,1
31,7,1,0,1,12,0,1,5,1,52.0,0,1
8,3,0,0,1,0,0,1,5,3,42.0,0,1
9,3,0,0,1,12,1,1,4,0,24.0,0,1
9,3,0,0,1,12,1,1,5,0,32.0,0,1
9,3,0,0,1,12,1,1,5,3,41.0,0,1
8,3,0,0,1,12,0,0,4,3,53.0,0,1
16,19,1,0,1,12,1,0,5,0,24.0,0,1
9,3,0,0,1,12,1,1,5,3,80.0,0,1
9,3,0,0,1,12,1,1,5,0,20.0,0,1
33,10,2,0,1,12,0,1,4,0,38.0,0,1
9,3,0,0,1,12,0,1,0,3,18.0,0,1
9,3,0,0,1,12,1,1,5,0,52.0,0,1
9,3,0,0,1,12,1,1,5,0,37.0,0,1
9,3,0,0,1,12,1,1,5,3,37.0,0,1
9,3,0,0,1,12,1,1,5,1,46.0,0,1
9,3,0,0,1,12,1,0,2,1,38.0,0,1
9,3,0,0,1,12,1,1,5,3,34.0,0,1
32,10,2,0,1,12,0,1,0,1,38.0,0,1
30,28,1,0,1,12,0,0,5,0,28.0,0,1
33,10,2,0,1,12,1,0,5,0,37.0,0,1
9,3,0,0,1,12,0,0,4,0,29.0,0,1
33,10,2,0,1,12,1,0,5,3,27.0,0,1
32,10,2,0,1,12,0,0,0,3,28.0,0,1
20,19,1,1,1,12,1,1,2,1,61.0,0,1
9,3,0,0,1,12,1,1,5,1,47.0,0,1
32,10,2,0,1,12,0,1,0,1,35.0,1,1
9,3,0,0,1,12,1,0,5,3,45.0,0,1
33,10,2,0,1,12,1,1,5,0,38.0,0,1
8,3,0,0,1,0,0,1,5,0,23.0,0,1
30,28,1,0,1,3,0,1,5,3,25.0,0,1
9,3,0,0,1,12,1,0,4,3,24.0,0,1
9,3,0,0,1,12,1,1,5,0,63.0,0,1
8,3,0,0,1,12,1,1,5,0,30.0,0,1
40,30,2,0,1,2,0,1,5,0,23.0,0,1
9,3,0,0,1,12,1,0,5,1,68.0,0,1
8,3,0,0,1,12,1,0,5,1,22.0,0,1
31,7,1,0,1,12,0,1,1,1,52.0,0,1
8,3,0,0,1,12,0,1,5,1,40.0,0,1
8,3,0,0,1,0,2,1,0,3,19.0,0,1
33,10,2,0,1,12,1,0,0,1,32.0,0,1
9,3,0,0,1,12,1,1,5,3,43.0,0,1
31,7,1,0,1,12,1,1,5,0,59.0,0,1
9,3,0,0,1,12,2,1,5,1,54.0,0,1
32,10,2,0,1,12,0,1,5,1,32.0,0,1
30,28,1,0,1,12,0,0,0,0,34.5,1,1
9,3,0,0,1,12,1,1,0,1,55.0,0,1
32,10,2,0,1,12,0,1,5,0,38.0,0,1
32,10,2,0,1,12,0,1,5,0,55.0,0,1
9,3,0,0,1,12,0,1,4,0,22.0,0,1
32,10,2,0,1,12,0,1,5,1,21.0,0,1
16,19,1,0,1,12,0,1,5,1,28.0,0,1
9,3,0,0,1,12,1,1,5,0,45.0,0,1
9,3,0,0,1,12,1,1,0,3,29.0,0,1
16,19,1,0,1,12,0,1,5,0,32.0,1,1
31,7,1,0,1,12,1,0,5,1,33.0,0,1
8,3,0,0,1,12,0,0,0,1,29.0,0,1
31,7,1,0,1,12,1,0,5,3,39.0,0,1
9,3,0,0,1,12,1,0,5,0,51.0,0,1
9,3,0,0,1,12,0,1,4,3,27.0,0,1
9,3,0,0,1,12,1,1,2,1,18.0,0,1
9,3,0,0,1,12,1,1,5,0,42.0,0,1
8,3,0,0,1,3,0,1,0,1,21.0,0,1
8,3,0,0,1,12,0,1,5,1,46.0,0,1
8,3,0,0,1,12,0,0,4,3,41.0,0,1
9,3,0,0,1,12,0,1,4,3,41.0,0,1
10,3,0,0,1,12,1,1,4,0,43.0,0,1
13,5,1,1,1,12,0,1,2,1,30.0,0,1
31,7,1,0,1,12,1,1,5,0,34.0,0,1
31,7,1,0,1,12,0,1,5,0,54.0,0,1
31,7,1,0,1,12,1,1,5,3,34.0,0,1
31,7,1,0,1,12,1,1,5,0,38.0,0,1
32,10,2,0,1,12,0,1,2,1,33.0,0,1
32,10,2,0,1,12,0,1,5,0,22.0,0,1
9,3,0,0,1,12,1,0,5,3,43.0,0,1
8,3,0,0,1,12,0,1,5,0,36.0,0,1
9,3,0,0,1,12,1,1,5,0,58.0,0,1
13,5,1,1,1,12,0,1,0,1,22.0,0,1
9,3,0,0,1,12,1,1,5,1,29.0,0,1
9,3,0,0,1,12,1,1,5,0,23.0,0,1
8,3,0,0,1,12,1,1,5,0,22.0,0,1
9,3,0,0,1,12,1,1,5,1,37.0,0,1
7,25,1,1,1,12,0,1,5,0,26.0,1,1
8,3,0,0,1,12,0,1,5,1,43.0,0,1
32,10,2,0,1,12,0,0,0,0,33.5,1,1
8,3,0,0,1,12,1,0,5,0,23.0,0,1
32,10,2,0,1,12,0,1,5,1,56.0,0,1
8,3,0,0,1,12,0,1,5,3,41.0,0,1
33,10,2,0,1,12,0,0,5,0,40.0,0,1
9,3,0,0,1,12,0,0,0,1,41.0,0,1
31,7,1,0,1,12,1,1,5,0,26.0,0,1
31,7,1,0,1,12,1,0,5,0,31.5,1,1
9,3,0,0,1,12,1,1,5,0,27.333333333333332,1,1
9,3,0,0,1,12,0,1,5,0,35.0,0,1
8,3,0,0,1,12,0,0,5,0,28.0,0,1
32,10,2,0,1,12,0,1,5,0,33.0,0,1
9,3,0,0,1,12,1,1,5,1,38.0,0,1
32,10,2,0,1,12,0,1,5,0,44.0,0,1
9,3,0,0,1,12,1,1,4,3,40.0,0,1
8,3,0,0,1,12,0,1,0,3,46.0,0,1
9,3,0,0,1,12,1,1,4,1,27.0,0,1
32,10,2,0,1,12,0,1,5,1,30.0,0,1
32,10,2,0,1,12,0,1,4,1,39.0,0,1
9,3,0,0,1,12,1,1,5,1,46.0,0,1
9,3,0,0,1,12,1,0,5,1,22.0,0,1
31,7,1,0,1,12,0,1,5,3,28.0,0,1
7,25,1,1,1,12,0,1,5,1,27.0,0,1
33,10,2,0,1,6,0,1,5,0,31.0,0,1
9,3,0,0,1,12,1,1,2,1,32.0,0,1
9,3,0,0,1,12,0,1,5,0,45.0,0,1
8,3,0,0,1,12,1,1,0,3,29.0,0,1
9,3,0,0,1,0,0,1,4,0,29.0,0,1
9,3,0,0,1,12,1,1,5,3,30.0,0,1
9,3,0,0,1,12,0,0,5,0,30.0,0,1
9,3,0,0,1,12,0,1,2,3,34.0,0,1
8,3,0,0,1,12,0,0,4,1,35.0,0,1
9,3,0,0,1,12,1,1,4,3,35.0,0,1
31,7,1,0,1,12,0,0,5,1,47.0,0,1
9,3,0,0,1,12,2,0,4,3,34.0,0,1
21,21,1,1,1,5,0,1,2,1,18.0,0,1
32,10,2,0,1,12,0,1,5,3,59.0,0,1
8,3,0,0,1,5,0,1,5,3,58.0,0,1
9,3,0,0,1,12,1,0,5,3,18.0,0,1
9,3,0,0,1,12,1,0,0,1,27.0,0,1
8,3,0,0,1,5,0,0,2,1,28.0,0,1
20,19,1,1,1,12,1,1,5,1,47.0,0,1
29,11,1,1,1,12,2,1,5,3,40.0,0,1
32,10,2,0,1,12,0,0,4,0,37.0,0,1
10,3,0,0,1,2,1,1,5,3,37.0,0,1
16,19,1,0,1,12,1,0,5,0,29.0,0,1
9,3,0,0,1,12,1,1,5,1,69.0,0,1
9,3,0,0,1,12,1,0,2,1,37.0,1,1
32,10,2,0,1,12,2,0,5,3,25.0,0,1
8,3,0,0,1,3,0,1,5,0,60.0,0,1
9,3,0,0,1,12,1,1,4,3,38.0,0,1
9,3,0,0,1,12,1,0,2,1,35.0,0,1
8,3,0,0,1,12,1,0,5,3,44.0,0,1
9,3,0,0,1,12,0,0,5,0,19.0,0,1
8,3,0,0,1,12,0,1,5,1,65.0,0,1
8,3,0,0,1,12,0,1,5,0,36.0,0,1
16,19,1,0,1,12,1,1,0,1,32.0,0,1
9,3,0,0,1,12,1,1,4,3,54.0,0,1
0,16,0,0,1,12,2,1,5,0,13.0,0,1
9,3,0,0,1,12,1,1,5,1,47.0,0,1
9,3,0,0,1,12,1,1,5,1,30.0,0,1
8,3,0,0,1,12,0,1,5,3,35.0,0,1
9,3,0,0,1,12,1,0,0,1,21.0,0,1
10,3,0,0,1,12,1,1,4,0,59.0,0,1
9,3,0,0,1,12,2,1,5,3,31.0,0,1
9,3,0,0,1,12,1,0,5,0,43.0,0,1
8,3,0,0,1,12,0,1,2,1,66.0,0,1
32,10,2,0,1,12,0,1,5,0,39.0,0,1
7,25,1,1,1,12,0,1,2,1,37.0,0,1
9,3,0,0,1,12,1,0,5,3,35.0,0,1
33,10,2,0,1,12,0,1,5,0,31.0,0,1
32,10,2,0,1,12,0,1,5,0,20.0,0,1
21,21,1,1,1,3,0,1,4,3,27.0,0,1
33,10,2,0,1,12,1,0,5,3,36.0,0,1
32,10,2,0,1,12,0,0,5,0,44.0,0,1
30,28,1,0,1,12,0,0,5,0,45.0,1,1
32,10,2,0,1,12,0,1,4,3,31.0,0,1
32,10,2,0,1,12,0,1,5,1,35.0,0,1
32,10,2,0,1,12,0,0,5,0,21.0,0,1
9,3,0,0,1,12,1,0,5,0,59.0,0,1
9,3,0,0,1,12,1,1,5,0,22.0,0,1
31,7,1,0,1,12,2,1,0,1,36.0,0,1
31,7,1,0,1,12,1,1,5,3,43.0,0,1
9,3,0,0,1,12,1,1,0,1,35.0,0,1
8,3,0,0,1,12,0,1,2,1,31.0,0,1
8,3,0,0,1,3,0,1,5,0,23.0,0,1
32,10,2,0,1,12,0,1,4,3,51.0,0,1
30,28,1,0,1,4,0,0,5,1,36.0,0,1
9,3,0,0,1,12,0,1,4,3,37.0,0,1
13,5,1,1,1,12,0,1,0,1,44.0,0,1
9,3,0,0,1,12,0,0,5,1,51.0,0,1
9,3,0,0,1,12,1,1,5,3,56.0,0,1
32,10,2,0,1,3,0,0,5,0,22.5,1,1
32,10,2,0,1,12,0,1,2,3,26.0,0,1
9,3,0,0,1,12,1,1,5,0,37.0,0,1
32,10,2,0,1,12,0,1,0,1,26.0,0,1
31,7,1,0,1,12,0,1,5,0,44.0,0,1
8,3,0,0,1,5,0,1,5,0,33.0,0,1
32,10,2,0,1,12,0,0,5,1,40.0,0,1
16,19,1,0,1,12,0,1,5,1,40.0,0,1
16,19,1,0,1,12,1,1,4,0,40.0,0,1
9,3,0,0,1,12,0,1,5,0,33.0,0,1
7,25,1,1,1,12,0,1,2,3,42.0,0,1
9,3,0,0,1,12,0,1,4,0,36.0,0,1
9,3,0,0,1,12,1,1,4,3,26.0,0,1
9,3,0,0,1,12,1,1,5,0,38.0,0,1
8,3,0,0,1,0,0,1,5,1,32.0,0,1
9,3,0,0,1,12,1,0,0,1,26.0,0,1
8,3,0,0,1,5,0,1,0,1,23.0,0,1
9,3,0,0,1,12,1,1,5,3,37.0,0,1
40,30,2,0,1,12,1,1,5,0,46.0,0,1
13,5,1,1,1,12,2,1,2,3,30.0,0,1
33,10,2,0,1,12,1,1,5,1,28.0,0,1
8,3,0,0,1,12,0,1,5,3,39.0,0,1
32,10,2,0,1,12,0,0,5,0,25.0,0,1
9,3,0,0,1,12,0,1,5,0,40.0,0,1
9,3,0,0,1,12,1,1,5,0,22.0,0,1
33,10,2,0,1,12,1,1,5,0,30.0,0,1
32,10,2,0,1,12,0,1,5,0,27.0,0,1
9,3,0,0,1,12,1,1,2,1,36.0,0,1
16,19,1,0,1,12,1,0,5,1,61.0,0,1
9,3,0,0,1,12,1,1,5,1,43.0,0,1
32,10,2,0,1,12,0,1,0,0,34.0,0,1
9,3,0,0,1,12,1,0,4,3,18.0,0,1
9,3,0,0,1,12,1,1,0,1,42.0,0,1
8,3,0,0,1,5,0,0,5,0,40.0,0,1
9,3,0,0,1,12,1,0,5,0,19.0,0,1
9,3,0,0,1,12,1,1,5,0,26.0,0,1
33,10,2,0,1,12,1,0,5,0,48.0,1,1
9,3,0,0,1,12,0,0,2,1,40.0,0,1
32,10,2,0,1,12,0,1,5,0,25.0,0,1
8,3,0,0,1,12,0,1,5,1,45.0,0,1
31,7,1,0,1,12,1,1,5,0,31.0,0,1
9,3,0,0,1,12,1,1,5,0,32.0,0,1
9,3,0,0,1,12,0,0,0,1,30.0,0,1
33,10,2,0,1,12,1,1,4,3,31.0,0,1
9,3,0,0,1,12,1,0,4,3,37.0,0,1
9,3,0,0,1,12,1,1,5,1,38.0,0,1
32,10,2,0,1,5,0,1,5,0,23.0,0,1
9,3,0,0,1,12,1,0,5,3,38.0,0,1
9,3,0,0,1,12,1,1,5,3,46.0,0,1
32,10,2,0,1,12,0,0,5,0,44.0,0,1
16,19,1,0,1,12,0,0,0,1,35.0,0,1
32,10,2,0,1,12,0,1,5,0,44.0,0,1
32,10,2,0,1,12,0,0,5,0,39.0,0,1
32,10,2,0,1,12,0,0,0,1,31.0,0,1
9,3,0,0,1,12,1,1,5,1,51.0,0,1
13,5,1,1,1,12,0,1,5,1,29.0,0,1
9,3,0,0,1,12,1,0,5,1,31.0,0,1
9,3,0,0,1,12,1,0,5,0,37.0,0,1
32,10,2,0,1,12,0,0,5,0,26.0,0,1
32,10,2,0,1,12,0,0,5,1,46.0,0,1
32,10,2,0,1,12,0,1,0,1,38.0,0,1
9,3,0,0,1,3,0,1,5,0,31.0,0,1
33,10,2,0,1,12,1,1,0,1,32.0,0,1
32,10,2,0,1,12,0,1,5,0,33.0,0,1
31,7,1,0,1,12,1,0,2,1,22.0,0,1
9,3,0,0,1,12,1,1,5,0,25.0,0,1
16,19,1,0,1,12,1,1,2,1,27.0,0,1
9,3,0,0,1,12,1,0,0,1,31.0,0,1
8,3,0,0,1,12,1,0,5,0,38.0,0,1
32,10,2,0,1,12,0,1,5,0,39.0,0,1
8,3,0,0,1,12,0,1,5,1,51.0,0,1
9,3,0,0,1,12,1,1,5,3,29.0,0,1
9,3,0,0,1,12,0,0,5,3,58.0,0,1
9,3,0,0,1,12,1,1,5,0,27.0,0,1
9,3,0,0,1,12,0,1,5,3,34.0,0,1
32,10,2,0,1,12,0,1,5,1,37.0,0,1
9,3,0,0,1,12,0,1,5,3,31.0,0,1
10,3,0,0,1,12,1,1,0,3,58.0,0,1
16,19,1,0,1,12,0,1,2,3,33.0,0,1
9,3,0,0,1,12,1,1,5,0,28.0,0,1
9,3,0,0,1,12,0,1,5,1,56.0,0,1
40,30,2,0,1,3,0,1,5,3,23.0,0,1
9,3,0,0,1,12,1,1,0,1,36.0,0,1
32,10,2,0,1,12,0,0,4,0,42.0,0,1
9,3,0,0,1,12,1,1,2,1,40.0,0,1
9,3,0,0,1,12,1,0,5,3,23.0,0,1
9,3,0,0,1,12,0,1,5,3,26.0,0,1
9,3,0,0,1,12,1,1,5,1,43.0,0,1
9,3,0,0,1,12,0,1,5,0,23.0,0,1
8,3,0,0,1,12,0,1,5,0,38.0,0,1
9,3,0,0,1,12,0,1,5,3,32.0,0,1
32,10,2,0,1,12,0,1,5,0,36.0,0,1
16,19,1,0,1,5,0,1,2,1,50.0,0,1
8,3,0,0,1,5,0,1,5,0,50.0,0,1
13,5,1,1,1,12,0,1,2,1,58.0,0,1
8,3,0,0,1,3,0,1,5,0,50.0,0,1
8,3,0,0,1,12,0,1,5,0,33.0,0,1
8,3,0,0,1,3,0,0,5,1,46.0,0,1
30,28,1,0,1,12,0,1,2,1,33.0,0,1
32,10,2,0,1,12,0,1,4,0,36.0,0,1
31,7,1,0,1,12,0,0,5,0,33.0,0,1
16,19,1,0,1,12,0,0,5,0,30.0,0,1
16,19,1,0,1,12,0,1,0,3,29.0,0,1
31,7,1,0,1,12,0,1,5,1,59.0,0,1
16,19,1,0,1,12,0,1,5,0,36.0,0,1
32,10,2,0,1,12,0,0,4,0,43.0,0,1
31,7,1,0,1,12,0,1,5,0,33.0,0,1
32,10,2,0,1,12,0,1,2,1,32.0,0,1
9,3,0,0,1,12,0,1,5,0,19.0,0,1
9,3,0,0,1,12,0,1,0,1,50.0,0,1
8,3,0,0,1,12,0,0,5,0,23.0,0,1
32,10,2,0,1,12,0,1,4,3,37.0,0,1
30,28,1,0,1,12,0,1,5,3,30.0,0,1
30,28,1,0,1,12,0,1,0,1,37.0,0,1
32,10,2,0,1,12,0,0,4,3,21.0,0,1
32,10,2,0,1,12,0,1,5,1,51.0,0,1
33,10,2,0,1,12,0,1,5,3,26.0,0,1
8,3,0,0,1,5,0,1,5,3,46.0,0,1
32,10,2,0,1,12,0,0,5,3,29.0,0,1
16,19,1,0,1,12,0,1,5,1,38.0,0,1
32,10,2,0,1,12,0,1,5,0,29.0,0,1
32,10,2,0,1,12,0,1,5,0,24.0,0,1
32,10,2,0,1,12,0,0,5,0,30.0,0,1
30,28,1,0,1,12,0,0,5,0,24.0,1,1
9,3,0,0,1,12,0,1,4,3,39.0,0,1
9,3,0,0,1,12,0,1,5,0,54.0,0,1
9,3,0,0,1,12,0,1,5,1,42.0,0,1
16,19,1,0,1,5,0,1,5,0,25.0,1,1
16,19,1,0,1,12,0,1,5,0,30.0,0,1
30,28,1,0,1,12,0,1,5,0,37.0,0,1
8,3,0,0,1,12,0,1,5,1,49.0,0,1
8,3,0,0,1,12,1,0,0,1,41.0,0,1
9,3,0,0,1,12,0,1,5,0,20.0,0,1
8,3,0,0,1,12,0,1,5,3,42.0,0,1
8,3,0,0,1,4,0,1,5,0,38.0,0,1
8,3,0,0,1,12,0,1,5,0,27.0,0,1
33,10,2,0,1,12,0,1,5,0,32.0,0,1
32,10,2,0,1,12,0,1,5,1,25.0,0,1
16,19,1,0,1,12,0,0,5,1,28.0,1,1
9,3,0,0,1,12,0,1,5,0,25.0,0,1
32,10,2,0,1,12,0,1,2,0,26.0,0,1
16,19,1,0,1,12,0,0,0,3,38.0,0,1
32,10,2,0,1,12,0,1,4,3,27.0,0,1
9,3,0,0,1,12,0,0,0,1,39.0,0,1
16,19,1,0,1,12,0,0,5,1,28.0,0,1
18,19,1,1,1,12,0,0,5,3,43.0,0,1
16,19,1,0,1,12,0,0,5,1,32.0,0,1
9,3,0,0,1,12,0,1,5,0,23.0,0,1
8,3,0,0,1,5,0,1,4,3,44.0,0,1
8,3,0,0,1,12,0,1,4,3,30.0,0,1
32,10,2,0,1,12,0,1,5,0,47.0,0,1
33,10,2,0,1,12,0,1,5,1,38.0,0,1
7,25,1,1,1,12,0,1,5,3,40.0,0,1
9,3,0,0,1,12,0,1,0,3,32.0,0,1
9,3,0,0,1,12,0,1,0,3,46.0,0,1
8,3,0,0,1,5,0,1,2,3,57.0,0,1
10,3,0,0,1,12,0,1,5,0,24.0,0,1
21,21,1,1,1,12,0,1,5,0,33.0,0,1
13,5,1,1,1,3,0,1,2,3,27.0,0,1
32,10,2,0,1,12,0,0,5,3,29.0,0,1
9,3,0,0,1,12,0,1,5,0,26.0,0,1
9,3,0,0,1,12,0,1,1,1,35.0,0,1
9,3,0,0,1,12,0,1,1,1,27.0,0,1
9,3,0,0,1,12,0,1,5,1,37.0,0,1
21,21,1,1,1,12,0,0,5,0,25.0,0,1
32,10,2,0,1,12,0,0,5,0,50.0,0,1
32,10,2,0,1,12,0,1,0,0,58.0,0,1
9,3,0,0,1,12,0,1,0,1,34.0,0,1
31,7,1,0,1,12,0,1,4,3,46.0,0,1
8,3,0,0,1,12,0,1,5,1,34.0,0,1
13,5,1,1,1,12,0,1,5,0,38.0,0,1
8,3,0,0,1,10,0,0,5,1,52.0,0,1
8,3,0,0,1,12,0,0,5,1,32.0,0,1
21,21,1,1,1,12,0,0,4,3,21.0,0,1
8,3,0,0,1,5,0,0,0,1,22.0,0,1
8,3,0,0,1,5,0,1,5,0,20.0,0,1
8,3,0,0,1,12,0,1,0,1,43.0,0,1
8,3,0,0,1,3,0,1,4,0,22.0,0,1
9,3,0,0,1,12,0,1,5,1,56.0,0,1
30,28,1,0,1,12,0,0,5,1,40.0,0,1
30,28,1,0,1,3,0,1,5,0,27.0,0,1
32,10,2,0,1,12,0,1,2,1,57.0,0,1
32,10,2,0,1,12,0,1,0,3,31.0,0,1
8,3,0,0,1,12,0,0,5,1,52.0,0,1
16,19,1,0,1,12,0,1,5,0,51.0,0,1
16,19,1,0,1,12,0,1,5,0,34.0,0,1
31,7,1,0,1,12,0,1,5,0,32.0,0,1
10,3,0,0,1,12,1,1,5,0,26.0,0,1
31,7,1,0,1,12,0,1,5,0,18.0,0,1
9,3,0,0,1,12,1,1,5,3,25.0,0,1
23,14,1,1,1,4,1,1,5,0,48.0,0,1
9,3,0,0,1,5,0,1,4,3,45.0,0,1
8,3,0,0,1,12,0,0,5,3,22.0,0,1
21,21,1,1,1,12,0,1,5,0,29.0,0,1
40,30,2,0,1,12,0,1,4,3,30.0,0,1
18,19,1,1,1,12,0,1,5,0,18.0,0,1
9,3,0,0,1,12,0,1,5,0,27.0,0,1
32,10,2,0,1,12,0,1,5,0,27.5,1,1
32,10,2,0,1,12,0,0,5,1,35.5,1,1
16,19,1,0,1,12,0,1,5,0,22.0,0,1
32,10,2,0,1,12,0,1,5,3,38.0,0,1
9,3,0,0,1,12,0,0,5,0,25.0,0,1
30,28,1,0,1,12,0,1,5,0,32.0,0,1
9,3,0,0,1,12,0,0,5,3,25.0,0,1
31,7,1,0,1,12,0,0,5,1,26.0,0,1
30,28,1,0,1,12,0,0,4,1,33.0,1,1
32,10,2,0,1,12,0,1,5,3,33.0,0,1
30,28,1,0,1,12,0,1,5,1,32.0,0,1
8,3,0,0,1,5,0,1,4,3,22.0,0,1
8,3,0,0,1,12,0,1,5,0,39.0,0,1
21,21,1,1,1,5,0,1,4,0,53.0,0,1
33,10,2,0,1,12,0,1,5,0,41.0,0,1
32,10,2,0,1,12,0,1,5,0,40.0,0,1
9,3,0,0,1,12,1,1,5,3,54.0,0,1
30,28,1,0,1,12,0,1,0,1,34.0,0,1
8,3,0,0,1,3,0,1,5,0,21.0,0,1
9,3,0,0,1,12,0,1,0,3,23.0,0,1
8,3,0,0,1,12,0,0,4,0,36.0,0,1
9,3,0,0,1,12,0,0,5,3,43.0,0,1
9,3,0,0,1,12,0,0,5,0,58.0,0,1
31,7,1,0,1,12,0,1,2,3,31.0,0,1
8,3,0,0,1,12,0,1,2,1,31.0,0,1
9,3,0,0,1,12,0,1,0,3,51.0,0,1
9,3,0,0,1,12,0,1,0,1,27.0,0,1
8,3,0,0,1,12,0,1,2,3,62.0,0,1
32,10,2,0,1,12,0,1,5,1,42.0,0,1
13,5,1,1,1,12,0,1,5,3,31.0,0,1
33,10,2,0,1,12,0,1,0,1,42.0,0,1
17,19,1,1,1,12,1,1,5,3,18.0,0,1
31,7,1,0,1,12,0,1,4,3,34.0,0,1
31,7,1,0,1,12,0,1,5,3,69.0,0,1
24,14,1,1,1,12,0,1,5,0,35.0,0,1
10,3,0,0,1,3,1,1,5,0,45.0,0,1
21,21,1,1,1,3,0,1,5,3,26.0,0,1
9,3,0,0,1,12,1,1,5,0,37.0,0,1
16,19,1,0,1,12,0,1,5,3,21.0,0,1
31,7,1,0,1,12,0,1,5,0,27.0,0,1
32,10,2,0,1,12,0,1,5,0,62.0,0,1
8,3,0,0,1,12,0,1,0,1,38.0,0,1
9,3,0,0,1,12,0,0,2,1,24.0,0,1
9,3,0,0,1,0,0,1,5,3,34.0,0,1
32,10,2,0,1,12,0,1,5,0,44.0,0,1
9,3,0,0,1,12,0,1,5,1,34.0,0,1
9,3,0,0,1,12,0,1,5,0,22.0,0,1
9,3,0,0,1,5,0,1,0,0,37.0,0,1
8,3,0,0,1,12,0,1,5,0,36.0,0,1
30,28,1,0,1,12,0,0,5,0,23.0,0,1
2,18,0,0,1,12,0,1,5,1,30.0,0,1
30,28,1,0,1,6,0,1,0,3,41.0,0,1
32,10,2,0,1,12,0,0,5,0,51.0,0,1
32,10,2,0,1,12,0,1,2,1,47.0,0,1
8,3,0,0,1,5,0,0,0,3,37.0,0,1
32,10,2,0,1,12,0,1,5,1,42.0,0,1
16,19,1,0,1,12,0,1,5,0,40.0,0,1
9,3,0,0,1,12,0,0,5,0,32.0,0,1
32,10,2,0,1,12,0,0,5,0,39.0,1,1
30,28,1,0,1,5,0,1,5,0,34.0,0,1
9,3,0,0,1,12,0,0,0,1,30.0,0,1
32,10,2,0,1,12,0,1,5,0,31.0,0,1
32,10,2,0,1,12,0,1,5,3,30.0,0,1
33,10,2,0,1,12,0,1,5,0,42.0,0,1
30,28,1,0,1,12,0,1,5,1,28.0,0,1
30,28,1,0,1,12,0,0,5,3,30.0,0,1
32,10,2,0,1,12,0,1,5,0,37.0,0,1
32,10,2,0,1,12,0,1,5,3,53.0,0,1
8,3,0,0,1,12,0,0,2,1,28.0,0,1
8,3,0,0,1,12,0,1,5,0,20.0,0,1
30,28,1,0,1,12,0,0,4,0,23.0,0,1
9,3,0,0,1,12,1,0,0,0,33.0,0,1
32,10,2,0,1,12,0,0,0,1,23.0,0,1
33,10,2,0,1,12,0,0,5,1,44.0,0,1
32,10,2,0,1,12,0,1,5,0,35.0,0,1
9,3,0,0,1,12,0,0,2,1,29.0,0,1
32,10,2,0,1,12,0,1,4,0,23.0,0,1
16,19,1,0,1,12,0,0,5,0,46.5,1,1
32,10,2,0,1,12,0,0,5,0,28.0,1,1
9,3,0,0,1,12,0,0,5,3,35.0,0,1
8,3,0,0,1,0,0,1,0,3,38.0,0,1
9,3,0,0,1,12,0,1,5,1,28.0,0,1
9,3,0,0,1,12,1,0,5,0,40.0,0,1
8,3,0,0,1,12,0,1,5,3,52.0,0,1
8,3,0,0,1,0,0,1,0,3,38.0,0,1
40,30,2,0,1,12,0,1,5,1,39.0,0,1
9,3,0,0,1,12,0,0,0,1,23.0,0,1
9,3,0,0,1,12,0,1,5,1,24.0,0,1
30,28,1,0,1,12,0,1,5,3,26.0,0,1
30,28,1,0,1,12,0,1,2,0,29.0,1,1
30,28,1,0,1,12,0,1,2,1,43.0,0,1
30,28,1,0,1,12,2,1,0,3,24.0,0,1
30,28,1,0,1,12,0,0,5,0,25.0,0,1
16,19,1,0,1,12,1,1,4,0,32.0,1,1
30,28,1,0,1,12,0,1,5,3,30.0,0,1
9,3,0,0,1,12,1,0,5,1,26.0,0,1
22,6,1,0,1,12,1,1,5,0,29.0,0,1
30,28,1,0,1,12,0,1,0,1,24.0,0,1
30,28,1,0,1,12,0,1,5,1,31.0,0,1
30,28,1,0,1,12,0,1,5,0,43.0,0,1
30,28,1,0,1,12,0,1,5,0,35.0,0,1
8,3,0,0,1,12,1,1,2,3,61.0,0,1
9,3,0,0,1,12,1,0,5,0,27.0,0,1
32,10,2,0,1,12,0,0,5,1,35.0,0,1
32,10,2,0,1,12,0,0,5,0,48.5,1,1
8,3,0,0,1,12,1,1,5,0,39.0,0,1
30,28,1,0,1,3,0,1,2,3,41.0,0,1
32,10,2,0,1,12,0,1,5,0,48.0,0,1
9,3,0,0,1,12,0,1,5,1,32.0,0,1
32,10,2,0,1,12,0,1,4,3,60.0,0,1
30,28,1,0,1,12,0,0,5,0,43.0,0,1
30,28,1,0,1,12,0,1,5,1,30.0,0,1
9,3,0,0,1,12,0,1,5,0,17.0,0,1
9,3,0,0,1,12,1,1,5,1,58.0,0,1
32,10,2,0,1,12,2,1,2,3,36.0,0,1
9,3,0,0,1,12,1,1,5,3,51.0,0,1
30,28,1,0,1,12,0,1,5,1,34.0,0,1
8,3,0,0,1,12,0,1,4,3,51.0,0,1
32,10,2,0,1,12,0,1,2,1,23.0,0,1
32,10,2,0,1,12,0,1,4,0,27.0,0,1
30,28,1,0,1,12,0,0,5,3,29.5,1,1
7,25,1,1,1,12,0,0,2,1,25.0,0,1
9,3,0,0,1,12,2,1,5,0,20.0,0,1
31,7,1,0,1,12,1,1,0,1,42.0,0,1
8,3,0,0,1,12,0,1,5,1,42.0,0,1
9,3,0,0,1,12,0,0,5,0,30.0,0,1
9,3,0,0,1,12,0,1,5,0,64.0,0,1
9,3,0,0,1,12,0,1,5,1,20.0,0,1
32,10,2,0,1,12,0,1,5,0,18.0,0,1
9,3,0,0,1,12,1,1,5,1,56.0,0,1
8,3,0,0,1,12,0,0,5,0,29.0,1,1
8,3,0,0,1,12,0,1,5,0,38.0,0,1
9,3,0,0,1,12,1,1,5,3,29.0,0,1
8,3,0,0,1,3,0,1,5,1,16.0,0,1
8,3,0,0,1,12,1,1,4,0,47.0,0,1
9,3,0,0,1,12,1,0,5,0,24.0,0,1
31,7,1,0,1,12,1,1,5,1,36.0,0,1
32,10,2,0,1,12,2,0,0,0,39.0,1,1
9,3,0,0,1,12,0,1,5,3,38.0,0,1
31,7,1,0,1,12,0,1,5,0,35.0,0,1
8,3,0,0,1,12,1,0,2,1,26.0,0,1
10,3,0,0,1,12,1,1,5,0,49.0,0,1
0,16,0,0,1,12,2,0,5,3,36.5,1,1
20,19,1,1,1,12,1,0,5,0,25.0,0,1
31,7,1,0,1,5,0,1,5,1,21.0,0,1
9,3,0,0,1,12,1,1,5,1,28.0,0,1
9,3,0,0,1,12,1,1,0,1,31.0,0,1
9,3,0,0,1,12,1,0,0,0,34.0,1,1
8,3,0,0,1,12,1,1,5,1,27.0,0,1
9,3,0,0,1,12,1,0,5,0,31.0,0,1
30,28,1,0,1,12,0,1,5,0,21.0,0,1
8,3,0,0,1,12,0,0,4,3,23.0,0,1
13,5,1,1,1,12,0,1,0,1,44.0,0,1
9,3,0,0,1,12,1,1,2,1,47.0,0,1
9,3,0,0,1,12,0,1,0,3,34.0,0,1
32,10,2,0,1,12,0,1,5,3,45.0,0,1
33,10,2,0,1,12,0,1,5,0,26.0,0,1
31,7,1,0,1,12,1,1,5,0,22.0,0,1
9,3,0,0,1,12,0,1,5,3,36.0,0,1
9,3,0,0,1,12,1,1,5,0,42.0,0,1
9,3,0,0,1,12,1,0,4,3,23.0,0,1
30,28,1,0,1,12,0,0,5,1,46.0,1,1
23,14,1,1,1,12,1,0,5,0,38.0,0,1
9,3,0,0,1,12,2,1,4,0,29.0,0,1
9,3,0,0,1,12,1,1,5,0,41.0,0,1
9,3,0,0,1,12,1,1,5,1,28.0,0,1
21,21,1,1,1,12,0,1,5,3,41.0,0,1
13,5,1,1,1,12,0,1,5,0,38.0,0,1
16,19,1,0,1,12,1,1,5,1,29.0,0,1
31,7,1,0,1,12,1,1,4,1,27.0,0,1
30,28,1,0,1,12,0,0,5,3,50.0,0,1
32,10,2,0,1,12,0,1,5,0,33.0,1,1
30,28,1,0,1,12,0,1,5,0,33.0,0,1
32,10,2,0,1,12,0,1,5,0,47.0,0,1
9,3,0,0,1,12,1,1,0,3,39.0,0,1
7,25,1,1,1,3,1,1,5,0,32.0,0,1
8,3,0,0,1,3,0,1,2,1,41.0,0,1
32,10,2,0,1,8,0,1,4,0,29.0,0,1
9,3,0,0,1,12,1,0,5,0,32.0,0,1
9,3,0,0,1,12,0,1,5,0,37.0,0,1
8,3,0,0,1,12,0,0,5,0,29.0,0,1
8,3,0,0,1,12,0,1,5,1,13.0,0,1
16,19,1,0,1,12,1,0,5,0,29.0,0,1
8,3,0,0,1,12,0,1,2,1,22.0,0,1
9,3,0,0,1,12,0,1,5,0,33.0,0,1
32,10,2,0,1,12,0,0,5,3,39.0,0,1
33,10,2,0,1,12,0,0,5,0,26.0,0,1
8,3,0,0,1,12,1,1,5,0,32.0,0,1
16,19,1,0,1,12,1,0,5,3,37.0,0,1
18,19,1,1,1,12,0,1,5,0,22.0,0,1
16,19,1,0,1,12,0,0,5,0,41.0,1,1
32,10,2,0,1,12,0,1,5,0,42.0,0,1
30,28,1,0,1,5,0,1,4,0,30.0,0,1
9,3,0,0,1,5,0,1,0,1,43.0,0,1
13,5,1,1,1,12,1,1,5,0,37.0,0,1
10,3,0,0,1,12,1,1,5,3,39.0,0,1
7,25,1,1,1,12,1,1,2,1,32.0,0,1
9,3,0,0,1,12,2,1,4,3,46.0,0,1
32,10,2,0,1,12,0,0,0,1,35.0,0,1
31,7,1,0,1,12,1,1,5,0,37.0,0,1
13,5,1,1,1,12,0,1,1,3,45.0,0,1
9,3,0,0,1,12,0,1,5,0,58.0,0,1
30,28,1,0,1,12,0,1,2,1,38.0,0,1
23,14,1,1,1,12,1,1,0,1,23.0,0,1
32,10,2,0,1,3,0,1,5,0,47.0,0,1
31,7,1,0,1,12,1,1,5,0,43.0,0,1
9,3,0,0,1,12,1,1,0,1,43.0,0,1
16,19,1,0,1,12,1,0,5,0,33.0,0,1
9,3,0,0,1,12,1,1,0,1,21.0,0,1
9,3,0,0,1,12,1,0,5,0,33.0,0,1
29,11,1,1,1,12,2,0,5,1,42.0,0,1
32,10,2,0,1,12,0,1,4,3,35.0,0,1
32,10,2,0,1,12,0,0,4,3,28.0,1,1
33,10,2,0,1,12,0,1,2,1,43.0,1,1
32,10,2,0,1,12,0,1,4,0,45.0,0,1
16,19,1,0,1,12,0,1,0,3,33.0,0,1
9,3,0,0,1,12,1,0,5,1,41.0,0,1
9,3,0,0,1,12,1,1,5,1,45.0,0,1
31,7,1,0,1,0,0,1,2,1,64.0,0,1
30,28,1,0,1,12,0,1,5,0,28.0,1,1
9,3,0,0,1,12,1,1,5,0,28.0,0,1
32,10,2,0,1,12,0,0,4,3,33.0,1,1
9,3,0,0,1,12,1,1,2,1,48.0,0,1
30,28,1,0,1,12,0,1,5,1,37.0,0,1
9,3,0,0,1,12,1,1,5,0,29.0,0,1
9,3,0,0,1,12,1,0,0,1,48.0,0,1
30,28,1,0,1,12,0,1,5,3,39.0,0,1
32,10,2,0,1,12,2,0,5,0,36.0,0,1
13,5,1,1,1,12,0,1,5,3,24.0,0,1
16,19,1,0,1,12,1,1,2,1,32.0,0,1
16,19,1,0,1,12,1,0,5,0,24.0,0,1
32,10,2,0,1,12,0,1,0,1,36.0,0,1
9,3,0,0,1,12,1,1,0,3,33.0,0,1
9,3,0,0,1,12,1,1,5,0,33.0,0,1
9,3,0,0,1,12,1,1,5,0,65.0,0,1
9,3,0,0,1,12,1,0,2,3,28.0,0,1
9,3,0,0,1,12,0,1,0,3,28.0,0,1
8,3,0,0,1,3,2,0,5,0,33.0,0,1
8,3,0,0,1,12,1,0,4,1,55.0,0,1
20,19,1,1,1,12,1,1,5,0,50.0,0,1
9,3,0,0,1,12,1,0,5,0,30.0,0,1
9,3,0,0,1,12,1,1,5,3,49.0,0,1
9,3,0,0,1,12,1,0,5,3,80.0,0,1
9,3,0,0,1,12,1,0,4,3,52.0,0,1
10,3,0,0,1,12,1,1,4,3,23.0,0,1
9,3,0,0,1,12,1,0,5,3,19.0,0,1
32,10,2,0,1,3,2,1,5,1,43.0,0,1
32,10,2,0,1,12,0,0,5,1,22.0,0,1
9,3,0,0,1,12,0,0,5,1,26.0,0,1
9,3,0,0,1,12,0,1,5,3,46.0,0,1
9,3,0,0,1,12,0,1,5,3,34.0,0,1
16,19,1,0,1,5,0,1,5,0,34.0,0,1
32,10,2,0,1,12,0,1,5,3,54.0,0,1
21,21,1,1,1,12,0,1,5,3,33.0,0,1
9,3,0,0,1,12,0,1,2,1,59.0,0,1
32,10,2,0,1,12,0,1,5,1,27.0,0,1
9,3,0,0,1,12,0,1,5,0,36.0,0,1
9,3,0,0,1,12,0,1,5,3,31.0,0,1
8,3,0,0,1,12,0,1,2,1,29.0,0,1
13,5,1,1,1,0,2,1,4,3,50.0,0,1
8,3,0,0,1,5,0,1,5,3,42.0,0,1
9,3,0,0,1,12,0,1,0,1,35.0,0,1
9,3,0,0,1,12,1,1,4,3,22.0,0,1
13,5,1,1,1,12,0,1,5,0,52.0,0,1
32,10,2,0,1,12,0,0,5,1,29.0,0,1
9,3,0,0,1,12,1,0,5,1,34.0,0,1
9,3,0,0,1,12,0,0,5,1,22.0,0,1
31,7,1,0,1,12,0,0,5,0,33.0,0,1
13,5,1,1,1,12,0,1,5,0,37.0,0,1
30,28,1,0,1,12,0,0,5,1,43.0,1,1
13,5,1,1,1,12,0,0,5,0,40.0,0,1
32,10,2,0,1,12,0,0,4,0,37.0,0,1
8,3,0,0,1,12,0,1,4,3,26.0,0,1
33,10,2,0,1,12,1,0,5,1,27.0,0,1
32,10,2,0,1,12,0,1,5,1,32.0,0,1
31,7,1,0,1,12,0,1,5,1,43.0,0,1
33,10,2,0,1,12,0,0,5,0,36.5,1,1
9,3,0,0,1,12,1,1,5,0,32.0,0,1
30,28,1,0,1,12,0,0,5,0,19.5,1,1
32,10,2,0,1,12,0,1,4,1,50.0,0,1
8,3,0,0,1,12,0,1,5,1,65.0,0,1
9,3,0,0,1,12,0,0,0,1,20.0,0,1
32,10,2,0,1,12,0,0,5,0,27.0,1,1
16,19,1,0,1,12,1,0,5,0,40.0,1,1
8,3,0,0,1,12,0,1,4,0,18.0,0,1
9,3,0,0,1,12,0,1,5,0,42.0,0,1
8,3,0,0,1,12,0,1,0,1,26.0,0,1
8,3,0,0,1,12,0,1,2,1,47.0,0,1
16,19,1,0,1,12,1,1,5,1,41.0,0,1
16,19,1,0,1,12,0,1,5,0,37.0,0,1
32,10,2,0,1,12,0,1,2,3,34.0,0,1
16,19,1,0,1,12,0,1,5,3,36.0,0,1
32,10,2,0,1,12,0,1,5,3,33.0,0,1
16,19,1,0,1,12,0,1,5,0,56.0,0,1
32,10,2,0,1,12,0,0,5,0,25.5,1,1
8,3,0,0,1,12,0,1,4,0,39.0,0,1
8,3,0,0,1,12,0,1,5,3,54.0,0,1
8,3,0,0,1,12,0,1,5,3,23.0,0,1
32,10,2,0,1,12,0,1,5,3,35.0,0,1
9,3,0,0,1,12,0,1,0,1,43.0,0,1
32,10,2,0,1,5,0,1,5,3,57.0,0,1
16,19,1,0,1,12,0,0,0,1,34.0,1,1
32,10,2,0,1,12,0,1,5,0,27.0,0,1
32,10,2,0,1,12,0,1,5,1,64.0,0,1
9,3,0,0,1,12,0,0,0,1,66.0,0,1
32,10,2,0,1,12,0,1,0,3,37.0,0,1
32,10,2,0,1,12,0,1,5,3,48.0,0,1
9,3,0,0,1,12,0,0,0,3,43.0,0,1
9,3,0,0,1,12,0,0,5,0,25.0,0,1
7,25,1,1,1,5,0,1,2,3,21.0,0,1
9,3,0,0,1,12,0,1,5,0,41.0,0,1
8,3,0,0,1,5,0,1,5,0,28.0,0,1
32,10,2,0,1,12,0,0,5,3,39.0,0,1
16,19,1,0,1,12,0,1,5,1,28.0,0,1
30,28,1,0,1,12,0,1,2,1,38.0,0,1
32,10,2,0,1,12,0,1,0,3,32.0,0,1
16,19,1,0,1,12,0,1,4,0,31.0,0,1
32,10,2,0,1,12,0,1,5,0,32.0,0,1
32,10,2,0,1,12,0,0,5,1,44.0,0,1
9,3,0,0,1,12,0,1,5,0,37.0,0,1
16,19,1,0,1,12,0,1,0,3,28.0,0,1
16,19,1,0,1,12,0,1,5,0,33.0,0,1
16,19,1,0,1,12,0,0,4,3,35.0,0,1
33,10,2,0,1,12,0,1,4,3,41.0,0,1
32,10,2,0,1,12,0,1,4,3,26.0,0,1
30,28,1,0,1,12,0,1,5,0,45.0,0,1
9,3,0,0,1,12,0,1,5,0,56.0,0,1
9,3,0,0,1,12,0,1,0,3,24.0,0,1
30,28,1,0,1,12,0,1,5,0,20.0,0,1
32,10,2,0,1,12,0,1,5,1,32.0,0,1
8,3,0,0,1,5,0,1,5,0,41.0,0,1
9,3,0,0,1,12,0,1,5,1,31.0,0,1
32,10,2,0,1,12,0,0,2,1,24.0,0,1
32,10,2,0,1,12,0,1,2,1,27.0,0,1
8,3,0,0,1,12,0,0,5,0,27.0,0,1
9,3,0,0,1,12,0,1,5,0,45.0,0,1
8,3,0,0,1,12,0,1,5,3,23.0,0,1
32,10,2,0,1,12,0,1,5,1,41.0,0,1
7,25,1,1,1,12,0,1,5,1,30.0,0,1
32,10,2,0,1,12,0,1,5,0,31.0,0,1
32,10,2,0,1,12,0,1,2,1,44.0,0,1
9,3,0,0,1,12,0,1,5,0,21.0,0,1
8,3,0,0,1,12,0,0,5,0,30.0,0,1
8,3,0,0,1,12,0,1,5,3,34.0,0,1
13,5,1,1,1,12,0,1,5,1,53.0,0,1
31,7,1,0,1,12,0,1,5,0,49.0,0,1
9,3,0,0,1,12,0,1,2,1,23.0,0,1
9,3,0,0,1,12,0,0,5,0,39.0,0,1
32,10,2,0,1,12,0,1,5,0,26.0,0,1
16,19,1,0,1,12,0,0,5,0,41.0,1,1
9,3,0,0,1,12,0,1,5,3,44.0,0,1
9,3,0,0,1,12,0,1,5,0,18.0,0,1
8,3,0,0,1,3,0,1,5,0,33.5,1,1
9,3,0,0,1,12,0,1,5,1,43.0,0,1
9,3,0,0,1,12,0,1,4,3,30.0,0,1
16,19,1,0,1,12,0,0,0,1,34.0,1,1
7,25,1,1,1,12,0,0,5,0,40.0,0,1
9,3,0,0,1,12,0,1,5,1,33.0,0,1
9,3,0,0,1,12,0,1,5,0,23.0,0,1
9,3,0,0,1,12,0,1,5,1,42.0,0,1
32,10,2,0,1,12,0,1,4,3,37.0,0,1
32,10,2,0,1,12,0,0,5,3,40.0,0,1
30,28,1,0,1,5,0,1,5,3,38.0,0,1
33,10,2,0,1,12,0,0,5,3,24.0,0,1
32,10,2,0,1,12,0,1,5,0,28.0,0,1
32,10,2,0,1,12,0,1,5,1,30.0,0,1
32,10,2,0,1,12,0,0,5,0,34.0,0,1
40,30,2,0,1,3,1,1,5,1,37.0,0,1
32,10,2,0,1,12,0,0,4,0,33.0,0,1
9,3,0,0,1,12,0,0,5,0,26.0,0,1
9,3,0,0,1,12,1,1,5,0,28.0,0,1
30,28,1,0,1,12,0,0,5,1,60.0,0,1
9,3,0,0,1,12,1,1,5,0,61.0,0,1
31,7,1,0,1,12,1,1,5,0,23.0,0,1
32,10,2,0,1,12,0,1,5,3,43.0,0,1
7,25,1,1,1,12,1,1,5,0,23.0,0,1
33,10,2,0,1,12,0,1,2,1,23.0,0,1
33,10,2,0,1,12,1,0,5,3,22.0,0,1
9,3,0,0,1,12,1,0,5,0,54.0,0,1
9,3,0,0,1,12,1,1,5,1,50.0,0,1
9,3,0,0,1,12,1,0,5,0,26.0,0,1
9,3,0,0,1,12,1,1,1,3,40.0,0,1
9,3,0,0,1,12,1,1,4,3,29.0,0,1
9,3,0,0,1,12,1,1,5,1,40.0,0,1
33,10,2,0,1,12,1,1,4,3,38.0,0,1
33,10,2,0,1,12,1,1,5,0,30.0,0,1
32,10,2,0,1,12,0,0,5,1,31.0,0,1
33,10,2,0,1,12,1,1,5,1,30.0,0,1
32,10,2,0,1,12,0,1,5,1,48.0,0,1
9,3,0,0,1,12,1,0,5,3,20.0,0,1
16,19,1,0,1,12,0,1,5,0,26.0,0,1
9,3,0,0,1,12,1,0,5,1,29.0,0,1
33,10,2,0,1,12,1,0,5,0,31.0,1,1
9,3,0,0,1,12,1,0,4,3,26.0,0,1
31,7,1,0,1,12,1,1,2,1,36.0,0,1
8,3,0,0,1,12,0,1,5,1,40.0,0,1
32,10,2,0,1,12,0,1,5,0,32.0,0,1
9,3,0,0,1,12,1,1,5,3,40.0,0,1
16,19,1,0,1,12,1,1,5,0,37.0,0,1
32,10,2,0,1,12,0,0,5,0,35.0,0,1
9,3,0,0,1,12,1,1,5,0,17.0,0,1
9,3,0,0,1,12,1,0,2,1,50.0,0,1
32,10,2,0,1,12,0,1,5,0,30.0,0,1
31,7,1,0,1,12,1,1,5,0,53.0,0,1
31,7,1,0,1,12,0,1,2,1,25.0,0,1
9,3,0,0,1,12,1,1,2,1,38.0,0,1
9,3,0,0,1,12,1,0,5,3,26.0,0,1
8,3,0,0,1,12,0,0,5,0,25.0,0,1
31,7,1,0,1,12,1,0,5,0,34.0,0,1
9,3,0,0,1,12,1,0,0,1,14.0,0,1
8,3,0,0,1,12,0,1,2,1,25.0,0,1
9,3,0,0,1,12,1,1,5,1,65.0,0,1
9,3,0,0,1,12,1,0,0,1,35.0,0,1
16,19,1,0,1,12,0,1,5,1,18.0,0,1
9,3,0,0,1,12,0,1,5,0,32.0,0,1
16,19,1,0,1,12,1,1,5,0,40.0,0,1
9,3,0,0,1,12,0,1,4,3,60.0,0,1
31,7,1,0,1,12,1,0,5,0,22.0,0,1
31,7,1,0,1,12,0,1,5,0,46.0,0,1
9,3,0,0,1,12,1,1,5,3,31.0,0,1
9,3,0,0,1,12,1,1,5,0,27.0,0,1
8,3,0,0,1,12,0,1,5,0,22.0,0,1
32,10,2,0,1,12,0,1,4,0,37.0,0,1
8,3,0,0,1,12,0,1,5,3,39.0,0,1
16,19,1,0,1,12,1,1,5,1,37.0,0,1
9,3,0,0,1,12,1,0,0,1,55.0,0,1
16,19,1,0,1,12,1,1,5,0,35.0,0,1
9,3,0,0,1,12,0,1,5,1,31.0,0,1
9,3,0,0,1,12,0,1,5,0,37.0,0,1
9,3,0,0,1,12,0,0,0,1,29.0,0,1
9,3,0,0,1,12,0,0,5,3,36.0,0,1
9,3,0,0,1,12,0,0,0,3,28.0,0,1
9,3,0,0,1,12,1,1,5,0,23.0,0,1
32,10,2,0,1,12,0,1,5,0,32.0,0,1
9,3,0,0,1,12,1,0,5,1,27.0,0,1
8,3,0,0,1,12,0,1,5,3,14.0,0,1
31,7,1,0,1,12,0,1,4,0,21.0,0,1
9,3,0,0,1,12,1,1,5,3,44.0,0,1
9,3,0,0,1,12,1,1,5,1,54.0,0,1
8,3,0,0,1,12,1,1,2,3,46.0,0,1
9,3,0,0,1,12,1,1,5,3,31.0,0,1
31,7,1,0,1,12,1,1,5,0,30.0,0,1
7,25,1,1,1,12,0,1,5,0,26.0,0,1
9,3,0,0,1,12,0,0,4,0,22.0,0,1
9,3,0,0,1,12,1,1,4,0,36.0,0,1
9,3,0,0,1,12,0,1,5,1,25.0,0,1
9,3,0,0,1,12,1,1,5,0,30.0,0,1
32,10,2,0,1,12,0,1,0,3,38.0,0,1
9,3,0,0,1,12,1,1,5,0,32.0,0,1
32,10,2,0,1,12,0,0,5,0,45.0,0,1
8,3,0,0,1,12,1,1,5,0,16.0,0,1
31,7,1,0,1,12,1,1,1,3,38.0,0,1
31,7,1,0,1,12,1,1,0,1,27.0,0,1
31,7,1,0,1,0,1,1,5,0,33.0,0,1
8,3,0,0,1,3,0,1,5,0,33.0,0,1
9,3,0,0,1,12,0,0,3,3,54.0,0,1
9,3,0,0,1,12,1,0,2,1,60.0,0,1
31,7,1,0,1,12,1,0,5,3,28.0,0,1
9,3,0,0,1,12,1,1,4,3,54.0,0,1
9,3,0,0,1,12,1,1,4,3,22.0,0,1
8,3,0,0,1,3,0,1,5,0,20.0,0,1
8,3,0,0,1,12,1,1,4,1,54.0,0,1
30,28,1,0,1,12,0,1,4,3,24.0,0,1
8,3,0,0,1,12,0,1,5,3,25.0,0,1
33,10,2,0,1,12,1,1,5,3,32.0,0,1
9,3,0,0,1,12,0,0,5,0,63.0,0,1
8,3,0,0,1,12,0,1,5,1,34.0,0,1
13,5,1,1,1,12,0,1,4,3,19.0,0,1
31,7,1,0,1,12,1,1,5,0,64.0,0,1
9,3,0,0,1,12,1,1,0,1,36.0,0,1
8,3,0,0,1,5,0,0,5,1,43.0,0,1
16,19,1,0,1,12,1,0,5,0,16.0,1,1
8,3,0,0,1,12,0,1,5,0,23.0,0,1
9,3,0,0,1,12,1,1,5,3,43.0,0,1
16,19,1,0,1,12,1,0,5,0,16.0,1,1
32,10,2,0,1,12,0,1,5,0,30.0,0,1
9,3,0,0,1,12,1,0,5,0,51.0,0,1
9,3,0,0,1,12,0,0,5,0,76.0,0,1
8,3,0,0,1,12,1,1,5,0,45.0,0,1
8,3,0,0,1,12,0,0,5,0,34.0,0,1
8,3,0,0,1,5,0,1,1,1,27.0,0,1
31,7,1,0,1,12,1,1,5,0,39.0,0,1
30,28,1,0,1,5,0,1,5,3,32.0,0,1
9,3,0,0,1,12,1,1,2,1,21.0,0,1
32,10,2,0,1,12,0,0,0,1,32.5,1,1
8,3,0,0,1,12,0,1,5,0,34.0,0,1
32,10,2,0,1,12,0,0,0,1,44.0,0,1
8,3,0,0,1,12,1,1,0,1,48.0,0,1
8,3,0,0,1,12,1,1,5,0,32.0,0,1
35,23,2,0,1,12,1,1,5,0,36.0,0,1
32,10,2,0,1,12,0,0,5,1,53.0,0,1
9,3,0,0,1,12,1,1,5,3,44.0,0,1
9,3,0,0,1,12,1,1,5,3,31.0,0,1
6,26,0,0,1,12,1,0,4,0,68.0,0,1
33,10,2,0,1,12,0,1,5,1,31.0,0,1
16,19,1,0,1,12,1,1,5,3,49.0,0,1
32,10,2,0,1,12,0,1,5,0,44.0,0,1
9,3,0,0,1,12,1,0,5,1,39.0,0,1
32,10,2,0,1,12,0,1,5,3,38.0,0,1
32,10,2,0,1,12,0,1,5,3,33.0,0,1
9,3,0,0,1,12,0,1,0,1,34.0,0,1
10,3,0,0,1,12,1,1,5,0,33.0,0,1
16,19,1,0,1,12,0,1,4,3,42.0,0,1
9,3,0,0,1,12,0,0,5,0,48.0,0,1
10,3,0,0,1,12,1,1,5,3,29.0,0,1
9,3,0,0,1,12,1,1,5,0,27.0,0,1
9,3,0,0,1,12,1,1,5,0,26.0,0,1
13,5,1,1,1,12,0,0,5,1,34.0,1,1
31,7,1,0,1,12,1,1,5,0,36.0,0,1
32,10,2,0,1,12,0,0,5,0,48.0,0,1
9,3,0,0,1,12,1,1,5,0,35.0,0,1
16,19,1,0,1,12,1,0,5,0,40.0,0,1
32,10,2,0,1,12,0,1,5,0,19.0,0,1
9,3,0,0,1,12,1,1,5,1,38.0,0,1
32,10,2,0,1,12,0,1,5,0,33.0,0,1
9,3,0,0,1,12,1,1,5,0,23.0,0,1
9,3,0,0,1,12,1,0,5,3,36.0,0,1
16,19,1,0,1,12,1,1,5,3,41.0,0,1
9,3,0,0,1,12,0,1,5,1,28.0,0,1
32,10,2,0,1,12,0,1,5,1,48.0,0,1
16,19,1,0,1,12,1,1,5,0,29.0,0,1
8,3,0,0,1,3,0,0,5,0,34.5,1,1
8,3,0,0,1,5,0,1,5,0,14.0,0,1
8,3,0,0,1,12,0,1,0,3,34.0,0,1
9,3,0,0,1,12,1,1,5,1,27.0,0,1
32,10,2,0,1,12,0,1,5,0,43.0,0,1
32,10,2,0,1,12,0,1,5,0,31.0,0,1
16,19,1,0,1,12,1,1,5,0,29.0,0,1
32,10,2,0,1,12,0,0,5,1,39.0,0,1
16,19,1,0,1,12,0,1,5,0,33.0,0,1
9,3,0,0,1,12,1,1,5,0,28.0,0,1
9,3,0,0,1,12,1,1,5,0,34.0,0,1
9,3,0,0,1,12,1,0,5,3,64.0,0,1
33,10,2,0,1,12,1,1,4,1,30.0,0,1
9,3,0,0,1,12,1,1,5,0,46.0,0,1
8,3,0,0,1,12,0,1,5,0,38.0,0,1
16,19,1,0,1,12,1,1,0,1,32.0,0,1
9,3,0,0,1,12,1,1,5,0,63.0,0,1
9,3,0,0,1,12,1,1,5,0,21.0,0,1
9,3,0,0,1,12,1,1,0,1,53.0,0,1
9,3,0,0,1,12,1,1,4,3,39.0,0,1
9,3,0,0,1,12,0,1,5,3,36.0,0,1
9,3,0,0,1,12,2,1,5,0,22.0,0,1
9,3,0,0,1,12,0,1,0,1,32.0,0,1
9,3,0,0,1,12,1,1,5,1,39.0,0,1
9,3,0,0,1,12,0,0,5,0,27.0,0,1
40,30,2,0,1,12,0,1,5,0,25.0,0,1
9,3,0,0,1,12,1,1,5,0,13.0,0,1
9,3,0,0,1,12,0,1,5,0,32.0,0,1
9,3,0,0,1,12,2,1,5,1,35.0,0,1
32,10,2,0,1,12,2,1,5,1,39.0,0,1
40,30,2,0,1,3,1,1,5,0,18.666666666666668,1,1
31,7,1,0,1,12,1,1,5,0,25.0,0,1
33,10,2,0,1,12,1,1,5,1,32.0,0,1
17,19,1,1,1,12,1,0,4,0,33.0,0,1
9,3,0,0,1,12,0,1,0,1,36.0,0,1
13,5,1,1,1,12,0,1,5,0,24.0,0,1
9,3,0,0,1,12,0,0,5,0,19.0,0,1
16,19,1,0,1,12,0,1,2,1,32.0,0,1
33,10,2,0,1,12,1,0,5,0,43.0,0,1
33,10,2,0,1,12,1,0,5,0,25.0,0,1
32,10,2,0,1,12,1,0,5,0,31.0,0,1
32,10,2,0,1,12,1,0,5,0,33.0,0,1
33,10,2,0,1,12,0,1,0,1,23.0,0,1
32,10,2,0,1,12,1,0,5,0,22.5,1,1
32,10,2,0,1,12,1,1,5,0,57.0,0,1
32,10,2,0,1,12,0,0,0,0,29.5,1,1
9,3,0,0,1,12,0,1,0,1,25.0,0,1
32,10,2,0,1,12,1,0,5,1,34.0,0,1
46,20,2,0,0,3,1,1,5,0,51.0,0,1
32,10,2,0,1,12,1,1,5,0,34.0,0,1
8,3,0,0,1,5,0,1,5,0,49.0,0,1
8,3,0,0,1,12,2,1,5,1,31.0,0,1
8,3,0,0,1,12,0,0,5,0,49.0,0,1
8,3,0,0,1,12,0,1,5,1,28.0,0,1
49,0,2,0,0,12,0,1,5,1,27.0,0,1
9,3,0,0,1,12,0,1,5,1,37.0,0,1
32,10,2,0,1,12,1,0,5,0,25.0,1,1
32,10,2,0,1,8,1,1,5,0,23.0,0,1
32,10,2,0,1,12,1,1,5,0,17.0,0,1
32,10,2,0,1,12,1,0,5,0,38.0,1,1
16,19,1,0,1,12,1,1,5,0,38.0,0,1
43,8,2,0,0,12,0,1,0,1,54.0,0,1
9,3,0,0,1,12,0,1,5,0,23.0,0,1
31,7,1,0,1,12,1,1,5,0,43.0,0,1
9,3,0,0,1,12,0,1,0,1,18.0,0,1
32,10,2,0,1,12,0,1,5,0,34.0,0,1
31,7,1,0,1,12,0,1,5,1,20.0,0,1
16,19,1,0,1,12,0,1,0,1,38.0,0,1
16,19,1,0,1,12,1,1,0,1,32.0,0,1
31,7,1,0,1,12,1,1,5,1,29.0,0,1
31,7,1,0,1,12,1,0,0,1,20.0,0,1
16,19,1,0,1,12,0,0,5,0,23.0,0,1
16,19,1,0,1,12,1,0,0,1,20.0,0,1
31,7,1,0,1,12,1,1,0,1,28.0,0,1
9,3,0,0,1,12,0,1,0,1,28.0,0,1
16,19,1,0,1,12,1,0,0,1,36.5,1,1
13,5,1,1,1,12,1,1,5,1,24.0,0,1
9,3,0,0,1,12,1,0,0,1,35.0,0,1
31,7,1,0,1,12,1,1,0,1,84.0,0,1
8,3,0,0,1,12,1,0,5,1,64.0,0,1
8,3,0,0,1,12,0,1,0,2,35.0,0,1
9,3,0,0,1,12,1,0,0,1,44.0,0,1
9,3,0,0,1,12,0,0,0,1,30.0,0,1
9,3,0,0,1,12,1,1,0,1,23.0,0,1
9,3,0,0,1,12,1,1,0,2,26.0,0,1
18,19,1,1,1,12,0,1,0,1,42.0,0,1
9,3,0,0,1,12,1,0,0,1,44.0,0,1
13,5,1,1,1,12,1,1,0,1,32.0,0,1
31,7,1,0,1,12,1,1,0,1,22.0,1,1
32,10,2,0,1,12,0,1,0,1,25.0,0,1
9,3,0,0,1,12,0,0,0,1,20.0,0,1
8,3,0,0,1,12,0,1,0,1,19.0,0,1
9,3,0,0,1,12,1,1,0,1,43.0,0,1
32,10,2,0,1,12,0,1,0,1,32.0,0,1
8,3,0,0,1,12,0,1,0,1,35.0,0,1
6,26,0,0,1,12,1,1,0,1,43.0,0,1
20,19,1,1,1,12,1,0,0,1,32.0,0,1
9,3,0,0,1,12,0,0,0,1,32.5,1,1
16,19,1,0,1,12,1,0,0,1,31.0,0,1
16,19,1,0,1,12,1,0,0,1,29.0,0,1
8,3,0,0,1,12,1,1,0,1,28.0,0,1
31,7,1,0,1,12,1,0,0,1,30.0,0,1
9,3,0,0,1,12,1,1,5,1,34.0,0,1
9,3,0,0,1,12,0,0,2,1,35.0,0,1
16,19,1,0,1,12,1,0,0,1,25.0,0,1
23,14,1,1,1,12,1,1,0,1,60.0,0,1
29,11,1,1,1,12,1,1,0,2,19.0,0,1
31,7,1,0,1,12,0,1,0,1,22.0,0,1
9,3,0,0,1,12,1,1,0,1,38.0,0,1
9,3,0,0,1,12,1,1,0,1,67.0,0,1
16,19,1,0,1,12,1,1,0,1,32.0,0,1
13,5,1,1,1,12,0,1,5,0,36.0,0,1
16,19,1,0,1,12,0,1,0,1,35.0,0,1
9,3,0,0,1,12,1,1,0,1,34.0,0,1
16,19,1,0,1,12,1,1,0,1,44.0,0,1
9,3,0,0,1,12,0,1,0,1,32.0,0,1
49,0,2,0,0,12,2,0,0,1,21.0,0,1
10,3,0,0,1,12,0,1,0,1,46.0,0,1
32,10,2,0,1,12,0,1,0,1,31.0,0,1
16,19,1,0,1,12,1,0,0,1,65.0,0,1
9,3,0,0,1,12,0,1,0,2,27.0,0,1
9,3,0,0,1,12,0,0,0,1,21.0,0,1
9,3,0,0,1,12,0,0,0,1,25.0,0,1
9,3,0,0,1,12,0,1,0,1,32.0,0,1
31,7,1,0,1,12,1,1,0,1,33.0,0,1
49,0,2,0,0,12,2,1,0,1,32.0,0,1
9,3,0,0,1,12,1,1,5,0,21.0,0,1
8,3,0,0,1,12,1,1,0,1,48.0,1,1
33,10,2,0,1,12,0,1,0,1,26.0,0,1
9,3,0,0,1,12,0,1,0,1,32.0,0,1
9,3,0,0,1,12,1,1,0,1,24.0,0,1
9,3,0,0,1,12,1,1,5,0,43.0,0,1
9,3,0,0,1,12,1,0,0,1,43.0,0,1
16,19,1,0,1,12,1,1,0,1,49.0,0,1
16,19,1,0,1,12,1,1,0,1,49.0,0,1
8,3,0,0,1,12,0,1,5,0,35.0,0,1
31,7,1,0,1,12,1,1,0,1,35.0,0,1
9,3,0,0,1,12,0,1,0,1,34.0,0,1
2,18,0,0,1,12,0,1,5,0,35.0,0,1
20,19,1,1,1,12,1,1,5,0,18.0,0,1
38,22,2,0,0,12,1,0,5,0,33.5,1,1
38,22,2,0,0,12,1,1,1,1,20.0,0,1
9,3,0,0,1,12,1,1,5,2,32.0,0,1
49,0,2,0,0,12,0,0,0,1,24.0,0,1
7,25,1,1,1,12,1,0,5,1,42.0,1,1
30,28,1,0,1,12,2,1,5,0,24.0,0,1
9,3,0,0,1,12,1,1,5,0,36.0,0,1
32,10,2,0,1,4,2,1,5,0,28.0,0,1
9,3,0,0,1,12,2,1,5,1,39.0,0,1
9,3,0,0,1,12,2,1,5,0,48.0,0,1
32,10,2,0,1,12,2,1,5,0,25.0,0,1
30,28,1,0,1,12,2,1,5,0,40.0,0,1
16,19,1,0,1,12,1,1,5,3,37.0,0,1
32,10,2,0,1,12,2,0,5,1,55.0,0,1
9,3,0,0,1,12,2,1,0,1,26.0,0,1
30,28,1,0,1,12,2,0,5,0,31.0,0,1
10,3,0,0,1,3,1,1,5,0,37.0,0,1
8,3,0,0,1,12,2,1,5,0,37.0,0,1
9,3,0,0,1,12,2,1,5,0,60.0,0,1
9,3,0,0,1,12,2,1,5,0,39.0,0,1
9,3,0,0,1,12,1,0,5,0,41.0,0,1
9,3,0,0,1,12,1,1,5,0,21.0,0,1
9,3,0,0,1,12,2,0,4,3,19.0,0,1
9,3,0,0,1,12,1,1,5,0,13.666666666666666,1,1
9,3,0,0,1,12,1,0,5,0,13.0,0,1
9,3,0,0,1,12,2,0,0,1,24.0,0,1
8,3,0,0,1,5,0,1,5,1,26.0,0,1
31,7,1,0,1,12,0,0,5,0,51.0,0,1
9,3,0,0,1,12,2,1,5,0,24.0,0,1
32,10,2,0,1,12,2,0,5,1,34.5,1,1
8,3,0,0,1,5,2,1,5,1,40.0,0,1
33,10,2,0,1,5,2,1,5,0,39.0,0,1
21,21,1,1,1,12,1,1,5,0,13.0,0,1
8,3,0,0,1,3,2,1,5,0,37.0,0,1
8,3,0,0,1,3,2,1,5,0,48.0,0,1
9,3,0,0,1,12,1,0,5,0,22.0,0,1
9,3,0,0,1,12,1,0,2,1,27.0,0,1
16,19,1,0,1,12,2,1,5,0,29.0,0,1
16,19,1,0,1,12,1,0,5,0,49.0,0,1
9,3,0,0,1,12,2,1,5,1,43.0,0,1
30,28,1,0,1,12,2,0,5,1,39.0,0,1
9,3,0,0,1,12,2,0,5,1,27.0,0,1
32,10,2,0,1,12,2,1,5,0,44.0,0,1
49,0,2,0,0,12,2,1,2,1,31.0,0,1
9,3,0,0,1,12,2,1,5,0,27.0,0,1
32,10,2,0,1,12,2,0,5,0,46.0,0,1
13,5,1,1,1,12,2,1,5,0,35.0,0,1
9,3,0,0,1,12,2,1,5,0,21.0,0,1
9,3,0,0,1,12,2,0,2,1,23.0,0,1
16,19,1,0,1,12,1,0,5,0,28.0,0,1
8,3,0,0,1,12,2,1,5,0,32.0,0,1
16,19,1,0,1,12,1,0,5,0,42.0,0,1
31,7,1,0,1,12,1,1,5,0,41.0,0,1
30,28,1,0,1,12,2,1,5,0,37.0,0,1
9,3,0,0,1,12,1,0,5,0,17.0,0,1
9,3,0,0,1,12,1,0,5,0,51.0,0,1
9,3,0,0,1,12,2,1,5,0,22.0,0,1
9,3,0,0,1,12,1,1,0,1,38.0,0,1
16,19,1,0,1,12,1,0,5,0,58.0,0,1
9,3,0,0,1,12,1,1,5,0,65.0,0,1
32,10,2,0,1,12,2,1,5,1,35.0,0,1
30,28,1,0,1,3,2,1,5,0,17.0,1,1
9,3,0,0,1,3,1,1,5,0,20.0,0,1
9,3,0,0,1,12,1,0,5,0,13.0,0,1
9,3,0,0,1,12,2,1,5,0,61.0,0,1
29,11,1,1,1,12,2,1,4,3,38.0,0,1
9,3,0,0,1,12,1,1,5,0,52.0,0,1
8,3,0,0,1,12,2,1,5,0,25.0,0,1
9,3,0,0,1,12,1,0,5,1,26.0,0,1
30,28,1,0,1,12,2,1,5,0,45.0,0,1
9,3,0,0,1,12,2,1,5,0,39.0,0,1
40,30,2,0,1,12,2,1,5,0,16.0,1,1
32,10,2,0,1,12,2,1,5,0,34.0,0,1
9,3,0,0,1,12,1,1,5,0,29.0,0,1
9,3,0,0,1,12,2,1,2,1,36.0,0,1
9,3,0,0,1,12,1,1,5,0,50.0,0,1
21,21,1,1,1,12,2,0,5,0,37.0,0,1
33,10,2,0,1,12,2,1,5,0,50.0,0,1
9,3,0,0,1,12,1,1,5,0,47.0,0,1
9,3,0,0,1,12,1,0,5,0,42.0,0,1
9,3,0,0,1,12,1,1,5,0,30.0,0,1
9,3,0,0,1,12,1,1,5,0,28.0,0,1
9,3,0,0,1,12,1,1,5,0,56.0,0,1
30,28,1,0,1,12,2,1,5,0,30.0,0,1
32,10,2,0,1,12,2,0,5,0,24.0,0,1
17,19,1,1,1,12,1,1,5,0,24.0,0,1
8,3,0,0,1,3,2,1,5,0,50.0,0,1
8,3,0,0,1,12,1,1,5,0,19.0,0,1
30,28,1,0,1,12,2,1,5,0,34.0,0,1
30,28,1,0,1,12,2,1,5,0,31.0,0,1
9,3,0,0,1,12,1,0,5,0,13.0,0,1
9,3,0,0,1,12,1,1,5,0,48.0,0,1
20,19,1,1,1,12,2,1,5,0,53.0,0,1
9,3,0,0,1,12,2,1,5,0,53.0,0,1
30,28,1,0,1,3,2,1,5,3,32.0,0,1
9,3,0,0,1,12,2,1,5,0,32.0,0,1
40,30,2,0,1,12,2,1,5,0,42.0,0,1
33,10,2,0,1,12,1,0,5,0,33.0,0,1
13,5,1,1,1,12,2,1,5,0,28.0,0,1
31,7,1,0,1,12,1,1,5,0,21.0,0,1
30,28,1,0,1,12,2,1,5,0,28.0,0,1
9,3,0,0,1,12,1,0,5,1,13.0,0,1
32,10,2,0,1,12,2,1,5,0,36.0,0,1
40,30,2,0,1,12,2,1,0,1,24.0,0,1
32,10,2,0,1,12,2,1,5,1,34.0,0,1
30,28,1,0,1,3,2,1,5,0,33.0,0,1
35,23,2,0,1,12,2,1,5,0,43.0,0,1
9,3,0,0,1,12,2,0,2,1,15.0,0,1
20,19,1,1,1,12,1,1,5,0,26.0,0,1
9,3,0,0,1,12,2,0,5,1,18.0,0,1
9,3,0,0,1,12,1,1,5,0,12.0,0,1
9,3,0,0,1,12,1,1,5,1,42.0,0,1
10,3,0,0,1,12,1,0,0,1,43.0,0,1
32,10,2,0,1,12,2,1,5,0,39.0,0,1
8,3,0,0,1,12,2,1,5,0,63.0,0,1
9,3,0,0,1,12,1,1,5,0,52.0,0,1
30,28,1,0,1,12,2,1,5,1,40.0,0,1
30,28,1,0,1,12,2,0,5,1,29.0,0,1
9,3,0,0,1,9,2,1,5,0,45.0,0,1
40,30,2,0,1,1,2,1,5,0,19.0,0,1
9,3,0,0,1,12,2,1,5,0,25.0,0,1
16,19,1,0,1,12,1,0,5,0,27.0,0,1
9,3,0,0,1,12,1,1,5,0,26.0,0,1
32,10,2,0,1,12,2,0,5,3,31.0,0,1
30,28,1,0,1,12,2,1,5,0,45.0,0,1
8,3,0,0,1,12,0,0,2,1,13.0,0,1
32,10,2,0,1,12,2,1,5,0,41.0,0,1
32,10,2,0,1,12,2,0,5,0,22.0,0,1
30,28,1,0,1,12,2,1,4,3,51.0,0,1
31,7,1,0,1,12,2,1,5,0,22.0,0,1
9,3,0,0,1,0,1,0,5,0,42.0,1,1
16,19,1,0,1,12,1,1,5,0,24.0,0,1
9,3,0,0,1,12,2,1,5,0,40.0,0,1
42,1,2,0,0,12,2,1,5,0,41.0,0,1
9,3,0,0,1,12,1,0,5,0,22.0,0,1
9,3,0,0,1,12,2,0,5,0,22.0,0,1
9,3,0,0,1,12,2,1,5,0,22.0,0,1
30,28,1,0,1,12,2,1,5,0,42.0,0,1
9,3,0,0,1,12,2,1,5,0,64.0,0,1
9,3,0,0,1,12,1,1,5,0,56.0,0,1
9,3,0,0,1,12,2,1,5,0,13.0,0,1
9,3,0,0,1,12,1,0,2,1,27.0,0,1
9,3,0,0,1,5,2,1,5,3,29.0,0,1
32,10,2,0,1,12,2,1,5,1,19.0,0,1
9,3,0,0,1,12,2,1,5,0,23.0,0,1
9,3,0,0,1,12,2,0,5,1,30.0,0,1
16,19,1,0,1,12,1,1,5,0,43.0,0,1
40,30,2,0,1,12,2,0,2,1,21.333333333333332,1,1
32,10,2,0,1,12,0,1,5,1,39.0,0,1
8,3,0,0,1,12,0,1,5,1,39.0,0,1
40,30,2,0,1,12,0,1,5,0,40.0,0,1
9,3,0,0,1,12,0,1,5,1,36.0,0,1
31,7,1,0,1,12,2,1,5,0,32.0,0,1
40,30,2,0,1,12,1,1,5,1,77.0,0,1
32,10,2,0,1,12,0,0,5,0,39.0,1,1
32,10,2,0,1,12,0,0,5,1,39.0,0,1
9,3,0,0,1,12,0,0,5,1,56.0,0,1
32,10,2,0,1,12,2,0,5,3,27.0,0,1
32,10,2,0,1,12,0,0,5,0,38.0,1,1
31,7,1,0,1,12,0,0,5,1,34.0,0,1
40,30,2,0,1,12,1,1,5,0,61.0,0,1
8,3,0,0,1,12,1,0,5,1,36.0,1,1
9,3,0,0,1,12,0,1,5,0,44.0,0,1
40,30,2,0,1,12,0,1,5,1,42.0,0,1
30,28,1,0,1,12,1,1,5,1,52.0,1,1
17,19,1,1,1,12,0,0,5,0,34.0,0,1
17,19,1,1,1,12,2,1,5,0,52.0,0,1
32,10,2,0,1,12,0,1,5,3,29.0,0,1
9,3,0,0,1,12,1,1,0,1,66.0,0,1
9,3,0,0,1,12,2,1,0,1,22.0,0,1
9,3,0,0,1,12,2,0,0,1,44.0,0,1
9,3,0,0,1,12,2,1,0,0,33.0,0,1
9,3,0,0,1,12,0,1,5,1,58.0,0,1
8,3,0,0,1,12,2,1,4,3,32.0,0,1
11,2,1,0,1,12,0,0,5,0,33.0,0,1
8,3,0,0,1,12,2,1,0,3,27.0,0,1
9,3,0,0,1,12,0,1,5,0,24.0,0,1
9,3,0,0,1,12,2,1,5,0,43.0,0,1
8,3,0,0,1,12,0,0,5,1,19.0,0,1
40,30,2,0,1,3,0,1,5,0,25.0,0,1
9,3,0,0,1,12,0,1,5,0,16.0,0,1
9,3,0,0,1,12,0,1,5,0,25.0,0,1
9,3,0,0,1,12,0,1,5,0,22.0,0,1
8,3,0,0,1,12,2,1,5,0,23.0,0,1
9,3,0,0,1,12,1,1,5,0,15.0,0,1
9,3,0,0,1,12,0,1,5,1,29.0,0,1
9,3,0,0,1,12,0,0,5,0,28.0,0,1
20,19,1,1,1,12,0,1,5,0,42.0,1,1
9,3,0,0,1,12,0,0,5,0,38.0,0,1
8,3,0,0,1,12,2,1,5,0,33.0,0,1
8,3,0,0,1,12,0,1,5,0,25.0,1,1
49,0,2,0,0,12,2,1,5,1,21.0,0,1
9,3,0,0,1,12,0,1,5,1,59.0,0,1
8,3,0,0,1,12,0,1,5,0,37.0,0,1
31,7,1,0,1,12,2,0,5,0,28.0,0,1
8,3,0,0,1,12,2,1,5,0,61.0,0,1
9,3,0,0,1,12,0,0,5,1,48.0,0,1
40,30,2,0,1,12,0,1,5,1,46.0,0,1
40,30,2,0,1,3,0,1,2,1,42.0,0,1
40,30,2,0,1,12,1,1,5,1,32.0,0,1
9,3,0,0,1,12,2,1,5,0,50.0,0,1
9,3,0,0,1,12,0,1,5,0,18.0,0,1
13,5,1,1,1,12,0,1,5,0,37.0,0,1
9,3,0,0,1,12,2,0,5,0,23.0,0,1
19,19,1,0,1,12,2,1,5,0,30.0,0,1
31,7,1,0,1,12,0,1,5,2,22.0,0,1
16,19,1,0,1,12,1,1,5,2,24.0,0,1
40,30,2,0,1,3,2,1,5,1,23.0,0,1
32,10,2,0,1,12,0,0,5,1,21.0,0,1
9,3,0,0,1,12,0,1,5,1,34.0,0,1
9,3,0,0,1,12,0,0,0,1,58.0,0,1
32,10,2,0,1,12,0,0,5,1,48.0,0,1
45,13,0,0,0,12,0,0,5,1,29.0,0,1
9,3,0,0,1,12,0,0,5,1,30.0,0,1
9,3,0,0,1,12,0,0,0,1,34.0,0,1
8,3,0,0,1,0,2,0,5,1,15.0,0,1
9,3,0,0,1,12,0,1,0,1,44.0,0,1
9,3,0,0,1,12,2,0,5,1,23.0,0,1
35,23,2,0,1,12,1,1,5,0,13.0,0,1
9,3,0,0,1,12,2,1,0,1,58.0,0,1
31,7,1,0,1,0,0,1,0,1,18.0,0,1
9,3,0,0,1,12,0,1,0,1,45.0,0,1
16,19,1,0,1,12,0,1,0,1,46.0,0,1
9,3,0,0,1,12,2,1,0,2,18.0,0,1
9,3,0,0,1,12,0,0,0,1,40.0,0,1
32,10,2,0,1,5,0,0,0,0,26.0,0,1
9,3,0,0,1,12,0,1,5,2,43.0,0,1
9,3,0,0,1,12,0,1,0,3,24.0,0,1
8,3,0,0,1,12,0,1,0,3,24.0,0,1
43,8,2,0,0,12,0,1,0,1,18.0,0,1
43,8,2,0,0,12,0,0,0,1,19.0,0,1
44,9,2,0,0,12,0,1,0,1,32.0,0,1
31,7,1,0,1,12,0,1,5,2,45.0,0,1
47,29,2,0,0,12,0,1,5,2,45.0,0,1
8,3,0,0,1,12,0,1,5,0,69.0,0,1
32,10,2,0,1,12,2,1,5,2,24.0,0,1
32,10,2,0,1,12,1,0,5,2,9.0,0,1
10,3,0,0,1,12,0,1,0,1,24.0,0,1
7,25,1,1,1,12,0,1,0,1,45.0,0,1
49,0,2,0,0,5,2,1,5,1,56.0,0,1
49,0,2,0,0,12,2,1,5,0,29.0,0,1
20,19,1,1,1,12,2,1,5,0,29.0,0,1
49,0,2,0,0,12,2,1,5,1,38.0,0,1
9,3,0,0,1,12,2,1,4,0,28.0,0,1
9,3,0,0,1,12,2,1,4,0,28.0,0,1
31,7,1,0,1,12,2,1,5,0,15.0,0,1
31,7,1,0,1,12,2,1,4,0,28.0,0,1
49,0,2,0,0,12,2,1,5,0,22.0,0,1
8,3,0,0,1,12,0,1,5,0,46.0,0,1
9,3,0,0,1,12,2,1,5,0,31.0,0,1
16,19,1,0,1,12,1,0,5,1,30.0,0,1
20,19,1,1,1,12,2,1,5,1,21.0,0,1
16,19,1,0,1,12,1,1,5,0,27.0,0,1
49,0,2,0,0,12,2,1,5,0,17.0,0,1
32,10,2,0,1,12,1,1,5,1,14.0,0,1
9,3,0,0,1,12,2,1,5,0,44.0,0,1
8,3,0,0,1,12,0,1,5,0,42.0,0,1
9,3,0,0,1,12,0,1,4,1,35.0,0,1
9,3,0,0,1,12,0,1,5,0,32.0,0,1
9,3,0,0,1,12,2,1,4,0,28.0,0,1
49,0,2,0,0,12,2,0,4,0,26.0,0,1
9,3,0,0,1,12,0,0,5,3,38.0,0,1
16,19,1,0,1,12,1,0,5,0,28.0,0,1
9,3,0,0,1,12,1,1,5,0,29.5,1,1
40,30,2,0,1,3,0,1,5,0,33.0,0,1
9,3,0,0,1,12,0,0,5,3,38.0,0,1
9,3,0,0,1,12,1,1,5,1,15.0,0,1
9,3,0,0,1,12,0,1,5,0,20.0,0,1
16,19,1,0,1,12,1,0,5,1,41.0,0,1
49,0,2,0,0,12,2,1,5,0,43.0,0,1
16,19,1,0,1,12,1,0,5,0,26.0,0,1
31,7,1,0,1,12,0,0,5,0,19.0,0,1
9,3,0,0,1,12,0,0,5,3,38.0,0,1
16,19,1,0,1,12,1,0,5,1,55.0,0,1
9,3,0,0,1,12,2,1,5,2,14.5,1,1
8,3,0,0,1,0,2,1,5,1,41.0,0,1
32,10,2,0,1,12,2,1,5,0,15.0,0,1
9,3,0,0,1,12,2,1,5,2,15.0,0,1
8,3,0,0,1,12,2,1,5,0,20.0,0,1
16,19,1,0,1,12,1,0,5,2,19.0,0,1
8,3,0,0,1,12,2,0,5,0,33.0,0,1
32,10,2,0,1,12,2,0,5,1,19.0,0,1
20,19,1,1,1,12,2,1,0,2,39.0,0,1
8,3,0,0,1,12,2,1,5,1,48.0,0,1
32,10,2,0,1,12,2,1,5,2,13.0,0,1
32,10,2,0,1,12,2,0,5,0,35.0,0,1
10,3,0,0,1,12,2,1,5,2,41.0,0,1
31,7,1,0,1,12,2,0,5,0,26.0,0,1
32,10,2,0,1,12,2,1,5,0,32.0,0,1
44,9,2,0,0,12,2,0,0,1,31.0,0,1
43,8,2,0,0,12,2,0,0,1,19.0,0,1
49,0,2,0,0,12,2,1,0,1,52.0,0,1
9,3,0,0,1,12,2,1,0,1,52.0,0,1
32,10,2,0,1,12,0,0,5,1,22.0,0,1
31,7,1,0,1,12,0,0,5,0,40.0,0,1
8,3,0,0,1,12,0,1,4,0,37.0,0,1
9,3,0,0,1,12,1,1,4,3,20.0,0,1
8,3,0,0,1,12,0,1,5,0,23.0,0,1
21,21,1,1,1,3,0,1,5,0,16.0,0,1
30,28,1,0,1,12,0,0,5,3,30.0,0,1
32,10,2,0,1,12,0,1,5,0,38.0,0,1
32,10,2,0,1,12,0,1,5,1,33.0,0,1
32,10,2,0,1,12,0,1,5,1,33.0,0,1
16,19,1,0,1,12,1,0,5,0,20.0,0,1
8,3,0,0,1,5,0,1,4,0,57.0,0,1
9,3,0,0,1,12,0,1,5,1,20.0,0,1
32,10,2,0,1,12,0,0,4,3,47.0,0,1
40,30,2,0,1,12,0,1,2,1,18.0,0,1
9,3,0,0,1,12,0,1,5,1,28.0,0,1
16,19,1,0,1,12,0,1,5,0,34.0,0,1
30,28,1,0,1,12,0,0,5,0,31.0,0,1
16,19,1,0,1,12,0,0,4,3,28.0,0,1
8,3,0,0,1,3,0,1,2,1,47.0,0,1
32,10,2,0,1,3,0,1,5,1,31.0,0,1
9,3,0,0,1,12,0,1,4,0,22.0,0,1
9,3,0,0,1,12,0,1,0,1,26.0,0,1
30,28,1,0,1,12,0,0,5,0,25.0,1,1
32,10,2,0,1,12,0,1,5,3,24.0,0,1
16,19,1,0,1,12,0,0,5,1,43.0,0,1
31,7,1,0,1,12,0,0,4,3,17.0,0,1
8,3,0,0,1,2,0,1,5,0,20.0,0,1
9,3,0,0,1,12,0,1,5,0,29.0,0,1
32,10,2,0,1,12,0,0,5,0,33.5,1,1
13,5,1,1,1,12,0,1,5,0,37.0,0,1
30,28,1,0,1,12,0,1,5,0,41.0,0,1
32,10,2,0,1,12,0,0,5,0,37.0,0,1
32,10,2,0,1,12,0,0,5,0,37.0,0,1
16,19,1,0,1,12,0,1,5,3,37.0,0,1
16,19,1,0,1,12,0,0,0,3,27.0,0,1
32,10,2,0,1,12,0,1,5,0,31.0,0,1
16,19,1,0,1,12,0,1,5,0,31.0,0,1
16,19,1,0,1,12,0,1,5,0,33.0,0,1
16,19,1,0,1,12,0,1,5,1,48.0,0,1
13,5,1,1,1,12,0,1,5,0,35.0,0,1
32,10,2,0,1,12,0,1,4,0,23.0,0,1
16,19,1,0,1,12,0,1,5,0,25.0,0,1
16,19,1,0,1,12,0,0,5,0,33.0,1,1
8,3,0,0,1,12,0,1,5,0,34.0,0,1
32,10,2,0,1,12,0,0,5,3,30.0,0,1
13,5,1,1,1,12,0,1,5,0,37.0,0,1
18,19,1,1,1,5,0,1,4,3,33.0,0,1
8,3,0,0,1,12,0,0,5,0,55.0,0,1
8,3,0,0,1,12,0,1,5,0,32.0,0,1
32,10,2,0,1,5,0,0,5,0,20.5,1,1
31,7,1,0,1,12,0,1,5,3,21.0,0,1
33,10,2,0,1,12,0,1,5,1,51.0,0,1
16,19,1,0,1,12,0,1,5,0,35.0,0,1
30,28,1,0,1,12,0,0,5,3,43.0,0,1
33,10,2,0,1,12,0,1,5,3,37.0,1,1
9,3,0,0,1,12,0,1,0,1,36.0,0,1
33,10,2,0,1,12,0,1,5,1,21.0,0,1
8,3,0,0,1,12,0,1,5,0,43.0,0,1
9,3,0,0,1,12,0,0,5,0,59.0,0,1
40,30,2,0,1,12,0,1,5,0,27.0,0,1
21,21,1,1,1,12,0,1,5,1,34.0,0,1
31,7,1,0,1,12,1,0,0,1,35.0,1,1
9,3,0,0,1,12,0,0,2,3,30.0,0,1
16,19,1,0,1,12,0,1,5,0,21.0,0,1
8,3,0,0,1,12,0,1,0,1,32.0,0,1
9,3,0,0,1,12,0,0,5,0,36.0,0,1
9,3,0,0,1,12,0,1,0,1,35.0,0,1
30,28,1,0,1,12,0,1,5,0,34.0,0,1
16,19,1,0,1,12,0,1,5,3,26.0,0,1
9,3,0,0,1,12,0,1,5,0,28.0,0,1
31,7,1,0,1,12,0,1,5,1,40.0,0,1
8,3,0,0,1,12,0,1,0,1,35.0,0,1
8,3,0,0,1,12,0,0,5,0,37.0,0,1
9,3,0,0,1,12,0,1,5,0,22.0,0,1
9,3,0,0,1,12,0,1,5,1,24.0,0,1
31,7,1,0,1,12,0,0,5,3,36.0,0,1
9,3,0,0,1,12,0,1,5,1,28.0,0,1
32,10,2,0,1,12,0,1,5,0,37.0,0,1
31,7,1,0,1,12,0,1,5,0,55.0,0,1
31,7,1,0,1,12,0,1,4,3,33.0,0,1
30,28,1,0,1,12,0,0,5,0,23.0,0,1
30,28,1,0,1,12,0,1,2,3,32.0,0,1
32,10,2,0,1,12,0,1,5,0,35.0,0,1
9,3,0,0,1,12,0,1,5,0,35.0,0,1
9,3,0,0,1,12,0,1,4,3,29.0,0,1
6,26,0,0,1,12,0,1,5,3,33.0,0,1
16,19,1,0,1,12,0,1,4,3,33.0,0,1
16,19,1,0,1,12,0,1,5,1,28.0,0,1
16,19,1,0,1,12,1,0,5,0,30.0,0,1
16,19,1,0,1,12,0,1,1,3,38.0,0,1
9,3,0,0,1,12,0,1,2,3,24.0,0,1
8,3,0,0,1,12,0,1,5,1,48.0,0,1
9,3,0,0,1,12,0,1,5,3,29.0,0,1
9,3,0,0,1,12,0,0,4,3,24.0,1,1
8,3,0,0,1,5,0,1,5,3,58.0,0,1
16,19,1,0,1,12,0,1,5,1,63.0,0,1
8,3,0,0,1,12,0,1,0,1,40.0,0,1
9,3,0,0,1,12,0,1,0,1,32.0,0,1
7,25,1,1,1,12,0,1,4,0,22.0,0,1
9,3,0,0,1,12,0,1,5,3,48.0,0,1
7,25,1,1,1,12,0,1,4,0,22.0,0,1
7,25,1,1,1,12,0,1,4,0,22.0,0,1
30,28,1,0,1,3,0,1,4,3,37.0,0,1
9,3,0,0,1,12,0,1,4,1,30.0,0,1
8,3,0,0,1,12,0,1,5,0,34.0,0,1
32,10,2,0,1,12,0,0,5,0,26.0,0,1
8,3,0,0,1,3,0,1,5,0,16.0,0,1
32,10,2,0,1,12,0,1,5,0,38.0,0,1
32,10,2,0,1,12,0,1,0,1,23.0,0,1
32,10,2,0,1,3,0,1,0,1,22.0,0,1
32,10,2,0,1,12,0,1,5,0,55.0,0,1
8,3,0,0,1,12,0,0,5,0,27.0,0,1
21,21,1,1,1,12,2,1,4,3,58.0,0,1
30,28,1,0,1,12,0,0,5,0,26.0,0,1
30,28,1,0,1,12,0,1,5,1,32.0,0,1
8,3,0,0,1,12,0,0,5,0,30.0,0,1
21,21,1,1,1,12,0,1,5,0,36.0,0,1
16,19,1,0,1,12,0,1,5,0,35.0,0,1
13,5,1,1,1,12,0,1,0,1,21.0,0,1
40,30,2,0,1,3,0,1,5,0,16.0,0,1
16,19,1,0,1,12,0,0,5,0,46.0,0,1
16,19,1,0,1,12,0,0,4,3,39.0,0,1
33,10,2,0,1,12,0,0,5,1,33.0,0,1
23,14,1,1,1,12,0,1,4,3,32.5,1,1
21,21,1,1,1,12,0,1,2,1,29.0,0,1
31,7,1,0,1,12,0,1,4,3,38.0,0,1
21,21,1,1,1,12,0,0,5,3,65.0,0,1
30,28,1,0,1,12,0,1,5,0,31.0,0,1
30,28,1,0,1,12,0,0,5,3,37.0,0,1
9,3,0,0,1,12,1,1,5,0,23.0,0,1
33,10,2,0,1,12,0,1,5,3,43.0,0,1
13,5,1,1,1,12,0,1,5,1,28.0,0,1
16,19,1,0,1,12,0,0,5,3,39.0,0,1
32,10,2,0,1,12,0,1,5,3,29.0,0,1
16,19,1,0,1,12,0,0,5,0,40.0,0,1
16,19,1,0,1,12,0,0,5,0,52.5,1,1
8,3,0,0,1,12,0,1,0,1,36.0,0,1
32,10,2,0,1,5,0,0,4,0,40.5,1,1
9,3,0,0,1,12,0,1,4,3,29.0,0,1
8,3,0,0,1,3,0,1,5,1,22.0,0,1
33,10,2,0,1,5,0,1,5,3,45.0,0,1
33,10,2,0,1,5,0,1,5,3,46.0,0,1
16,19,1,0,1,12,0,0,5,3,48.0,0,1
16,19,1,0,1,12,0,1,0,1,28.0,0,1
9,3,0,0,1,12,0,0,0,1,39.0,0,1
16,19,1,0,1,12,0,0,0,1,30.666666666666668,1,1
16,19,1,0,1,12,0,1,5,0,38.0,1,1
16,19,1,0,1,12,0,1,5,0,38.0,0,1
16,19,1,0,1,12,0,1,5,0,25.0,0,1
16,19,1,0,1,12,0,1,0,3,35.5,1,1
16,19,1,0,1,12,0,1,0,1,31.0,0,1
16,19,1,0,1,12,0,1,5,1,45.0,0,1
16,19,1,0,1,12,0,0,5,0,40.0,0,1
9,3,0,0,1,12,0,1,5,1,44.0,0,1
8,3,0,0,1,12,0,1,0,1,25.0,0,1
8,3,0,0,1,12,0,1,5,0,14.0,0,1
8,3,0,0,1,12,0,1,5,3,36.0,0,1
33,10,2,0,1,12,0,0,5,0,25.0,0,1
23,14,1,1,1,12,0,1,5,1,51.0,0,1
16,19,1,0,1,12,0,0,4,3,27.0,0,1
32,10,2,0,1,12,0,1,5,1,45.0,0,1
16,19,1,0,1,12,0,0,0,3,34.0,1,1
13,5,1,1,1,12,0,0,5,0,44.666666666666664,1,1
9,3,0,0,1,12,0,0,5,3,59.0,0,1
9,3,0,0,1,12,0,1,0,1,41.0,0,1
8,3,0,0,1,12,0,0,5,0,24.0,0,1
9,3,0,0,1,12,0,1,0,1,38.0,0,1
18,19,1,1,1,12,0,1,2,3,29.0,0,1
40,30,2,0,1,3,0,0,5,3,32.0,0,1
32,10,2,0,1,12,0,0,5,0,31.0,0,1
32,10,2,0,1,12,0,1,0,1,39.0,0,1
32,10,2,0,1,12,0,1,5,1,36.0,0,1
8,3,0,0,1,12,0,1,0,1,58.0,0,1
32,10,2,0,1,12,0,1,5,0,53.0,0,1
16,19,1,0,1,12,0,0,4,3,39.0,1,1
32,10,2,0,1,12,0,1,5,1,43.0,0,1
32,10,2,0,1,12,0,1,5,0,35.0,0,1
31,7,1,0,1,12,0,1,5,0,23.0,0,1
13,5,1,1,1,12,0,1,5,0,23.0,0,1
16,19,1,0,1,12,0,0,0,1,35.0,0,1
40,30,2,0,1,3,0,1,5,0,18.0,0,1
13,5,1,1,1,12,0,1,5,1,35.0,0,1
33,10,2,0,1,12,0,0,5,3,40.0,0,1
8,3,0,0,1,12,0,0,4,3,41.0,0,1
32,10,2,0,1,12,0,1,0,1,46.0,0,1
16,19,1,0,1,12,0,0,4,3,42.0,0,1
7,25,1,1,1,12,0,1,2,1,17.8,1,1
30,28,1,0,1,12,0,1,5,3,40.0,0,1
8,3,0,0,1,5,0,1,4,0,57.0,0,1
8,3,0,0,1,12,0,1,5,0,39.0,0,1
9,3,0,0,1,12,0,1,5,0,40.0,0,1
32,10,2,0,1,12,0,1,5,1,55.0,0,1
32,10,2,0,1,12,0,1,5,1,45.0,0,1
22,6,1,0,1,12,1,0,5,0,54.5,1,1
32,10,2,0,1,12,0,0,2,1,30.0,0,1
32,10,2,0,1,12,0,1,5,0,18.0,0,1
16,19,1,0,1,12,0,1,0,1,42.0,0,1
16,19,1,0,1,12,0,0,5,1,35.0,0,1
8,3,0,0,1,12,0,1,0,1,32.0,0,1
9,3,0,0,1,12,0,1,5,1,42.0,0,1
9,3,0,0,1,7,0,1,5,0,16.0,0,1
13,5,1,1,1,12,0,1,5,0,25.0,0,1
32,10,2,0,1,12,0,1,4,3,42.0,0,1
30,28,1,0,1,12,0,1,5,1,30.0,0,1
13,5,1,1,1,12,0,1,4,3,32.0,0,1
16,19,1,0,1,12,0,0,0,1,35.0,0,1
33,10,2,0,1,12,0,1,5,3,30.0,1,1
8,3,0,0,1,5,0,1,5,0,43.0,0,1
8,3,0,0,1,3,0,1,5,0,35.0,0,1
32,10,2,0,1,12,0,1,5,1,27.0,0,1
8,3,0,0,1,12,0,1,5,0,32.0,0,1
33,10,2,0,1,12,0,0,5,0,38.0,0,1
32,10,2,0,1,12,0,1,5,1,48.0,0,1
30,28,1,0,1,12,0,0,5,3,31.0,0,1
8,3,0,0,1,12,0,1,5,1,36.0,0,1
8,3,0,0,1,12,0,1,5,3,14.0,0,1
9,3,0,0,1,12,0,1,4,3,28.0,0,1
9,3,0,0,1,12,0,0,0,3,27.0,0,1
8,3,0,0,1,12,0,0,5,3,17.0,0,1
32,10,2,0,1,12,0,1,2,1,38.0,0,1
16,19,1,0,1,12,0,1,5,0,41.0,1,1
32,10,2,0,1,12,0,1,5,0,28.0,0,1
30,28,1,0,1,12,0,1,5,1,50.0,0,1
16,19,1,0,1,12,0,0,5,0,38.0,0,1
16,19,1,0,1,12,0,1,4,3,21.0,0,1
33,10,2,0,1,5,0,1,5,0,30.0,0,1
32,10,2,0,1,12,0,0,5,3,28.0,0,1
8,3,0,0,1,12,0,0,4,3,23.0,0,1
32,10,2,0,1,12,0,1,5,0,22.0,0,1
33,10,2,0,1,12,0,1,5,0,31.0,0,1
31,7,1,0,1,12,0,1,5,0,32.0,0,1
8,3,0,0,1,12,0,1,5,0,19.0,0,1
30,28,1,0,1,12,0,1,5,3,41.0,0,1
32,10,2,0,1,12,0,0,0,3,40.0,0,1
33,10,2,0,1,12,0,0,0,1,32.5,1,1
32,10,2,0,1,12,0,1,5,0,43.0,0,1
13,5,1,1,1,12,0,1,5,3,44.0,0,1
32,10,2,0,1,12,0,0,5,0,35.0,0,1
8,3,0,0,1,12,0,0,5,1,38.0,0,1
9,3,0,0,1,12,0,1,5,0,21.0,0,1
8,3,0,0,1,5,0,1,5,1,31.0,0,1
32,10,2,0,1,5,0,1,5,0,42.0,0,1
31,7,1,0,1,0,0,0,5,1,46.0,0,1
8,3,0,0,1,12,0,1,5,1,36.0,0,1
33,10,2,0,1,12,0,1,5,3,54.0,0,1
8,3,0,0,1,12,0,1,5,0,42.0,0,1
8,3,0,0,1,0,0,1,5,0,41.0,0,1
29,11,1,1,1,12,0,1,5,0,18.0,0,1
9,3,0,0,1,12,0,1,4,3,61.0,0,1
9,3,0,0,1,12,0,1,5,1,62.0,0,1
33,10,2,0,1,12,0,1,2,1,33.0,0,1
9,3,0,0,1,12,0,1,5,0,43.0,0,1
9,3,0,0,1,12,0,1,0,1,23.0,0,1
32,10,2,0,1,12,0,0,4,3,30.0,0,1
33,10,2,0,1,12,0,1,5,0,31.0,0,1
2,18,0,0,1,12,0,1,5,0,24.0,0,1
13,5,1,1,1,12,0,1,0,1,37.0,0,1
33,10,2,0,1,12,0,1,5,0,31.0,0,1
32,10,2,0,1,12,0,1,5,3,21.0,0,1
32,10,2,0,1,12,0,1,5,3,54.0,0,1
7,25,1,1,1,12,0,0,5,3,29.0,0,1
31,7,1,0,1,12,0,1,2,0,36.0,0,1
9,3,0,0,1,12,0,0,5,1,56.0,0,1
8,3,0,0,1,12,0,1,5,3,35.0,0,1
9,3,0,0,1,12,0,1,5,0,43.0,0,1
9,3,0,0,1,12,0,1,5,0,29.0,0,1
9,3,0,0,1,12,1,1,5,1,39.0,0,1
9,3,0,0,1,12,0,1,2,1,29.0,0,1
31,7,1,0,1,12,0,1,5,0,39.0,0,1
30,28,1,0,1,3,0,1,2,1,18.0,0,1
32,10,2,0,1,12,0,1,5,0,51.0,0,1
9,3,0,0,1,12,0,1,4,3,23.0,0,1
32,10,2,0,1,12,0,1,5,1,29.0,0,1
32,10,2,0,1,12,0,1,5,1,43.0,0,1
31,7,1,0,1,12,0,1,5,1,61.0,0,1
9,3,0,0,1,12,0,1,5,3,22.0,0,1
9,3,0,0,1,12,0,0,5,1,43.0,0,1
9,3,0,0,1,12,0,0,5,3,32.0,0,1
30,28,1,0,1,12,0,1,2,1,37.5,1,1
8,3,0,0,1,12,0,1,5,1,41.0,0,1
8,3,0,0,1,5,0,1,5,1,28.0,0,1
9,3,0,0,1,12,0,0,5,1,19.0,0,1
8,3,0,0,1,12,0,1,5,3,37.0,0,1
9,3,0,0,1,12,0,1,0,1,27.0,0,1
13,5,1,1,1,12,0,1,0,1,33.0,0,1
13,5,1,1,1,12,0,1,5,0,33.0,0,1
9,3,0,0,1,12,1,1,5,0,26.0,0,1
9,3,0,0,1,12,0,1,5,0,28.0,0,1
9,3,0,0,1,12,1,0,4,3,26.0,0,1
32,10,2,0,1,12,0,0,5,3,37.0,0,1
30,28,1,0,1,5,0,1,5,3,35.0,0,1
23,14,1,1,1,12,0,1,5,0,41.0,0,1
8,3,0,0,1,3,0,1,5,0,17.0,0,1
30,28,1,0,1,12,0,1,5,0,38.0,0,1
8,3,0,0,1,12,0,1,5,0,12.0,0,1
31,7,1,0,1,12,0,1,5,1,69.0,0,1
13,5,1,1,1,12,0,1,5,3,44.0,0,1
9,3,0,0,1,12,0,1,2,1,18.0,0,1
9,3,0,0,1,12,0,0,2,1,41.0,0,1
32,10,2,0,1,12,0,1,5,0,30.0,0,1
32,10,2,0,1,3,0,1,5,0,30.0,0,1
9,3,0,0,1,12,0,1,2,1,37.0,0,1
9,3,0,0,1,12,0,1,5,1,33.0,0,1
40,30,2,0,1,3,0,1,5,0,24.0,0,1
9,3,0,0,1,12,0,1,5,0,15.0,0,1
32,10,2,0,1,12,0,1,5,1,27.0,0,1
32,10,2,0,1,12,0,0,0,3,26.0,0,1
32,10,2,0,1,12,0,1,0,3,28.0,0,1
30,28,1,0,1,12,0,0,5,0,34.0,0,1
13,5,1,1,1,12,0,1,0,1,41.0,0,1
8,3,0,0,1,0,0,1,5,0,37.0,0,1
32,10,2,0,1,12,0,1,5,0,41.0,0,1
9,3,0,0,1,12,1,0,5,1,41.0,0,1
13,5,1,1,1,5,0,1,5,0,41.0,0,1
20,19,1,1,1,12,0,0,5,3,32.0,0,1
13,5,1,1,1,12,0,1,4,0,33.0,0,1
16,19,1,0,1,12,0,1,2,1,32.0,0,1
8,3,0,0,1,12,0,1,5,0,44.0,0,1
21,21,1,1,1,12,0,0,4,0,37.0,1,1
8,3,0,0,1,12,0,0,5,0,25.0,0,1
32,10,2,0,1,12,0,1,2,1,29.0,0,1
8,3,0,0,1,3,0,1,5,0,83.0,0,1
9,3,0,0,1,12,0,1,5,0,44.0,0,1
8,3,0,0,1,5,0,0,0,1,36.0,0,1
8,3,0,0,1,12,0,1,5,0,28.0,0,1
32,10,2,0,1,12,0,1,5,0,31.0,0,1
8,3,0,0,1,12,0,1,5,3,61.0,0,1
32,10,2,0,1,12,0,1,5,3,28.0,0,1
33,10,2,0,1,12,0,1,5,0,52.0,0,1
16,19,1,0,1,12,0,1,0,1,35.0,0,1
32,10,2,0,1,12,0,0,5,0,31.0,0,1
9,3,0,0,1,12,0,0,2,1,30.0,0,1
32,10,2,0,1,12,0,0,5,0,37.0,0,1
9,3,0,0,1,12,0,0,5,0,61.0,0,1
32,10,2,0,1,12,0,1,2,1,33.0,0,1
16,19,1,0,1,12,0,1,0,1,29.0,0,1
32,10,2,0,1,12,0,0,5,1,30.0,0,1
16,19,1,0,1,12,0,1,5,3,55.0,0,1
32,10,2,0,1,12,0,1,5,0,34.0,0,1
9,3,0,0,1,12,0,1,5,0,28.0,0,1
32,10,2,0,1,12,0,0,5,0,26.0,0,1
33,10,2,0,1,12,0,1,5,3,27.0,0,1
32,10,2,0,1,12,0,1,5,1,29.0,0,1
32,10,2,0,1,12,0,1,5,1,32.0,0,1
32,10,2,0,1,12,0,1,0,3,33.0,0,1
32,10,2,0,1,12,0,1,5,1,45.0,0,1
8,3,0,0,1,12,0,1,4,3,35.0,0,1
8,3,0,0,1,12,0,1,4,3,28.0,0,1
16,19,1,0,1,12,0,0,5,1,38.5,1,1
9,3,0,0,1,12,0,0,4,3,43.0,0,1
32,10,2,0,1,12,0,0,5,0,25.0,0,1
30,28,1,0,1,5,0,1,5,0,35.0,0,1
9,3,0,0,1,12,0,0,5,0,28.0,0,1
9,3,0,0,1,12,0,0,5,1,29.0,0,1
32,10,2,0,1,12,0,1,5,3,37.0,0,1
40,30,2,0,1,3,0,1,5,3,24.0,0,1
32,10,2,0,1,3,0,1,5,3,35.0,0,1
32,10,2,0,1,12,0,1,5,1,41.0,0,1
9,3,0,0,1,12,0,1,5,1,28.0,0,1
8,3,0,0,1,12,0,1,5,0,48.0,0,1
8,3,0,0,1,5,0,1,5,0,30.0,0,1
8,3,0,0,1,12,0,0,5,0,33.0,0,1
9,3,0,0,1,12,0,1,5,3,48.0,0,1
8,3,0,0,1,12,0,1,0,3,42.0,0,1
30,28,1,0,1,12,0,1,4,3,61.0,0,1
8,3,0,0,1,12,0,1,5,0,33.0,0,1
9,3,0,0,1,12,0,1,5,0,47.0,0,1
32,10,2,0,1,12,0,1,4,0,33.0,0,1
7,25,1,1,1,3,0,1,4,3,37.0,0,1
8,3,0,0,1,0,0,1,0,1,45.0,0,1
30,28,1,0,1,12,0,0,5,1,38.0,0,1
2,18,0,0,1,12,0,1,4,3,56.0,0,1
21,21,1,1,1,12,0,0,5,0,30.0,0,1
8,3,0,0,1,12,0,1,0,0,23.0,0,1
29,11,1,1,1,12,0,1,5,3,36.0,0,1
13,5,1,1,1,12,0,0,5,0,36.0,0,1
32,10,2,0,1,12,0,0,0,1,35.0,0,1
16,19,1,0,1,12,0,0,0,3,34.0,0,1
30,28,1,0,1,12,0,1,5,0,46.0,0,1
32,10,2,0,1,12,0,1,5,1,39.0,0,1
23,14,1,1,1,12,1,1,5,1,34.0,0,1
31,7,1,0,1,12,0,1,5,1,30.0,0,1
8,3,0,0,1,12,0,1,5,0,26.0,0,1
8,3,0,0,1,12,0,0,2,1,23.0,0,1
8,3,0,0,1,12,0,1,4,3,21.0,0,1
7,25,1,1,1,12,0,1,5,1,32.0,0,1
9,3,0,0,1,12,0,0,5,0,21.0,0,1
32,10,2,0,1,12,0,1,4,0,31.0,0,1
32,10,2,0,1,12,0,1,5,0,64.0,0,1
32,10,2,0,1,12,0,1,0,1,48.0,0,1
32,10,2,0,1,12,0,1,5,0,36.0,0,1
8,3,0,0,1,5,0,1,5,0,30.0,0,1
30,28,1,0,1,12,0,1,5,0,33.0,0,1
9,3,0,0,1,12,0,1,5,0,38.0,0,1
9,3,0,0,1,12,0,1,5,1,27.0,0,1
40,30,2,0,1,3,0,1,5,0,28.0,0,1
13,5,1,1,1,12,0,1,5,3,32.0,0,1
32,10,2,0,1,12,0,0,4,3,30.0,0,1
9,3,0,0,1,5,0,1,5,3,43.0,0,1
32,10,2,0,1,12,0,1,5,3,27.0,0,1
13,5,1,1,1,12,0,0,0,0,31.5,1,1
32,10,2,0,1,5,0,1,5,0,19.0,0,1
9,3,0,0,1,12,0,1,0,3,32.0,0,1
8,3,0,0,1,12,0,1,5,0,54.0,0,1
32,10,2,0,1,12,0,1,0,1,29.5,1,1
8,3,0,0,1,12,0,0,2,3,48.0,0,1
22,6,1,0,1,12,0,1,5,0,20.0,0,1
8,3,0,0,1,5,0,1,2,1,19.0,0,1
8,3,0,0,1,12,0,0,5,0,27.0,0,1
8,3,0,0,1,12,0,0,5,3,29.0,0,1
8,3,0,0,1,12,0,1,4,3,38.0,0,1
8,3,0,0,1,12,0,0,5,0,37.0,0,1
30,28,1,0,1,12,0,1,0,1,35.0,0,1
32,10,2,0,1,12,0,1,5,1,42.0,0,1
8,3,0,0,1,12,0,1,5,0,62.0,0,1
8,3,0,0,1,5,0,1,5,1,44.0,0,1
32,10,2,0,1,12,0,1,4,1,30.0,0,1
9,3,0,0,1,12,0,1,0,1,37.0,0,1
32,10,2,0,1,12,0,1,5,0,32.0,0,1
32,10,2,0,1,12,0,1,5,0,41.0,0,1
32,10,2,0,1,12,0,0,5,3,45.0,0,1
8,3,0,0,1,12,0,1,5,3,41.0,0,1
8,3,0,0,1,12,0,1,5,0,20.0,0,1
32,10,2,0,1,12,0,1,5,3,41.0,0,1
32,10,2,0,1,12,0,1,5,0,35.0,0,1
8,3,0,0,1,12,0,1,0,1,37.0,0,1
8,3,0,0,1,12,0,1,2,0,24.0,0,1
8,3,0,0,1,12,0,1,5,0,20.0,0,1
32,10,2,0,1,12,0,1,5,0,38.0,0,1
32,10,2,0,1,12,0,0,5,0,26.0,0,1
32,10,2,0,1,5,0,1,5,3,52.0,0,1
32,10,2,0,1,12,0,1,5,1,59.0,0,1
30,28,1,0,1,12,0,1,5,1,24.0,0,1
7,25,1,1,1,12,0,1,5,0,22.0,0,1
8,3,0,0,1,5,0,0,5,0,27.0,0,1
32,10,2,0,1,12,0,0,5,1,32.5,1,1
32,10,2,0,1,12,0,1,5,3,56.0,0,1
32,10,2,0,1,5,0,1,5,0,37.0,0,1
32,10,2,0,1,5,2,0,2,1,34.0,0,1
7,25,1,1,1,12,0,1,5,3,37.0,0,1
32,10,2,0,1,12,0,1,0,3,32.0,0,1
9,3,0,0,1,3,0,1,2,1,26.0,0,1
32,10,2,0,1,12,0,1,5,3,34.0,0,1
9,3,0,0,1,12,0,1,5,0,29.0,0,1
33,10,2,0,1,12,0,1,5,0,48.0,0,1
32,10,2,0,1,5,0,1,5,0,36.0,0,1
33,10,2,0,1,12,0,1,5,1,31.0,0,1
16,19,1,0,1,12,0,1,2,3,35.0,0,1
32,10,2,0,1,12,0,1,5,3,34.0,0,1
16,19,1,0,1,12,0,1,4,3,30.0,0,1
9,3,0,0,1,12,0,0,5,0,33.0,0,1
9,3,0,0,1,12,0,1,0,1,38.0,0,1
9,3,0,0,1,12,0,1,4,3,47.0,0,1
9,3,0,0,1,12,0,1,5,0,19.0,0,1
32,10,2,0,1,12,0,0,5,3,46.0,0,1
32,10,2,0,1,12,0,1,5,0,33.0,0,1
32,10,2,0,1,12,0,1,4,3,33.0,0,1
9,3,0,0,1,12,0,0,5,0,38.0,0,1
30,28,1,0,1,12,0,1,5,3,49.0,0,1
33,10,2,0,1,12,0,0,5,3,34.0,0,1
32,10,2,0,1,12,0,1,5,1,32.0,0,1
9,3,0,0,1,12,0,1,5,1,54.0,0,1
8,3,0,0,1,3,0,1,5,0,27.0,0,1
9,3,0,0,1,12,0,0,5,3,36.0,0,1
30,28,1,0,1,12,0,1,5,3,26.0,0,1
9,3,0,0,1,12,0,1,5,0,51.0,0,1
16,19,1,0,1,12,0,0,5,0,25.0,0,1
13,5,1,1,1,12,0,0,5,3,41.5,1,1
33,10,2,0,1,5,0,1,5,0,19.0,0,1
32,10,2,0,1,3,0,1,5,3,49.0,0,1
8,3,0,0,1,0,0,0,5,0,14.0,0,1
8,3,0,0,1,12,0,1,5,1,39.0,0,1
9,3,0,0,1,12,0,1,5,1,51.0,0,1
7,25,1,1,1,12,0,1,2,1,20.0,0,1
9,3,0,0,1,12,0,1,2,1,16.0,0,1
8,3,0,0,1,12,0,1,5,1,48.0,0,1
9,3,0,0,1,3,0,1,5,0,23.0,0,1
9,3,0,0,1,12,0,0,5,3,23.0,0,1
9,3,0,0,1,12,0,1,4,3,33.0,0,1
16,19,1,0,1,12,0,1,0,1,46.0,0,1
33,10,2,0,1,12,0,1,4,3,23.0,0,1
9,3,0,0,1,12,1,1,4,3,29.0,0,1
32,10,2,0,1,12,0,1,4,3,60.0,0,1
30,28,1,0,1,12,0,1,5,0,39.0,0,1
8,3,0,0,1,12,0,1,0,3,19.0,0,1
8,3,0,0,1,12,0,1,0,1,26.0,0,1
32,10,2,0,1,12,0,0,5,1,36.0,0,1
8,3,0,0,1,12,0,1,2,1,20.0,0,1
32,10,2,0,1,12,0,1,2,1,25.0,0,1
32,10,2,0,1,12,0,0,5,0,32.0,0,1
8,3,0,0,1,12,0,1,5,0,44.0,0,1
32,10,2,0,1,12,0,1,5,0,43.0,0,1
21,21,1,1,1,12,0,1,5,0,27.0,0,1
32,10,2,0,1,12,0,1,5,0,58.0,0,1
8,3,0,0,1,12,0,1,2,3,52.0,0,1
8,3,0,0,1,12,0,1,5,3,15.0,0,1
8,3,0,0,1,5,0,1,5,1,45.0,0,1
32,10,2,0,1,3,0,0,5,0,30.0,1,1
8,3,0,0,1,6,0,1,5,0,21.0,0,1
8,3,0,0,1,5,0,0,2,1,44.0,0,1
8,3,0,0,1,12,0,1,5,1,46.0,0,1
32,10,2,0,1,12,0,1,0,1,26.0,0,1
16,19,1,0,1,12,0,1,5,1,27.0,0,1
32,10,2,0,1,12,0,1,5,1,32.0,0,1
9,3,0,0,1,12,0,0,5,3,20.0,0,1
8,3,0,0,1,4,0,1,2,1,25.0,0,1
8,3,0,0,1,12,0,0,0,1,61.0,0,1
32,10,2,0,1,12,0,1,5,0,61.0,0,1
32,10,2,0,1,12,0,1,5,0,41.0,1,1
13,5,1,1,1,12,0,0,5,1,41.0,0,1
32,10,2,0,1,12,0,1,5,0,38.0,0,1
32,10,2,0,1,3,0,1,5,0,21.0,0,1
32,10,2,0,1,12,0,1,5,1,27.0,0,1
9,3,0,0,1,12,0,0,2,3,28.0,0,1
13,5,1,1,1,12,0,1,5,0,34.0,0,1
32,10,2,0,1,12,0,1,5,3,45.0,0,1
32,10,2,0,1,12,0,0,5,3,34.0,0,1
33,10,2,0,1,12,0,0,2,1,30.0,0,1
16,19,1,0,1,12,0,0,5,0,29.0,0,1
8,3,0,0,1,12,0,1,5,0,29.0,0,1
32,10,2,0,1,12,0,1,5,1,26.0,0,1
32,10,2,0,1,12,0,0,5,3,36.0,0,1
9,3,0,0,1,12,0,1,5,1,23.0,0,1
32,10,2,0,1,12,0,1,5,0,30.0,0,1
8,3,0,0,1,3,0,1,5,0,27.0,0,1
13,5,1,1,1,12,0,1,5,0,27.0,0,1
8,3,0,0,1,12,0,1,5,0,26.0,0,1
9,3,0,0,1,12,0,1,5,0,41.0,0,1
13,5,1,1,1,12,0,0,2,1,33.0,0,1
16,19,1,0,1,12,0,0,5,0,37.0,0,1
9,3,0,0,1,12,0,1,5,1,35.0,0,1
8,3,0,0,1,12,0,1,4,0,53.0,0,1
32,10,2,0,1,12,0,1,5,0,54.0,0,1
9,3,0,0,1,12,0,1,5,0,25.0,0,1
8,3,0,0,1,5,0,0,5,1,19.0,0,1
33,10,2,0,1,12,0,1,5,0,21.0,0,1
21,21,1,1,1,12,0,1,5,1,27.0,0,1
9,3,0,0,1,12,0,1,5,0,34.0,0,1
16,19,1,0,1,12,0,0,5,0,40.0,0,1
16,19,1,0,1,12,0,1,5,0,27.0,0,1
16,19,1,0,1,12,0,1,5,3,37.0,0,1
18,19,1,1,1,12,0,1,5,0,33.0,0,1
49,0,2,0,0,12,2,1,0,1,37.0,0,1
8,3,0,0,1,12,0,1,0,1,28.0,0,1
8,3,0,0,1,12,0,1,5,0,24.0,0,1
32,10,2,0,1,12,0,0,5,0,41.0,0,1
13,5,1,1,1,12,0,1,5,0,32.0,0,1
8,3,0,0,1,5,0,0,5,0,38.0,0,1
31,7,1,0,1,12,0,1,5,0,53.5,1,1
16,19,1,0,1,12,0,1,5,0,22.0,0,1
8,3,0,0,1,12,0,1,2,3,40.0,0,1
16,19,1,0,1,12,1,1,0,1,36.0,0,1
9,3,0,0,1,12,1,1,5,0,34.0,0,1
30,28,1,0,1,12,0,1,5,3,24.0,0,1
31,7,1,0,1,12,0,1,5,0,26.0,0,1
9,3,0,0,1,12,0,1,5,3,44.0,0,1
9,3,0,0,1,12,0,1,0,1,44.0,0,1
8,3,0,0,1,5,0,1,5,0,33.0,0,1
21,21,1,1,1,12,0,1,4,3,32.0,0,1
21,21,1,1,1,12,0,1,5,0,32.0,0,1
30,28,1,0,1,12,0,1,5,1,36.0,0,1
32,10,2,0,1,12,0,0,5,3,33.0,0,1
31,7,1,0,1,12,0,1,4,3,31.0,0,1
32,10,2,0,1,12,0,1,5,3,27.0,0,1
8,3,0,0,1,12,0,1,0,1,35.0,0,1
32,10,2,0,1,12,0,1,5,0,39.0,0,1
8,3,0,0,1,5,0,1,0,1,20.0,0,1
31,7,1,0,1,12,0,1,5,3,19.0,0,1
9,3,0,0,1,12,0,1,5,1,38.0,0,1
32,10,2,0,1,12,0,1,5,0,27.0,0,1
8,3,0,0,1,5,0,1,5,0,34.0,0,1
32,10,2,0,1,12,0,1,5,0,32.0,0,1
9,3,0,0,1,12,0,1,5,0,45.0,0,1
32,10,2,0,1,12,0,1,5,0,30.0,0,1
0,16,0,0,1,12,0,1,2,1,27.5,1,1
33,10,2,0,1,5,0,0,5,3,42.0,0,1
30,28,1,0,1,12,0,1,2,3,19.0,0,1
9,3,0,0,1,12,0,1,5,0,36.0,0,1
8,3,0,0,1,12,0,1,5,3,57.0,0,1
32,10,2,0,1,12,0,0,5,0,31.0,0,1
8,3,0,0,1,5,0,0,4,3,34.0,0,1
9,3,0,0,1,5,0,1,0,3,27.0,0,1
32,10,2,0,1,12,0,0,5,3,49.0,0,1
13,5,1,1,1,12,0,1,5,0,48.0,0,1
9,3,0,0,1,12,0,1,5,0,35.0,0,1
9,3,0,0,1,12,0,1,5,0,34.0,0,1
16,19,1,0,1,12,0,1,5,0,32.0,0,1
8,3,0,0,1,5,0,1,5,3,25.0,0,1
21,21,1,1,1,12,0,1,5,0,25.0,0,1
16,19,1,0,1,12,0,1,5,3,52.0,0,1
30,28,1,0,1,12,0,1,0,1,26.0,0,1
9,3,0,0,1,12,0,1,5,0,16.0,0,1
8,3,0,0,1,12,0,1,5,0,40.0,0,1
32,10,2,0,1,12,0,1,5,3,38.0,0,1
32,10,2,0,1,12,0,1,2,3,21.0,0,1
30,28,1,0,1,12,0,1,4,3,29.0,0,1
8,3,0,0,1,12,0,1,2,1,33.0,0,1
32,10,2,0,1,12,0,1,5,0,51.0,0,1
32,10,2,0,1,12,0,1,5,3,41.0,0,1
9,3,0,0,1,12,0,1,5,1,23.0,0,1
8,3,0,0,1,5,0,1,0,1,32.0,0,1
32,10,2,0,1,12,0,1,4,3,44.0,0,1
32,10,2,0,1,12,0,1,2,1,24.0,0,1
9,3,0,0,1,12,0,1,5,3,32.0,0,1
32,10,2,0,1,12,0,0,4,3,38.0,1,1
16,19,1,0,1,12,0,1,5,0,32.5,1,1
8,3,0,0,1,12,0,0,5,1,60.0,0,1
32,10,2,0,1,12,0,1,5,0,40.0,1,1
9,3,0,0,1,12,0,1,5,0,18.0,0,1
13,5,1,1,1,12,0,0,5,1,54.0,0,1
7,25,1,1,1,3,0,1,5,0,18.0,0,1
32,10,2,0,1,12,0,1,5,0,43.0,0,1
30,28,1,0,1,12,0,1,5,0,32.0,0,1
9,3,0,0,1,12,0,1,2,1,38.0,0,1
32,10,2,0,1,12,0,1,0,1,25.0,0,1
16,19,1,0,1,12,0,1,4,3,39.0,0,1
40,30,2,0,1,12,0,1,2,1,46.0,0,1
32,10,2,0,1,12,0,1,5,0,30.0,0,1
16,19,1,0,1,12,0,1,5,3,45.0,0,1
40,30,2,0,1,1,0,1,5,0,39.0,0,1
16,19,1,0,1,12,0,0,0,1,31.5,1,1
32,10,2,0,1,12,0,1,5,0,54.0,0,1
9,3,0,0,1,12,0,1,5,0,35.0,0,1
8,3,0,0,1,12,0,1,5,0,36.0,0,1
8,3,0,0,1,12,0,1,5,0,44.0,0,1
21,21,1,1,1,12,0,1,5,0,39.0,0,1
31,7,1,0,1,12,0,1,5,0,53.0,0,1
8,3,0,0,1,3,0,1,2,1,27.0,0,1
31,7,1,0,1,12,0,1,5,1,40.0,0,1
13,5,1,1,1,12,0,1,5,0,25.0,0,1
32,10,2,0,1,12,0,1,5,1,42.0,0,1
8,3,0,0,1,12,0,0,5,0,33.0,0,1
9,3,0,0,1,12,0,0,5,3,39.0,0,1
13,5,1,1,1,12,0,1,0,1,34.0,0,1
8,3,0,0,1,12,0,0,5,3,23.0,0,1
32,10,2,0,1,12,0,1,0,1,33.0,0,1
16,19,1,0,1,12,0,1,4,3,29.0,0,1
8,3,0,0,1,12,0,0,2,3,13.0,0,1
9,3,0,0,1,12,0,1,0,1,34.0,0,1
32,10,2,0,1,12,0,0,5,0,24.0,0,1
13,5,1,1,1,12,0,1,5,0,39.0,0,1
32,10,2,0,1,12,0,1,5,1,33.0,0,1
13,5,1,1,1,12,0,1,4,1,43.0,0,1
32,10,2,0,1,12,0,1,5,0,20.0,0,1
30,28,1,0,1,12,2,0,5,0,21.0,0,1
21,21,1,1,1,12,0,1,5,1,17.0,0,1
8,3,0,0,1,12,0,1,4,3,53.0,0,1
16,19,1,0,1,12,0,0,5,0,27.0,0,1
8,3,0,0,1,12,0,1,0,3,31.0,0,1
32,10,2,0,1,12,0,1,5,3,47.0,0,1
0,16,0,0,1,12,0,1,5,3,40.0,0,1
30,28,1,0,1,12,0,0,5,0,35.0,0,1
32,10,2,0,1,12,0,1,5,3,47.0,0,1
32,10,2,0,1,12,0,1,5,0,36.0,0,1
32,10,2,0,1,12,0,1,5,0,33.0,0,1
32,10,2,0,1,12,0,0,0,0,36.0,0,1
16,19,1,0,1,12,0,1,5,3,44.0,0,1
7,25,1,1,1,5,0,1,5,3,56.0,0,1
31,7,1,0,1,12,0,1,5,3,43.0,0,1
7,25,1,1,1,12,0,0,2,0,26.5,1,1
32,10,2,0,1,12,0,1,5,0,25.0,0,1
30,28,1,0,1,5,0,1,5,3,56.0,0,1
8,3,0,0,1,12,0,1,0,3,42.0,0,1
30,28,1,0,1,12,0,1,5,0,15.0,0,1
9,3,0,0,1,12,0,1,5,1,43.0,0,1
9,3,0,0,1,12,0,0,0,1,31.0,0,1
8,3,0,0,1,9,0,1,5,1,27.0,0,1
8,3,0,0,1,12,0,1,5,3,38.0,0,1
30,28,1,0,1,12,0,1,5,0,44.0,0,1
8,3,0,0,1,12,0,1,5,0,35.0,0,1
9,3,0,0,1,12,0,1,5,1,41.0,0,1
32,10,2,0,1,12,0,1,4,3,53.0,0,1
8,3,0,0,1,12,0,1,5,0,26.0,0,1
21,21,1,1,1,12,0,0,5,0,45.0,1,1
32,10,2,0,1,12,0,1,4,0,36.0,0,1
32,10,2,0,1,12,0,1,5,1,32.0,0,1
16,19,1,0,1,12,0,1,5,1,44.0,0,1
16,19,1,0,1,12,0,1,2,3,27.0,0,1
32,10,2,0,1,12,0,1,5,1,32.0,0,1
32,10,2,0,1,12,0,0,5,0,32.0,0,1
8,3,0,0,1,12,0,1,5,0,30.0,0,1
16,19,1,0,1,3,0,1,5,1,23.0,1,1
30,28,1,0,1,12,0,1,5,0,59.0,0,1
32,10,2,0,1,0,0,0,0,0,30.0,1,1
32,10,2,0,1,12,0,1,5,0,33.0,0,1
8,3,0,0,1,3,0,1,4,3,46.0,0,1
8,3,0,0,1,12,0,1,5,1,24.0,0,1
40,30,2,0,1,3,0,1,5,3,24.0,0,1
32,10,2,0,1,12,0,1,5,0,28.0,0,1
33,10,2,0,1,12,0,1,5,3,33.0,0,1
8,3,0,0,1,12,0,1,5,0,37.0,0,1
33,10,2,0,1,12,0,0,5,0,25.0,0,1
32,10,2,0,1,12,0,0,2,3,24.0,0,1
16,19,1,0,1,12,0,1,5,3,36.0,0,1
9,3,0,0,1,12,0,1,2,1,21.0,0,1
9,3,0,0,1,12,0,1,5,0,41.0,0,1
9,3,0,0,1,12,0,1,0,1,26.0,0,1
32,10,2,0,1,12,0,0,5,0,31.5,1,1
32,10,2,0,1,12,0,0,5,1,20.0,0,1
32,10,2,0,1,12,0,1,0,3,38.0,0,1
16,19,1,0,1,12,0,0,2,1,28.0,1,1
9,3,0,0,1,0,0,1,5,1,47.0,0,1
32,10,2,0,1,5,0,1,5,0,44.0,0,1
9,3,0,0,1,12,0,1,5,3,37.0,0,1
8,3,0,0,1,3,0,1,5,0,35.0,0,1
32,10,2,0,1,12,0,1,5,0,29.0,0,1
32,10,2,0,1,12,0,1,5,3,21.0,0,1
8,3,0,0,1,12,0,1,5,0,39.0,0,1
9,3,0,0,1,12,0,1,5,0,32.0,0,1
16,19,1,0,1,12,0,1,5,0,41.0,0,1
8,3,0,0,1,12,0,1,5,3,29.0,0,1
9,3,0,0,1,12,0,1,5,0,23.0,0,1
9,3,0,0,1,12,0,1,0,1,35.0,0,1
33,10,2,0,1,12,0,0,5,0,23.0,0,1
32,10,2,0,1,12,0,1,0,1,28.0,0,1
32,10,2,0,1,12,0,1,5,0,37.0,0,1
8,3,0,0,1,12,0,1,0,3,39.0,0,1
9,3,0,0,1,12,0,1,5,1,62.0,0,1
8,3,0,0,1,3,0,1,5,0,34.0,0,1
9,3,0,0,1,12,0,0,0,1,22.0,0,1
8,3,0,0,1,12,0,0,0,3,36.0,0,1
9,3,0,0,1,12,0,0,5,0,21.0,0,1
13,5,1,1,1,12,0,1,5,0,50.0,0,1
9,3,0,0,1,12,0,1,0,1,36.0,0,1
16,19,1,0,1,12,0,1,5,1,34.0,0,1
8,3,0,0,1,12,0,1,2,3,56.0,0,1
9,3,0,0,1,12,0,1,5,3,44.0,0,1
13,5,1,1,1,12,0,1,5,3,40.0,0,1
8,3,0,0,1,3,0,1,5,1,28.0,0,1
9,3,0,0,1,12,0,0,4,0,15.0,0,1
30,28,1,0,1,12,0,1,4,3,44.0,0,1
8,3,0,0,1,12,0,0,0,3,38.0,0,1
32,10,2,0,1,5,0,1,2,1,66.0,0,1
32,10,2,0,1,12,0,0,5,3,42.0,0,1
8,3,0,0,1,5,0,1,5,0,27.0,0,1
30,28,1,0,1,12,0,1,5,1,39.0,0,1
8,3,0,0,1,12,0,1,5,3,38.0,0,1
40,30,2,0,1,10,0,1,2,3,52.0,0,1
32,10,2,0,1,12,0,1,5,0,30.0,0,1
32,10,2,0,1,12,0,1,2,1,33.0,0,1
23,14,1,1,1,12,0,1,5,0,32.0,0,1
9,3,0,0,1,12,0,1,5,0,72.0,0,1
13,5,1,1,1,12,0,1,5,1,32.0,0,1
8,3,0,0,1,12,0,0,5,1,31.0,0,1
9,3,0,0,1,12,1,1,5,0,36.0,0,1
13,5,1,1,1,12,0,1,5,0,30.0,0,1
32,10,2,0,1,12,0,1,5,0,26.0,0,1
9,3,0,0,1,12,0,1,0,1,40.0,0,1
9,3,0,0,1,12,0,1,5,3,31.0,0,1
32,10,2,0,1,12,0,0,4,0,42.0,0,1
32,10,2,0,1,3,0,0,5,0,26.0,0,1
9,3,0,0,1,12,0,1,2,1,32.0,0,1
8,3,0,0,1,12,0,1,5,0,37.0,0,1
9,3,0,0,1,12,1,0,5,0,36.0,0,1
7,25,1,1,1,3,0,1,5,1,63.0,0,1
30,28,1,0,1,12,0,1,5,0,37.0,0,1
30,28,1,0,1,12,0,1,5,0,19.0,0,1
9,3,0,0,1,12,0,1,5,1,58.0,0,1
33,10,2,0,1,12,0,0,2,1,24.0,0,1
31,7,1,0,1,12,0,1,5,1,52.0,0,1
32,10,2,0,1,12,0,0,4,3,25.0,0,1
16,19,1,0,1,12,0,0,5,0,39.0,1,1
32,10,2,0,1,5,0,1,5,0,33.0,0,1
16,19,1,0,1,5,0,1,5,0,27.0,0,1
9,3,0,0,1,12,0,0,0,1,21.0,0,1
32,10,2,0,1,12,0,1,2,1,24.0,0,1
32,10,2,0,1,12,0,0,0,1,34.0,0,1
16,19,1,0,1,12,0,0,2,1,30.5,1,1
32,10,2,0,1,3,0,0,5,0,33.0,1,1
33,10,2,0,1,12,0,1,0,3,32.0,0,1
16,19,1,0,1,12,0,0,2,1,21.0,0,1
9,3,0,0,1,12,0,1,0,0,44.0,0,1
9,3,0,0,1,12,0,0,5,0,54.0,0,1
8,3,0,0,1,2,0,1,5,3,68.0,0,1
9,3,0,0,1,12,0,1,5,0,27.0,0,1
8,3,0,0,1,12,0,0,0,1,29.0,0,1
21,21,1,1,1,12,0,1,0,1,31.0,0,1
8,3,0,0,1,12,0,1,5,0,41.0,0,1
21,21,1,1,1,12,0,1,4,3,23.0,0,1
8,3,0,0,1,12,0,1,0,1,30.0,0,1
9,3,0,0,1,12,0,0,5,3,24.0,0,1
13,5,1,1,1,12,0,1,5,0,34.0,0,1
13,5,1,1,1,12,0,1,5,1,40.0,1,1
8,3,0,0,1,12,0,1,5,0,23.0,0,1
9,3,0,0,1,12,0,1,5,0,35.0,0,1
16,19,1,0,1,12,0,1,5,0,31.0,1,1
9,3,0,0,1,12,0,0,0,1,39.0,0,1
9,3,0,0,1,12,0,1,4,0,37.5,1,1
32,10,2,0,1,12,0,1,5,0,23.0,0,1
33,10,2,0,1,12,0,1,5,0,41.0,0,1
32,10,2,0,1,12,0,0,5,1,35.0,0,1
16,19,1,0,1,12,0,0,5,1,36.0,1,1
32,10,2,0,1,12,0,1,5,0,42.0,0,1
9,3,0,0,1,12,0,1,5,0,26.0,0,1
9,3,0,0,1,12,0,1,5,0,24.0,0,1
23,14,1,1,1,12,0,0,5,3,19.0,0,1
8,3,0,0,1,12,0,0,5,3,25.0,0,1
32,10,2,0,1,12,0,1,5,1,45.0,0,1
32,10,2,0,1,5,0,1,5,0,29.0,1,1
9,3,0,0,1,12,0,1,5,1,54.0,0,1
9,3,0,0,1,12,0,1,2,0,27.0,0,1
32,10,2,0,1,12,0,0,5,0,35.0,1,1
9,3,0,0,1,12,1,1,4,0,28.0,0,1
9,3,0,0,1,12,0,1,0,3,52.0,0,1
9,3,0,0,1,12,0,1,0,3,29.0,0,1
32,10,2,0,1,12,0,1,5,3,27.0,0,1
7,25,1,1,1,5,0,0,2,1,33.0,0,1
40,30,2,0,1,3,0,1,5,1,52.0,0,1
32,10,2,0,1,12,0,0,5,0,27.0,0,1
49,0,2,0,0,12,2,1,0,1,27.0,0,1
16,19,1,0,1,12,0,1,5,3,30.0,0,1
32,10,2,0,1,12,0,1,5,1,29.0,0,1
16,19,1,0,1,12,0,0,5,3,27.0,0,1
8,3,0,0,1,12,0,1,2,1,21.0,0,1
13,5,1,1,1,12,0,1,5,0,36.0,0,1
16,19,1,0,1,12,0,1,5,3,42.0,0,1
33,10,2,0,1,12,0,0,5,0,47.0,0,1
32,10,2,0,1,12,0,1,5,1,41.0,0,1
32,10,2,0,1,12,0,1,0,1,27.0,0,1
8,3,0,0,1,12,0,1,5,3,37.0,0,1
31,7,1,0,1,12,0,1,4,3,52.0,0,1
30,28,1,0,1,12,0,1,5,0,21.0,0,1
9,3,0,0,1,12,0,1,4,0,22.0,0,1
8,3,0,0,1,12,0,1,5,1,55.0,0,1
18,19,1,1,1,12,0,1,0,1,32.0,0,1
32,10,2,0,1,12,0,0,5,1,34.0,0,1
9,3,0,0,1,12,0,1,5,0,54.0,0,1
13,5,1,1,1,12,0,1,5,0,34.0,0,1
30,28,1,0,1,12,0,1,4,0,29.5,1,1
8,3,0,0,1,5,0,0,2,1,13.0,0,1
9,3,0,0,1,12,0,1,5,0,33.0,0,1
8,3,0,0,1,12,0,0,5,1,51.0,0,1
32,10,2,0,1,12,0,1,4,3,48.0,0,1
8,3,0,0,1,12,0,1,5,0,23.0,0,1
18,19,1,1,1,12,0,1,5,0,27.0,0,1
32,10,2,0,1,5,0,1,5,1,37.0,0,1
40,30,2,0,1,1,0,1,2,1,38.0,0,1
8,3,0,0,1,3,0,1,5,0,54.0,0,1
9,3,0,0,1,12,1,1,5,1,44.0,0,1
7,25,1,1,1,5,0,1,5,0,63.0,0,1
8,3,0,0,1,12,0,1,0,1,38.0,0,1
9,3,0,0,1,12,0,1,5,0,47.0,0,1
8,3,0,0,1,5,0,1,2,3,47.0,0,1
32,10,2,0,1,12,0,1,5,0,34.0,0,1
32,10,2,0,1,12,0,1,2,1,64.0,0,1
32,10,2,0,1,12,0,1,5,0,30.0,0,1
32,10,2,0,1,12,0,1,5,3,35.0,0,1
16,19,1,0,1,0,0,0,0,3,27.0,0,1
16,19,1,0,1,12,0,1,4,3,36.0,0,1
16,19,1,0,1,12,0,1,5,1,45.5,1,1
9,3,0,0,1,12,1,1,5,0,31.0,0,1
9,3,0,0,1,12,0,1,5,3,28.0,0,1
32,10,2,0,1,5,0,1,5,1,33.0,0,1
8,3,0,0,1,12,0,1,4,3,63.0,0,1
30,28,1,0,1,0,0,1,5,0,31.0,0,1
13,5,1,1,1,12,0,1,5,0,48.0,0,1
32,10,2,0,1,12,0,1,5,1,38.0,0,1
8,3,0,0,1,12,0,1,5,3,42.0,0,1
32,10,2,0,1,12,0,0,5,1,45.0,0,1
9,3,0,0,1,12,0,1,5,3,34.0,0,1
9,3,0,0,1,12,0,1,5,0,62.0,0,1
9,3,0,0,1,12,0,1,4,3,52.0,0,1
16,19,1,0,1,12,0,1,5,1,30.0,0,1
32,10,2,0,1,12,0,1,5,0,50.0,0,1
32,10,2,0,1,4,0,1,5,0,20.0,0,1
32,10,2,0,1,12,0,1,0,3,37.0,0,1
32,10,2,0,1,12,0,1,5,0,34.0,0,1
8,3,0,0,1,12,1,0,2,1,19.0,0,1
18,19,1,1,1,12,0,1,5,3,28.0,0,1
9,3,0,0,1,12,0,0,2,1,21.0,0,1
8,3,0,0,1,12,0,1,5,3,42.0,0,1
9,3,0,0,1,12,0,0,2,3,25.0,0,1
16,19,1,0,1,12,1,0,0,3,29.0,0,1
8,3,0,0,1,12,0,1,5,1,32.0,0,1
33,10,2,0,1,12,0,1,4,3,29.0,0,1
13,5,1,1,1,12,0,1,5,0,45.0,0,1
33,10,2,0,1,12,0,1,5,1,37.0,0,1
32,10,2,0,1,12,0,0,5,0,27.0,0,1
9,3,0,0,1,12,0,0,5,0,27.0,0,1
9,3,0,0,1,12,0,1,2,1,37.0,0,1
32,10,2,0,1,12,0,1,5,1,53.0,0,1
32,10,2,0,1,12,0,0,5,0,40.0,0,1
32,10,2,0,1,12,0,0,0,0,23.0,0,1
30,28,1,0,1,12,0,0,5,1,25.0,0,1
21,21,1,1,1,12,0,1,5,3,37.0,0,1
32,10,2,0,1,12,0,1,5,0,32.0,0,1
9,3,0,0,1,12,0,1,5,1,15.0,0,1
32,10,2,0,1,12,0,1,5,3,41.0,0,1
32,10,2,0,1,12,0,1,5,1,37.0,0,1
9,3,0,0,1,12,0,1,5,0,40.0,0,1
30,28,1,0,1,5,0,1,4,3,33.0,0,1
9,3,0,0,1,12,0,1,4,0,33.0,0,1
9,3,0,0,1,12,0,1,0,3,28.0,0,1
32,10,2,0,1,12,0,1,5,0,31.0,0,1
33,10,2,0,1,12,0,1,2,1,22.0,0,1
9,3,0,0,1,12,0,1,5,0,37.0,0,1
16,19,1,0,1,12,0,0,5,0,23.0,0,1
9,3,0,0,1,12,0,1,5,0,59.0,0,1
8,3,0,0,1,12,0,1,5,0,28.0,0,1
8,3,0,0,1,12,0,1,4,3,41.0,0,1
32,10,2,0,1,3,0,1,5,0,27.0,0,1
32,10,2,0,1,12,0,0,5,3,23.0,0,1
9,3,0,0,1,12,0,1,5,0,32.0,0,1
32,10,2,0,1,12,0,1,5,0,49.0,0,1
8,3,0,0,1,12,0,1,0,1,39.0,0,1
8,3,0,0,1,12,0,1,5,3,40.0,0,1
32,10,2,0,1,12,0,1,5,1,27.0,0,1
13,5,1,1,1,12,0,1,2,1,20.0,0,1
21,21,1,1,1,12,0,0,2,3,34.0,0,1
32,10,2,0,1,12,0,1,4,3,33.0,0,1
8,3,0,0,1,12,0,1,5,3,25.0,0,1
40,30,2,0,1,3,0,1,2,3,59.0,0,1
9,3,0,0,1,12,0,1,4,3,40.0,0,1
9,3,0,0,1,12,0,1,4,3,27.0,0,1
32,10,2,0,1,12,0,1,5,3,28.0,0,1
8,3,0,0,1,12,0,1,5,0,30.0,0,1
30,28,1,0,1,12,0,1,4,0,52.0,0,1
32,10,2,0,1,12,0,1,5,1,47.0,0,1
9,3,0,0,1,12,0,1,5,3,30.0,0,1
32,10,2,0,1,12,0,1,5,0,37.0,0,1
8,3,0,0,1,5,0,1,5,3,46.0,0,1
30,28,1,0,1,12,0,1,5,0,22.0,0,1
16,19,1,0,1,12,0,1,5,0,37.0,0,1
32,10,2,0,1,12,0,1,5,1,18.0,0,1
32,10,2,0,1,12,0,1,5,1,44.0,0,1
30,28,1,0,1,12,0,1,5,1,29.0,0,1
16,19,1,0,1,12,0,1,0,0,20.0,0,1
21,21,1,1,1,3,0,1,5,0,25.0,1,1
13,5,1,1,1,3,0,1,5,0,14.5,1,1
16,19,1,0,1,12,0,1,0,3,33.0,0,1
9,3,0,0,1,12,1,1,5,3,27.0,0,1
30,28,1,0,1,3,0,1,0,3,30.0,0,1
30,28,1,0,1,12,0,1,5,0,32.0,0,1
3,26,0,0,1,12,0,1,5,0,51.0,0,1
16,19,1,0,1,12,1,0,5,0,33.0,1,1
8,3,0,0,1,12,0,1,5,1,22.0,0,1
13,5,1,1,1,12,0,1,5,3,28.0,0,1
8,3,0,0,1,5,0,1,5,0,15.0,0,1
8,3,0,0,1,12,0,1,5,3,56.0,0,1
9,3,0,0,1,12,0,1,5,3,28.0,0,1
8,3,0,0,1,12,0,1,5,1,41.0,0,1
9,3,0,0,1,12,0,1,5,3,46.0,0,1
32,10,2,0,1,12,0,0,5,0,32.0,0,1
8,3,0,0,1,5,0,1,5,0,34.0,0,1
33,10,2,0,1,12,2,1,5,0,40.0,0,1
9,3,0,0,1,12,0,0,0,1,32.0,0,1
21,21,1,1,1,12,0,1,5,0,49.0,0,1
32,10,2,0,1,12,0,0,2,1,29.0,0,1
9,3,0,0,1,12,0,1,5,3,26.0,0,1
8,3,0,0,1,12,0,1,5,1,22.0,0,1
8,3,0,0,1,12,0,1,5,3,20.0,0,1
32,10,2,0,1,12,0,1,5,0,52.0,0,1
8,3,0,0,1,12,0,1,5,3,27.0,0,1
9,3,0,0,1,12,0,1,5,1,51.0,0,1
8,3,0,0,1,0,0,1,1,3,46.0,0,1
33,10,2,0,1,12,1,1,5,0,43.6,1,1
9,3,0,0,1,12,0,1,5,0,28.0,0,1
8,3,0,0,1,3,0,1,5,0,34.0,0,1
9,3,0,0,1,12,0,0,5,3,59.0,0,1
16,19,1,0,1,5,0,0,0,0,39.5,1,1
31,7,1,0,1,12,0,1,5,0,28.0,0,1
9,3,0,0,1,5,0,1,5,1,36.0,0,1
7,25,1,1,1,12,0,1,4,3,18.0,0,1
30,28,1,0,1,12,0,0,5,3,42.0,1,1
13,5,1,1,1,12,0,1,5,0,53.0,0,1
13,5,1,1,1,12,0,1,5,3,30.0,0,1
16,19,1,0,1,12,0,1,5,0,36.0,0,1
32,10,2,0,1,12,2,0,5,0,41.5,1,1
8,3,0,0,1,12,1,1,5,1,45.0,0,1
8,3,0,0,1,5,1,0,5,0,16.0,0,1
33,10,2,0,1,12,1,1,5,0,47.0,0,1
8,3,0,0,1,12,2,1,5,1,43.0,0,1
9,3,0,0,1,12,2,0,5,0,39.0,0,1
31,7,1,0,1,12,1,1,5,0,30.0,0,1
32,10,2,0,1,12,2,1,5,0,45.0,0,1
9,3,0,0,1,12,2,1,5,0,23.0,0,1
8,3,0,0,1,12,2,1,5,1,27.0,0,1
32,10,2,0,1,12,2,1,5,1,36.0,0,1
8,3,0,0,1,12,1,1,5,0,32.0,0,1
40,30,2,0,1,8,1,1,5,0,23.0,0,1
8,3,0,0,1,12,2,1,5,1,52.0,0,1
9,3,0,0,1,12,2,1,5,1,61.0,0,1
9,3,0,0,1,12,1,0,2,1,30.0,0,1
9,3,0,0,1,12,1,1,5,0,43.0,0,1
31,7,1,0,1,12,1,0,5,1,38.0,0,1
16,19,1,0,1,12,1,1,5,1,27.0,0,1
8,3,0,0,1,12,2,0,5,3,25.0,0,1
8,3,0,0,1,12,1,1,5,0,17.0,0,1
8,3,0,0,1,12,1,1,5,0,36.0,0,1
29,11,1,1,1,12,1,0,5,1,24.0,0,1
10,3,0,0,1,12,1,1,5,1,63.0,0,1
6,26,0,0,1,12,2,1,5,1,31.0,0,1
31,7,1,0,1,12,1,1,5,0,38.0,0,1
32,10,2,0,1,12,2,1,5,1,39.0,0,1
31,7,1,0,1,12,1,1,5,0,29.0,0,1
20,19,1,1,1,12,2,1,5,0,27.0,0,1
9,3,0,0,1,12,1,1,5,0,42.0,0,1
8,3,0,0,1,12,2,1,5,0,21.0,0,1
9,3,0,0,1,12,1,0,5,0,39.0,0,1
8,3,0,0,1,12,2,0,5,3,23.0,0,1
9,3,0,0,1,12,1,0,5,1,60.0,0,1
49,0,2,0,0,12,1,0,5,0,44.0,1,1
10,3,0,0,1,12,2,1,5,0,29.0,0,1
9,3,0,0,1,12,1,1,5,0,27.0,0,1
32,10,2,0,1,12,2,0,5,3,49.666666666666664,1,1
31,7,1,0,1,12,2,1,5,3,32.0,0,1
40,30,2,0,1,12,2,1,5,0,36.0,0,1
31,7,1,0,1,12,2,0,5,0,35.0,0,1
32,10,2,0,1,12,2,1,5,0,44.0,0,1
40,30,2,0,1,5,2,1,5,0,30.0,0,1
9,3,0,0,1,12,1,0,5,0,27.0,0,1
10,3,0,0,1,12,2,1,5,0,48.0,0,1
9,3,0,0,1,12,2,1,5,0,37.0,0,1
8,3,0,0,1,12,2,1,5,0,44.0,0,1
44,9,2,0,0,12,2,1,5,3,55.0,0,1
31,7,1,0,1,12,1,0,5,0,19.0,0,1
9,3,0,0,1,12,2,0,5,0,24.0,0,1
9,3,0,0,1,12,2,1,5,0,55.0,0,1
9,3,0,0,1,12,1,0,5,0,44.5,1,1
9,3,0,0,1,12,2,0,0,1,35.0,0,1
31,7,1,0,1,12,1,1,5,0,22.0,0,1
9,3,0,0,1,12,2,0,5,0,33.0,0,1
44,9,2,0,0,12,2,1,0,1,36.0,0,1
32,10,2,0,1,12,0,1,0,1,58.0,0,1
9,3,0,0,1,12,0,1,5,0,23.0,0,1
9,3,0,0,1,12,1,0,0,1,37.0,0,1
13,5,1,1,1,12,0,0,5,3,38.0,0,1
16,19,1,0,1,12,1,0,5,0,47.0,1,1
8,3,0,0,1,12,0,1,5,3,33.0,0,1
30,28,1,0,1,12,0,0,5,3,40.0,0,1
9,3,0,0,1,12,1,0,3,1,25.0,0,1
9,3,0,0,1,12,1,1,4,3,43.0,0,1
9,3,0,0,1,12,1,1,5,1,27.0,0,1
8,3,0,0,1,12,0,1,5,1,48.0,0,1
30,28,1,0,1,12,0,1,4,0,15.0,0,1
31,7,1,0,1,12,1,1,5,0,40.0,0,1
31,7,1,0,1,12,0,1,0,1,48.0,0,1
9,3,0,0,1,12,0,1,5,1,54.0,0,1
9,3,0,0,1,12,1,1,2,1,20.0,0,1
9,3,0,0,1,12,1,1,0,1,38.0,0,1
32,10,2,0,1,12,0,0,5,0,61.0,0,1
33,10,2,0,1,12,0,1,0,1,35.0,0,1
9,3,0,0,1,5,1,1,4,3,40.0,0,1
31,7,1,0,1,12,1,1,0,1,27.0,0,1
9,3,0,0,1,12,1,0,5,1,23.0,0,1
9,3,0,0,1,12,1,1,0,1,67.0,0,1
30,28,1,0,1,12,0,1,5,1,44.0,0,1
9,3,0,0,1,12,1,0,5,1,28.0,0,1
9,3,0,0,1,12,1,1,5,1,39.0,0,1
9,3,0,0,1,12,1,1,4,0,45.0,0,1
18,19,1,1,1,12,0,1,5,0,42.0,0,1
9,3,0,0,1,12,1,1,2,3,33.0,0,1
9,3,0,0,1,12,1,1,5,0,21.0,0,1
13,5,1,1,1,12,1,1,5,3,27.0,0,1
9,3,0,0,1,12,1,0,5,1,42.0,0,1
9,3,0,0,1,12,0,0,5,0,28.0,0,1
31,7,1,0,1,12,0,0,5,3,28.0,0,1
30,28,1,0,1,12,0,1,0,0,42.5,1,1
9,3,0,0,1,12,1,1,0,1,29.0,0,1
33,10,2,0,1,12,1,1,0,1,32.0,0,1
9,3,0,0,1,12,1,1,5,3,68.0,0,1
9,3,0,0,1,12,1,0,5,0,44.0,0,1
9,3,0,0,1,12,0,0,0,0,24.0,0,1
8,3,0,0,1,12,0,1,5,3,48.0,0,1
9,3,0,0,1,12,0,0,5,0,39.0,0,1
9,3,0,0,1,12,1,1,5,0,21.0,0,1
9,3,0,0,1,12,1,0,4,3,35.0,0,1
8,3,0,0,1,12,0,1,5,1,53.0,0,1
33,10,2,0,1,12,1,0,4,1,34.0,0,1
40,30,2,0,1,12,1,1,4,3,33.0,0,1
9,3,0,0,1,12,1,0,4,1,36.0,0,1
32,10,2,0,1,12,0,1,2,1,34.0,0,1
9,3,0,0,1,12,1,1,5,1,61.0,0,1
9,3,0,0,1,12,1,0,5,0,43.0,0,1
9,3,0,0,1,12,1,0,2,3,22.0,0,1
9,3,0,0,1,12,1,1,5,0,28.0,0,1
32,10,2,0,1,12,0,1,5,1,34.0,0,1
33,10,2,0,1,5,0,1,0,1,22.0,0,1
8,3,0,0,1,12,0,1,5,3,64.0,0,1
9,3,0,0,1,12,1,0,2,1,23.0,0,1
32,10,2,0,1,12,0,0,5,0,39.0,0,1
9,3,0,0,1,12,1,0,5,0,25.0,0,1
32,10,2,0,1,12,0,0,5,0,36.0,0,1
32,10,2,0,1,12,0,1,5,0,35.0,0,1
32,10,2,0,1,12,0,0,5,0,24.0,0,1
9,3,0,0,1,12,1,1,0,0,34.0,0,1
9,3,0,0,1,12,1,0,5,0,41.0,0,1
9,3,0,0,1,12,1,0,5,1,48.0,0,1
9,3,0,0,1,6,1,0,4,3,38.0,0,1
7,25,1,1,1,12,0,1,2,1,27.0,1,1
8,3,0,0,1,12,0,1,5,0,24.0,0,1
8,3,0,0,1,12,0,1,5,0,22.0,0,1
9,3,0,0,1,12,1,1,5,1,48.0,0,1
9,3,0,0,1,12,0,1,2,1,38.0,0,1
9,3,0,0,1,12,1,1,4,3,33.0,0,1
8,3,0,0,1,12,0,1,5,0,30.0,0,1
32,10,2,0,1,12,0,0,5,0,32.0,0,1
20,19,1,1,1,12,0,1,5,3,29.0,0,1
9,3,0,0,1,12,1,0,5,0,36.0,0,1
9,3,0,0,1,12,1,1,0,0,38.0,0,1
9,3,0,0,1,12,1,1,2,1,62.0,0,1
31,7,1,0,1,12,1,1,5,0,38.0,0,1
16,19,1,0,1,12,1,0,4,3,39.0,0,1
9,3,0,0,1,12,0,1,2,1,38.0,0,1
32,10,2,0,1,12,0,1,5,0,35.0,0,1
9,3,0,0,1,12,1,1,5,0,20.0,0,1
9,3,0,0,1,12,1,0,0,0,28.0,0,1
31,7,1,0,1,12,1,1,5,0,36.0,0,1
31,7,1,0,1,12,1,0,5,0,19.0,0,1
8,3,0,0,1,12,0,0,5,0,19.0,0,1
13,5,1,1,1,12,0,1,2,1,42.0,0,1
9,3,0,0,1,12,0,1,5,0,29.0,0,1
9,3,0,0,1,12,0,1,1,1,27.0,0,1
32,10,2,0,1,12,2,1,5,0,30.0,0,1
30,28,1,0,1,12,0,1,5,0,52.0,0,1
30,28,1,0,1,12,0,1,5,1,36.0,0,1
21,21,1,1,1,12,0,1,4,0,26.0,0,1
31,7,1,0,1,12,1,0,5,0,22.0,0,1
32,10,2,0,1,12,1,1,5,0,43.5,1,1
32,10,2,0,1,5,0,1,5,0,27.0,0,1
9,3,0,0,1,12,1,1,1,1,46.0,1,1
21,21,1,1,1,3,0,1,5,0,36.0,0,1
32,10,2,0,1,12,0,1,4,3,39.0,0,1
32,10,2,0,1,12,0,1,5,0,23.0,0,1
32,10,2,0,1,12,0,1,5,0,32.0,0,1
21,21,1,1,1,12,0,1,4,0,52.0,0,1
40,30,2,0,1,12,0,1,5,1,33.0,0,1
18,19,1,1,1,12,0,1,5,0,33.0,0,1
33,10,2,0,1,5,0,1,5,1,37.0,0,1
16,19,1,0,1,12,0,1,2,1,22.0,0,1
32,10,2,0,1,12,0,1,5,0,33.0,0,1
32,10,2,0,1,12,0,1,5,0,26.0,0,1
9,3,0,0,1,12,0,0,5,0,30.0,0,1
40,30,2,0,1,12,1,1,5,0,42.0,0,1
8,3,0,0,1,1,0,1,5,0,22.0,0,1
8,3,0,0,1,12,0,1,5,3,49.0,0,1
9,3,0,0,1,12,0,0,5,1,25.0,0,1
32,10,2,0,1,12,0,1,5,1,49.0,0,1
30,28,1,0,1,12,0,1,5,0,25.0,0,1
9,3,0,0,1,12,0,1,5,0,25.0,0,1
40,30,2,0,1,4,0,1,4,3,26.0,0,1
9,3,0,0,1,12,0,1,5,3,29.0,0,1
40,30,2,0,1,3,0,1,5,0,23.0,0,1
18,19,1,1,1,12,0,1,5,3,22.0,0,1
32,10,2,0,1,12,0,1,4,3,38.0,0,1
9,3,0,0,1,12,0,1,0,1,26.0,0,1
9,3,0,0,1,12,0,1,5,1,36.0,0,1
9,3,0,0,1,12,0,1,5,1,34.0,0,1
33,10,2,0,1,12,0,1,5,1,40.0,0,1
33,10,2,0,1,12,1,0,5,3,35.0,0,1
16,19,1,0,1,12,0,0,5,3,36.0,0,1
13,5,1,1,1,12,0,0,5,0,38.0,0,1
30,28,1,0,1,12,1,1,5,1,67.0,0,1
32,10,2,0,1,12,0,0,5,0,23.0,0,1
42,1,2,0,0,12,0,1,5,3,45.0,0,1
32,10,2,0,1,12,0,1,5,0,45.0,0,1
8,3,0,0,1,3,0,1,5,1,27.0,0,1
13,5,1,1,1,12,0,1,5,0,44.0,0,1
21,21,1,1,1,12,0,1,5,0,31.0,0,1
9,3,0,0,1,12,0,1,4,3,34.0,0,1
32,10,2,0,1,12,0,1,2,3,38.0,0,1
7,25,1,1,1,6,0,1,2,1,22.0,0,1
8,3,0,0,1,5,0,1,5,0,35.0,0,1
9,3,0,0,1,12,0,1,5,0,24.0,0,1
9,3,0,0,1,12,0,0,5,3,33.0,0,1
9,3,0,0,1,12,0,1,5,0,31.0,0,1
30,28,1,0,1,12,0,1,5,3,44.0,0,1
31,7,1,0,1,12,0,1,2,1,40.0,0,1
9,3,0,0,1,12,0,1,5,0,24.0,0,1
33,10,2,0,1,12,0,1,2,3,37.0,0,1
32,10,2,0,1,12,0,1,5,3,19.0,0,1
9,3,0,0,1,12,0,0,5,1,29.0,0,1
32,10,2,0,1,3,0,1,5,0,43.0,0,1
32,10,2,0,1,12,2,1,4,3,48.0,0,1
9,3,0,0,1,5,0,1,5,0,33.0,0,1
32,10,2,0,1,12,2,0,5,0,34.0,0,1
9,3,0,0,1,12,0,0,5,3,39.0,0,1
18,19,1,1,1,3,0,1,4,0,17.0,0,1
30,28,1,0,1,12,0,0,5,3,43.0,0,1
32,10,2,0,1,12,0,0,5,1,27.0,0,1
32,10,2,0,1,5,0,1,5,1,38.0,0,1
32,10,2,0,1,12,0,1,2,3,46.0,0,1
32,10,2,0,1,12,0,1,2,3,58.0,0,1
32,10,2,0,1,12,0,1,5,1,64.0,0,1
32,10,2,0,1,12,0,1,0,1,26.0,0,1
32,10,2,0,1,12,0,1,5,0,31.0,0,1
16,19,1,0,1,12,0,1,5,0,40.0,0,1
32,10,2,0,1,12,0,1,5,1,35.666666666666664,1,1
9,3,0,0,1,12,0,1,5,0,37.0,0,1
16,19,1,0,1,12,0,1,5,0,35.0,0,1
33,10,2,0,1,12,0,1,0,3,34.0,0,1
31,7,1,0,1,12,0,1,2,1,35.0,0,1
9,3,0,0,1,12,0,0,5,0,26.0,0,1
16,19,1,0,1,12,0,1,5,0,20.0,0,1
9,3,0,0,1,12,0,1,5,0,34.0,0,1
33,10,2,0,1,12,0,0,0,1,41.0,1,1
30,28,1,0,1,12,0,0,5,0,29.0,0,1
32,10,2,0,1,12,0,0,4,3,39.0,0,1
16,19,1,0,1,12,0,0,5,3,33.0,0,1
9,3,0,0,1,0,0,1,4,3,65.0,0,1
16,19,1,0,1,12,0,0,5,3,40.0,0,1
13,5,1,1,1,12,0,1,4,1,42.0,0,1
32,10,2,0,1,12,0,1,5,0,41.0,0,1
32,10,2,0,1,12,0,1,5,1,31.0,0,1
32,10,2,0,1,12,0,1,5,3,31.0,0,1
32,10,2,0,1,12,0,0,5,0,21.0,0,1
21,21,1,1,1,12,0,0,4,3,34.0,0,1
30,28,1,0,1,3,0,1,2,1,23.5,1,1
9,3,0,0,1,12,0,1,5,3,39.0,0,1
8,3,0,0,1,12,0,1,2,3,23.0,0,1
9,3,0,0,1,12,0,1,0,0,36.0,0,1
31,7,1,0,1,12,0,1,5,1,38.0,0,1
32,10,2,0,1,12,0,0,5,0,32.5,1,1
16,19,1,0,1,12,1,1,5,3,45.0,0,1
9,3,0,0,1,12,1,1,5,1,46.0,0,1
16,19,1,0,1,12,1,1,5,3,29.0,0,1
30,28,1,0,1,12,0,1,5,0,26.0,0,1
30,28,1,0,1,12,1,1,5,1,42.0,0,1
16,19,1,0,1,12,1,1,2,3,39.0,0,1
9,3,0,0,1,12,1,0,5,0,36.0,0,1
30,28,1,0,1,12,0,1,0,0,32.0,0,1
8,3,0,0,1,12,0,1,5,0,27.0,0,1
21,21,1,1,1,12,0,1,5,0,32.0,0,1
21,21,1,1,1,12,0,1,2,1,33.0,0,1
8,3,0,0,1,6,0,1,5,0,34.0,0,1
16,19,1,0,1,12,0,1,0,1,26.0,0,1
16,19,1,0,1,12,1,1,5,0,45.0,0,1
9,3,0,0,1,12,1,1,5,3,49.0,0,1
8,3,0,0,1,12,0,0,0,0,27.0,0,1
16,19,1,0,1,12,1,0,5,0,42.0,0,1
9,3,0,0,1,12,1,1,5,0,23.0,0,1
16,19,1,0,1,12,0,1,5,0,37.0,0,1
32,10,2,0,1,12,0,1,2,1,27.0,0,1
17,19,1,1,1,12,1,1,5,1,32.0,0,1
8,3,0,0,1,12,1,1,5,0,23.0,0,1
8,3,0,0,1,12,0,0,2,1,32.0,0,1
30,28,1,0,1,12,0,0,5,0,41.0,0,1
9,3,0,0,1,12,1,1,5,0,26.0,0,1
9,3,0,0,1,12,0,1,5,0,38.0,0,1
6,26,0,0,1,12,1,1,5,1,27.0,0,1
13,5,1,1,1,12,0,0,5,0,29.0,0,1
31,7,1,0,1,12,1,1,4,3,29.0,0,1
30,28,1,0,1,12,0,1,5,3,27.0,0,1
16,19,1,0,1,12,1,1,0,3,28.0,0,1
32,10,2,0,1,12,0,0,4,0,46.0,0,1
33,10,2,0,1,12,1,0,5,0,37.0,0,1
32,10,2,0,1,12,2,0,5,0,39.0,0,1
9,3,0,0,1,12,1,1,4,3,45.0,0,1
31,7,1,0,1,12,1,0,2,1,42.0,0,1
8,3,0,0,1,12,1,1,4,3,31.0,0,1
9,3,0,0,1,12,1,1,5,0,33.0,0,1
40,30,2,0,1,3,1,1,5,0,23.0,0,1
9,3,0,0,1,12,0,1,5,3,39.0,0,1
33,10,2,0,1,12,1,1,0,1,30.0,0,1
40,30,2,0,1,12,0,1,2,0,27.0,0,1
20,19,1,1,1,12,1,1,5,1,48.0,0,1
9,3,0,0,1,12,1,0,5,0,26.0,0,1
10,3,0,0,1,12,1,1,4,3,42.0,0,1
8,3,0,0,1,12,1,0,5,3,22.0,0,1
9,3,0,0,1,12,0,1,5,0,25.0,0,1
9,3,0,0,1,12,0,1,0,1,49.0,0,1
9,3,0,0,1,12,1,0,4,0,50.0,0,1
9,3,0,0,1,12,1,1,5,0,21.0,0,1
8,3,0,0,1,5,0,1,0,1,53.0,0,1
9,3,0,0,1,12,1,0,5,1,37.0,0,1
9,3,0,0,1,12,1,0,5,3,44.0,0,1
9,3,0,0,1,12,0,1,2,3,46.0,0,1
8,3,0,0,1,12,0,0,5,0,32.0,0,1
32,10,2,0,1,12,0,1,5,0,48.0,0,1
9,3,0,0,1,12,1,1,2,0,24.0,0,1
9,3,0,0,1,12,1,1,5,0,57.0,0,1
30,28,1,0,1,5,0,1,5,0,32.0,0,1
9,3,0,0,1,12,1,1,5,0,35.0,0,1
8,3,0,0,1,12,0,1,5,0,32.0,0,1
31,7,1,0,1,12,0,1,5,0,46.0,0,1
16,19,1,0,1,12,0,1,2,1,33.0,0,1
8,3,0,0,1,0,0,1,5,1,26.0,0,1
9,3,0,0,1,12,1,1,5,0,18.0,0,1
32,10,2,0,1,12,0,0,5,0,47.0,0,1
31,7,1,0,1,12,0,1,5,3,48.0,0,1
31,7,1,0,1,12,1,1,5,0,37.0,0,1
30,28,1,0,1,12,0,1,5,1,42.0,0,1
33,10,2,0,1,12,0,1,0,1,28.0,0,1
8,3,0,0,1,3,0,1,0,1,36.0,0,1
31,7,1,0,1,12,0,1,5,1,46.0,0,1
9,3,0,0,1,12,1,1,5,1,53.0,0,1
9,3,0,0,1,12,1,1,5,3,48.0,0,1
33,10,2,0,1,12,0,0,5,3,19.0,0,1
9,3,0,0,1,12,1,1,5,3,68.0,0,1
9,3,0,0,1,12,0,0,5,1,46.5,1,1
10,3,0,0,1,12,1,1,5,0,54.0,0,1
9,3,0,0,1,12,1,1,0,3,44.0,0,1
9,3,0,0,1,12,0,0,5,1,37.0,0,1
33,10,2,0,1,12,1,1,2,1,21.0,0,1
32,10,2,0,1,12,0,0,2,0,22.5,1,1
9,3,0,0,1,12,1,1,0,1,22.0,0,1
31,7,1,0,1,12,1,0,0,3,49.0,0,1
13,5,1,1,1,5,0,1,5,0,37.0,0,1
32,10,2,0,1,12,0,0,5,0,39.5,1,1
32,10,2,0,1,12,0,1,2,3,37.0,0,1
16,19,1,0,1,12,1,0,2,1,27.5,1,1
9,3,0,0,1,12,1,1,5,0,43.0,0,1
10,3,0,0,1,12,1,1,5,1,39.0,0,1
9,3,0,0,1,12,1,1,5,0,21.0,0,1
31,7,1,0,1,12,0,1,0,1,24.0,0,1
9,3,0,0,1,12,1,1,0,1,35.0,0,1
33,10,2,0,1,12,0,1,5,0,30.0,0,1
8,3,0,0,1,12,0,0,0,1,35.0,0,1
9,3,0,0,1,12,1,0,5,3,59.0,0,1
9,3,0,0,1,12,1,1,5,1,34.0,0,1
33,10,2,0,1,12,1,1,5,0,50.0,0,1
33,10,2,0,1,12,0,0,5,0,36.5,1,1
9,3,0,0,1,12,0,1,5,0,24.0,0,1
32,10,2,0,1,12,0,0,5,1,32.5,1,1
8,3,0,0,1,12,1,1,5,0,32.0,0,1
16,19,1,0,1,12,0,0,0,0,51.0,1,1
40,30,2,0,1,12,0,1,2,3,49.0,0,1
9,3,0,0,1,12,1,1,4,3,33.0,0,1
9,3,0,0,1,12,0,1,5,0,46.0,0,1
9,3,0,0,1,12,1,1,5,3,43.0,0,1
9,3,0,0,1,5,1,0,5,0,43.0,0,1
9,3,0,0,1,12,1,1,2,1,26.0,0,1
9,3,0,0,1,12,1,0,4,3,46.0,0,1
32,10,2,0,1,12,0,0,5,1,30.0,0,1
9,3,0,0,1,12,1,0,5,1,29.0,0,1
13,5,1,1,1,12,0,1,5,0,36.0,0,1
31,7,1,0,1,12,0,1,5,0,31.0,0,1
32,10,2,0,1,12,0,1,4,3,28.0,0,1
8,3,0,0,1,5,0,0,5,0,25.0,0,1
16,19,1,0,1,12,1,0,5,0,26.0,0,1
9,3,0,0,1,12,1,0,5,3,27.0,0,1
9,3,0,0,1,12,1,1,1,1,25.0,0,1
9,3,0,0,1,12,1,1,0,0,39.0,0,1
16,19,1,0,1,12,2,1,0,3,45.0,0,1
32,10,2,0,1,12,0,1,0,1,34.0,0,1
8,3,0,0,1,12,0,0,5,3,23.0,0,1
9,3,0,0,1,12,1,1,4,3,35.0,0,1
9,3,0,0,1,12,1,0,2,1,46.0,0,1
9,3,0,0,1,12,1,1,5,1,82.0,0,1
32,10,2,0,1,12,0,1,5,3,31.0,0,1
31,7,1,0,1,12,1,1,5,3,27.0,0,1
9,3,0,0,1,12,1,1,2,1,45.0,0,1
9,3,0,0,1,12,1,0,5,3,29.0,0,1
9,3,0,0,1,12,0,1,5,0,21.0,0,1
32,10,2,0,1,12,2,1,5,3,34.0,0,1
9,3,0,0,1,12,0,0,5,3,38.0,0,1
9,3,0,0,1,12,1,0,5,0,41.0,0,1
33,10,2,0,1,12,1,1,5,3,23.0,0,1
30,28,1,0,1,12,0,0,0,0,31.0,1,1
9,3,0,0,1,12,1,1,2,3,28.0,0,1
9,3,0,0,1,12,1,1,0,1,19.0,0,1
9,3,0,0,1,12,0,1,4,3,35.0,0,1
8,3,0,0,1,12,0,0,5,1,20.0,0,1
8,3,0,0,1,12,2,0,2,1,19.0,0,1
9,3,0,0,1,12,0,1,5,1,57.0,0,1
9,3,0,0,1,12,1,1,5,1,44.0,0,1
9,3,0,0,1,12,0,1,5,3,35.0,0,1
8,3,0,0,1,3,0,1,5,0,33.0,0,1
32,10,2,0,1,12,2,0,4,3,42.0,0,1
32,10,2,0,1,12,0,0,5,0,30.0,0,1
32,10,2,0,1,12,0,0,4,3,47.0,0,1
8,3,0,0,1,5,0,1,5,3,38.0,0,1
9,3,0,0,1,12,1,1,5,3,23.0,0,1
16,19,1,0,1,12,0,1,2,3,45.0,0,1
16,19,1,0,1,12,0,0,2,1,48.0,0,1
16,19,1,0,1,12,1,1,0,1,29.0,0,1
8,3,0,0,1,12,0,1,5,0,67.0,0,1
16,19,1,0,1,12,1,1,4,3,31.0,0,1
40,30,2,0,1,3,1,1,5,3,38.0,0,1
16,19,1,0,1,12,0,1,0,3,30.0,0,1
9,3,0,0,1,12,0,1,5,0,38.0,0,1
8,3,0,0,1,12,0,1,5,3,64.0,0,1
9,3,0,0,1,12,1,0,5,3,44.0,0,1
9,3,0,0,1,12,1,0,0,1,31.0,0,1
9,3,0,0,1,12,1,1,5,0,28.0,0,1
9,3,0,0,1,12,1,1,5,1,48.0,0,1
33,10,2,0,1,12,1,1,5,1,50.0,0,1
8,3,0,0,1,12,0,1,2,1,40.0,0,1
8,3,0,0,1,12,0,1,5,1,14.0,0,1
32,10,2,0,1,12,0,1,5,0,51.0,0,1
9,3,0,0,1,5,0,1,2,1,64.0,0,1
9,3,0,0,1,12,0,0,5,1,39.0,0,1
10,3,0,0,1,12,1,1,0,1,36.0,0,1
30,28,1,0,1,12,0,1,5,0,30.0,0,1
32,10,2,0,1,12,0,1,5,0,30.0,0,1
33,10,2,0,1,12,1,0,5,1,46.0,0,1
32,10,2,0,1,12,0,1,5,1,48.0,0,1
32,10,2,0,1,12,0,1,5,1,52.0,0,1
33,10,2,0,1,12,0,1,5,0,33.0,0,1
9,3,0,0,1,12,1,1,3,1,42.0,0,1
32,10,2,0,1,12,0,1,0,1,34.0,0,1
32,10,2,0,1,12,0,1,0,1,31.0,0,1
32,10,2,0,1,12,0,0,5,1,32.0,0,1
13,5,1,1,1,12,1,1,5,1,40.0,0,1
21,21,1,1,1,12,2,1,5,3,30.0,0,1
9,3,0,0,1,12,0,1,5,1,39.0,0,1
33,10,2,0,1,12,1,1,5,0,38.0,0,1
9,3,0,0,1,12,1,0,5,1,53.0,0,1
13,5,1,1,1,12,0,1,5,1,31.0,0,1
32,10,2,0,1,12,0,1,5,0,24.0,0,1
32,10,2,0,1,12,0,1,5,0,37.0,0,1
9,3,0,0,1,12,1,0,5,3,17.0,0,1
9,3,0,0,1,12,1,1,5,3,29.0,0,1
21,21,1,1,1,12,0,0,5,0,45.5,1,1
32,10,2,0,1,12,0,1,0,1,29.0,0,1
32,10,2,0,1,12,0,0,5,1,36.0,1,1
32,10,2,0,1,12,0,1,5,0,44.0,0,1
9,3,0,0,1,12,1,0,5,1,43.0,0,1
8,3,0,0,1,12,0,0,5,1,24.0,0,1
9,3,0,0,1,12,1,0,4,3,40.0,0,1
31,7,1,0,1,12,1,0,5,1,51.0,0,1
32,10,2,0,1,12,0,1,2,1,27.0,0,1
9,3,0,0,1,12,0,0,5,1,29.0,0,1
9,3,0,0,1,12,1,1,0,3,27.0,0,1
8,3,0,0,1,12,1,1,4,3,40.0,0,1
32,10,2,0,1,12,0,1,5,3,36.0,0,1
33,10,2,0,1,12,1,1,4,0,49.0,0,1
31,7,1,0,1,12,1,0,5,3,19.0,0,1
8,3,0,0,1,12,0,0,0,1,35.0,0,1
33,10,2,0,1,12,0,0,5,0,33.0,0,1
9,3,0,0,1,12,0,0,0,1,31.0,0,1
9,3,0,0,1,12,1,1,5,1,62.0,0,1
8,3,0,0,1,12,1,0,2,3,40.0,0,1
8,3,0,0,1,12,1,1,0,0,39.0,0,1
31,7,1,0,1,12,0,0,5,3,59.0,0,1
32,10,2,0,1,12,0,1,4,3,58.0,0,1
8,3,0,0,1,12,1,1,2,1,53.0,1,1
8,3,0,0,1,12,0,1,5,0,36.0,0,1
16,19,1,0,1,12,0,0,0,1,25.0,0,1
16,19,1,0,1,12,0,0,5,0,32.5,1,1
33,10,2,0,1,12,2,1,5,0,22.5,1,1
31,7,1,0,1,12,1,1,5,0,32.0,0,1
8,3,0,0,1,12,0,1,5,0,15.0,0,1
9,3,0,0,1,12,1,1,5,0,39.0,0,1
9,3,0,0,1,12,0,1,5,3,28.0,0,1
9,3,0,0,1,12,0,1,5,0,46.0,0,1
9,3,0,0,1,12,1,1,5,1,31.0,0,1
32,10,2,0,1,12,0,1,5,0,33.0,0,1
8,3,0,0,1,12,0,0,5,3,34.0,0,1
31,7,1,0,1,12,1,1,5,0,48.0,0,1
31,7,1,0,1,12,1,1,5,0,46.0,0,1
9,3,0,0,1,12,1,1,4,0,17.0,0,1
9,3,0,0,1,12,1,1,5,0,35.0,0,1
31,7,1,0,1,12,1,0,5,0,32.0,0,1
9,3,0,0,1,12,1,1,5,0,38.0,0,1
8,3,0,0,1,12,0,1,5,3,18.0,0,1
16,19,1,0,1,12,0,1,5,0,48.0,0,1
31,7,1,0,1,12,1,1,5,0,49.0,0,1
16,19,1,0,1,12,1,1,2,1,27.0,0,1
32,10,2,0,1,12,0,1,5,0,49.0,0,1
16,19,1,0,1,12,1,1,5,0,28.0,0,1
9,3,0,0,1,12,1,1,5,0,41.0,0,1
8,3,0,0,1,12,0,1,5,3,25.0,0,1
16,19,1,0,1,12,0,1,5,0,37.0,1,1
9,3,0,0,1,12,1,1,5,0,23.0,0,1
9,3,0,0,1,12,1,1,2,0,23.0,0,1
9,3,0,0,1,12,1,0,5,0,30.0,0,1
31,7,1,0,1,12,2,1,4,1,40.0,0,1
32,10,2,0,1,12,0,1,0,1,47.0,0,1
9,3,0,0,1,12,1,1,0,1,28.0,0,1
8,3,0,0,1,12,0,1,0,1,27.0,0,1
31,7,1,0,1,12,0,1,5,0,30.0,0,1
31,7,1,0,1,12,1,1,5,0,56.0,0,1
9,3,0,0,1,12,1,1,3,1,33.0,0,1
9,3,0,0,1,12,1,1,5,0,52.0,0,1
31,7,1,0,1,5,0,1,5,0,48.0,0,1
32,10,2,0,1,12,0,1,5,0,26.0,0,1
31,7,1,0,1,12,1,1,5,3,30.0,0,1
33,10,2,0,1,12,1,0,5,1,35.666666666666664,1,1
9,3,0,0,1,12,1,0,5,0,24.0,0,1
9,3,0,0,1,12,1,1,5,3,42.0,0,1
33,10,2,0,1,12,0,1,5,0,32.0,0,1
9,3,0,0,1,12,1,1,5,0,24.0,0,1
33,10,2,0,1,3,1,1,5,3,26.0,0,1
32,10,2,0,1,12,0,1,5,0,36.0,0,1
29,11,1,1,1,12,1,0,5,0,27.0,0,1
30,28,1,0,1,12,0,1,5,0,28.0,0,1
9,3,0,0,1,12,1,1,0,3,28.0,0,1
16,19,1,0,1,12,1,0,5,3,31.0,0,1
9,3,0,0,1,12,1,1,5,0,48.0,1,1
16,19,1,0,1,12,1,1,2,3,37.0,0,1
13,5,1,1,1,12,0,1,5,3,40.0,0,1
9,3,0,0,1,12,1,0,5,3,21.0,0,1
9,3,0,0,1,12,1,1,5,1,40.0,0,1
9,3,0,0,1,12,1,0,0,3,52.0,0,1
30,28,1,0,1,12,0,0,5,0,33.0,0,1
9,3,0,0,1,3,1,1,2,3,29.0,0,1
32,10,2,0,1,12,0,1,5,0,48.0,0,1
32,10,2,0,1,12,0,1,5,1,51.0,0,1
9,3,0,0,1,12,0,1,5,0,34.0,0,1
8,3,0,0,1,5,0,0,5,1,32.0,0,1
32,10,2,0,1,12,0,1,5,1,29.0,0,1
9,3,0,0,1,12,1,1,5,3,21.0,0,1
8,3,0,0,1,12,0,1,5,1,40.0,0,1
21,21,1,1,1,12,0,1,5,0,27.0,0,1
9,3,0,0,1,12,1,0,5,0,21.0,0,1
30,28,1,0,1,12,0,1,5,0,37.0,0,1
8,3,0,0,1,12,0,1,5,1,22.0,0,1
8,3,0,0,1,12,0,0,0,1,33.0,0,1
9,3,0,0,1,12,1,1,5,0,39.0,0,1
9,3,0,0,1,12,1,1,5,0,22.0,0,1
9,3,0,0,1,12,0,1,0,1,40.0,0,1
8,3,0,0,1,3,0,1,5,0,28.0,0,1
31,7,1,0,1,12,1,1,4,3,59.0,0,1
9,3,0,0,1,12,1,1,0,3,22.0,0,1
8,3,0,0,1,5,0,1,5,0,40.0,0,1
8,3,0,0,1,12,0,1,5,0,48.0,0,1
33,10,2,0,1,12,0,0,0,0,28.333333333333332,1,1
31,7,1,0,1,12,1,1,5,1,39.0,0,1
9,3,0,0,1,12,1,1,2,1,32.0,0,1
32,10,2,0,1,5,0,1,5,0,32.0,1,1
9,3,0,0,1,12,1,0,5,0,31.0,0,1
9,3,0,0,1,12,1,1,0,1,32.0,0,1
8,3,0,0,1,0,0,1,2,0,24.0,0,1
9,3,0,0,1,12,1,1,5,0,37.0,0,1
13,5,1,1,1,12,0,1,2,1,53.0,0,1
40,30,2,0,1,3,0,1,5,0,28.0,0,1
9,3,0,0,1,12,1,1,5,0,25.0,0,1
9,3,0,0,1,12,1,1,5,0,23.0,0,1
9,3,0,0,1,12,1,0,4,3,20.0,0,1
9,3,0,0,1,12,1,1,5,0,27.0,0,1
9,3,0,0,1,12,1,0,4,3,32.0,0,1
31,7,1,0,1,12,0,1,5,1,38.0,0,1
9,3,0,0,1,12,1,0,5,0,24.0,0,1
9,3,0,0,1,12,1,0,5,0,57.0,0,1
9,3,0,0,1,12,1,0,4,3,52.0,0,1
9,3,0,0,1,12,1,0,2,1,22.0,0,1
9,3,0,0,1,12,1,1,0,1,33.0,0,1
9,3,0,0,1,12,1,1,5,3,28.0,0,1
9,3,0,0,1,12,1,1,5,0,29.0,0,1
9,3,0,0,1,12,1,1,2,1,44.0,0,1
32,10,2,0,1,12,0,0,5,0,31.0,0,1
8,3,0,0,1,3,0,1,5,0,21.0,0,1
9,3,0,0,1,12,1,1,0,3,51.0,0,1
32,10,2,0,1,3,0,0,5,0,34.0,0,1
9,3,0,0,1,12,2,0,0,1,35.0,0,1
9,3,0,0,1,12,1,1,5,0,55.0,0,1
9,3,0,0,1,12,1,1,5,3,53.0,0,1
9,3,0,0,1,12,0,1,4,3,27.0,0,1
31,7,1,0,1,12,1,1,5,1,40.0,0,1
9,3,0,0,1,12,1,0,5,1,47.0,0,1
9,3,0,0,1,12,1,0,5,0,45.0,0,1
8,3,0,0,1,12,1,1,5,0,17.0,0,1
9,3,0,0,1,12,1,0,4,3,40.0,0,1
40,30,2,0,1,3,1,1,5,3,40.0,0,1
8,3,0,0,1,12,0,0,4,3,46.0,0,1
8,3,0,0,1,12,2,1,0,1,36.0,0,1
9,3,0,0,1,12,1,1,5,1,44.0,0,1
11,2,1,0,1,12,0,1,5,3,36.0,0,1
6,26,0,0,1,12,1,1,5,0,45.0,0,1
16,19,1,0,1,12,0,1,5,3,24.0,0,1
9,3,0,0,1,12,0,0,5,0,20.0,0,1
16,19,1,0,1,12,0,0,5,0,61.0,0,1
9,3,0,0,1,12,1,1,5,1,27.0,0,1
9,3,0,0,1,12,1,1,5,0,32.0,0,1
16,19,1,0,1,12,1,1,5,0,31.0,0,1
9,3,0,0,1,12,1,1,2,1,34.0,0,1
32,10,2,0,1,12,0,1,5,0,31.0,0,1
8,3,0,0,1,12,0,0,5,0,23.0,0,1
9,3,0,0,1,12,1,0,5,0,29.0,0,1
9,3,0,0,1,12,0,1,5,0,31.0,0,1
8,3,0,0,1,12,0,1,0,1,36.0,0,1
9,3,0,0,1,12,1,1,5,0,37.0,0,1
9,3,0,0,1,12,1,1,4,3,36.0,0,1
8,3,0,0,1,12,0,0,5,0,43.0,0,1
40,30,2,0,1,12,0,1,5,0,20.0,0,1
10,3,0,0,1,12,1,1,2,1,37.0,0,1
32,10,2,0,1,12,0,1,4,3,47.0,0,1
30,28,1,0,1,12,0,1,5,0,30.0,0,1
31,7,1,0,1,12,1,1,4,3,43.0,0,1
9,3,0,0,1,12,0,1,5,0,33.0,0,1
32,10,2,0,1,12,0,1,4,3,30.0,0,1
13,5,1,1,1,5,0,1,5,0,31.0,0,1
32,10,2,0,1,12,0,1,5,0,35.0,0,1
8,3,0,0,1,12,0,1,5,3,32.0,0,1
33,10,2,0,1,12,1,1,5,1,36.0,0,1
9,3,0,0,1,12,1,0,5,1,39.0,0,1
32,10,2,0,1,12,0,1,5,0,19.0,0,1
9,3,0,0,1,12,0,1,2,1,61.0,0,1
31,7,1,0,1,12,0,1,2,1,38.0,0,1
32,10,2,0,1,5,0,1,0,1,47.0,0,1
9,3,0,0,1,12,0,0,0,1,22.0,0,1
33,10,2,0,1,12,1,0,5,0,33.0,0,1
16,19,1,0,1,12,1,1,5,0,31.0,0,1
16,19,1,0,1,12,1,0,5,0,34.0,0,1
9,3,0,0,1,12,1,1,5,0,32.0,0,1
9,3,0,0,1,12,1,1,5,0,22.0,0,1
32,10,2,0,1,12,0,1,5,0,29.0,0,1
9,3,0,0,1,12,1,1,5,1,76.0,0,1
16,19,1,0,1,12,1,0,5,0,17.0,0,1
40,30,2,0,1,3,0,1,5,0,33.0,0,1
32,10,2,0,1,12,0,0,2,1,29.0,0,1
16,19,1,0,1,12,0,0,5,0,34.0,0,1
32,10,2,0,1,12,0,1,5,0,30.0,0,1
32,10,2,0,1,12,0,0,2,1,27.0,0,1
16,19,1,0,1,12,1,1,5,0,37.0,0,1
9,3,0,0,1,12,1,0,5,3,18.0,0,1
9,3,0,0,1,12,1,1,2,1,41.0,0,1
9,3,0,0,1,12,1,0,5,1,39.0,0,1
16,19,1,0,1,12,0,1,5,0,37.0,0,1
9,3,0,0,1,12,1,1,5,0,42.0,0,1
32,10,2,0,1,12,0,1,5,0,40.0,0,1
8,3,0,0,1,12,0,0,5,0,23.0,0,1
30,28,1,0,1,12,0,1,5,0,30.0,0,1
16,19,1,0,1,12,1,1,0,3,29.0,0,1
16,19,1,0,1,12,0,1,0,3,41.0,0,1
8,3,0,0,1,12,1,1,2,3,46.0,0,1
16,19,1,0,1,12,0,0,5,0,48.5,1,1
33,10,2,0,1,12,0,1,5,0,44.0,0,1
9,3,0,0,1,12,1,0,5,0,38.0,0,1
9,3,0,0,1,12,1,0,4,3,66.0,0,1
9,3,0,0,1,12,1,1,5,0,20.0,0,1
21,21,1,1,1,12,0,1,4,3,27.0,0,1
21,21,1,1,1,12,0,1,5,0,37.0,0,1
9,3,0,0,1,12,1,1,5,0,59.0,0,1
8,3,0,0,1,12,1,1,5,3,36.0,0,1
31,7,1,0,1,12,1,1,5,0,42.0,0,1
8,3,0,0,1,12,1,1,5,0,58.0,0,1
33,10,2,0,1,5,1,1,2,1,48.0,0,1
32,10,2,0,1,12,0,1,0,1,27.0,0,1
32,10,2,0,1,12,0,1,5,1,36.0,0,1
9,3,0,0,1,12,1,0,0,1,41.0,0,1
31,7,1,0,1,12,1,0,2,1,26.0,0,1
32,10,2,0,1,12,0,1,2,1,21.0,0,1
33,10,2,0,1,12,1,1,4,3,33.0,0,1
32,10,2,0,1,12,0,1,5,0,44.0,0,1
9,3,0,0,1,12,1,1,5,3,40.0,0,1
32,10,2,0,1,12,0,0,5,3,36.0,0,1
8,3,0,0,1,12,0,1,5,3,19.0,0,1
40,30,2,0,1,12,0,1,5,0,25.0,0,1
9,3,0,0,1,12,1,1,5,0,27.0,0,1
8,3,0,0,1,12,0,0,4,3,22.0,0,1
9,3,0,0,1,12,1,1,5,3,43.0,0,1
31,7,1,0,1,12,1,1,5,0,61.0,0,1
9,3,0,0,1,12,0,1,5,1,35.0,0,1
8,3,0,0,1,0,0,1,5,0,28.0,0,1
9,3,0,0,1,12,1,0,5,0,28.0,0,1
31,7,1,0,1,12,1,0,2,3,35.0,0,1
32,10,2,0,1,12,0,1,5,0,37.0,0,1
9,3,0,0,1,12,1,0,5,3,29.0,0,1
32,10,2,0,1,12,0,1,4,1,36.5,1,1
16,19,1,0,1,5,1,1,5,0,34.0,0,1
32,10,2,0,1,12,0,1,2,1,24.0,0,1
33,10,2,0,1,12,0,1,5,0,36.0,0,1
9,3,0,0,1,12,0,1,5,1,21.0,0,1
16,19,1,0,1,12,1,0,5,0,46.0,0,1
16,19,1,0,1,12,0,0,5,0,16.0,1,1
10,3,0,0,1,12,1,1,2,1,19.0,0,1
32,10,2,0,1,12,0,1,5,0,60.0,0,1
9,3,0,0,1,12,1,1,0,1,36.0,0,1
35,23,2,0,1,12,1,1,5,0,42.0,0,1
32,10,2,0,1,12,2,0,4,3,41.0,0,1
8,3,0,0,1,12,1,0,2,3,24.5,1,1
8,3,0,0,1,12,0,1,5,3,27.0,0,1
9,3,0,0,1,12,1,1,2,1,25.0,0,1
9,3,0,0,1,12,1,1,0,1,34.0,0,1
9,3,0,0,1,12,0,1,5,0,42.0,0,1
8,3,0,0,1,12,0,1,5,0,41.0,0,1
9,3,0,0,1,12,1,0,5,1,39.0,0,1
9,3,0,0,1,12,0,1,5,0,30.0,0,1
33,10,2,0,1,12,2,1,5,0,37.0,1,1
8,3,0,0,1,3,2,1,5,0,23.0,0,1
9,3,0,0,1,12,0,1,5,1,54.0,0,1
16,19,1,0,1,12,1,0,0,3,65.0,0,1
20,19,1,1,1,12,0,1,5,1,14.0,0,1
32,10,2,0,1,12,0,1,5,0,37.0,1,1
8,3,0,0,1,3,0,1,2,1,44.0,0,1
10,3,0,0,1,12,1,1,5,1,38.0,0,1
32,10,2,0,1,12,0,1,5,0,38.0,0,1
9,3,0,0,1,12,1,1,5,3,41.0,0,1
9,3,0,0,1,12,1,0,5,3,73.0,0,1
9,3,0,0,1,12,1,1,5,0,43.0,0,1
9,3,0,0,1,12,1,0,5,0,35.0,0,1
9,3,0,0,1,12,1,1,5,0,43.0,0,1
31,7,1,0,1,12,1,0,5,3,59.0,0,1
9,3,0,0,1,12,1,1,5,0,43.0,0,1
9,3,0,0,1,12,0,1,5,0,75.0,0,1
9,3,0,0,1,12,1,1,4,0,49.0,0,1
8,3,0,0,1,0,0,1,2,3,34.0,0,1
16,19,1,0,1,12,0,1,5,1,27.0,0,1
9,3,0,0,1,12,1,0,2,3,29.0,0,1
8,3,0,0,1,12,1,0,5,3,30.0,0,1
32,10,2,0,1,12,0,1,5,0,35.0,0,1
9,3,0,0,1,12,0,0,4,3,25.0,0,1
31,7,1,0,1,12,1,1,5,3,32.0,0,1
8,3,0,0,1,3,0,1,5,3,28.5,1,1
9,3,0,0,1,12,1,1,0,1,31.0,0,1
30,28,1,0,1,12,0,1,0,1,24.0,0,1
16,19,1,0,1,5,0,1,2,1,23.0,0,1
16,19,1,0,1,12,1,1,5,3,27.0,0,1
32,10,2,0,1,12,0,1,2,3,35.0,0,1
8,3,0,0,1,12,0,0,4,3,35.0,0,1
9,3,0,0,1,12,1,0,5,0,52.0,0,1
30,28,1,0,1,12,0,1,5,0,29.0,0,1
9,3,0,0,1,12,1,0,5,0,28.0,0,1
30,28,1,0,1,12,0,1,5,1,31.0,0,1
16,19,1,0,1,12,0,1,5,0,31.0,0,1
16,19,1,0,1,12,1,1,4,3,27.0,0,1
32,10,2,0,1,12,0,1,5,0,43.0,0,1
33,10,2,0,1,12,0,1,5,0,49.0,0,1
9,3,0,0,1,12,0,0,5,0,39.0,0,1
9,3,0,0,1,12,0,0,5,1,47.0,0,1
9,3,0,0,1,12,1,1,5,1,40.0,0,1
31,7,1,0,1,12,1,1,5,3,25.0,0,1
32,10,2,0,1,12,0,1,5,1,39.0,0,1
32,10,2,0,1,12,0,1,0,0,46.0,0,1
32,10,2,0,1,12,2,0,5,1,55.0,0,1
32,10,2,0,1,12,2,1,5,0,30.0,0,1
33,10,2,0,1,12,1,1,5,0,51.0,0,1
9,3,0,0,1,12,1,1,5,0,27.0,0,1
32,10,2,0,1,12,0,1,0,3,27.0,0,1
33,10,2,0,1,12,2,1,4,3,36.0,0,1
31,7,1,0,1,12,1,0,4,3,64.0,0,1
13,5,1,1,1,12,2,1,0,3,41.0,0,1
9,3,0,0,1,12,1,1,5,0,52.0,0,1
31,7,1,0,1,12,1,1,2,3,38.0,0,1
16,19,1,0,1,12,1,0,0,1,47.0,0,1
40,30,2,0,1,0,0,1,5,0,32.0,0,1
9,3,0,0,1,12,1,1,5,1,31.0,0,1
32,10,2,0,1,12,2,0,5,3,30.0,0,1
9,3,0,0,1,12,1,1,5,0,28.0,0,1
9,3,0,0,1,12,1,1,0,3,28.0,0,1
31,7,1,0,1,12,1,0,5,1,69.0,0,1
9,3,0,0,1,12,1,1,5,3,32.0,0,1
9,3,0,0,1,12,1,0,5,0,45.0,0,1
9,3,0,0,1,12,1,0,5,0,20.0,0,1
8,3,0,0,1,12,0,1,5,0,19.0,0,1
9,3,0,0,1,12,1,1,0,3,35.0,0,1
32,10,2,0,1,12,0,0,4,3,37.0,0,1
31,7,1,0,1,12,0,1,5,0,26.0,0,1
9,3,0,0,1,12,1,1,5,3,58.0,0,1
18,19,1,1,1,12,0,0,5,0,32.5,1,1
9,3,0,0,1,12,1,0,0,3,23.0,0,1
13,5,1,1,1,12,2,1,5,0,32.0,0,1
9,3,0,0,1,12,2,0,5,3,20.0,0,1
13,5,1,1,1,12,0,1,5,1,30.0,0,1
9,3,0,0,1,12,1,1,2,3,31.0,0,1
9,3,0,0,1,1,1,1,5,1,40.0,0,1
9,3,0,0,1,12,1,0,5,0,28.0,0,1
9,3,0,0,1,12,1,0,5,1,42.0,0,1
9,3,0,0,1,12,1,1,5,0,40.0,0,1
9,3,0,0,1,12,1,1,5,0,31.0,0,1
8,3,0,0,1,12,2,1,5,0,30.0,0,1
9,3,0,0,1,12,1,1,5,3,42.0,0,1
17,19,1,1,1,12,1,0,5,3,44.0,0,1
8,3,0,0,1,12,0,1,4,3,26.0,0,1
9,3,0,0,1,12,1,0,5,3,20.0,0,1
8,3,0,0,1,12,0,1,5,0,36.0,0,1
32,10,2,0,1,12,0,0,0,0,42.0,0,1
9,3,0,0,1,12,0,1,5,1,22.0,0,1
16,19,1,0,1,12,1,1,5,0,13.0,0,1
9,3,0,0,1,12,0,1,5,1,42.0,0,1
9,3,0,0,1,12,1,0,5,0,26.2,1,1
9,3,0,0,1,12,0,0,2,1,30.0,0,1
9,3,0,0,1,12,0,0,5,0,31.0,0,1
16,19,1,0,1,12,1,0,5,0,19.0,0,1
9,3,0,0,1,12,0,1,5,1,34.0,0,1
9,3,0,0,1,12,0,0,5,0,27.0,0,1
9,3,0,0,1,12,0,0,5,0,41.0,0,1
9,3,0,0,1,12,0,1,5,1,41.0,0,1
16,19,1,0,1,12,1,1,5,1,23.0,0,1
16,19,1,0,1,12,0,0,5,0,38.0,0,1
9,3,0,0,1,12,0,1,5,1,26.0,0,1
49,0,2,0,0,12,0,1,5,0,40.0,0,1
9,3,0,0,1,12,2,1,5,0,24.0,0,1
9,3,0,0,1,12,0,0,5,0,30.0,0,1
8,3,0,0,1,12,0,1,5,1,41.0,0,1
49,0,2,0,0,12,2,1,5,0,47.0,0,1
13,5,1,1,1,12,0,1,5,1,41.0,0,1
16,19,1,0,1,12,1,0,5,0,33.0,0,1
9,3,0,0,1,12,0,1,5,1,39.0,0,1
9,3,0,0,1,12,0,1,5,0,39.0,0,1
31,7,1,0,1,12,0,1,5,0,53.0,0,1
9,3,0,0,1,12,0,1,5,0,33.0,0,1
9,3,0,0,1,12,1,0,5,0,18.666666666666668,1,1
9,3,0,0,1,12,0,0,5,0,43.0,0,1
9,3,0,0,1,12,1,1,5,1,63.0,0,1
2,18,0,0,1,12,0,1,5,0,30.0,0,1
40,30,2,0,1,12,0,0,5,0,17.0,0,1
9,3,0,0,1,12,0,1,5,0,18.0,0,1
9,3,0,0,1,12,0,1,5,1,22.0,0,1
9,3,0,0,1,12,0,0,5,0,44.0,0,1
31,7,1,0,1,12,2,1,5,0,36.0,0,1
32,10,2,0,1,12,2,0,5,0,44.0,0,1
16,19,1,0,1,12,2,1,5,1,42.0,0,1
20,19,1,1,1,12,2,1,5,0,30.0,0,1
31,7,1,0,1,12,2,1,5,1,30.0,0,1
9,3,0,0,1,12,2,1,5,0,19.0,0,1
40,30,2,0,1,12,2,1,5,0,32.0,0,1
44,9,2,0,0,12,0,1,5,0,26.0,0,1
20,19,1,1,1,12,0,0,5,0,23.0,0,1
31,7,1,0,1,12,2,1,5,1,56.0,0,1
8,3,0,0,1,12,2,1,5,1,18.0,0,1
47,29,2,0,0,12,2,1,5,0,53.0,0,1
9,3,0,0,1,12,2,0,5,0,20.0,0,1
9,3,0,0,1,12,2,1,5,1,42.0,0,1
9,3,0,0,1,12,2,0,5,0,27.0,0,1
7,25,1,1,1,12,2,1,2,0,23.0,0,1
9,3,0,0,1,12,1,0,5,0,13.0,1,1
8,3,0,0,1,5,0,1,5,1,36.0,0,1
8,3,0,0,1,12,2,1,5,1,29.0,0,1
8,3,0,0,1,12,2,1,5,0,25.0,0,1
16,19,1,0,1,12,1,1,5,0,18.0,0,1
16,19,1,0,1,12,1,1,5,1,19.0,0,1
9,3,0,0,1,12,0,1,5,1,30.0,0,1
32,10,2,0,1,12,0,1,5,1,40.0,0,1
9,3,0,0,1,12,0,0,5,1,52.0,0,1
9,3,0,0,1,12,0,1,5,0,19.0,0,1
21,21,1,1,1,12,0,0,5,0,19.0,0,1
9,3,0,0,1,12,0,1,5,1,60.0,0,1
9,3,0,0,1,12,0,0,5,0,41.0,0,1
9,3,0,0,1,12,0,0,5,0,19.0,0,1
40,30,2,0,1,3,0,1,5,0,16.0,0,1
32,10,2,0,1,12,0,1,5,0,27.0,0,1
13,5,1,1,1,12,0,1,5,1,49.0,0,1
40,30,2,0,1,3,0,0,5,1,30.0,0,1
16,19,1,0,1,12,2,0,5,1,32.0,0,1
13,5,1,1,1,12,0,0,5,0,41.0,0,1
9,3,0,0,1,12,0,1,5,0,24.0,0,1
9,3,0,0,1,12,0,1,5,0,42.0,0,1
16,19,1,0,1,12,1,0,5,0,14.0,1,1
9,3,0,0,1,12,2,0,5,0,26.0,0,1
9,3,0,0,1,12,0,0,5,1,44.0,0,1
9,3,0,0,1,12,2,0,5,0,26.0,0,1
20,19,1,1,1,12,2,1,5,0,28.0,0,1
9,3,0,0,1,12,0,0,5,0,23.0,0,1
45,13,0,0,0,12,2,0,5,0,30.0,1,1
33,10,2,0,1,12,2,0,5,0,42.0,0,1
2,18,0,0,1,12,2,1,5,0,23.0,0,1
9,3,0,0,1,12,2,1,5,0,36.0,0,1
9,3,0,0,1,12,0,1,5,0,49.0,0,1
43,8,2,0,0,12,1,0,5,0,28.5,1,1
31,7,1,0,1,12,2,1,5,0,67.0,0,1
9,3,0,0,1,12,0,0,5,1,44.0,0,1
9,3,0,0,1,12,2,1,5,1,31.0,0,1
9,3,0,0,1,12,1,0,5,0,16.0,0,1
49,0,2,0,0,12,0,0,5,0,30.6,1,1
31,7,1,0,1,12,0,1,5,0,41.0,0,1
20,19,1,1,1,12,0,1,0,1,76.0,0,1
31,7,1,0,1,12,0,1,2,1,17.0,0,1
8,3,0,0,1,12,0,1,5,0,17.25,1,1
9,3,0,0,1,3,0,1,5,1,32.0,0,1
16,19,1,0,1,12,1,1,5,1,15.0,1,1
32,10,2,0,1,12,0,1,5,0,66.0,0,1
16,19,1,0,1,12,0,1,5,0,33.0,0,1
8,3,0,0,1,12,0,1,2,1,17.0,0,1
47,29,2,0,0,12,0,1,5,1,31.0,0,1
31,7,1,0,1,12,2,0,5,1,34.0,0,1
32,10,2,0,1,12,0,0,5,0,25.0,0,1
30,28,1,0,1,12,2,1,5,0,27.0,0,1
13,5,1,1,1,12,0,1,5,1,43.0,0,1
3,26,0,0,1,12,2,1,5,0,30.0,0,1
8,3,0,0,1,12,2,0,2,0,24.0,0,1
32,10,2,0,1,12,0,1,5,0,28.0,0,1
31,7,1,0,1,12,2,1,5,0,20.0,0,1
2,18,0,0,1,12,0,1,5,1,40.0,0,1
9,3,0,0,1,12,0,1,5,0,29.0,0,1
9,3,0,0,1,12,0,0,5,1,34.0,0,1
9,3,0,0,1,12,1,0,0,3,36.0,0,1
32,10,2,0,1,12,0,1,5,3,61.0,0,1
31,7,1,0,1,12,0,1,5,1,54.0,0,1
20,19,1,1,1,12,0,1,2,3,54.0,0,1
9,3,0,0,1,12,0,1,5,0,34.0,0,1
20,19,1,1,1,12,0,0,5,0,40.0,0,1
33,10,2,0,1,5,0,1,5,3,45.0,0,1
32,10,2,0,1,12,0,0,5,0,30.0,0,1
33,10,2,0,1,12,0,1,0,0,35.0,0,1
32,10,2,0,1,12,0,1,5,0,36.0,0,1
9,3,0,0,1,12,0,1,5,0,24.0,0,1
9,3,0,0,1,12,0,0,5,3,32.0,0,1
9,3,0,0,1,12,0,1,0,1,41.0,0,1
16,19,1,0,1,5,0,1,5,0,28.0,0,1
32,10,2,0,1,12,0,0,5,0,29.0,0,1
8,3,0,0,1,5,0,1,5,0,27.0,0,1
8,3,0,0,1,5,0,1,5,0,45.0,0,1
8,3,0,0,1,12,0,1,0,1,30.0,0,1
32,10,2,0,1,12,0,1,5,3,35.0,0,1
9,3,0,0,1,12,0,1,0,1,35.0,0,1
31,7,1,0,1,12,0,1,5,0,25.0,0,1
40,30,2,0,1,12,0,1,4,3,56.0,0,1
32,10,2,0,1,12,0,1,5,0,45.0,0,1
32,10,2,0,1,12,0,1,5,0,22.0,0,1
18,19,1,1,1,5,0,1,5,0,42.0,0,1
9,3,0,0,1,12,0,1,2,1,37.0,0,1
19,19,1,0,1,12,0,1,5,0,30.0,0,1
9,3,0,0,1,12,0,1,5,0,42.0,0,1
32,10,2,0,1,12,0,1,5,0,40.0,0,1
32,10,2,0,1,12,0,0,0,3,23.0,0,1
8,3,0,0,1,12,0,0,5,3,55.0,0,1
7,25,1,1,1,12,0,1,2,1,37.0,0,1
16,19,1,0,1,12,0,0,5,3,31.0,0,1
16,19,1,0,1,12,0,1,0,1,43.0,0,1
9,3,0,0,1,12,0,1,5,0,40.0,0,1
31,7,1,0,1,12,0,1,5,1,23.0,1,1
32,10,2,0,1,12,0,1,5,1,28.0,0,1
32,10,2,0,1,12,0,0,4,0,41.0,0,1
32,10,2,0,1,12,0,1,5,0,44.0,0,1
33,10,2,0,1,12,1,1,5,0,31.666666666666668,1,1
31,7,1,0,1,12,0,1,5,0,34.0,0,1
9,3,0,0,1,12,0,1,0,1,48.0,0,1
32,10,2,0,1,12,0,1,5,3,24.0,0,1
32,10,2,0,1,5,0,1,5,1,43.0,0,1
9,3,0,0,1,12,0,0,5,1,31.0,0,1
32,10,2,0,1,12,0,0,0,0,30.0,1,1
10,3,0,0,1,1,1,1,5,3,53.0,0,1
32,10,2,0,1,12,0,0,0,1,31.0,0,1
9,3,0,0,1,12,0,1,5,1,49.0,0,1
8,3,0,0,1,12,0,1,4,0,39.0,0,1
21,21,1,1,1,12,0,1,0,0,22.0,0,1
30,28,1,0,1,3,0,1,5,0,18.5,1,1
8,3,0,0,1,12,0,1,5,0,36.0,0,1
9,3,0,0,1,12,1,1,5,0,40.0,0,1
32,10,2,0,1,12,0,1,5,1,26.0,0,1
8,3,0,0,1,0,0,1,5,3,58.0,0,1
9,3,0,0,1,12,1,1,2,1,38.0,0,1
8,3,0,0,1,12,1,1,5,3,33.0,0,1
9,3,0,0,1,12,0,1,5,0,24.0,0,1
8,3,0,0,1,12,2,1,5,0,19.0,0,1
31,7,1,0,1,12,0,0,5,0,53.0,0,1
32,10,2,0,1,12,0,0,5,0,34.0,0,1
8,3,0,0,1,12,0,1,4,0,29.0,0,1
8,3,0,0,1,12,0,1,5,0,31.0,0,1
30,28,1,0,1,12,0,1,5,3,21.0,0,1
8,3,0,0,1,12,0,1,5,3,37.0,0,1
40,30,2,0,1,12,0,1,5,0,18.0,0,1
32,10,2,0,1,12,0,1,5,0,38.0,0,1
32,10,2,0,1,12,0,1,5,0,32.0,0,1
18,19,1,1,1,12,0,0,5,1,41.0,0,1
32,10,2,0,1,12,0,1,5,0,56.0,0,1
31,7,1,0,1,12,0,0,5,3,27.0,0,1
9,3,0,0,1,12,0,0,2,1,21.0,0,1
9,3,0,0,1,12,0,1,5,0,26.0,0,1
32,10,2,0,1,5,0,0,5,0,21.0,0,1
32,10,2,0,1,12,0,0,5,0,43.0,0,1
32,10,2,0,1,12,0,0,5,1,28.0,0,1
31,7,1,0,1,12,0,0,4,0,24.0,0,1
32,10,2,0,1,12,0,1,5,1,29.0,0,1
30,28,1,0,1,3,0,1,5,0,41.0,0,1
32,10,2,0,1,12,0,0,5,0,28.0,0,1
33,10,2,0,1,12,0,1,4,3,34.0,0,1
40,30,2,0,1,3,0,1,4,3,41.0,0,1
32,10,2,0,1,3,0,0,5,0,48.0,0,1
9,3,0,0,1,12,0,1,5,1,39.0,0,1
8,3,0,0,1,12,0,1,2,0,18.0,0,1
30,28,1,0,1,12,0,1,5,1,29.0,0,1
13,5,1,1,1,5,0,1,5,3,33.0,0,1
32,10,2,0,1,12,0,1,5,3,47.5,1,1
8,3,0,0,1,12,0,1,5,1,24.0,0,1
21,21,1,1,1,12,0,1,5,0,27.0,0,1
9,3,0,0,1,12,0,1,0,3,25.0,0,1
9,3,0,0,1,12,0,1,5,0,26.0,0,1
32,10,2,0,1,12,0,1,5,0,43.0,0,1
33,10,2,0,1,12,0,1,5,3,29.0,0,1
33,10,2,0,1,12,0,0,5,0,31.0,0,1
9,3,0,0,1,12,0,1,5,3,51.0,0,1
16,19,1,0,1,12,0,1,2,1,27.0,0,1
8,3,0,0,1,12,0,1,2,0,15.0,0,1
13,5,1,1,1,12,0,0,5,0,28.0,0,1
32,10,2,0,1,5,0,1,1,0,27.5,1,1
9,3,0,0,1,12,0,0,5,3,38.0,0,1
32,10,2,0,1,12,0,1,5,0,53.0,0,1
31,7,1,0,1,12,0,1,0,1,53.0,0,1
9,3,0,0,1,12,0,0,5,0,29.0,0,1
31,7,1,0,1,12,1,1,5,1,26.0,0,1
9,3,0,0,1,12,1,1,4,0,57.0,0,1
9,3,0,0,1,12,1,1,5,0,29.0,0,1
9,3,0,0,1,12,1,0,5,1,31.0,0,1
32,10,2,0,1,12,0,1,0,1,22.0,0,1
31,7,1,0,1,12,0,1,5,1,46.0,0,1
9,3,0,0,1,12,1,0,5,3,24.0,0,1
8,3,0,0,1,12,0,1,5,0,61.0,0,1
33,10,2,0,1,12,1,1,0,0,42.0,0,1
9,3,0,0,1,12,2,0,5,3,25.0,0,1
7,25,1,1,1,3,1,1,5,0,31.0,0,1
8,3,0,0,1,0,0,1,5,3,64.0,0,1
16,19,1,0,1,12,1,0,5,3,43.0,0,1
11,2,1,0,1,12,0,0,5,0,37.0,0,1
8,3,0,0,1,12,0,1,5,0,41.0,0,1
31,7,1,0,1,12,2,1,5,1,30.0,0,1
9,3,0,0,1,12,2,1,2,1,13.0,0,1
9,3,0,0,1,12,0,1,5,0,32.0,0,1
9,3,0,0,1,12,2,0,5,0,19.0,0,1
30,28,1,0,1,12,2,1,5,0,32.0,0,1
16,19,1,0,1,12,0,1,2,1,59.0,1,1
9,3,0,0,1,12,0,1,5,0,33.0,0,1
40,30,2,0,1,3,0,1,5,0,26.0,0,1
9,3,0,0,1,12,0,0,5,1,24.0,0,1
31,7,1,0,1,12,0,1,5,3,47.0,0,1
9,3,0,0,1,12,0,1,5,3,25.0,0,1
32,10,2,0,1,12,0,1,5,0,50.0,0,1
9,3,0,0,1,12,2,1,5,0,33.0,0,1
13,5,1,1,1,12,0,1,5,3,49.0,0,1
9,3,0,0,1,12,1,1,5,1,46.0,1,1
3,26,0,0,1,12,2,1,5,1,35.0,0,1
39,4,1,1,1,12,0,0,5,0,36.0,0,1
13,5,1,1,1,12,1,1,5,0,21.0,0,1
32,10,2,0,1,12,0,1,5,0,28.0,0,1
9,3,0,0,1,12,2,1,5,0,13.0,0,1
9,3,0,0,1,12,0,1,5,0,24.5,1,1
32,10,2,0,1,12,2,1,5,0,17.0,0,1
29,11,1,1,1,12,0,1,4,3,50.0,0,1
9,3,0,0,1,12,2,1,5,0,17.0,0,1
32,10,2,0,1,12,0,1,5,0,53.0,0,1
9,3,0,0,1,12,0,0,5,0,26.0,0,1
9,3,0,0,1,12,0,1,5,0,45.0,0,1
9,3,0,0,1,12,0,0,5,0,42.0,0,1
9,3,0,0,1,12,0,1,5,0,38.0,0,1
40,30,2,0,1,12,0,1,5,0,21.0,0,1
9,3,0,0,1,12,0,0,5,0,19.0,0,1
9,3,0,0,1,12,1,1,5,1,33.0,0,1
9,3,0,0,1,12,1,0,5,0,59.0,0,1
9,3,0,0,1,12,0,1,5,0,34.0,0,1
9,3,0,0,1,12,0,1,5,0,33.0,0,1
9,3,0,0,1,0,0,1,5,0,33.0,0,1
9,3,0,0,1,12,0,1,5,0,32.0,0,1
9,3,0,0,1,12,1,0,5,0,14.0,0,1
9,3,0,0,1,12,2,1,5,0,17.0,0,1
9,3,0,0,1,0,0,1,5,1,28.0,0,1
9,3,0,0,1,12,1,1,5,0,56.0,0,1
9,3,0,0,1,12,2,1,5,0,16.5,1,1
9,3,0,0,1,12,0,1,5,0,43.0,0,1
9,3,0,0,1,12,0,0,5,2,48.0,0,1
44,9,2,0,0,12,0,1,5,2,60.0,0,1
8,3,0,0,1,12,2,1,5,2,24.0,0,1
32,10,2,0,1,12,0,1,5,0,22.0,0,1
13,5,1,1,1,12,2,1,5,2,24.0,0,1
16,19,1,0,1,12,2,1,2,1,41.0,0,1
9,3,0,0,1,12,0,1,2,1,46.0,0,1
9,3,0,0,1,12,0,1,5,0,46.0,0,1
8,3,0,0,1,12,2,0,5,1,49.0,0,1
30,28,1,0,1,12,0,1,5,0,35.0,0,1
33,10,2,0,1,12,2,1,5,1,34.0,0,1
8,3,0,0,1,12,0,1,5,0,39.0,0,1
8,3,0,0,1,12,0,1,5,1,66.0,0,1
9,3,0,0,1,12,0,0,5,0,40.0,0,1
8,3,0,0,1,3,0,1,5,1,40.0,0,1
16,19,1,0,1,12,1,1,0,1,29.0,0,1
9,3,0,0,1,12,0,1,5,0,27.0,0,1
32,10,2,0,1,12,0,1,0,1,49.0,0,1
16,19,1,0,1,12,2,0,0,0,40.0,1,1
8,3,0,0,1,12,0,1,0,1,41.0,0,1
32,10,2,0,1,12,0,0,0,1,40.0,0,1
8,3,0,0,1,12,0,1,5,1,23.0,0,1
9,3,0,0,1,12,0,1,0,1,47.0,0,1
16,19,1,0,1,12,0,1,0,1,38.0,0,1
9,3,0,0,1,12,0,1,0,1,25.0,0,1
16,19,1,0,1,12,0,1,0,1,61.0,0,1
9,3,0,0,1,12,0,0,0,1,21.0,0,1
9,3,0,0,1,12,2,0,0,1,19.0,0,1
40,30,2,0,1,12,2,1,5,1,27.0,0,1
9,3,0,0,1,12,0,1,0,1,43.0,0,1
32,10,2,0,1,12,1,0,5,1,12.0,0,1
32,10,2,0,1,12,0,0,5,1,29.0,0,1
9,3,0,0,1,12,2,0,5,1,42.0,0,1
31,7,1,0,1,12,0,1,0,1,57.0,0,1
32,10,2,0,1,12,0,0,5,1,33.0,0,1
33,10,2,0,1,12,0,0,0,1,36.0,0,1
16,19,1,0,1,12,0,0,5,1,43.0,0,1
9,3,0,0,1,12,0,1,0,1,38.0,0,1
9,3,0,0,1,12,2,1,0,1,32.0,0,1
16,19,1,0,1,12,1,1,5,1,23.0,0,1
8,3,0,0,1,5,2,1,1,1,31.0,0,1
40,30,2,0,1,3,2,1,0,1,25.0,0,1
8,3,0,0,1,1,0,1,0,1,21.0,0,1
8,3,0,0,1,12,2,1,0,1,28.0,0,1
40,30,2,0,1,3,0,1,0,1,21.0,0,1
16,19,1,0,1,12,1,0,0,1,19.5,1,1
9,3,0,0,1,12,0,1,0,1,40.0,0,1
13,5,1,1,1,5,0,1,0,1,24.0,0,1
16,19,1,0,1,12,0,1,0,1,38.0,0,1
9,3,0,0,1,12,0,1,0,1,29.0,0,1
16,19,1,0,1,12,0,1,0,1,31.0,0,1
9,3,0,0,1,12,2,1,5,0,31.0,0,1
9,3,0,0,1,12,0,1,5,1,59.0,0,1
30,28,1,0,1,12,0,1,5,1,34.0,0,1
8,3,0,0,1,5,2,1,0,1,38.0,0,1
8,3,0,0,1,0,0,0,0,1,44.0,0,1
9,3,0,0,1,12,0,1,0,1,35.0,0,1
32,10,2,0,1,12,0,1,5,1,30.0,0,1
31,7,1,0,1,12,0,1,0,1,41.0,0,1
9,3,0,0,1,12,2,1,0,1,34.0,0,1
9,3,0,0,1,12,2,0,5,1,32.0,0,1
32,10,2,0,1,12,0,0,5,0,20.0,0,1
8,3,0,0,1,12,0,1,0,1,40.0,0,1
16,19,1,0,1,12,1,1,0,1,24.0,0,1
9,3,0,0,1,12,0,1,0,1,21.0,0,1
8,3,0,0,1,12,0,1,0,1,30.0,0,1
16,19,1,0,1,12,0,1,0,1,32.0,0,1
9,3,0,0,1,12,0,1,0,1,43.0,0,1
16,19,1,0,1,12,2,0,0,1,40.0,0,1
10,3,0,0,1,12,0,1,5,1,23.0,0,1
16,19,1,0,1,12,0,1,0,1,45.0,0,1
40,30,2,0,1,3,0,1,0,1,17.0,0,1
8,3,0,0,1,12,0,1,0,1,19.0,0,1
8,3,0,0,1,12,0,0,5,1,48.0,0,1
32,10,2,0,1,12,1,1,4,0,30.0,0,1
9,3,0,0,1,12,1,0,5,1,57.0,0,1
9,3,0,0,1,12,0,1,0,1,29.0,0,1
33,10,2,0,1,12,2,0,5,1,43.0,0,1
33,10,2,0,1,12,0,0,5,1,36.0,0,1
9,3,0,0,1,12,1,1,0,1,47.0,0,1
47,29,2,0,0,12,2,1,0,1,48.0,1,1
16,19,1,0,1,12,0,0,5,1,23.0,0,1
16,19,1,0,1,12,1,1,0,1,38.0,0,1
9,3,0,0,1,12,0,0,0,1,41.5,1,1
9,3,0,0,1,5,0,0,0,1,38.0,0,1
9,3,0,0,1,12,1,0,0,1,41.0,0,1
31,7,1,0,1,12,2,0,0,0,45.0,0,1
9,3,0,0,1,12,0,0,0,1,37.0,0,1
33,10,2,0,1,12,2,0,0,1,26.0,0,1
16,19,1,0,1,12,2,1,0,1,32.0,0,1
8,3,0,0,1,0,2,0,0,1,28.0,0,1
16,19,1,0,1,12,0,1,0,1,32.0,0,1
32,10,2,0,1,12,0,1,4,0,30.0,0,1
10,3,0,0,1,12,0,1,0,1,25.5,1,1
9,3,0,0,1,12,0,0,0,1,27.0,0,1
16,19,1,0,1,12,2,0,0,1,39.0,0,1
9,3,0,0,1,12,0,1,0,1,26.0,1,1
44,9,2,0,0,12,0,0,5,0,22.5,1,1
9,3,0,0,1,12,2,1,0,1,18.0,0,1
32,10,2,0,1,12,0,1,5,1,54.0,0,1
32,10,2,0,1,12,2,0,0,1,25.0,0,1
2,18,0,0,1,12,0,1,0,1,39.0,0,1
9,3,0,0,1,12,0,1,0,1,57.0,0,1
20,19,1,1,1,5,2,1,0,1,58.0,0,1
32,10,2,0,1,12,0,0,0,1,37.0,0,1
9,3,0,0,1,12,0,1,0,0,56.0,0,1
16,19,1,0,1,12,0,0,0,1,38.0,0,1
9,3,0,0,1,12,0,0,0,1,22.0,0,1
9,3,0,0,1,12,0,0,0,1,34.0,0,1
9,3,0,0,1,12,0,1,5,1,22.0,0,1
32,10,2,0,1,12,0,1,0,0,34.0,0,1
9,3,0,0,1,12,0,1,5,1,54.0,0,1
31,7,1,0,1,12,0,0,0,1,36.0,0,1
33,10,2,0,1,12,0,0,0,1,35.0,0,1
33,10,2,0,1,12,0,1,0,1,55.0,0,1
32,10,2,0,1,12,2,1,5,1,23.0,0,1
9,3,0,0,1,12,0,1,2,1,64.0,0,1
9,3,0,0,1,12,1,1,0,1,49.0,0,1
9,3,0,0,1,12,0,0,0,1,68.0,0,1
8,3,0,0,1,5,0,1,5,1,45.0,0,1
33,10,2,0,1,12,0,0,5,0,39.0,0,1
32,10,2,0,1,12,0,1,5,1,33.0,0,1
8,3,0,0,1,12,2,0,5,3,44.0,0,1
30,28,1,0,1,12,0,0,5,1,47.0,0,1
31,7,1,0,1,12,0,1,4,1,24.0,0,1
32,10,2,0,1,12,0,1,5,0,30.0,0,1
16,19,1,0,1,12,0,0,5,0,44.0,0,1
16,19,1,0,1,12,0,1,5,1,37.0,0,1
32,10,2,0,1,12,0,1,5,0,34.0,0,1
32,10,2,0,1,12,0,1,5,0,51.0,0,1
32,10,2,0,1,12,0,1,5,1,55.0,0,1
31,7,1,0,1,12,0,1,5,0,39.0,0,1
32,10,2,0,1,12,0,1,5,1,33.0,0,1
32,10,2,0,1,12,0,1,5,0,33.0,0,1
13,5,1,1,1,12,0,1,5,0,45.0,0,1
16,19,1,0,1,5,0,1,5,1,37.0,0,1
9,3,0,0,1,12,0,1,5,0,29.0,0,1
9,3,0,0,1,12,0,1,5,1,33.0,0,1
9,3,0,0,1,12,0,1,5,1,43.0,0,1
8,3,0,0,1,12,0,0,5,1,36.0,0,1
9,3,0,0,1,12,0,0,5,0,30.0,0,1
40,30,2,0,1,1,0,1,5,0,41.0,0,1
32,10,2,0,1,12,0,0,5,0,51.0,0,1
8,3,0,0,1,12,0,1,5,1,61.0,0,1
9,3,0,0,1,12,0,0,5,0,45.0,0,1
13,5,1,1,1,12,0,1,5,1,55.0,0,1
30,28,1,0,1,12,0,1,5,0,35.333333333333336,1,1
16,19,1,0,1,12,0,1,5,0,27.0,0,1
32,10,2,0,1,12,0,1,5,1,44.0,0,1
32,10,2,0,1,12,0,1,5,0,35.0,0,1
8,3,0,0,1,8,0,0,5,0,32.0,0,1
32,10,2,0,1,12,0,0,5,1,45.0,0,1
16,19,1,0,1,12,0,1,5,0,45.0,0,1
31,7,1,0,1,12,0,1,5,0,47.0,0,1
8,3,0,0,1,12,0,1,5,0,31.0,0,1
9,3,0,0,1,12,0,1,5,1,47.0,0,1
18,19,1,1,1,12,0,0,5,0,31.0,0,1
9,3,0,0,1,12,0,1,5,0,36.0,0,1
8,3,0,0,1,12,0,0,5,0,25.0,0,1
9,3,0,0,1,12,0,1,5,0,56.0,0,1
32,10,2,0,1,12,0,0,5,0,25.0,0,1
16,19,1,0,1,12,0,1,5,3,30.0,0,1
9,3,0,0,1,12,0,1,5,0,54.0,0,1
16,19,1,0,1,12,0,1,5,0,43.0,0,1
8,3,0,0,1,12,0,1,5,0,36.0,0,1
9,3,0,0,1,12,0,1,5,0,55.0,0,1
13,5,1,1,1,12,0,0,5,0,31.0,0,1
9,3,0,0,1,12,0,1,5,1,47.0,0,1
30,28,1,0,1,12,0,1,5,0,33.0,0,1
18,19,1,1,1,12,0,1,5,0,32.0,0,1
32,10,2,0,1,12,2,1,5,0,52.0,0,1
22,6,1,0,1,12,0,1,5,1,43.0,0,1
2,18,0,0,1,12,0,1,5,0,31.0,0,1
32,10,2,0,1,12,0,1,5,0,36.0,0,1
32,10,2,0,1,12,0,0,5,0,25.0,0,1
8,3,0,0,1,12,0,0,5,0,33.0,0,1
32,10,2,0,1,12,2,1,5,0,38.0,0,1
32,10,2,0,1,12,0,1,5,0,46.0,0,1
16,19,1,0,1,12,0,1,5,3,28.0,0,1
9,3,0,0,1,12,0,1,5,0,24.0,0,1
32,10,2,0,1,12,0,1,5,0,33.0,0,1
8,3,0,0,1,12,0,0,5,0,42.0,0,1
13,5,1,1,1,12,2,1,5,0,45.0,0,1
2,18,0,0,1,12,0,1,5,0,36.0,0,1
16,19,1,0,1,1,0,1,5,0,25.0,0,1
40,30,2,0,1,1,0,1,5,0,21.0,0,1
13,5,1,1,1,12,0,1,5,0,45.0,0,1
32,10,2,0,1,12,0,0,0,0,39.0,0,1
8,3,0,0,1,12,0,1,5,0,26.0,0,1
16,19,1,0,1,12,0,1,5,0,30.0,0,1
40,30,2,0,1,12,0,1,5,0,18.0,0,1
9,3,0,0,1,12,0,1,5,1,59.0,0,1
9,3,0,0,1,12,0,1,5,0,53.0,0,1
9,3,0,0,1,12,0,0,5,0,30.5,1,1
32,10,2,0,1,12,0,1,0,0,38.0,0,1
19,19,1,0,1,12,2,1,5,0,52.0,0,1
2,18,0,0,1,12,0,1,5,0,39.0,0,1
9,3,0,0,1,12,0,1,5,1,33.0,0,1
8,3,0,0,1,12,0,0,5,0,36.0,0,1
30,28,1,0,1,12,0,1,5,0,39.0,0,1
30,28,1,0,1,12,0,1,5,1,44.0,0,1
8,3,0,0,1,12,0,1,5,0,33.0,0,1
8,3,0,0,1,3,0,1,5,0,25.0,0,1
8,3,0,0,1,12,0,1,5,0,34.0,0,1
32,10,2,0,1,3,0,1,5,1,50.0,0,1
13,5,1,1,1,12,0,1,5,0,41.0,0,1
32,10,2,0,1,12,0,1,5,1,39.0,0,1
8,3,0,0,1,12,0,0,5,1,29.0,0,1
32,10,2,0,1,1,0,1,5,0,26.0,0,1
32,10,2,0,1,12,0,0,5,0,28.0,0,1
8,3,0,0,1,5,0,0,5,0,21.0,0,1
32,10,2,0,1,12,0,1,5,0,29.0,0,1
32,10,2,0,1,12,0,0,5,0,19.0,0,1
16,19,1,0,1,12,0,1,5,0,38.0,1,1
9,3,0,0,1,12,0,1,5,0,20.0,0,1
32,10,2,0,1,12,0,1,5,0,40.0,0,1
9,3,0,0,1,12,0,0,5,0,59.0,0,1
16,19,1,0,1,12,0,1,5,1,41.0,0,1
2,18,0,0,1,12,0,1,1,1,49.0,0,1
16,19,1,0,1,12,0,0,5,0,41.0,0,1
9,3,0,0,1,12,0,1,5,0,18.0,0,1
9,3,0,0,1,12,0,1,5,0,27.0,0,1
13,5,1,1,1,12,0,1,2,1,27.0,0,1
32,10,2,0,1,12,0,1,5,0,48.0,0,1
31,7,1,0,1,12,0,1,5,1,34.0,0,1
32,10,2,0,1,12,0,1,5,0,33.0,0,1
2,18,0,0,1,12,0,1,5,0,28.0,0,1
32,10,2,0,1,12,0,0,5,0,42.0,0,1
32,10,2,0,1,12,0,0,5,0,32.0,0,1
32,10,2,0,1,12,0,0,5,0,32.0,0,1
8,3,0,0,1,12,0,1,5,0,25.0,0,1
32,10,2,0,1,12,0,0,5,0,42.0,0,1
16,19,1,0,1,12,0,1,5,0,26.0,0,1
31,7,1,0,1,12,2,1,5,3,28.0,0,1
9,3,0,0,1,12,0,0,5,0,23.0,0,1
32,10,2,0,1,12,2,1,5,0,33.0,0,1
9,3,0,0,1,12,0,1,5,0,34.0,0,1
8,3,0,0,1,1,0,1,5,0,19.0,0,1
31,7,1,0,1,12,0,0,5,0,51.0,0,1
32,10,2,0,1,12,0,1,5,0,31.0,0,1
9,3,0,0,1,12,0,1,5,0,26.0,0,1
32,10,2,0,1,12,0,1,5,1,49.0,0,1
32,10,2,0,1,12,0,1,5,0,32.0,0,1
8,3,0,0,1,12,2,1,5,0,19.0,0,1
32,10,2,0,1,12,0,1,5,0,33.0,0,1
32,10,2,0,1,12,0,0,5,0,29.5,1,1
9,3,0,0,1,12,0,1,5,0,35.0,0,1
9,3,0,0,1,12,0,1,5,1,40.0,0,1
13,5,1,1,1,12,0,1,5,0,51.0,0,1
32,10,2,0,1,12,0,1,5,0,37.0,0,1
2,18,0,0,1,12,0,1,5,0,23.0,0,1
16,19,1,0,1,0,0,0,5,0,24.0,0,1
9,3,0,0,1,12,0,1,5,1,31.0,0,1
13,5,1,1,1,5,0,1,5,0,30.0,0,1
20,19,1,1,1,12,0,1,5,0,69.0,0,1
9,3,0,0,1,12,0,0,5,1,37.0,0,1
32,10,2,0,1,12,0,1,5,0,48.0,0,1
8,3,0,0,1,12,0,1,5,0,19.0,0,1
9,3,0,0,1,12,0,1,2,1,28.0,0,1
32,10,2,0,1,12,0,1,5,1,34.0,0,1
8,3,0,0,1,3,0,1,5,0,36.0,0,1
32,10,2,0,1,12,0,1,5,0,30.0,0,1
32,10,2,0,1,12,0,1,5,0,36.0,0,1
31,7,1,0,1,12,0,1,5,0,29.0,0,1
9,3,0,0,1,12,0,1,5,0,37.0,0,1
32,10,2,0,1,12,0,0,5,0,48.0,0,1
30,28,1,0,1,12,0,1,5,0,56.0,0,1
13,5,1,1,1,12,0,0,5,0,37.0,0,1
32,10,2,0,1,12,0,1,5,0,62.0,0,1
16,19,1,0,1,12,0,1,5,0,27.0,0,1
10,3,0,0,1,12,0,1,5,0,28.0,0,1
32,10,2,0,1,12,0,0,5,0,44.0,0,1
16,19,1,0,1,12,0,0,5,1,71.0,0,1
9,3,0,0,1,12,0,1,5,0,37.0,0,1
16,19,1,0,1,12,0,1,5,3,30.0,0,1
8,3,0,0,1,12,0,1,5,0,33.0,0,1
13,5,1,1,1,12,0,1,5,1,39.0,0,1
30,28,1,0,1,12,0,1,5,1,39.0,0,1
31,7,1,0,1,12,0,1,5,0,41.0,0,1
8,3,0,0,1,12,0,1,5,0,41.0,0,1
32,10,2,0,1,12,0,1,5,1,24.0,0,1
32,10,2,0,1,12,0,1,5,1,35.0,0,1
20,19,1,1,1,12,0,1,5,1,53.0,0,1
30,28,1,0,1,12,0,0,5,0,26.5,1,1
18,19,1,1,1,12,0,1,5,0,52.0,0,1
30,28,1,0,1,12,0,1,5,0,41.0,0,1
13,5,1,1,1,12,0,0,5,0,30.0,0,1
2,18,0,0,1,12,0,0,5,0,55.5,1,1
16,19,1,0,1,12,0,1,5,0,27.0,0,1
23,14,1,1,1,12,0,1,5,0,43.0,0,1
32,10,2,0,1,12,0,1,5,0,31.0,0,1
32,10,2,0,1,12,0,1,5,0,48.0,0,1
9,3,0,0,1,12,0,1,5,0,58.0,0,1
32,10,2,0,1,12,0,1,5,0,41.0,0,1
31,7,1,0,1,12,2,1,5,0,33.0,0,1
8,3,0,0,1,12,0,0,5,0,51.0,0,1
9,3,0,0,1,12,0,1,5,0,53.0,0,1
8,3,0,0,1,12,0,1,5,0,58.0,0,1
32,10,2,0,1,12,0,0,5,0,35.0,0,1
49,0,2,0,0,12,2,1,4,3,23.0,0,1
31,7,1,0,1,12,0,1,5,0,20.0,0,1
8,3,0,0,1,12,2,0,5,0,39.0,0,1
8,3,0,0,1,12,0,0,5,0,50.0,0,1
9,3,0,0,1,12,0,1,5,0,22.0,0,1
9,3,0,0,1,12,0,0,5,0,43.0,0,1
49,0,2,0,0,12,2,1,5,0,34.0,0,1
13,5,1,1,1,12,0,1,5,0,48.0,0,1
8,3,0,0,1,3,2,1,5,0,18.0,0,1
32,10,2,0,1,12,2,0,5,0,29.0,0,1
8,3,0,0,1,12,0,1,5,0,24.0,0,1
9,3,0,0,1,12,0,0,5,0,27.0,0,1
9,3,0,0,1,12,0,1,5,0,24.0,0,1
9,3,0,0,1,12,0,1,5,1,25.0,0,1
8,3,0,0,1,12,0,1,5,0,58.0,0,1
9,3,0,0,1,12,0,0,5,0,50.0,0,1
9,3,0,0,1,12,2,0,5,0,35.0,0,1
9,3,0,0,1,12,0,1,5,0,41.0,0,1
13,5,1,1,1,12,0,0,5,0,56.0,0,1
16,19,1,0,1,12,2,1,5,1,67.0,0,1
32,10,2,0,1,12,2,0,5,0,26.0,0,1
16,19,1,0,1,12,2,1,5,1,40.0,0,1
10,3,0,0,1,12,2,1,5,0,33.0,0,1
32,10,2,0,1,12,2,1,5,0,34.0,0,1
32,10,2,0,1,12,2,1,5,0,48.0,0,1
22,6,1,0,1,12,2,1,5,1,47.0,0,1
31,7,1,0,1,12,2,0,5,0,75.0,0,1
9,3,0,0,1,12,2,0,0,1,20.0,0,1
16,19,1,0,1,12,2,1,5,0,56.0,0,1
16,19,1,0,1,12,2,0,4,1,38.5,1,1
8,3,0,0,1,12,2,1,5,0,18.0,0,1
32,10,2,0,1,12,2,1,5,0,66.0,0,1
32,10,2,0,1,12,2,0,5,3,27.0,0,1
25,14,1,1,1,3,2,0,5,0,29.0,0,1
32,10,2,0,1,12,2,1,5,1,19.0,0,1
16,19,1,0,1,12,2,1,5,1,41.0,0,1
9,3,0,0,1,12,2,0,2,0,29.0,0,1
8,3,0,0,1,3,2,1,2,1,26.0,0,1
9,3,0,0,1,12,2,0,5,1,37.0,0,1
8,3,0,0,1,12,2,1,2,1,29.0,0,1
9,3,0,0,1,12,2,0,5,1,35.0,0,1
32,10,2,0,1,12,2,1,5,1,43.0,0,1
9,3,0,0,1,12,2,0,5,0,29.0,0,1
49,0,2,0,0,5,0,1,0,3,23.0,0,1
13,5,1,1,1,12,0,1,5,0,50.0,0,1
13,5,1,1,1,12,0,1,5,0,48.0,0,1
13,5,1,1,1,12,0,1,5,0,41.5,1,1
13,5,1,1,1,12,0,1,5,0,34.0,0,1
16,19,1,0,1,12,1,0,5,0,50.0,0,1
9,3,0,0,1,12,0,1,5,0,45.0,0,1
9,3,0,0,1,12,0,0,5,0,45.0,0,1
40,30,2,0,1,12,0,1,2,1,26.0,0,1
9,3,0,0,1,12,0,1,5,0,40.0,0,1
30,28,1,0,1,12,0,1,5,0,28.0,0,1
8,3,0,0,1,12,0,1,5,1,31.0,0,1
33,10,2,0,1,5,0,1,5,0,26.0,0,1
32,10,2,0,1,12,0,1,5,0,33.0,0,1
32,10,2,0,1,12,0,1,5,0,46.0,0,1
8,3,0,0,1,12,0,1,5,0,25.0,0,1
33,10,2,0,1,12,0,1,5,1,43.0,0,1
8,3,0,0,1,5,0,0,2,1,36.0,0,1
9,3,0,0,1,12,0,1,2,1,29.0,0,1
40,30,2,0,1,3,0,1,5,0,27.0,0,1
9,3,0,0,1,12,0,0,5,0,24.0,0,1
16,19,1,0,1,12,0,0,5,0,33.0,0,1
31,7,1,0,1,12,0,1,5,0,30.0,0,1
9,3,0,0,1,12,0,1,5,0,32.0,0,1
32,10,2,0,1,12,0,1,5,0,26.0,0,1
30,28,1,0,1,12,2,1,5,0,32.0,0,1
9,3,0,0,1,12,0,1,5,0,38.0,0,1
32,10,2,0,1,12,2,1,5,0,37.0,0,1
8,3,0,0,1,12,0,1,5,0,34.0,0,1
9,3,0,0,1,12,0,1,5,1,23.0,0,1
49,0,2,0,0,12,2,1,5,0,49.0,0,1
8,3,0,0,1,12,0,1,5,1,28.0,0,1
40,30,2,0,1,12,0,1,5,0,24.0,0,1
9,3,0,0,1,12,0,0,2,1,73.0,0,1
40,30,2,0,1,3,0,1,5,0,39.0,0,1
8,3,0,0,1,3,0,0,5,1,47.0,0,1
9,3,0,0,1,12,0,1,2,1,60.0,0,1
32,10,2,0,1,12,0,1,2,1,27.0,0,1
16,19,1,0,1,12,0,0,5,0,64.0,0,1
16,19,1,0,1,12,0,1,5,0,27.0,0,1
20,19,1,1,1,12,0,1,5,1,32.0,0,1
9,3,0,0,1,12,0,0,5,1,30.0,0,1
30,28,1,0,1,12,0,1,5,0,43.0,0,1
32,10,2,0,1,12,2,1,2,1,49.0,0,1
16,19,1,0,1,12,0,0,5,1,21.0,0,1
9,3,0,0,1,12,0,0,5,0,31.0,0,1
32,10,2,0,1,12,2,1,2,1,61.0,0,1
32,10,2,0,1,12,0,1,2,1,23.0,0,1
16,19,1,0,1,12,0,0,5,0,32.0,0,1
47,29,2,0,0,12,0,1,5,0,37.0,0,1
49,0,2,0,0,12,2,0,5,0,50.0,0,1
32,10,2,0,1,12,2,1,5,1,38.0,0,1
17,19,1,1,1,3,0,1,5,0,30.0,0,1
49,0,2,0,0,12,2,1,5,0,26.0,0,1
40,30,2,0,1,12,0,1,5,0,34.0,0,1
32,10,2,0,1,12,0,1,5,0,36.0,0,1
2,18,0,0,1,12,0,1,5,1,24.0,0,1
16,19,1,0,1,12,0,0,2,1,28.0,1,1
13,5,1,1,1,12,0,0,5,0,31.0,1,1
32,10,2,0,1,12,2,1,5,1,36.0,0,1
21,21,1,1,1,12,0,1,5,0,27.0,0,1
32,10,2,0,1,12,2,1,5,0,58.0,0,1
9,3,0,0,1,12,0,0,5,0,34.0,0,1
32,10,2,0,1,12,0,1,2,1,43.0,0,1
9,3,0,0,1,12,0,1,5,0,52.0,0,1
44,9,2,0,0,12,0,1,5,0,32.0,0,1
33,10,2,0,1,8,0,1,5,0,38.0,0,1
29,11,1,1,1,12,2,1,5,0,43.0,0,1
31,7,1,0,1,12,2,0,0,1,36.0,0,1
11,2,1,0,1,12,1,0,5,1,15.0,0,1
49,0,2,0,0,12,0,1,5,0,24.5,1,1
16,19,1,0,1,12,2,0,2,0,21.0,0,1
8,3,0,0,1,12,2,1,0,1,38.0,0,1
29,11,1,1,1,12,2,0,5,1,41.0,0,1
31,7,1,0,1,12,0,1,0,1,25.0,0,1
16,19,1,0,1,12,2,0,0,1,24.0,0,1
9,3,0,0,1,12,0,1,0,1,24.0,0,1
8,3,0,0,1,12,0,1,5,1,39.0,0,1
8,3,0,0,1,3,0,1,5,0,21.0,0,1
9,3,0,0,1,12,0,0,0,1,37.0,0,1
40,30,2,0,1,5,2,1,5,1,42.0,0,1
9,3,0,0,1,12,1,1,5,1,16.0,0,1
9,3,0,0,1,12,0,0,0,1,22.0,0,1
32,10,2,0,1,10,1,1,5,0,17.0,0,1
30,28,1,0,1,12,0,1,5,1,57.0,0,1
9,3,0,0,1,12,1,1,0,1,16.0,0,1
31,7,1,0,1,12,1,1,5,0,14.0,0,1
9,3,0,0,1,12,1,1,5,0,15.0,0,1
31,7,1,0,1,12,0,1,5,0,18.0,0,1
32,10,2,0,1,12,0,1,5,1,57.0,0,1
9,3,0,0,1,12,1,1,0,1,16.0,0,1
30,28,1,0,1,12,1,1,5,1,17.0,0,1
10,3,0,0,1,12,2,1,5,1,34.0,0,1
32,10,2,0,1,12,2,1,5,1,65.0,0,1
7,25,1,1,1,12,0,0,5,0,15.0,0,1
9,3,0,0,1,12,0,0,0,1,18.0,0,1
20,19,1,1,1,12,2,1,0,1,38.0,0,1
9,3,0,0,1,12,0,0,5,1,29.0,0,1
9,3,0,0,1,12,0,1,5,1,60.0,0,1
2,18,0,0,1,12,0,0,5,1,35.0,0,1
32,10,2,0,1,12,0,1,5,0,43.0,0,1
9,3,0,0,1,12,0,1,5,1,60.0,0,1
32,10,2,0,1,12,1,1,0,2,15.0,0,1
32,10,2,0,1,12,1,0,0,1,15.0,0,1
32,10,2,0,1,12,0,0,5,1,40.0,0,1
16,19,1,0,1,12,0,1,0,1,38.0,0,1
8,3,0,0,1,12,0,0,5,1,24.0,0,1
8,3,0,0,1,12,1,1,0,1,16.0,0,1
9,3,0,0,1,12,1,0,5,1,16.0,0,1
8,3,0,0,1,12,0,1,0,1,20.0,0,1
9,3,0,0,1,12,0,1,5,1,26.0,0,1
9,3,0,0,1,12,1,1,0,1,15.0,0,1
9,3,0,0,1,12,1,0,5,1,14.0,0,1
16,19,1,0,1,12,0,1,5,0,20.0,0,1
32,10,2,0,1,12,1,1,0,1,16.0,0,1
40,30,2,0,1,0,0,1,5,0,23.0,0,1
31,7,1,0,1,12,2,1,5,0,32.0,0,1
13,5,1,1,1,12,2,1,0,3,35.0,0,1
32,10,2,0,1,12,0,1,5,0,16.0,0,1
20,19,1,1,1,12,0,1,0,1,29.0,0,1
32,10,2,0,1,12,0,1,5,1,26.0,0,1
8,3,0,0,1,12,0,1,5,1,56.0,0,1
49,0,2,0,0,12,0,1,5,1,38.0,0,1
9,3,0,0,1,12,1,1,4,1,16.0,0,1
9,3,0,0,1,3,1,1,5,0,61.0,1,1
32,10,2,0,1,12,0,0,5,1,36.0,0,1
9,3,0,0,1,12,0,1,0,1,48.0,0,1
9,3,0,0,1,12,0,0,5,1,43.0,0,1
25,14,1,1,1,12,1,1,5,1,32.0,0,1
31,7,1,0,1,12,2,1,5,1,24.0,0,1
9,3,0,0,1,12,2,0,5,1,37.0,0,1
32,10,2,0,1,12,0,1,5,0,56.0,0,1
16,19,1,0,1,12,1,1,5,0,39.0,0,1
9,3,0,0,1,0,1,0,5,1,33.0,0,1
9,3,0,0,1,12,2,0,0,1,17.0,0,1
9,3,0,0,1,12,2,1,5,0,12.0,0,1
16,19,1,0,1,12,1,1,5,0,26.0,0,1
30,28,1,0,1,12,0,1,5,0,31.0,0,1
9,3,0,0,1,12,0,1,5,0,46.0,0,1
10,3,0,0,1,12,2,0,5,0,13.0,0,1
9,3,0,0,1,12,2,1,5,0,13.0,0,1
16,19,1,0,1,12,0,1,4,0,30.0,0,1
9,3,0,0,1,12,2,1,5,0,16.0,0,1
9,3,0,0,1,12,2,0,5,0,14.0,0,1
16,19,1,0,1,12,1,0,5,0,59.0,0,1
32,10,2,0,1,12,2,0,5,0,16.0,1,1
9,3,0,0,1,12,2,0,5,0,15.0,0,1
9,3,0,0,1,12,0,1,2,1,72.0,0,1
24,14,1,1,1,12,0,1,2,2,24.0,0,1
16,19,1,0,1,12,1,0,4,3,48.0,0,1
9,3,0,0,1,12,2,0,5,0,14.0,0,1
9,3,0,0,1,12,0,0,5,0,20.0,0,1
16,19,1,0,1,12,0,1,2,2,38.0,0,1
16,19,1,0,1,12,1,0,5,0,24.0,1,1
9,3,0,0,1,12,0,0,5,1,63.0,0,1
31,7,1,0,1,12,0,1,5,1,58.0,0,1
21,21,1,1,1,12,0,0,4,3,21.0,0,1
9,3,0,0,1,12,2,0,0,1,17.0,0,1
9,3,0,0,1,0,1,1,5,0,29.0,0,1
9,3,0,0,1,12,0,0,5,0,27.0,0,1
21,21,1,1,1,12,0,1,5,1,40.0,0,1
47,29,2,0,0,12,1,0,5,1,40.0,0,1
8,3,0,0,1,5,2,1,5,1,12.0,0,1
9,3,0,0,1,12,2,0,5,0,14.5,1,1
16,19,1,0,1,12,1,1,5,0,28.0,0,1
9,3,0,0,1,12,0,1,0,1,23.0,0,1
16,19,1,0,1,12,1,0,5,0,34.0,0,1
15,19,1,0,1,12,0,1,5,0,46.0,0,1
32,10,2,0,1,12,0,0,5,0,43.0,0,1
9,3,0,0,1,12,0,1,1,1,36.0,0,1
8,3,0,0,1,12,0,1,5,0,24.0,0,1
20,19,1,1,1,12,1,1,5,0,28.0,0,1
16,19,1,0,1,12,0,1,5,0,39.0,0,1
9,3,0,0,1,0,0,1,5,0,38.0,0,1
40,30,2,0,1,1,1,1,5,0,22.0,0,1
13,5,1,1,1,12,0,1,5,0,29.0,0,1
26,14,1,1,1,12,0,1,5,1,30.0,0,1
9,3,0,0,1,12,0,1,5,0,42.0,0,1
9,3,0,0,1,12,0,1,5,0,44.0,0,1
21,21,1,1,1,12,0,1,5,0,31.0,1,1
9,3,0,0,1,0,0,1,5,0,57.0,0,1
16,19,1,0,1,12,1,0,5,0,24.0,0,1
16,19,1,0,1,12,1,1,5,0,47.0,0,1
9,3,0,0,1,12,0,1,4,3,22.0,0,1
9,3,0,0,1,12,0,0,5,0,46.0,0,1
16,19,1,0,1,12,0,0,5,0,29.5,1,1
9,3,0,0,1,12,0,1,5,0,48.0,0,1
29,11,1,1,1,6,0,1,2,1,22.0,0,1
31,7,1,0,1,12,1,0,4,3,18.0,0,1
9,3,0,0,1,12,2,1,5,0,12.0,0,1
16,19,1,0,1,12,1,1,5,0,28.0,0,1
8,3,0,0,1,12,0,1,4,3,32.0,0,1
16,19,1,0,1,12,1,1,5,0,37.0,0,1
9,3,0,0,1,12,2,1,5,0,17.0,0,1
9,3,0,0,1,12,0,1,5,0,41.0,0,1
32,10,2,0,1,12,0,0,5,0,22.0,0,1
9,3,0,0,1,12,2,1,5,0,13.0,1,1
40,30,2,0,1,12,0,1,5,0,27.0,0,1
9,3,0,0,1,12,1,1,5,0,36.0,0,1
16,19,1,0,1,12,0,1,5,0,41.0,0,1
16,19,1,0,1,12,1,0,5,3,37.0,0,1
16,19,1,0,1,12,0,0,2,1,18.0,1,1
9,3,0,0,1,12,2,1,5,0,13.0,0,1
32,10,2,0,1,12,0,1,4,0,26.0,0,1
30,28,1,0,1,12,0,1,5,0,25.0,0,1
16,19,1,0,1,12,1,1,5,0,30.0,0,1
16,19,1,0,1,12,1,1,5,0,36.0,0,1
49,0,2,0,0,12,1,1,5,3,48.0,0,1
32,10,2,0,1,12,0,0,5,0,31.0,0,1
9,3,0,0,1,12,0,1,5,0,30.0,0,1
46,20,2,0,0,3,0,1,5,0,16.5,1,1
16,19,1,0,1,12,1,1,5,0,41.0,0,1
8,3,0,0,1,0,0,1,5,0,33.0,0,1
31,7,1,0,1,12,2,1,5,0,12.0,0,1
32,10,2,0,1,12,0,1,5,0,38.0,0,1
9,3,0,0,1,12,0,1,5,0,32.0,0,1
16,19,1,0,1,12,1,0,5,1,40.0,0,1
9,3,0,0,1,12,0,1,5,0,47.0,0,1
9,3,0,0,1,12,0,1,5,1,72.0,0,1
3,26,0,0,1,12,0,1,5,0,13.0,0,1
20,19,1,1,1,12,1,0,5,0,42.0,0,1
30,28,1,0,1,12,2,1,5,1,15.0,0,1
16,19,1,0,1,12,1,1,5,0,61.0,0,1
8,3,0,0,1,0,1,0,5,1,64.0,0,1
9,3,0,0,1,12,0,0,5,0,40.0,0,1
9,3,0,0,1,12,2,0,4,1,13.0,0,1
9,3,0,0,1,12,0,0,5,3,28.0,0,1
32,10,2,0,1,12,0,1,2,1,56.0,0,1
16,19,1,0,1,12,1,1,5,0,41.0,0,1
9,3,0,0,1,12,0,0,5,0,40.0,0,1
32,10,2,0,1,12,2,0,5,0,14.0,0,1
16,19,1,0,1,12,1,1,5,0,35.0,0,1
9,3,0,0,1,12,2,1,5,0,15.0,0,1
9,3,0,0,1,12,1,1,2,1,45.0,0,1
47,29,2,0,0,12,0,1,4,0,26.0,0,1
31,7,1,0,1,12,0,1,5,0,29.0,0,1
9,3,0,0,1,5,1,1,5,0,26.0,0,1
9,3,0,0,1,12,2,0,5,0,15.0,0,1
9,3,0,0,1,12,1,1,5,0,13.0,0,1
9,3,0,0,1,12,0,0,5,0,24.0,0,1
16,19,1,0,1,12,1,0,5,0,37.0,0,1
13,5,1,1,1,12,0,1,5,0,37.0,0,1
9,3,0,0,1,12,2,1,5,1,15.0,0,1
9,3,0,0,1,12,0,1,5,0,26.0,0,1
9,3,0,0,1,12,2,0,5,0,13.0,0,1
9,3,0,0,1,12,0,1,5,0,27.0,0,1
32,10,2,0,1,12,0,1,5,0,34.0,0,1
9,3,0,0,1,12,0,0,5,1,63.0,0,1
47,29,2,0,0,12,0,1,5,0,21.0,0,1
40,30,2,0,1,5,2,0,5,1,11.0,0,1
21,21,1,1,1,12,0,1,5,0,35.0,0,1
16,19,1,0,1,12,1,0,5,3,28.0,0,1
9,3,0,0,1,12,2,0,5,0,13.0,1,1
40,30,2,0,1,5,2,1,5,1,14.0,0,1
9,3,0,0,1,12,2,0,5,1,14.0,0,1
40,30,2,0,1,3,1,1,5,0,18.0,0,1
30,28,1,0,1,12,0,1,5,1,28.0,0,1
9,3,0,0,1,3,0,1,5,0,24.0,0,1
9,3,0,0,1,12,2,0,5,1,9.0,0,1
16,19,1,0,1,12,0,1,5,0,43.0,0,1
16,19,1,0,1,12,0,1,5,0,34.0,0,1
31,7,1,0,1,12,1,0,5,0,29.0,0,1
16,19,1,0,1,12,0,0,5,0,32.5,1,1
2,18,0,0,1,12,0,1,2,1,21.0,0,1
16,19,1,0,1,12,1,1,2,1,40.0,0,1
6,26,0,0,1,12,2,0,4,3,14.0,0,1
9,3,0,0,1,12,0,1,5,1,59.0,0,1
32,10,2,0,1,12,0,1,4,3,23.0,0,1
16,19,1,0,1,12,0,0,5,0,49.0,0,1
9,3,0,0,1,12,2,0,5,0,15.5,1,1
9,3,0,0,1,12,1,1,5,0,66.0,0,1
9,3,0,0,1,12,2,1,5,3,13.0,0,1
9,3,0,0,1,12,2,0,5,0,12.0,0,1
32,10,2,0,1,12,2,1,5,0,15.0,0,1
9,3,0,0,1,6,0,1,5,0,27.0,0,1
16,19,1,0,1,12,2,1,5,0,16.0,0,1
9,3,0,0,1,12,0,1,4,3,22.0,0,1
40,30,2,0,1,3,0,1,5,0,14.0,0,1
9,3,0,0,1,12,0,1,5,0,20.0,0,1
9,3,0,0,1,12,0,1,4,3,26.0,0,1
9,3,0,0,1,12,0,1,4,3,19.0,0,1
9,3,0,0,1,12,0,1,5,0,28.0,0,1
9,3,0,0,1,12,1,1,5,0,49.0,0,1
31,7,1,0,1,12,0,1,5,0,21.0,0,1
9,3,0,0,1,12,0,1,5,0,48.0,0,1
13,5,1,1,1,12,0,0,5,0,21.0,0,1
16,19,1,0,1,12,1,1,5,0,40.0,0,1
8,3,0,0,1,0,0,1,5,0,41.0,0,1
9,3,0,0,1,12,0,1,5,0,43.0,0,1
9,3,0,0,1,12,0,1,5,1,41.0,0,1
13,5,1,1,1,12,0,1,5,1,18.0,0,1
9,3,0,0,1,12,0,0,5,1,51.0,0,1
9,3,0,0,1,12,0,1,5,1,38.0,0,1
9,3,0,0,1,12,1,0,5,1,24.0,0,1
9,3,0,0,1,12,1,1,4,1,36.0,0,1
16,19,1,0,1,12,1,0,5,0,28.5,1,1
8,3,0,0,1,12,0,0,2,1,13.0,0,1
9,3,0,0,1,12,0,1,4,1,21.0,0,1
8,3,0,0,1,12,1,1,5,1,50.0,0,1
32,10,2,0,1,12,0,1,5,1,29.0,0,1
16,19,1,0,1,12,1,1,5,0,30.0,0,1
31,7,1,0,1,12,1,1,2,1,28.0,0,1
8,3,0,0,1,12,0,0,4,1,34.0,0,1
9,3,0,0,1,12,0,1,5,1,18.0,0,1
9,3,0,0,1,12,0,1,5,1,43.0,0,1
7,25,1,1,1,12,0,0,5,1,32.0,0,1
32,10,2,0,1,12,1,0,5,1,23.0,0,1
9,3,0,0,1,12,1,0,5,1,35.0,0,1
8,3,0,0,1,12,0,1,5,1,46.0,0,1
8,3,0,0,1,12,1,1,5,1,19.0,0,1
9,3,0,0,1,12,1,0,5,3,33.0,0,1
9,3,0,0,1,12,1,0,5,1,44.0,0,1
8,3,0,0,1,12,0,1,2,1,30.0,0,1
30,28,1,0,1,12,1,1,5,1,31.0,0,1
30,28,1,0,1,12,0,0,0,1,31.0,0,1
30,28,1,0,1,12,0,1,4,1,55.0,0,1
9,3,0,0,1,12,1,0,5,1,45.0,0,1
13,5,1,1,1,12,0,0,5,1,23.5,1,1
8,3,0,0,1,12,0,1,5,0,23.0,0,1
8,3,0,0,1,12,0,0,4,1,43.0,0,1
31,7,1,0,1,12,1,0,2,1,27.0,0,1
32,10,2,0,1,12,0,1,5,1,47.0,0,1
31,7,1,0,1,12,1,1,5,1,33.0,0,1
8,3,0,0,1,12,0,1,0,1,27.0,0,1
32,10,2,0,1,12,1,1,2,1,37.0,0,1
9,3,0,0,1,12,0,0,5,0,26.0,0,1
9,3,0,0,1,12,1,1,5,1,30.0,0,1
31,7,1,0,1,12,0,0,5,1,49.0,0,1
30,28,1,0,1,12,0,0,5,1,44.0,0,1
23,14,1,1,1,12,0,0,5,1,51.0,0,1
31,7,1,0,1,12,1,1,5,1,30.0,0,1
9,3,0,0,1,12,0,1,2,1,39.0,0,1
30,28,1,0,1,12,0,1,5,1,24.0,0,1
9,3,0,0,1,12,0,1,5,1,61.0,0,1
9,3,0,0,1,12,0,1,5,1,33.0,0,1
32,10,2,0,1,12,2,1,2,1,47.0,0,1
9,3,0,0,1,12,1,1,5,0,27.0,0,1
16,19,1,0,1,12,1,1,5,0,16.5,1,1
32,10,2,0,1,12,1,1,4,1,40.0,0,1
32,10,2,0,1,12,0,1,5,0,44.0,0,1
9,3,0,0,1,12,1,0,5,0,27.0,0,1
18,19,1,1,1,12,0,1,5,0,35.0,0,1
9,3,0,0,1,12,1,1,5,1,43.0,0,1
9,3,0,0,1,12,0,1,0,1,42.0,0,1
32,10,2,0,1,12,0,1,5,0,27.0,0,1
9,3,0,0,1,12,1,1,5,1,42.0,0,1
30,28,1,0,1,12,0,1,5,1,16.0,0,1
13,5,1,1,1,12,0,1,5,0,29.0,0,1
8,3,0,0,1,12,0,1,5,1,66.0,0,1
9,3,0,0,1,12,1,1,5,1,60.0,0,1
40,30,2,0,1,12,0,1,5,1,53.0,0,1
30,28,1,0,1,12,0,1,5,0,37.0,0,1
21,21,1,1,1,12,0,0,5,1,60.0,0,1
9,3,0,0,1,12,0,1,4,1,25.0,0,1
32,10,2,0,1,12,1,0,5,1,32.0,0,1
16,19,1,0,1,12,1,0,5,0,42.0,1,1
16,19,1,0,1,12,0,0,5,1,62.0,0,1
2,18,0,0,1,12,0,1,0,1,21.0,0,1
8,3,0,0,1,12,0,0,5,1,40.0,0,1
8,3,0,0,1,12,1,1,5,1,27.0,0,1
9,3,0,0,1,12,1,1,5,0,39.0,0,1
40,30,2,0,1,12,0,1,5,0,21.0,0,1
21,21,1,1,1,12,1,1,5,1,29.0,0,1
32,10,2,0,1,12,1,1,5,1,30.333333333333332,1,1
9,3,0,0,1,12,1,0,0,1,39.0,0,1
9,3,0,0,1,12,1,0,0,1,18.0,0,1
16,19,1,0,1,12,2,1,5,1,24.0,0,1
2,18,0,0,1,12,2,1,2,1,43.0,0,1
32,10,2,0,1,12,1,1,4,1,19.0,0,1
32,10,2,0,1,12,1,0,5,1,28.0,0,1
32,10,2,0,1,12,0,1,5,0,35.0,0,1
32,10,2,0,1,12,1,0,5,1,36.0,0,1
9,3,0,0,1,12,0,0,5,1,35.0,0,1
8,3,0,0,1,12,1,1,5,1,60.0,0,1
8,3,0,0,1,12,0,0,0,1,32.0,0,1
16,19,1,0,1,12,0,0,5,1,34.0,0,1
8,3,0,0,1,12,0,1,2,1,16.0,0,1
16,19,1,0,1,12,1,1,5,1,42.0,0,1
32,10,2,0,1,12,1,0,5,1,28.0,0,1
16,19,1,0,1,12,1,1,5,1,40.0,0,1
16,19,1,0,1,12,0,1,5,1,46.0,0,1
9,3,0,0,1,12,0,1,5,1,36.0,0,1
30,28,1,0,1,12,1,1,5,0,30.0,0,1
32,10,2,0,1,12,0,1,5,0,34.0,0,1
13,5,1,1,1,12,0,1,5,1,33.0,0,1
13,5,1,1,1,12,0,1,5,1,70.0,0,1
16,19,1,0,1,12,1,0,4,1,31.0,0,1
9,3,0,0,1,12,0,0,5,1,38.0,0,1
20,19,1,1,1,12,1,1,5,0,45.0,0,1
16,19,1,0,1,12,1,0,5,1,38.0,1,1
9,3,0,0,1,12,1,0,4,0,25.0,0,1
9,3,0,0,1,12,1,0,5,0,31.0,0,1
23,14,1,1,1,12,0,1,5,1,35.0,0,1
49,0,2,0,0,12,2,1,5,1,42.0,0,1
16,19,1,0,1,12,0,1,5,0,31.0,0,1
40,30,2,0,1,12,0,1,5,0,39.0,0,1
9,3,0,0,1,12,0,0,0,1,40.0,0,1
32,10,2,0,1,12,0,0,5,0,42.0,0,1
16,19,1,0,1,12,0,1,5,1,39.0,0,1
9,3,0,0,1,12,0,1,0,1,38.0,0,1
31,7,1,0,1,12,1,0,0,1,37.0,0,1
18,19,1,1,1,12,0,1,5,1,35.0,0,1
9,3,0,0,1,12,1,1,5,0,40.0,0,1
8,3,0,0,1,12,1,0,5,1,32.333333333333336,1,1
16,19,1,0,1,12,1,1,5,1,30.0,0,1
16,19,1,0,1,12,1,1,5,1,30.0,0,1
16,19,1,0,1,12,1,1,5,1,30.0,0,1
16,19,1,0,1,12,1,1,5,1,30.0,0,1
16,19,1,0,1,12,1,1,5,1,30.0,0,1
2,18,0,0,1,12,1,1,5,1,31.0,0,1
32,10,2,0,1,12,0,1,5,1,34.0,0,1
32,10,2,0,1,12,0,1,5,0,24.0,0,1
16,19,1,0,1,12,0,0,5,1,35.0,0,1
9,3,0,0,1,12,1,0,5,0,33.0,1,1
32,10,2,0,1,12,0,0,5,1,34.0,1,1
10,3,0,0,1,12,1,1,5,0,34.0,0,1
8,3,0,0,1,12,0,1,5,0,40.0,0,1
9,3,0,0,1,12,1,1,5,1,51.0,0,1
16,19,1,0,1,12,1,1,5,0,47.0,0,1
32,10,2,0,1,12,1,1,5,1,24.0,0,1
9,3,0,0,1,12,1,1,5,0,41.0,0,1
9,3,0,0,1,12,0,0,5,1,31.0,0,1
9,3,0,0,1,12,1,1,4,1,47.0,0,1
9,3,0,0,1,12,1,1,5,1,22.0,0,1
9,3,0,0,1,12,0,0,5,1,45.0,0,1
16,19,1,0,1,12,0,0,5,0,55.0,0,1
16,19,1,0,1,12,0,0,5,1,32.0,0,1
32,10,2,0,1,12,1,1,5,1,43.0,0,1
16,19,1,0,1,12,1,1,4,1,41.0,0,1
49,0,2,0,0,12,0,0,5,1,28.666666666666668,1,1
16,19,1,0,1,12,0,1,2,1,27.0,0,1
31,7,1,0,1,12,1,1,5,1,46.0,0,1
44,9,2,0,0,12,0,0,0,1,39.0,0,1
25,14,1,1,1,12,2,1,4,0,32.0,0,1
18,19,1,1,1,12,0,1,2,1,42.0,0,1
9,3,0,0,1,12,1,1,5,0,21.0,0,1
18,19,1,1,1,12,0,1,5,0,41.0,0,1
9,3,0,0,1,12,1,1,0,1,31.0,0,1
9,3,0,0,1,12,1,1,0,1,43.0,0,1
9,3,0,0,1,12,2,1,0,1,19.0,0,1
9,3,0,0,1,12,2,1,0,1,42.0,0,1
9,3,0,0,1,12,1,1,0,1,0.0,0,1
43,8,2,0,0,12,2,1,0,1,32.0,0,1
32,10,2,0,1,12,1,1,5,0,26.0,0,1
16,19,1,0,1,5,2,1,5,0,25.0,0,1
32,10,2,0,1,12,2,1,5,1,31.0,0,1
40,30,2,0,1,12,1,1,5,0,15.5,1,1
32,10,2,0,1,12,2,1,5,1,49.0,0,1
8,3,0,0,1,12,1,1,5,0,35.0,0,1
9,3,0,0,1,12,1,1,5,0,28.0,0,1
32,10,2,0,1,12,2,1,5,0,36.0,0,1
32,10,2,0,1,12,0,1,5,0,55.0,0,1
32,10,2,0,1,12,1,1,5,0,14.0,1,1
30,28,1,0,1,12,0,1,5,0,38.0,0,1
8,3,0,0,1,5,2,1,5,0,27.0,0,1
32,10,2,0,1,12,2,1,5,0,46.0,0,1
9,3,0,0,1,12,1,1,5,0,47.0,0,1
9,3,0,0,1,12,0,1,5,1,37.0,0,1
20,19,1,1,1,12,0,1,5,0,24.0,0,1
13,5,1,1,1,12,0,1,5,0,51.0,0,1
0,16,0,0,1,3,2,1,0,1,15.0,0,1
44,9,2,0,0,12,2,0,0,1,23.0,0,1
43,8,2,0,0,12,2,1,0,1,25.0,0,1
43,8,2,0,0,12,2,0,0,1,53.0,0,1
43,8,2,0,0,12,2,0,0,1,33.0,0,1
8,3,0,0,1,12,2,0,0,1,26.0,0,1
9,3,0,0,1,12,2,1,0,1,18.0,0,1
8,3,0,0,1,12,0,1,4,0,40.0,0,1
31,7,1,0,1,12,1,1,5,1,24.0,0,1
44,9,2,0,0,12,2,1,5,2,30.0,0,1
44,9,2,0,0,12,2,1,5,2,53.0,0,1
44,9,2,0,0,12,2,1,2,2,45.0,0,1
16,19,1,0,1,12,1,1,5,1,35.0,0,1
32,10,2,0,1,3,0,1,5,1,40.0,0,1
9,3,0,0,1,12,0,0,5,1,38.0,0,1
16,19,1,0,1,12,1,0,5,1,37.0,0,1
13,5,1,1,1,12,0,1,5,0,31.0,0,1
16,19,1,0,1,12,1,0,5,1,33.0,0,1
31,7,1,0,1,12,0,1,5,0,22.0,0,1
9,3,0,0,1,12,0,1,5,0,20.5,1,1
31,7,1,0,1,12,2,1,5,0,26.0,0,1
8,3,0,0,1,5,0,1,5,1,30.0,0,1
8,3,0,0,1,5,0,1,5,1,63.0,0,1
32,10,2,0,1,12,0,1,5,0,42.0,0,1
32,10,2,0,1,12,0,1,0,1,33.0,0,1
9,3,0,0,1,12,1,1,0,1,35.0,0,1
16,19,1,0,1,12,1,0,0,1,28.0,1,1
16,19,1,0,1,12,1,1,0,1,50.0,0,1
32,10,2,0,1,12,1,0,5,0,31.0,0,1
16,19,1,0,1,12,1,1,0,1,36.0,0,1
16,19,1,0,1,12,1,1,0,1,44.0,0,1
16,19,1,0,1,12,1,0,0,1,40.0,0,1
9,3,0,0,1,12,0,1,4,3,58.0,0,1
49,0,2,0,0,12,2,1,0,1,42.0,0,1
9,3,0,0,1,12,0,1,0,1,25.0,0,1
13,5,1,1,1,12,0,1,0,1,31.0,0,1
9,3,0,0,1,12,0,1,0,1,28.0,0,1
9,3,0,0,1,12,0,0,0,2,24.0,0,1
16,19,1,0,1,12,1,1,0,1,33.0,0,1
9,3,0,0,1,12,1,0,0,1,36.0,0,1
32,10,2,0,1,12,0,0,0,1,38.0,0,1
9,3,0,0,1,12,1,1,0,1,42.0,0,1
9,3,0,0,1,12,0,1,5,1,33.0,0,1
9,3,0,0,1,12,1,0,5,0,46.0,0,1
16,19,1,0,1,12,1,1,0,1,20.0,0,1
16,19,1,0,1,12,1,0,0,1,25.0,0,1
10,3,0,0,1,12,0,1,0,1,47.0,0,1
33,10,2,0,1,12,1,0,0,1,40.5,1,1
9,3,0,0,1,12,1,1,0,1,23.0,0,1
16,19,1,0,1,12,0,1,0,1,39.0,0,1
29,11,1,1,1,12,1,1,5,0,43.0,0,1
9,3,0,0,1,12,0,0,0,0,29.0,1,1
16,19,1,0,1,12,1,1,5,0,58.0,0,1
16,19,1,0,1,12,0,1,0,2,22.0,0,1
8,3,0,0,1,12,0,0,0,1,25.0,0,1
9,3,0,0,1,12,0,1,5,1,25.0,0,1
9,3,0,0,1,12,1,1,0,1,33.0,0,1
16,19,1,0,1,12,1,0,0,1,46.0,0,1
32,10,2,0,1,12,0,1,2,1,29.0,0,1
9,3,0,0,1,12,0,1,0,1,36.0,0,1
16,19,1,0,1,12,1,1,5,1,44.0,0,1
16,19,1,0,1,12,0,1,0,1,42.0,0,1
9,3,0,0,1,12,1,1,0,1,41.0,0,1
9,3,0,0,1,12,1,1,0,1,35.0,0,1
32,10,2,0,1,12,0,1,0,0,30.0,0,1
31,7,1,0,1,12,1,1,5,0,21.0,0,1
9,3,0,0,1,12,1,1,5,0,32.0,0,1
9,3,0,0,1,12,1,1,0,1,24.0,0,1
16,19,1,0,1,12,1,1,0,1,34.0,0,1
16,19,1,0,1,12,1,0,0,1,26.0,0,1
9,3,0,0,1,12,1,1,0,1,35.0,0,1
9,3,0,0,1,12,0,1,0,1,44.0,0,1
9,3,0,0,1,12,1,1,0,1,35.0,0,1
9,3,0,0,1,12,2,0,0,1,21.0,0,1
16,19,1,0,1,12,1,1,0,1,49.0,0,1
16,19,1,0,1,12,1,1,0,1,38.0,0,1
9,3,0,0,1,12,1,1,0,1,58.0,0,1
9,3,0,0,1,12,1,0,0,1,30.0,0,1
8,3,0,0,1,12,0,1,0,1,36.0,0,1
16,19,1,0,1,12,1,0,0,1,33.0,1,1
16,19,1,0,1,12,1,1,0,1,36.0,0,1
8,3,0,0,1,12,0,1,0,1,23.0,0,1
9,3,0,0,1,12,1,0,0,1,42.0,0,1
9,3,0,0,1,12,1,1,0,1,38.0,0,1
9,3,0,0,1,12,1,1,0,1,28.0,0,1
18,19,1,1,1,12,0,1,0,1,35.0,1,1
16,19,1,0,1,12,1,0,0,1,32.0,0,1
9,3,0,0,1,12,0,1,0,1,21.0,0,1
9,3,0,0,1,12,0,1,0,1,15.0,0,1
32,10,2,0,1,12,0,1,0,1,39.0,0,1
31,7,1,0,1,12,0,1,0,1,32.0,0,1
16,19,1,0,1,12,1,1,0,1,49.0,0,1
9,3,0,0,1,12,0,0,0,1,26.0,0,1
16,19,1,0,1,12,1,0,0,2,34.0,0,1
9,3,0,0,1,12,1,0,0,1,35.0,0,1
9,3,0,0,1,12,0,1,4,0,44.0,0,1
31,7,1,0,1,12,2,1,5,0,38.0,0,1
9,3,0,0,1,12,0,1,5,0,25.0,0,1
9,3,0,0,1,12,0,0,2,1,52.0,0,1
9,3,0,0,1,12,0,0,5,1,47.0,0,1
10,3,0,0,1,12,1,1,5,1,50.0,0,1
9,3,0,0,1,12,1,1,5,0,16.0,0,1
31,7,1,0,1,12,1,0,5,1,43.0,0,1
32,10,2,0,1,3,1,1,5,0,54.0,0,1
31,7,1,0,1,12,1,1,5,1,53.0,0,1
32,10,2,0,1,12,1,0,5,0,34.5,1,1
32,10,2,0,1,12,1,1,5,0,50.0,0,1
32,10,2,0,1,12,1,0,5,0,34.0,0,1
9,3,0,0,1,12,1,1,5,1,37.0,0,1
30,28,1,0,1,5,0,1,5,3,54.0,0,1
49,0,2,0,0,12,0,1,4,0,34.5,1,1
8,3,0,0,1,12,0,1,5,0,25.0,0,1
16,19,1,0,1,12,2,1,5,1,41.0,0,1
32,10,2,0,1,12,1,0,5,0,33.5,1,1
38,22,2,0,0,12,1,1,5,0,79.0,0,1
9,3,0,0,1,12,1,1,5,0,25.0,0,1
20,19,1,1,1,12,0,1,5,1,36.0,0,1
9,3,0,0,1,12,2,1,0,1,18.0,0,1
9,3,0,0,1,12,2,0,0,1,29.5,1,1
9,3,0,0,1,12,2,1,0,1,35.0,0,1
9,3,0,0,1,12,2,1,0,1,31.0,0,1
9,3,0,0,1,12,2,1,0,1,44.0,0,1
43,8,2,0,0,12,0,1,0,1,30.0,0,1
39,4,1,1,1,12,0,1,5,0,25.0,0,1
9,3,0,0,1,12,0,1,5,0,34.0,0,1
16,19,1,0,1,12,0,0,5,0,32.0,0,1
9,3,0,0,1,12,0,1,0,1,40.0,0,1
16,19,1,0,1,12,1,1,5,0,22.0,0,1
32,10,2,0,1,12,1,0,5,0,40.0,0,1
32,10,2,0,1,3,1,1,5,0,37.0,0,1
20,19,1,1,1,12,1,0,0,1,33.0,0,1
32,10,2,0,1,12,1,0,5,0,55.0,0,1
49,0,2,0,0,12,0,1,5,0,35.0,0,1
32,10,2,0,1,12,1,0,5,0,29.0,0,1
49,0,2,0,0,12,1,1,5,0,35.0,0,1
32,10,2,0,1,3,1,0,5,0,29.0,1,1
31,7,1,0,1,12,1,0,5,1,63.0,0,1
32,10,2,0,1,12,1,1,5,0,36.0,0,1
32,10,2,0,1,12,0,1,5,0,60.0,0,1
30,28,1,0,1,12,1,1,5,0,17.0,0,1
9,3,0,0,1,12,0,0,5,2,35.0,0,1
16,19,1,0,1,12,0,1,5,2,34.0,0,1
9,3,0,0,1,12,1,1,5,0,53.0,0,1
7,25,1,1,1,12,2,1,5,0,38.0,0,1
9,3,0,0,1,12,2,1,5,0,32.0,0,1
8,3,0,0,1,3,1,1,5,1,27.0,0,1
9,3,0,0,1,12,1,0,5,3,22.0,0,1
17,19,1,1,1,12,1,1,5,0,47.0,0,1
13,5,1,1,1,12,2,1,5,0,50.0,1,1
31,7,1,0,1,12,1,1,5,3,34.0,0,1
9,3,0,0,1,12,2,0,5,0,12.0,0,1
9,3,0,0,1,12,2,0,5,0,31.0,0,1
9,3,0,0,1,12,1,1,0,1,40.0,0,1
9,3,0,0,1,12,2,1,0,1,22.0,0,1
9,3,0,0,1,12,1,1,5,0,26.0,0,1
8,3,0,0,1,12,2,1,5,0,47.0,0,1
16,19,1,0,1,12,1,1,5,1,24.0,0,1
32,10,2,0,1,12,2,0,5,0,39.0,0,1
8,3,0,0,1,12,1,1,5,0,30.0,0,1
30,28,1,0,1,12,2,1,5,3,29.0,0,1
18,19,1,1,1,3,2,1,5,0,36.0,0,1
30,28,1,0,1,3,2,1,5,0,34.0,0,1
8,3,0,0,1,12,2,0,5,0,25.0,0,1
32,10,2,0,1,12,2,1,5,0,41.0,0,1
40,30,2,0,1,3,2,1,5,1,46.0,0,1
0,16,0,0,1,12,2,1,5,0,29.0,0,1
9,3,0,0,1,12,0,1,5,1,43.0,0,1
17,19,1,1,1,12,1,1,5,0,25.0,0,1
32,10,2,0,1,12,2,1,5,1,31.0,0,1
13,5,1,1,1,12,2,0,5,0,19.0,0,1
21,21,1,1,1,12,2,1,5,0,38.0,0,1
32,10,2,0,1,12,2,1,5,0,40.0,0,1
30,28,1,0,1,12,2,1,5,1,29.0,0,1
9,3,0,0,1,12,1,0,5,0,32.0,0,1
16,19,1,0,1,12,2,1,5,0,24.0,0,1
9,3,0,0,1,12,1,0,5,0,22.0,0,1
32,10,2,0,1,12,2,1,5,0,24.0,0,1
9,3,0,0,1,12,2,1,5,0,57.0,0,1
29,11,1,1,1,12,2,1,5,0,37.0,0,1
13,5,1,1,1,12,2,1,5,0,28.0,0,1
32,10,2,0,1,12,2,0,5,0,37.0,0,1
9,3,0,0,1,12,2,0,5,0,19.0,0,1
13,5,1,1,1,12,2,1,5,0,37.0,0,1
10,3,0,0,1,12,1,0,5,1,65.0,0,1
32,10,2,0,1,12,2,1,5,0,53.0,0,1
32,10,2,0,1,12,2,1,5,0,47.0,0,1
16,19,1,0,1,12,1,1,5,1,29.0,0,1
2,18,0,0,1,12,2,1,5,0,46.0,0,1
31,7,1,0,1,12,1,0,2,1,27.0,0,1
8,3,0,0,1,8,2,1,5,0,52.0,0,1
9,3,0,0,1,12,1,0,5,0,31.0,0,1
31,7,1,0,1,12,1,1,2,1,50.0,0,1
13,5,1,1,1,12,2,1,5,0,27.0,0,1
32,10,2,0,1,12,2,1,5,0,29.0,0,1
9,3,0,0,1,12,1,1,5,0,34.0,0,1
9,3,0,0,1,12,1,1,5,1,38.5,1,1
29,11,1,1,1,12,2,1,5,3,27.0,0,1
18,19,1,1,1,12,2,1,5,0,29.0,0,1
18,19,1,1,1,12,2,1,2,3,48.0,0,1
8,3,0,0,1,0,2,1,5,0,42.0,0,1
9,3,0,0,1,12,1,1,5,1,29.0,0,1
32,10,2,0,1,3,2,1,5,1,33.0,0,1
40,30,2,0,1,3,2,1,5,0,26.0,0,1
32,10,2,0,1,12,2,1,5,0,36.0,0,1
9,3,0,0,1,12,1,1,5,0,33.0,0,1
9,3,0,0,1,12,2,1,5,0,63.0,0,1
40,30,2,0,1,3,2,1,5,0,28.0,0,1
8,3,0,0,1,5,2,1,5,1,42.0,0,1
9,3,0,0,1,12,2,1,5,0,24.0,0,1
9,3,0,0,1,12,2,1,5,1,48.0,0,1
8,3,0,0,1,6,2,1,0,1,56.0,0,1
9,3,0,0,1,12,1,0,5,0,34.0,1,1
8,3,0,0,1,12,2,1,5,0,19.0,0,1
9,3,0,0,1,12,0,1,0,1,28.0,0,1
9,3,0,0,1,12,1,1,5,0,32.0,0,1
9,3,0,0,1,12,2,1,5,0,61.0,0,1
32,10,2,0,1,12,2,0,5,0,42.0,0,1
32,10,2,0,1,12,2,0,5,0,34.5,1,1
9,3,0,0,1,12,1,1,5,0,25.0,0,1
9,3,0,0,1,12,1,1,5,0,22.0,0,1
17,19,1,1,1,12,2,0,2,1,27.0,1,1
9,3,0,0,1,12,2,1,5,0,46.0,0,1
9,3,0,0,1,12,1,0,5,0,37.0,0,1
32,10,2,0,1,12,2,1,5,0,26.0,0,1
30,28,1,0,1,3,2,1,5,0,32.0,0,1
32,10,2,0,1,12,2,1,5,1,37.0,0,1
32,10,2,0,1,12,0,1,5,1,38.0,0,1
40,30,2,0,1,3,2,1,5,0,38.0,0,1
32,10,2,0,1,12,2,1,5,0,39.0,0,1
30,28,1,0,1,12,2,1,5,0,36.0,0,1
9,3,0,0,1,12,1,1,5,0,43.0,0,1
9,3,0,0,1,12,2,1,5,0,47.0,0,1
9,3,0,0,1,12,2,1,5,1,21.0,0,1
9,3,0,0,1,12,1,1,5,0,29.0,0,1
9,3,0,0,1,12,1,1,5,1,47.0,0,1
9,3,0,0,1,12,1,1,5,0,28.0,0,1
9,3,0,0,1,12,1,1,5,0,26.0,0,1
9,3,0,0,1,12,1,1,5,1,49.0,0,1
8,3,0,0,1,12,2,1,5,0,29.0,0,1
9,3,0,0,1,12,2,1,5,0,30.0,0,1
31,7,1,0,1,12,1,1,5,0,29.0,0,1
30,28,1,0,1,12,2,1,5,0,36.0,0,1
9,3,0,0,1,12,2,1,5,1,52.0,0,1
9,3,0,0,1,12,1,0,5,3,40.0,0,1
9,3,0,0,1,0,2,1,5,0,38.0,0,1
13,5,1,1,1,12,2,1,5,0,31.0,0,1
9,3,0,0,1,12,2,1,5,0,53.0,0,1
9,3,0,0,1,12,1,1,0,3,14.0,0,1
8,3,0,0,1,5,2,1,5,1,35.0,0,1
13,5,1,1,1,5,2,1,5,0,42.0,0,1
49,0,2,0,0,12,1,0,5,0,36.0,0,1
9,3,0,0,1,12,1,0,5,0,17.0,1,1
32,10,2,0,1,12,2,1,5,1,57.0,0,1
32,10,2,0,1,12,0,1,5,0,37.0,0,1
13,5,1,1,1,12,2,0,5,0,40.0,0,1
13,5,1,1,1,12,2,1,5,0,31.0,0,1
31,7,1,0,1,0,1,1,5,0,36.0,0,1
9,3,0,0,1,12,1,0,5,0,21.0,0,1
30,28,1,0,1,3,2,1,4,0,53.0,0,1
9,3,0,0,1,12,1,0,4,3,32.0,0,1
9,3,0,0,1,12,1,0,5,0,30.0,0,1
9,3,0,0,1,12,1,0,5,0,60.0,0,1
9,3,0,0,1,12,1,0,5,0,44.0,0,1
9,3,0,0,1,12,2,1,5,0,21.0,0,1
16,19,1,0,1,5,2,1,5,1,40.0,0,1
9,3,0,0,1,0,2,1,5,0,18.0,0,1
32,10,2,0,1,12,2,0,4,0,43.0,1,1
32,10,2,0,1,3,2,1,5,0,36.0,0,1
32,10,2,0,1,12,2,1,5,0,33.0,0,1
9,3,0,0,1,12,1,1,5,0,47.0,0,1
32,10,2,0,1,12,2,0,5,0,48.0,1,1
9,3,0,0,1,12,1,0,5,0,44.0,1,1
9,3,0,0,1,12,2,1,5,1,34.0,0,1
22,6,1,0,1,12,2,1,5,0,32.0,0,1
32,10,2,0,1,12,2,0,5,0,47.0,0,1
9,3,0,0,1,12,1,1,5,0,54.0,0,1
9,3,0,0,1,12,1,1,5,0,27.0,0,1
9,3,0,0,1,12,0,1,0,3,28.0,0,1
9,3,0,0,1,12,2,1,5,0,19.0,0,1
9,3,0,0,1,12,2,0,5,3,29.0,0,1
16,19,1,0,1,12,1,1,5,0,50.0,0,1
9,3,0,0,1,12,1,1,5,0,28.0,0,1
9,3,0,0,1,12,1,1,5,0,18.0,0,1
9,3,0,0,1,12,1,1,5,0,28.0,0,1
9,3,0,0,1,12,2,1,5,1,35.0,0,1
9,3,0,0,1,12,1,1,0,0,32.0,0,1
40,30,2,0,1,1,1,1,5,2,14.0,0,1
9,3,0,0,1,12,0,0,5,2,28.0,0,1
32,10,2,0,1,12,0,1,5,2,46.0,0,1
9,3,0,0,1,12,0,1,5,0,39.0,0,1
9,3,0,0,1,12,0,0,0,0,30.0,0,1
13,5,1,1,1,12,2,1,5,0,39.0,0,1
9,3,0,0,1,12,0,1,5,0,24.0,0,1
29,11,1,1,1,12,1,0,5,1,44.0,0,1
16,19,1,0,1,12,1,0,2,1,36.0,0,1
32,10,2,0,1,12,0,0,5,3,32.0,0,1
8,3,0,0,1,12,0,0,5,0,20.0,0,1
8,3,0,0,1,12,2,1,2,1,25.333333333333332,1,1
16,19,1,0,1,12,2,1,5,0,33.0,0,1
32,10,2,0,1,12,2,1,5,0,37.0,0,1
31,7,1,0,1,12,0,1,5,3,31.0,0,1
9,3,0,0,1,12,0,1,5,0,45.0,0,1
9,3,0,0,1,12,2,0,5,0,28.0,0,1
9,3,0,0,1,12,2,1,5,0,32.0,0,1
31,7,1,0,1,12,0,1,5,3,31.0,0,1
9,3,0,0,1,12,2,0,5,0,19.0,0,1
49,0,2,0,0,12,2,0,5,0,33.0,0,1
40,30,2,0,1,12,2,1,5,0,17.0,0,1
16,19,1,0,1,12,2,0,5,1,24.0,0,1
49,0,2,0,0,12,1,1,5,1,23.0,0,1
9,3,0,0,1,12,0,1,5,0,28.0,0,1
8,3,0,0,1,12,0,1,5,0,28.0,0,1
8,3,0,0,1,5,0,1,5,2,44.0,0,1
40,30,2,0,1,12,0,1,5,0,31.0,0,1
32,10,2,0,1,12,0,1,5,1,41.0,0,1
13,5,1,1,1,12,0,1,5,0,38.0,0,1
9,3,0,0,1,12,0,1,5,0,29.0,0,1
9,3,0,0,1,12,0,1,2,1,36.0,0,1
32,10,2,0,1,12,0,1,5,1,29.0,0,1
8,3,0,0,1,12,0,1,2,1,39.0,0,1
9,3,0,0,1,12,0,1,2,1,43.0,0,1
9,3,0,0,1,12,0,1,2,1,59.0,0,1
32,10,2,0,1,12,2,1,5,0,27.0,0,1
16,19,1,0,1,12,1,0,5,1,24.0,0,1
8,3,0,0,1,12,0,1,2,1,33.0,0,1
2,18,0,0,1,12,0,1,5,0,55.0,0,1
9,3,0,0,1,12,0,1,5,0,67.0,0,1
2,18,0,0,1,12,0,1,5,0,25.0,0,1
16,19,1,0,1,12,0,1,5,0,50.0,0,1
13,5,1,1,1,12,0,0,5,1,33.0,0,1
32,10,2,0,1,12,0,1,5,0,55.0,0,1
32,10,2,0,1,12,2,1,5,0,33.0,0,1
32,10,2,0,1,12,0,0,5,0,36.0,0,1
16,19,1,0,1,12,0,0,5,1,23.0,0,1
16,19,1,0,1,12,0,1,5,0,28.0,0,1
13,5,1,1,1,12,0,1,5,0,28.0,0,1
23,14,1,1,1,1,0,1,5,2,24.0,0,1
16,19,1,0,1,12,0,1,5,0,36.0,0,1
16,19,1,0,1,12,2,1,5,1,31.0,0,1
32,10,2,0,1,12,0,0,5,1,64.0,0,1
9,3,0,0,1,12,0,0,5,2,32.0,0,1
40,30,2,0,1,12,0,1,5,0,30.0,0,1
9,3,0,0,1,12,0,0,5,0,31.0,0,1
16,19,1,0,1,12,0,0,5,1,19.0,0,1
32,10,2,0,1,12,0,1,5,0,37.0,0,1
16,19,1,0,1,12,0,1,5,0,53.0,0,1
31,7,1,0,1,12,0,1,2,1,42.0,0,1
49,0,2,0,0,12,0,1,0,1,26.0,0,1
49,0,2,0,0,12,1,1,0,1,29.0,0,1
9,3,0,0,1,12,0,1,5,1,26.0,0,1
9,3,0,0,1,12,1,1,5,0,13.0,0,1
31,7,1,0,1,12,1,1,5,0,16.0,0,1
9,3,0,0,1,12,0,1,5,1,34.0,0,1
9,3,0,0,1,12,2,1,5,0,35.0,0,1
40,30,2,0,1,3,2,1,5,0,24.5,1,1
8,3,0,0,1,12,2,0,5,0,36.0,0,1
9,3,0,0,1,12,1,0,5,1,11.0,0,1
33,10,2,0,1,12,0,1,5,0,58.0,1,1
9,3,0,0,1,12,2,0,5,0,22.0,0,1
8,3,0,0,1,12,2,1,5,1,26.0,0,1
9,3,0,0,1,12,2,1,5,1,27.0,0,1
31,7,1,0,1,12,0,1,5,2,38.0,0,1
9,3,0,0,1,12,0,1,5,2,68.0,0,1
32,10,2,0,1,12,0,1,5,2,27.5,1,1
32,10,2,0,1,12,1,0,5,0,33.0,1,1
32,10,2,0,1,12,1,1,5,0,38.0,0,1
32,10,2,0,1,3,1,1,5,0,27.0,0,1
32,10,2,0,1,12,1,0,5,0,56.0,1,1
32,10,2,0,1,12,1,1,5,0,40.0,0,1
32,10,2,0,1,12,1,1,2,1,36.0,0,1
32,10,2,0,1,12,1,0,5,0,36.0,0,1
9,3,0,0,1,12,1,1,0,1,15.0,0,1
9,3,0,0,1,12,1,0,0,1,16.0,0,1
20,19,1,1,1,12,0,1,0,1,33.0,0,1
44,9,2,0,0,12,1,1,5,1,51.0,0,1
32,10,2,0,1,12,1,1,2,1,40.5,1,1
6,26,0,0,1,12,0,1,0,1,61.0,0,1
32,10,2,0,1,5,1,0,5,0,37.0,1,1
32,10,2,0,1,12,0,0,4,1,22.0,0,1
13,5,1,1,1,12,0,1,4,0,18.0,0,1
13,5,1,1,1,12,0,1,5,0,28.0,0,1
49,0,2,0,0,12,2,0,5,0,39.0,0,1
13,5,1,1,1,12,2,1,5,0,32.0,0,1
30,28,1,0,1,12,2,1,5,0,35.0,0,1
32,10,2,0,1,12,2,1,5,3,31.0,0,1
9,3,0,0,1,12,0,0,5,0,21.0,0,1
21,21,1,1,1,12,2,1,4,0,20.0,0,1
49,0,2,0,0,5,2,1,5,1,43.0,0,1
16,19,1,0,1,12,1,0,5,1,71.0,0,1
16,19,1,0,1,12,1,0,5,0,24.0,0,1
9,3,0,0,1,12,1,1,5,0,16.0,0,1
32,10,2,0,1,12,2,1,5,0,31.0,0,1
9,3,0,0,1,12,0,1,5,1,40.0,0,1
9,3,0,0,1,12,0,0,5,1,50.0,0,1
32,10,2,0,1,12,0,1,0,1,15.0,0,1
32,10,2,0,1,12,0,1,0,1,15.0,0,1
16,19,1,0,1,12,1,0,5,1,36.0,0,1
49,0,2,0,0,12,0,1,5,1,36.0,0,1
9,3,0,0,1,12,2,1,0,1,40.0,0,1
8,3,0,0,1,12,0,1,5,1,43.0,0,1
9,3,0,0,1,12,0,1,5,1,29.0,0,1
32,10,2,0,1,12,1,0,5,0,44.0,0,1
19,19,1,0,1,12,1,0,5,0,29.0,0,1
19,19,1,0,1,12,1,1,5,0,37.0,0,1
33,10,2,0,1,12,1,0,0,1,33.0,0,1
32,10,2,0,1,3,1,1,5,0,47.0,0,1
32,10,2,0,1,12,0,1,0,1,23.0,0,1
32,10,2,0,1,12,1,0,5,0,35.0,0,1
32,10,2,0,1,12,1,1,5,0,24.0,0,1
33,10,2,0,1,12,1,0,5,0,28.0,0,1
20,19,1,1,1,12,1,0,0,1,18.0,0,1
9,3,0,0,1,12,0,1,5,0,21.0,0,1
31,7,1,0,1,12,0,0,0,1,24.0,0,1
32,10,2,0,1,8,1,0,5,0,33.0,0,1
9,3,0,0,1,12,2,1,0,1,37.0,0,1
32,10,2,0,1,12,1,0,5,0,38.0,0,1
9,3,0,0,1,12,0,1,0,1,21.0,0,1
40,30,2,0,1,3,0,1,0,1,22.0,0,1
9,3,0,0,1,12,0,1,0,1,46.0,0,1
32,10,2,0,1,12,2,1,5,0,55.0,0,1
9,3,0,0,1,12,2,1,5,0,38.0,0,1
32,10,2,0,1,12,2,1,5,1,63.0,0,1
16,19,1,0,1,12,2,1,2,1,32.0,0,1
32,10,2,0,1,12,0,1,5,0,41.0,0,1
13,5,1,1,1,12,2,1,5,0,12.0,0,1
9,3,0,0,1,12,0,1,5,0,19.0,0,1
31,7,1,0,1,12,2,1,5,0,47.0,0,1
16,19,1,0,1,12,2,0,5,1,32.0,0,1
8,3,0,0,1,12,2,1,5,0,30.0,0,1
9,3,0,0,1,12,2,1,5,0,28.0,0,1
9,3,0,0,1,12,2,0,5,1,21.0,0,1
20,19,1,1,1,12,2,0,5,1,23.0,0,1
45,13,0,0,0,12,2,0,5,1,39.0,1,1
16,19,1,0,1,12,2,1,5,0,41.0,0,1
43,8,2,0,0,12,0,1,5,0,29.5,1,1
13,5,1,1,1,12,0,1,5,0,37.0,0,1
9,3,0,0,1,12,0,1,5,0,41.0,0,1
16,19,1,0,1,12,1,1,5,0,39.0,0,1
9,3,0,0,1,12,0,1,5,0,43.0,0,1
32,10,2,0,1,12,0,0,5,1,47.0,0,1
13,5,1,1,1,12,0,1,5,0,53.0,0,1
9,3,0,0,1,12,0,0,5,0,25.0,0,1
31,7,1,0,1,12,1,1,5,0,15.0,1,1
31,7,1,0,1,12,2,1,5,0,28.0,0,1
2,18,0,0,1,12,0,1,5,0,29.0,0,1
8,3,0,0,1,12,0,1,2,1,17.0,0,1
9,3,0,0,1,12,0,0,5,0,45.0,0,1
9,3,0,0,1,12,0,0,5,0,40.0,0,1
9,3,0,0,1,12,0,1,5,0,31.0,0,1
31,7,1,0,1,12,2,0,5,0,34.0,0,1
9,3,0,0,1,12,0,1,5,0,58.0,0,1
9,3,0,0,1,12,2,0,5,0,30.0,0,1
32,10,2,0,1,12,1,0,5,0,12.666666666666666,1,1
9,3,0,0,1,12,0,0,2,1,17.0,0,1
9,3,0,0,1,12,0,0,5,0,19.0,0,1
9,3,0,0,1,12,0,0,2,1,15.0,0,1
20,19,1,1,1,12,2,0,2,1,41.0,0,1
32,10,2,0,1,3,0,1,5,0,28.0,0,1
8,3,0,0,1,12,1,0,5,0,13.0,0,1
43,8,2,0,0,12,0,1,2,1,17.0,0,1
9,3,0,0,1,12,0,1,5,0,16.0,0,1
9,3,0,0,1,12,2,1,5,1,39.0,0,1
16,19,1,0,1,12,0,0,5,0,37.0,0,1
9,3,0,0,1,12,0,1,5,1,34.0,0,1
9,3,0,0,1,12,0,1,5,0,56.0,0,1
9,3,0,0,1,12,0,1,5,0,37.0,0,1
8,3,0,0,1,12,2,0,5,1,61.0,0,1
9,3,0,0,1,12,0,1,5,0,35.0,0,1
49,0,2,0,0,12,0,1,5,1,47.0,0,1
16,19,1,0,1,12,0,1,5,1,26.0,0,1
9,3,0,0,1,3,2,1,5,1,23.0,0,1
9,3,0,0,1,12,0,0,5,1,35.0,0,1
9,3,0,0,1,12,0,1,5,0,50.0,0,1
16,19,1,0,1,12,0,1,5,0,43.0,0,1
9,3,0,0,1,12,0,0,5,1,61.0,0,1
9,3,0,0,1,12,0,0,5,0,13.0,0,1
9,3,0,0,1,12,0,1,5,0,44.0,0,1
9,3,0,0,1,12,0,0,5,0,35.0,0,1
31,7,1,0,1,12,1,1,5,0,13.0,0,1
9,3,0,0,1,12,2,1,5,0,23.0,0,1
9,3,0,0,1,12,1,1,5,0,12.0,1,1
8,3,0,0,1,12,0,1,5,1,56.0,0,1
9,3,0,0,1,12,0,0,5,0,42.0,0,1
16,19,1,0,1,12,0,0,5,1,50.0,0,1
40,30,2,0,1,3,0,1,5,0,15.0,0,1
31,7,1,0,1,12,0,0,5,1,37.0,0,1
32,10,2,0,1,12,0,1,5,0,43.0,0,1
9,3,0,0,1,12,1,1,5,0,12.666666666666666,1,1
8,3,0,0,1,12,2,0,5,0,24.0,0,1
40,30,2,0,1,3,0,1,5,0,16.0,0,1
32,10,2,0,1,12,1,1,5,0,15.5,1,1
31,7,1,0,1,12,0,1,5,1,31.0,0,1
8,3,0,0,1,12,0,1,5,1,64.0,0,1
46,20,2,0,0,12,1,1,5,0,15.5,1,1
9,3,0,0,1,12,0,0,5,1,24.0,0,1
9,3,0,0,1,12,1,1,2,1,14.0,0,1
16,19,1,0,1,12,1,0,5,0,40.0,1,1
8,3,0,0,1,12,2,1,5,0,57.0,0,1
16,19,1,0,1,12,0,1,5,0,43.0,0,1
43,8,2,0,0,12,0,1,5,0,20.0,0,1
9,3,0,0,1,12,0,1,5,0,22.0,0,1
9,3,0,0,1,12,1,1,5,1,11.0,0,1
9,3,0,0,1,12,0,1,2,1,34.0,0,1
9,3,0,0,1,12,2,0,5,0,29.0,0,1
9,3,0,0,1,12,0,0,5,0,30.0,0,1
7,25,1,1,1,12,0,1,5,0,32.0,0,1
31,7,1,0,1,12,2,1,5,1,56.0,0,1
10,3,0,0,1,12,0,1,5,1,56.0,0,1
9,3,0,0,1,12,1,0,5,1,15.0,0,1
21,21,1,1,1,12,0,1,5,0,30.0,0,1
9,3,0,0,1,12,0,0,5,0,22.0,0,1
9,3,0,0,1,12,0,0,5,1,30.0,0,1
11,2,1,0,1,12,2,1,5,1,39.0,0,1
9,3,0,0,1,12,1,1,5,0,14.0,0,1
9,3,0,0,1,12,0,1,5,0,33.0,0,1
9,3,0,0,1,12,0,1,5,0,25.0,0,1
8,3,0,0,1,12,2,1,5,0,32.0,0,1
16,19,1,0,1,12,1,0,5,0,25.0,0,1
3,26,0,0,1,12,2,1,5,1,32.0,0,1
9,3,0,0,1,12,2,1,5,1,34.0,0,1
47,29,2,0,0,12,0,1,5,0,24.0,0,1
16,19,1,0,1,12,1,1,5,1,31.0,0,1
16,19,1,0,1,12,1,0,5,0,33.0,1,1
9,3,0,0,1,12,0,0,5,0,19.0,0,1
8,3,0,0,1,12,0,1,5,0,15.0,0,1
0,16,0,0,1,3,0,1,5,2,59.0,0,1
21,21,1,1,1,12,0,1,5,2,47.0,0,1
31,7,1,0,1,12,0,1,5,2,52.0,0,1
32,10,2,0,1,12,1,1,5,1,45.0,0,1
32,10,2,0,1,12,2,1,5,2,24.0,0,1
29,11,1,1,1,12,2,1,5,1,44.0,0,1
32,10,2,0,1,12,2,1,5,1,33.0,0,1
8,3,0,0,1,12,2,1,5,0,60.0,0,1
9,3,0,0,1,12,0,1,5,0,34.0,0,1
8,3,0,0,1,12,2,1,2,1,31.0,0,1
8,3,0,0,1,12,2,1,2,1,38.0,0,1
9,3,0,0,1,12,2,0,5,0,49.0,0,1
10,3,0,0,1,12,2,1,5,0,32.0,0,1
8,3,0,0,1,3,0,0,5,0,29.0,1,1
8,3,0,0,1,12,0,0,5,1,33.0,0,1
9,3,0,0,1,12,2,1,5,0,36.0,0,1
9,3,0,0,1,12,0,1,5,2,36.0,0,1
13,5,1,1,1,12,0,1,5,2,33.0,0,1
13,5,1,1,1,12,0,1,5,1,28.0,0,1
9,3,0,0,1,12,1,1,5,2,18.0,0,1
13,5,1,1,1,12,0,1,5,2,28.0,0,1
32,10,2,0,1,12,0,1,5,2,19.0,0,1
40,30,2,0,1,6,1,1,5,2,50.0,0,1
9,3,0,0,1,12,2,1,5,1,40.0,0,1
9,3,0,0,1,12,2,1,5,0,23.0,0,1
13,5,1,1,1,12,2,1,5,0,33.0,0,1
8,3,0,0,1,9,2,1,5,1,59.0,0,1
8,3,0,0,1,12,2,1,5,1,52.0,0,1
10,3,0,0,1,12,1,0,5,0,24.0,0,1
10,3,0,0,1,12,2,1,0,0,55.0,0,1
8,3,0,0,1,12,2,1,5,1,78.0,0,1
31,7,1,0,1,12,1,1,0,1,25.0,0,1
32,10,2,0,1,12,1,1,5,0,36.0,0,1
8,3,0,0,1,12,2,1,5,0,18.0,0,1
9,3,0,0,1,12,2,1,5,1,19.0,0,1
8,3,0,0,1,0,1,0,0,1,45.0,0,1
9,3,0,0,1,12,1,1,5,0,19.0,0,1
31,7,1,0,1,12,1,1,5,0,56.0,0,1
9,3,0,0,1,12,1,1,5,0,21.0,0,1
9,3,0,0,1,12,1,1,4,3,33.0,0,1
8,3,0,0,1,5,2,1,5,0,18.0,0,1
8,3,0,0,1,5,2,0,5,0,31.0,0,1
31,7,1,0,1,12,1,1,5,0,19.0,0,1
8,3,0,0,1,12,2,0,5,0,46.0,0,1
8,3,0,0,1,12,2,1,5,0,22.0,0,1
16,19,1,0,1,12,2,0,5,1,40.0,0,1
31,7,1,0,1,12,2,0,5,1,60.0,0,1
9,3,0,0,1,12,2,1,5,0,28.0,0,1
8,3,0,0,1,12,1,0,5,0,39.0,0,1
9,3,0,0,1,12,2,0,5,0,52.0,0,1
30,28,1,0,1,12,1,0,0,0,30.0,1,1
8,3,0,0,1,5,2,0,0,1,34.0,0,1
8,3,0,0,1,12,1,1,5,0,60.0,0,1
32,10,2,0,1,12,2,0,0,0,31.0,1,1
7,25,1,1,1,3,2,0,5,0,22.0,0,1
13,5,1,1,1,12,1,1,5,0,30.0,0,1
32,10,2,0,1,12,2,1,5,0,32.0,0,1
9,3,0,0,1,12,2,1,5,0,19.0,0,1
40,30,2,0,1,12,2,1,5,0,46.0,0,1
30,28,1,0,1,12,2,1,5,0,28.0,0,1
9,3,0,0,1,12,1,0,5,0,31.0,0,1
24,14,1,1,1,12,2,1,5,0,39.0,0,1
32,10,2,0,1,12,2,1,5,1,24.0,0,1
32,10,2,0,1,12,2,1,5,0,34.0,0,1
32,10,2,0,1,12,2,1,5,0,29.0,0,1
8,3,0,0,1,12,2,1,5,0,38.0,0,1
13,5,1,1,1,12,2,1,5,0,23.0,0,1
32,10,2,0,1,12,2,1,5,0,32.0,0,1
32,10,2,0,1,12,2,0,5,0,31.0,0,1
16,19,1,0,1,12,2,1,5,0,52.0,0,1
13,5,1,1,1,12,2,1,5,0,41.0,0,1
25,14,1,1,1,12,2,1,5,1,52.0,0,1
32,10,2,0,1,12,0,0,5,0,33.0,0,1
8,3,0,0,1,12,2,0,0,3,56.0,0,1
9,3,0,0,1,12,2,1,5,1,19.0,0,1
16,19,1,0,1,12,2,0,5,0,49.0,0,1
9,3,0,0,1,12,2,1,5,0,23.0,0,1
13,5,1,1,1,12,2,1,5,0,35.0,0,1
16,19,1,0,1,12,2,0,5,0,20.5,1,1
22,6,1,0,1,12,2,0,5,0,35.0,0,1
16,19,1,0,1,12,2,1,5,0,29.0,0,1
16,19,1,0,1,12,2,1,5,0,21.0,0,1
16,19,1,0,1,12,2,0,5,0,42.0,0,1
32,10,2,0,1,12,2,1,5,1,36.0,0,1
16,19,1,0,1,12,2,1,5,3,54.0,0,1
16,19,1,0,1,12,2,1,0,0,18.0,0,1
9,3,0,0,1,12,2,1,5,0,27.0,0,1
32,10,2,0,1,12,2,1,5,0,29.0,0,1
30,28,1,0,1,12,2,1,5,0,16.0,1,1
9,3,0,0,1,12,1,0,5,1,19.0,0,1
8,3,0,0,1,12,2,1,5,0,56.0,0,1
32,10,2,0,1,12,2,0,5,1,33.0,1,1
16,19,1,0,1,12,2,1,5,0,34.0,0,1
16,19,1,0,1,12,2,1,5,0,28.0,0,1
40,30,2,0,1,12,1,1,4,0,22.0,0,1
9,3,0,0,1,12,0,0,0,1,32.0,0,1
9,3,0,0,1,12,0,0,0,1,26.0,0,1
9,3,0,0,1,12,0,1,0,1,56.0,0,1
8,3,0,0,1,12,1,1,5,0,36.0,0,1
9,3,0,0,1,12,0,1,5,1,23.0,0,1
9,3,0,0,1,12,0,1,0,1,31.0,0,1
3,26,0,0,1,12,0,1,0,1,29.0,0,1
43,8,2,0,0,12,0,1,0,1,49.0,0,1
9,3,0,0,1,12,0,1,5,1,51.0,0,1
32,10,2,0,1,12,2,1,5,3,14.0,0,1
2,18,0,0,1,12,0,1,5,0,28.0,0,1
32,10,2,0,1,12,1,1,5,0,14.0,0,1
9,3,0,0,1,12,0,0,5,0,25.0,0,1
30,28,1,0,1,12,0,1,5,0,32.0,0,1
9,3,0,0,1,12,0,1,5,0,18.0,0,1
9,3,0,0,1,12,0,0,5,0,28.0,0,1
2,18,0,0,1,12,0,1,5,0,23.0,0,1
9,3,0,0,1,12,0,1,5,1,21.0,0,1
9,3,0,0,1,12,0,1,5,0,28.0,0,1
31,7,1,0,1,12,2,0,5,0,16.0,0,1
31,7,1,0,1,12,2,1,5,3,14.0,0,1
35,23,2,0,1,12,2,1,5,0,12.0,0,1
9,3,0,0,1,3,0,1,5,0,16.0,0,1
9,3,0,0,1,12,1,1,5,0,31.0,0,1
9,3,0,0,1,12,1,1,5,0,14.0,0,1
9,3,0,0,1,12,0,1,5,0,27.0,0,1
32,10,2,0,1,12,1,0,4,3,15.0,0,1
9,3,0,0,1,12,0,1,5,0,26.0,0,1
9,3,0,0,1,12,0,1,5,3,22.0,0,1
9,3,0,0,1,12,0,1,5,1,60.0,0,1
20,19,1,1,1,12,1,1,5,0,34.0,0,1
32,10,2,0,1,12,1,0,5,0,13.0,0,1
17,19,1,1,1,12,2,1,5,0,34.0,0,1
21,21,1,1,1,12,0,1,5,3,45.0,0,1
9,3,0,0,1,12,0,1,0,1,25.0,0,1
32,10,2,0,1,12,0,1,5,3,22.0,0,1
33,10,2,0,1,12,0,1,5,1,28.0,0,1
32,10,2,0,1,12,0,0,1,1,21.5,1,1
32,10,2,0,1,12,0,1,5,3,33.0,0,1
9,3,0,0,1,12,0,1,5,0,19.0,0,1
32,10,2,0,1,12,0,1,5,3,43.0,1,1
30,28,1,0,1,3,0,1,4,3,27.0,0,1
21,21,1,1,1,5,0,1,5,1,22.0,0,1
32,10,2,0,1,12,0,0,5,0,28.0,0,1
8,3,0,0,1,5,0,1,1,1,51.0,0,1
30,28,1,0,1,12,0,1,5,1,37.0,0,1
8,3,0,0,1,5,0,1,5,0,54.0,0,1
31,7,1,0,1,12,1,1,5,3,44.0,0,1
16,19,1,0,1,12,1,1,5,0,53.0,0,1
32,10,2,0,1,12,0,1,4,0,33.0,0,1
27,14,1,1,1,12,0,1,5,3,36.0,0,1
32,10,2,0,1,12,0,1,5,1,40.0,0,1
31,7,1,0,1,12,1,1,4,0,38.0,1,1
18,19,1,1,1,12,0,1,5,0,54.0,0,1
21,21,1,1,1,12,0,1,5,1,72.0,0,1
13,5,1,1,1,3,2,1,5,3,18.0,0,1
16,19,1,0,1,12,1,1,5,3,15.0,0,1
32,10,2,0,1,12,0,1,5,1,26.0,0,1
16,19,1,0,1,5,1,1,2,1,45.0,0,1
9,3,0,0,1,12,1,0,2,1,25.0,0,1
7,25,1,1,1,12,1,1,5,0,30.0,0,1
30,28,1,0,1,12,0,1,2,1,31.0,0,1
16,19,1,0,1,12,0,1,5,0,43.0,0,1
30,28,1,0,1,3,0,1,0,0,36.0,1,1
8,3,0,0,1,12,2,1,5,0,30.0,0,1
13,5,1,1,1,12,0,1,5,1,46.0,0,1
32,10,2,0,1,12,0,1,5,0,40.0,0,1
9,3,0,0,1,12,0,1,5,0,25.0,0,1
9,3,0,0,1,12,1,0,2,3,31.0,0,1
8,3,0,0,1,12,0,1,5,3,28.0,0,1
20,19,1,1,1,12,1,1,2,1,50.0,0,1
31,7,1,0,1,12,0,1,5,3,35.0,0,1
18,19,1,1,1,12,0,1,5,1,53.0,0,1
0,16,0,0,1,3,0,1,5,0,24.0,0,1
31,7,1,0,1,12,1,0,5,1,20.0,0,1
9,3,0,0,1,12,1,1,5,3,21.0,0,1
31,7,1,0,1,12,1,1,5,3,40.0,0,1
30,28,1,0,1,12,2,1,0,1,31.0,0,1
8,3,0,0,1,12,0,0,4,3,19.0,1,1
8,3,0,0,1,12,0,0,2,1,33.0,0,1
9,3,0,0,1,12,1,0,2,0,48.5,1,1
30,28,1,0,1,12,0,1,5,0,19.0,0,1
32,10,2,0,1,12,0,1,5,1,45.0,0,1
9,3,0,0,1,12,1,1,5,0,41.0,0,1
9,3,0,0,1,12,0,0,5,0,26.0,0,1
9,3,0,0,1,12,1,1,5,3,33.0,0,1
9,3,0,0,1,12,1,1,5,0,45.0,0,1
9,3,0,0,1,12,0,1,2,3,31.0,0,1
8,3,0,0,1,12,0,1,5,3,39.0,0,1
9,3,0,0,1,12,0,0,5,1,30.0,0,1
31,7,1,0,1,12,1,1,5,0,54.0,0,1
21,21,1,1,1,12,0,1,5,0,28.0,0,1
9,3,0,0,1,12,0,0,0,1,35.0,0,1
13,5,1,1,1,12,0,1,5,3,42.0,0,1
9,3,0,0,1,12,1,0,0,1,32.0,0,1
9,3,0,0,1,12,0,0,5,3,22.0,0,1
30,28,1,0,1,12,0,1,5,0,24.0,0,1
32,10,2,0,1,12,0,1,5,3,33.0,0,1
9,3,0,0,1,12,1,1,5,1,52.0,0,1
6,26,0,0,1,12,0,0,0,1,42.0,0,1
9,3,0,0,1,12,0,1,5,3,19.0,0,1
9,3,0,0,1,12,1,1,5,3,31.0,0,1
9,3,0,0,1,12,1,1,5,3,38.0,0,1
8,3,0,0,1,12,0,1,0,3,28.0,0,1
9,3,0,0,1,12,1,1,0,1,42.0,0,1
32,10,2,0,1,12,2,1,5,3,33.0,0,1
32,10,2,0,1,12,2,1,4,1,29.0,0,1
9,3,0,0,1,12,0,1,4,3,36.0,0,1
16,19,1,0,1,12,2,1,5,0,41.0,0,1
20,19,1,1,1,12,1,1,5,0,32.0,0,1
9,3,0,0,1,12,1,1,2,1,40.0,0,1
13,5,1,1,1,12,0,0,4,3,29.0,0,1
13,5,1,1,1,12,0,0,0,1,36.0,0,1
16,19,1,0,1,12,1,1,5,0,18.0,0,1
16,19,1,0,1,12,1,0,5,0,37.0,0,1
9,3,0,0,1,12,1,1,5,1,31.0,0,1
9,3,0,0,1,12,0,0,0,1,25.0,0,1
9,3,0,0,1,12,1,1,2,0,62.0,0,1
9,3,0,0,1,12,0,1,4,1,23.0,0,1
9,3,0,0,1,12,1,1,5,1,37.0,0,1
9,3,0,0,1,12,1,1,2,3,52.0,0,1
8,3,0,0,1,12,2,1,5,3,32.0,0,1
16,19,1,0,1,12,2,0,5,0,43.0,0,1
31,7,1,0,1,12,1,1,5,3,37.0,0,1
8,3,0,0,1,5,0,1,5,0,30.0,0,1
16,19,1,0,1,5,1,1,5,1,29.0,0,1
32,10,2,0,1,12,0,1,5,0,45.0,0,1
32,10,2,0,1,12,0,0,5,1,28.5,1,1
32,10,2,0,1,12,0,0,5,0,36.0,0,1
9,3,0,0,1,12,1,1,5,1,29.0,0,1
31,7,1,0,1,12,1,1,2,0,62.0,0,1
9,3,0,0,1,12,1,1,2,1,41.0,0,1
33,10,2,0,1,12,1,1,5,1,50.0,0,1
40,30,2,0,1,12,0,1,5,0,22.0,0,1
8,3,0,0,1,12,1,0,5,0,48.0,0,1
9,3,0,0,1,12,2,1,4,3,45.0,0,1
16,19,1,0,1,12,0,1,2,1,32.0,0,1
9,3,0,0,1,12,1,0,5,1,18.0,0,1
8,3,0,0,1,12,0,0,4,3,43.0,0,1
32,10,2,0,1,12,0,0,5,0,32.0,0,1
16,19,1,0,1,12,0,1,5,0,37.0,0,1
9,3,0,0,1,12,0,1,5,1,34.0,0,1
18,19,1,1,1,12,0,1,5,1,53.0,0,1
9,3,0,0,1,12,1,1,5,1,59.0,0,1
8,3,0,0,1,12,0,1,5,3,43.0,0,1
40,30,2,0,1,3,0,1,5,3,44.0,0,1
16,19,1,0,1,12,0,1,5,1,29.0,0,1
16,19,1,0,1,12,0,1,0,1,33.0,0,1
9,3,0,0,1,12,0,1,5,3,36.0,0,1
9,3,0,0,1,12,1,0,2,1,30.0,0,1
9,3,0,0,1,12,0,0,5,0,27.0,0,1
16,19,1,0,1,12,0,1,5,3,29.0,0,1
32,10,2,0,1,12,0,1,5,0,34.0,0,1
9,3,0,0,1,12,1,1,2,1,62.0,0,1
32,10,2,0,1,12,0,1,0,1,26.0,0,1
8,3,0,0,1,3,2,1,5,3,40.0,0,1
16,19,1,0,1,12,1,1,5,0,33.0,0,1
21,21,1,1,1,12,2,0,5,0,26.0,0,1
8,3,0,0,1,4,2,1,5,1,23.0,0,1
8,3,0,0,1,0,1,1,5,0,50.0,0,1
16,19,1,0,1,12,2,1,2,1,41.0,0,1
9,3,0,0,1,12,1,0,5,3,77.0,0,1
30,28,1,0,1,3,2,0,5,1,30.0,0,1
16,19,1,0,1,12,1,1,5,0,38.0,0,1
9,3,0,0,1,12,0,1,0,1,27.0,0,1
9,3,0,0,1,12,1,1,5,3,32.0,0,1
32,10,2,0,1,12,2,1,5,1,19.0,0,1
8,3,0,0,1,12,2,1,5,0,47.0,0,1
31,7,1,0,1,12,1,1,5,3,24.0,0,1
8,3,0,0,1,12,2,0,5,3,20.0,0,1
8,3,0,0,1,12,1,1,5,3,34.0,0,1
8,3,0,0,1,5,2,1,2,1,42.0,0,1
9,3,0,0,1,12,1,1,5,3,41.0,0,1
31,7,1,0,1,12,2,1,0,1,25.0,0,1
40,30,2,0,1,3,1,1,5,0,16.0,0,1
32,10,2,0,1,12,0,0,5,1,25.0,0,1
32,10,2,0,1,12,0,1,5,1,28.0,0,1
33,10,2,0,1,12,1,0,5,0,37.0,0,1
8,3,0,0,1,12,2,0,5,0,18.0,0,1
32,10,2,0,1,12,2,1,5,3,47.0,0,1
16,19,1,0,1,5,0,0,5,0,51.5,1,1
9,3,0,0,1,12,1,1,5,1,27.0,0,1
9,3,0,0,1,12,1,0,2,3,23.0,0,1
9,3,0,0,1,0,1,0,5,0,35.0,0,1
32,10,2,0,1,12,0,1,5,0,60.0,0,1
9,3,0,0,1,12,0,1,0,1,30.0,0,1
8,3,0,0,1,12,0,1,5,0,30.0,0,1
20,19,1,1,1,12,1,1,5,1,28.0,0,1
8,3,0,0,1,12,2,1,5,3,25.0,0,1
9,3,0,0,1,12,1,1,5,3,50.0,0,1
8,3,0,0,1,12,0,1,5,0,15.0,0,1
9,3,0,0,1,12,2,1,5,1,82.0,0,1
9,3,0,0,1,12,1,1,5,3,36.0,0,1
31,7,1,0,1,12,1,1,5,0,22.0,1,1
16,19,1,0,1,12,1,1,5,0,34.0,0,1
9,3,0,0,1,12,1,0,0,1,24.0,0,1
9,3,0,0,1,12,1,0,5,0,27.0,1,1
8,3,0,0,1,12,0,1,0,3,39.0,0,1
8,3,0,0,1,5,0,1,4,0,37.0,0,1
9,3,0,0,1,12,1,1,5,0,33.0,0,1
8,3,0,0,1,12,1,1,2,3,30.0,0,1
16,19,1,0,1,12,1,1,5,3,36.0,0,1
13,5,1,1,1,12,0,0,5,0,29.5,1,1
8,3,0,0,1,5,2,1,5,3,33.0,0,1
9,3,0,0,1,12,1,1,5,3,49.0,0,1
9,3,0,0,1,12,1,1,5,3,24.0,0,1
30,28,1,0,1,12,2,1,5,0,34.0,0,1
8,3,0,0,1,12,0,0,4,3,40.0,0,1
9,3,0,0,1,12,1,1,5,0,20.0,0,1
30,28,1,0,1,12,2,1,5,1,34.0,0,1
16,19,1,0,1,12,1,1,2,3,32.0,0,1
16,19,1,0,1,12,0,1,4,3,47.0,0,1
9,3,0,0,1,12,0,0,0,3,19.0,0,1
16,19,1,0,1,12,2,0,0,3,28.0,0,1
31,7,1,0,1,12,0,0,5,0,37.0,0,1
9,3,0,0,1,12,1,1,5,1,42.0,0,1
16,19,1,0,1,12,1,1,5,0,37.0,0,1
32,10,2,0,1,12,0,0,5,1,37.0,0,1
32,10,2,0,1,12,0,0,5,0,26.0,0,1
32,10,2,0,1,12,0,1,5,0,36.0,0,1
8,3,0,0,1,12,0,1,5,0,46.0,0,1
8,3,0,0,1,5,0,1,0,3,31.0,0,1
16,19,1,0,1,12,0,1,5,3,37.0,0,1
9,3,0,0,1,12,1,1,4,3,52.0,0,1
16,19,1,0,1,5,0,0,5,0,26.0,1,1
9,3,0,0,1,12,0,1,4,3,31.0,0,1
9,3,0,0,1,12,1,1,5,3,19.0,0,1
13,5,1,1,1,12,0,1,5,0,45.0,0,1
40,30,2,0,1,3,0,1,5,0,20.0,0,1
9,3,0,0,1,12,1,1,5,1,40.0,0,1
8,3,0,0,1,12,0,1,5,0,50.0,0,1
32,10,2,0,1,12,2,0,5,0,39.0,0,1
9,3,0,0,1,12,1,0,5,3,46.0,0,1
9,3,0,0,1,12,1,0,5,1,37.0,0,1
31,7,1,0,1,12,0,1,5,0,29.0,0,1
32,10,2,0,1,12,0,1,5,0,34.0,1,1
9,3,0,0,1,12,0,1,5,0,43.0,0,1
9,3,0,0,1,12,0,1,5,1,42.0,0,1
32,10,2,0,1,12,0,1,5,0,31.0,1,1
32,10,2,0,1,12,0,1,4,1,30.0,0,1
32,10,2,0,1,12,1,0,5,3,30.0,0,1
16,19,1,0,1,5,0,1,5,1,41.0,0,1
9,3,0,0,1,12,1,1,0,1,39.0,0,1
32,10,2,0,1,12,0,0,4,0,51.5,1,1
9,3,0,0,1,12,0,1,5,0,50.0,0,1
9,3,0,0,1,12,1,1,5,0,19.0,0,1
32,10,2,0,1,12,0,1,5,0,29.0,0,1
8,3,0,0,1,8,0,1,4,3,64.0,0,1
16,19,1,0,1,12,0,0,0,1,32.0,1,1
9,3,0,0,1,12,1,0,0,3,32.0,0,1
8,3,0,0,1,12,0,1,5,0,19.0,0,1
32,10,2,0,1,12,0,1,5,0,34.0,0,1
9,3,0,0,1,12,1,0,5,1,42.0,0,1
31,7,1,0,1,12,1,1,2,1,23.0,0,1
16,19,1,0,1,12,1,1,2,1,23.0,0,1
32,10,2,0,1,12,0,1,5,0,54.0,0,1
33,10,2,0,1,12,1,1,5,0,45.0,0,1
9,3,0,0,1,12,1,0,0,1,25.0,0,1
20,19,1,1,1,12,1,1,2,1,50.0,0,1
10,3,0,0,1,12,1,1,5,0,32.0,0,1
30,28,1,0,1,3,0,1,5,0,31.0,0,1
32,10,2,0,1,12,0,1,5,1,33.0,0,1
9,3,0,0,1,12,1,0,5,1,36.0,0,1
33,10,2,0,1,5,1,1,2,1,50.0,0,1
8,3,0,0,1,12,0,1,4,3,35.0,0,1
32,10,2,0,1,5,0,1,0,1,23.0,0,1
9,3,0,0,1,12,1,1,5,0,33.0,0,1
32,10,2,0,1,12,0,1,5,1,37.0,0,1
32,10,2,0,1,12,0,1,4,0,27.0,0,1
32,10,2,0,1,12,2,0,0,0,45.0,0,1
16,19,1,0,1,12,1,1,2,3,23.0,0,1
9,3,0,0,1,12,1,1,5,0,47.0,0,1
9,3,0,0,1,12,0,1,4,3,19.0,0,1
9,3,0,0,1,12,1,1,5,1,65.0,0,1
32,10,2,0,1,12,0,0,2,1,61.0,0,1
23,14,1,1,1,12,1,1,5,1,22.0,0,1
9,3,0,0,1,12,1,0,0,1,25.0,0,1
21,21,1,1,1,12,0,0,5,0,37.5,1,1
8,3,0,0,1,12,1,1,5,3,27.0,0,1
32,10,2,0,1,12,0,1,2,1,41.0,0,1
9,3,0,0,1,12,1,1,5,0,33.0,0,1
31,7,1,0,1,12,1,0,5,0,31.5,1,1
7,25,1,1,1,3,1,1,5,0,39.0,0,1
16,19,1,0,1,12,0,0,5,0,32.0,0,1
32,10,2,0,1,12,0,1,0,0,47.0,1,1
8,3,0,0,1,5,0,1,2,1,32.0,0,1
9,3,0,0,1,12,1,0,5,0,60.0,0,1
9,3,0,0,1,12,0,0,4,3,30.0,0,1
9,3,0,0,1,12,1,0,4,3,44.0,0,1
33,10,2,0,1,12,0,0,4,3,28.0,0,1
8,3,0,0,1,0,2,1,5,3,61.0,0,1
8,3,0,0,1,12,1,1,5,1,27.0,0,1
8,3,0,0,1,12,1,1,5,1,38.0,0,1
32,10,2,0,1,12,0,1,5,1,41.0,0,1
33,10,2,0,1,12,0,0,4,1,30.0,0,1
9,3,0,0,1,12,1,1,5,3,24.0,0,1
32,10,2,0,1,12,0,0,0,1,32.0,0,1
33,10,2,0,1,12,0,1,2,1,28.0,0,1
8,3,0,0,1,12,1,1,5,1,69.0,0,1
20,19,1,1,1,12,1,1,5,1,38.0,0,1
16,19,1,0,1,12,2,1,5,1,26.0,0,1
9,3,0,0,1,12,1,1,0,3,48.0,0,1
9,3,0,0,1,12,1,1,2,3,52.0,0,1
32,10,2,0,1,3,0,1,5,1,35.0,0,1
40,30,2,0,1,3,0,1,5,1,63.0,0,1
9,3,0,0,1,12,1,1,5,1,53.0,0,1
8,3,0,0,1,12,1,1,2,3,33.0,0,1
9,3,0,0,1,12,1,0,5,1,40.0,0,1
8,3,0,0,1,12,0,1,0,3,41.0,0,1
9,3,0,0,1,12,0,1,5,0,33.0,0,1
9,3,0,0,1,12,1,1,5,0,30.0,0,1
32,10,2,0,1,12,0,0,5,0,29.5,1,1
31,7,1,0,1,12,0,0,5,1,27.0,0,1
18,19,1,1,1,12,0,1,2,1,22.0,0,1
9,3,0,0,1,12,0,1,2,1,27.0,0,1
8,3,0,0,1,12,0,1,2,0,64.0,0,1
20,19,1,1,1,12,1,1,5,0,57.0,0,1
9,3,0,0,1,12,1,1,5,0,17.0,0,1
40,30,2,0,1,12,0,1,5,0,31.0,0,1
9,3,0,0,1,12,1,1,5,1,18.0,0,1
9,3,0,0,1,12,1,1,5,3,77.0,0,1
9,3,0,0,1,12,2,1,5,0,23.0,0,1
40,30,2,0,1,3,0,1,2,3,20.0,0,1
9,3,0,0,1,12,1,1,5,3,24.0,0,1
8,3,0,0,1,12,1,0,3,3,27.0,0,1
13,5,1,1,1,12,0,1,5,0,41.0,0,1
8,3,0,0,1,12,1,1,5,1,51.0,0,1
32,10,2,0,1,12,0,1,4,3,39.0,0,1
32,10,2,0,1,12,2,0,5,1,49.0,0,1
8,3,0,0,1,12,0,1,5,0,32.0,0,1
32,10,2,0,1,12,0,0,5,0,40.0,0,1
2,18,0,0,1,12,0,1,5,0,53.0,0,1
10,3,0,0,1,12,1,1,2,1,36.0,0,1
9,3,0,0,1,12,0,1,4,3,40.0,0,1
31,7,1,0,1,12,1,0,5,0,49.0,1,1
9,3,0,0,1,12,1,0,5,1,59.0,0,1
9,3,0,0,1,12,1,1,0,3,31.0,0,1
9,3,0,0,1,12,0,1,5,1,32.0,0,1
8,3,0,0,1,12,2,1,0,3,23.0,0,1
8,3,0,0,1,12,0,1,5,1,51.0,0,1
10,3,0,0,1,12,1,0,5,1,41.0,0,1
9,3,0,0,1,12,1,1,5,3,47.0,0,1
31,7,1,0,1,5,1,1,5,3,51.0,0,1
8,3,0,0,1,12,1,0,5,0,19.0,0,1
31,7,1,0,1,12,0,1,5,0,38.0,0,1
8,3,0,0,1,12,0,1,4,3,46.0,0,1
33,10,2,0,1,12,0,1,0,1,33.0,0,1
8,3,0,0,1,12,0,1,5,1,18.0,0,1
16,19,1,0,1,12,0,0,5,0,39.0,0,1
8,3,0,0,1,12,1,1,2,1,23.0,0,1
9,3,0,0,1,12,1,1,0,1,38.0,0,1
9,3,0,0,1,12,1,1,4,1,30.0,0,1
9,3,0,0,1,12,0,1,5,1,37.0,0,1
9,3,0,0,1,12,1,1,5,0,25.0,0,1
9,3,0,0,1,12,0,1,0,1,27.0,0,1
32,10,2,0,1,12,0,1,5,1,35.0,0,1
31,7,1,0,1,12,1,0,0,1,41.0,0,1
32,10,2,0,1,6,0,1,5,0,36.0,0,1
9,3,0,0,1,12,0,0,5,0,48.0,0,1
30,28,1,0,1,12,0,0,5,1,35.0,0,1
9,3,0,0,1,12,1,0,5,0,30.0,0,1
32,10,2,0,1,12,0,1,5,3,31.0,0,1
32,10,2,0,1,12,0,1,2,0,34.5,1,1
32,10,2,0,1,12,0,1,2,1,40.0,0,1
32,10,2,0,1,12,0,1,0,1,32.0,0,1
9,3,0,0,1,12,1,0,2,3,35.0,0,1
9,3,0,0,1,12,1,1,5,1,20.0,0,1
31,7,1,0,1,12,1,1,5,3,51.0,0,1
9,3,0,0,1,12,1,0,5,1,46.0,0,1
9,3,0,0,1,12,0,1,5,0,58.0,0,1
32,10,2,0,1,12,0,0,5,0,33.0,0,1
13,5,1,1,1,12,0,1,4,3,40.0,0,1
9,3,0,0,1,12,1,1,4,3,77.0,0,1
9,3,0,0,1,12,1,0,4,0,27.0,1,1
9,3,0,0,1,12,0,0,2,1,21.0,0,1
32,10,2,0,1,12,0,0,4,3,39.0,0,1
31,7,1,0,1,12,1,1,5,0,60.0,0,1
9,3,0,0,1,12,1,1,5,0,31.0,0,1
9,3,0,0,1,12,1,1,5,0,57.0,0,1
13,5,1,1,1,12,0,0,5,0,33.0,0,1
40,30,2,0,1,5,1,1,5,1,32.0,0,1
9,3,0,0,1,12,0,1,5,0,25.0,0,1
16,19,1,0,1,12,1,1,5,1,40.0,0,1
16,19,1,0,1,12,1,1,5,1,40.0,0,1
31,7,1,0,1,12,1,1,5,0,23.0,0,1
9,3,0,0,1,12,1,1,5,0,27.0,0,1
9,3,0,0,1,12,0,0,0,1,22.0,0,1
32,10,2,0,1,12,0,1,5,0,22.0,0,1
8,3,0,0,1,12,1,1,5,3,34.0,0,1
21,21,1,1,1,12,0,1,5,3,15.0,0,1
2,18,0,0,1,12,0,1,5,0,27.0,0,1
9,3,0,0,1,12,1,1,5,0,24.0,0,1
31,7,1,0,1,12,0,1,5,0,30.0,0,1
9,3,0,0,1,12,1,0,5,3,20.0,0,1
32,10,2,0,1,12,0,0,5,1,34.0,0,1
32,10,2,0,1,12,0,1,5,0,37.333333333333336,1,1
16,19,1,0,1,5,0,1,5,3,36.0,0,1
8,3,0,0,1,12,0,1,5,3,31.0,0,1
9,3,0,0,1,12,1,1,5,1,82.0,0,1
9,3,0,0,1,12,0,0,5,1,33.0,0,1
8,3,0,0,1,6,0,1,5,0,43.0,0,1
16,19,1,0,1,12,0,0,5,0,27.0,0,1
40,30,2,0,1,12,0,1,5,1,29.0,0,1
16,19,1,0,1,5,0,1,5,3,42.0,0,1
19,19,1,0,1,12,1,1,5,0,39.0,0,1
32,10,2,0,1,12,0,1,5,3,41.0,0,1
9,3,0,0,1,12,1,1,4,1,25.0,0,1
9,3,0,0,1,12,1,0,0,1,23.0,0,1
9,3,0,0,1,12,1,1,0,3,49.0,0,1
9,3,0,0,1,12,1,0,5,0,34.0,0,1
10,3,0,0,1,12,1,1,5,3,33.0,0,1
9,3,0,0,1,12,1,1,5,3,38.0,0,1
20,19,1,1,1,12,0,0,5,3,41.0,0,1
9,3,0,0,1,3,1,1,5,3,19.0,0,1
13,5,1,1,1,12,1,1,4,0,50.0,0,1
13,5,1,1,1,12,0,0,5,1,32.0,0,1
32,10,2,0,1,12,0,0,5,0,27.0,0,1
32,10,2,0,1,12,0,1,5,1,29.0,0,1
9,3,0,0,1,12,1,0,2,3,18.0,0,1
32,10,2,0,1,12,0,1,5,3,52.0,0,1
18,19,1,1,1,12,0,1,5,0,27.0,0,1
18,19,1,1,1,12,2,1,5,0,49.0,0,1
40,30,2,0,1,3,1,1,5,0,32.0,0,1
16,19,1,0,1,12,1,1,5,0,37.0,0,1
33,10,2,0,1,12,0,1,5,0,44.0,0,1
8,3,0,0,1,5,0,1,0,3,30.0,0,1
40,30,2,0,1,12,0,1,5,0,29.0,0,1
16,19,1,0,1,12,0,0,2,3,56.0,0,1
40,30,2,0,1,12,1,1,5,3,26.0,0,1
32,10,2,0,1,12,0,1,5,3,42.0,0,1
9,3,0,0,1,12,1,1,5,3,41.0,0,1
9,3,0,0,1,12,0,1,0,1,35.0,0,1
6,26,0,0,1,12,1,1,5,1,66.0,0,1
8,3,0,0,1,12,1,1,5,0,34.0,0,1
9,3,0,0,1,12,1,1,4,0,31.0,0,1
30,28,1,0,1,12,0,1,0,1,38.0,0,1
16,19,1,0,1,12,1,1,5,1,38.0,0,1
6,26,0,0,1,12,1,1,5,3,53.0,0,1
32,10,2,0,1,12,2,1,2,1,30.0,0,1
8,3,0,0,1,12,1,1,5,0,43.0,0,1
9,3,0,0,1,12,1,1,5,0,37.0,0,1
32,10,2,0,1,12,0,1,2,3,28.0,0,1
9,3,0,0,1,12,1,0,5,0,48.0,0,1
8,3,0,0,1,12,0,1,2,1,19.0,0,1
31,7,1,0,1,12,1,1,5,3,30.0,0,1
8,3,0,0,1,12,1,0,5,3,35.0,0,1
9,3,0,0,1,12,0,0,5,3,39.0,0,1
31,7,1,0,1,12,1,1,5,3,27.0,0,1
8,3,0,0,1,12,0,0,5,3,32.0,0,1
9,3,0,0,1,12,1,0,5,0,23.0,0,1
9,3,0,0,1,5,2,1,4,3,30.0,0,1
9,3,0,0,1,12,1,1,5,0,36.0,0,1
9,3,0,0,1,12,1,1,4,3,34.0,0,1
8,3,0,0,1,12,0,1,5,1,54.0,0,1
9,3,0,0,1,12,1,1,2,3,28.0,0,1
9,3,0,0,1,12,1,1,2,3,21.0,0,1
9,3,0,0,1,12,1,1,5,3,63.0,0,1
9,3,0,0,1,12,0,1,5,0,50.0,0,1
8,3,0,0,1,3,0,1,5,3,27.0,0,1
9,3,0,0,1,12,1,0,5,3,30.0,0,1
32,10,2,0,1,12,0,0,0,1,34.0,0,1
21,21,1,1,1,12,0,0,5,0,38.0,0,1
9,3,0,0,1,12,0,1,0,1,36.0,0,1
9,3,0,0,1,12,1,0,5,3,53.0,0,1
9,3,0,0,1,12,1,1,5,0,47.0,0,1
8,3,0,0,1,12,1,1,5,3,47.0,0,1
8,3,0,0,1,12,0,1,5,0,67.0,0,1
8,3,0,0,1,12,1,1,5,3,28.0,0,1
9,3,0,0,1,12,1,1,5,0,20.0,0,1
8,3,0,0,1,12,1,1,5,0,33.0,0,1
7,25,1,1,1,0,0,0,5,3,31.0,0,1
9,3,0,0,1,12,1,0,0,3,30.0,0,1
8,3,0,0,1,12,0,1,4,3,21.0,0,1
9,3,0,0,1,12,0,0,5,3,18.0,0,1
8,3,0,0,1,12,1,0,5,3,21.0,0,1
9,3,0,0,1,12,1,1,0,1,44.0,0,1
8,3,0,0,1,12,1,0,4,3,22.0,0,1
9,3,0,0,1,12,1,1,5,3,53.0,0,1
8,3,0,0,1,12,0,0,0,1,29.0,0,1
9,3,0,0,1,12,0,0,5,3,50.0,0,1
9,3,0,0,1,12,1,1,5,3,49.0,0,1
9,3,0,0,1,12,1,1,5,3,31.0,0,1
9,3,0,0,1,12,0,1,5,1,32.0,0,1
9,3,0,0,1,12,1,1,5,1,40.0,0,1
2,18,0,0,1,12,0,1,5,3,53.0,0,1
8,3,0,0,1,12,1,1,5,0,31.0,0,1
16,19,1,0,1,12,1,1,2,3,55.0,0,1
9,3,0,0,1,12,1,1,5,3,50.0,0,1
16,19,1,0,1,12,1,1,5,0,42.0,0,1
9,3,0,0,1,12,1,1,5,0,52.0,0,1
9,3,0,0,1,12,1,1,5,1,30.0,0,1
9,3,0,0,1,12,1,1,5,0,24.0,0,1
32,10,2,0,1,12,0,0,0,0,38.0,1,1
31,7,1,0,1,12,1,1,5,1,63.0,0,1
9,3,0,0,1,12,1,1,0,1,49.0,0,1
31,7,1,0,1,12,1,1,5,0,34.0,0,1
8,3,0,0,1,0,0,1,5,3,43.0,0,1
9,3,0,0,1,12,1,0,2,1,20.0,0,1
8,3,0,0,1,12,0,1,0,1,51.0,0,1
9,3,0,0,1,12,1,1,5,3,28.0,0,1
9,3,0,0,1,12,1,1,4,1,32.0,0,1
31,7,1,0,1,12,0,1,5,1,21.0,0,1
9,3,0,0,1,12,1,0,5,0,19.0,0,1
9,3,0,0,1,12,1,1,5,0,33.0,0,1
9,3,0,0,1,12,1,0,5,3,44.0,0,1
9,3,0,0,1,12,1,1,2,1,41.0,0,1
16,19,1,0,1,12,0,0,0,3,27.0,0,1
9,3,0,0,1,12,1,0,5,1,33.0,0,1
8,3,0,0,1,12,1,0,5,3,37.0,0,1
9,3,0,0,1,12,1,0,2,1,52.0,0,1
32,10,2,0,1,12,0,1,5,0,35.0,0,1
9,3,0,0,1,12,1,1,5,3,22.0,0,1
16,19,1,0,1,12,1,1,4,3,38.0,0,1
32,10,2,0,1,12,0,1,5,0,22.0,0,1
9,3,0,0,1,12,1,1,5,0,27.0,0,1
9,3,0,0,1,12,1,1,5,3,35.0,0,1
31,7,1,0,1,12,1,0,5,3,28.0,0,1
9,3,0,0,1,12,1,1,5,0,38.0,0,1
9,3,0,0,1,12,1,1,5,0,27.0,0,1
13,5,1,1,1,12,0,0,5,1,32.0,0,1
8,3,0,0,1,3,2,1,0,1,42.0,0,1
9,3,0,0,1,12,2,1,0,3,53.0,0,1
8,3,0,0,1,12,0,1,5,0,33.0,0,1
32,10,2,0,1,12,0,0,5,3,27.0,0,1
32,10,2,0,1,12,0,1,5,1,44.0,0,1
9,3,0,0,1,12,1,1,5,0,23.0,0,1
40,30,2,0,1,3,1,1,2,1,52.0,0,1
9,3,0,0,1,12,1,1,5,3,38.0,0,1
33,10,2,0,1,12,0,1,5,3,33.0,0,1
32,10,2,0,1,12,0,1,0,1,32.0,0,1
32,10,2,0,1,5,0,1,4,0,29.0,0,1
32,10,2,0,1,12,0,0,5,0,46.5,1,1
31,7,1,0,1,12,1,1,4,0,27.0,0,1
33,10,2,0,1,12,0,1,2,3,58.0,0,1
9,3,0,0,1,12,0,1,5,1,66.0,0,1
32,10,2,0,1,12,0,0,0,3,23.0,0,1
8,3,0,0,1,12,2,1,5,3,46.0,0,1
32,10,2,0,1,12,0,0,4,3,22.0,0,1
33,10,2,0,1,12,1,1,5,0,31.0,0,1
32,10,2,0,1,12,2,1,4,0,47.0,0,1
8,3,0,0,1,12,1,0,4,3,49.0,0,1
31,7,1,0,1,12,1,1,1,3,38.0,0,1
32,10,2,0,1,12,0,1,5,3,45.0,0,1
16,19,1,0,1,12,0,0,5,3,40.0,0,1
32,10,2,0,1,12,0,1,5,0,55.0,0,1
32,10,2,0,1,12,0,1,5,0,44.0,0,1
31,7,1,0,1,12,1,1,5,0,48.0,0,1
9,3,0,0,1,12,2,1,5,1,40.0,0,1
32,10,2,0,1,12,2,1,5,3,35.0,0,1
32,10,2,0,1,5,2,1,5,0,37.0,0,1
8,3,0,0,1,3,0,1,5,1,26.0,0,1
9,3,0,0,1,12,1,1,5,0,45.0,0,1
16,19,1,0,1,12,1,0,5,1,37.0,0,1
32,10,2,0,1,5,0,1,0,1,37.0,0,1
32,10,2,0,1,12,0,1,2,1,44.0,0,1
9,3,0,0,1,12,1,0,5,1,46.0,0,1
9,3,0,0,1,12,1,1,0,3,31.0,0,1
9,3,0,0,1,12,0,1,5,1,40.0,0,1
40,30,2,0,1,12,0,1,4,0,33.0,0,1
9,3,0,0,1,12,0,1,5,0,50.0,0,1
7,25,1,1,1,3,1,1,5,3,37.0,0,1
17,19,1,1,1,12,0,1,5,0,36.0,0,1
8,3,0,0,1,12,0,1,2,1,43.0,0,1
9,3,0,0,1,12,1,0,2,1,20.0,0,1
33,10,2,0,1,12,0,0,5,0,27.0,0,1
32,10,2,0,1,12,0,1,5,1,31.0,0,1
23,14,1,1,1,12,0,0,5,1,46.0,0,1
31,7,1,0,1,12,2,1,5,0,27.0,0,1
23,14,1,1,1,12,1,1,5,0,22.0,0,1
8,3,0,0,1,5,2,1,5,3,36.0,0,1
31,7,1,0,1,12,1,0,2,1,29.0,0,1
32,10,2,0,1,12,2,1,0,3,39.0,0,1
16,19,1,0,1,5,0,1,5,0,31.0,0,1
9,3,0,0,1,12,1,1,5,0,54.0,0,1
32,10,2,0,1,12,0,0,0,0,21.0,0,1
33,10,2,0,1,12,0,1,0,0,45.0,1,1
16,19,1,0,1,12,1,1,5,0,37.0,0,1
9,3,0,0,1,12,1,1,2,1,31.0,0,1
9,3,0,0,1,12,2,0,5,3,25.0,0,1
9,3,0,0,1,12,1,1,2,1,61.0,0,1
40,30,2,0,1,12,0,1,0,1,41.0,0,1
9,3,0,0,1,12,1,0,4,3,41.0,0,1
9,3,0,0,1,12,1,0,5,0,39.0,0,1
8,3,0,0,1,12,1,1,5,0,34.0,0,1
8,3,0,0,1,3,0,1,5,0,23.0,0,1
8,3,0,0,1,12,0,1,5,0,24.0,0,1
9,3,0,0,1,12,1,0,5,3,42.0,0,1
9,3,0,0,1,12,0,0,5,1,36.0,0,1
13,5,1,1,1,12,0,0,5,0,46.0,0,1
32,10,2,0,1,12,0,0,5,0,29.0,0,1
31,7,1,0,1,12,1,1,5,0,25.0,0,1
19,19,1,0,1,12,0,0,5,0,28.0,0,1
32,10,2,0,1,12,0,0,4,0,33.0,0,1
32,10,2,0,1,12,0,1,5,1,41.0,0,1
32,10,2,0,1,5,0,1,5,3,37.0,0,1
32,10,2,0,1,12,0,1,5,1,30.0,0,1
9,3,0,0,1,12,1,1,2,3,61.0,0,1
9,3,0,0,1,12,1,0,5,0,79.0,0,1
32,10,2,0,1,12,2,1,5,0,36.0,0,1
9,3,0,0,1,12,1,1,2,1,32.0,0,1
32,10,2,0,1,12,0,0,5,0,34.0,0,1
9,3,0,0,1,12,1,0,0,1,27.0,0,1
9,3,0,0,1,12,0,1,4,3,32.0,0,1
8,3,0,0,1,3,0,1,5,0,39.0,0,1
8,3,0,0,1,12,0,1,5,0,40.0,0,1
8,3,0,0,1,3,0,1,4,3,52.0,0,1
9,3,0,0,1,12,1,1,0,3,42.0,0,1
21,21,1,1,1,12,0,1,4,0,34.0,1,1
18,19,1,1,1,12,1,0,0,1,54.0,0,1
8,3,0,0,1,12,0,1,5,0,15.0,0,1
9,3,0,0,1,12,0,0,0,1,32.0,0,1
9,3,0,0,1,12,1,0,5,0,36.5,1,1
9,3,0,0,1,12,1,1,0,0,33.0,0,1
9,3,0,0,1,12,1,1,5,0,54.0,0,1
9,3,0,0,1,12,1,0,5,0,41.0,0,1
8,3,0,0,1,12,0,1,5,0,30.0,0,1
8,3,0,0,1,12,0,1,5,0,21.0,0,1
9,3,0,0,1,12,1,0,5,3,32.0,0,1
9,3,0,0,1,12,1,0,5,0,23.0,0,1
8,3,0,0,1,12,0,0,5,3,13.0,0,1
8,3,0,0,1,12,2,1,5,3,78.0,0,1
8,3,0,0,1,6,2,1,5,1,50.0,0,1
10,3,0,0,1,12,1,1,5,0,55.0,0,1
9,3,0,0,1,12,1,1,5,0,46.0,0,1
9,3,0,0,1,12,2,1,2,1,23.0,0,1
9,3,0,0,1,12,1,1,5,0,22.0,0,1
8,3,0,0,1,12,1,1,5,0,41.0,0,1
9,3,0,0,1,12,1,1,5,0,39.0,0,1
9,3,0,0,1,12,1,1,5,0,39.0,0,1
40,30,2,0,1,3,1,1,4,3,27.0,0,1
8,3,0,0,1,12,1,0,4,3,21.0,0,1
32,10,2,0,1,12,0,0,5,0,36.0,0,1
9,3,0,0,1,12,1,0,0,1,22.0,0,1
8,3,0,0,1,12,0,1,5,0,30.0,0,1
10,3,0,0,1,12,1,1,0,3,41.0,0,1
40,30,2,0,1,3,0,1,5,1,34.0,0,1
8,3,0,0,1,12,1,1,5,0,35.0,0,1
9,3,0,0,1,12,0,1,0,3,23.0,0,1
31,7,1,0,1,12,1,1,5,3,77.0,0,1
8,3,0,0,1,12,0,0,5,1,83.0,0,1
8,3,0,0,1,12,1,1,5,3,43.0,0,1
8,3,0,0,1,12,1,0,5,1,40.0,0,1
31,7,1,0,1,12,1,1,5,1,31.0,0,1
9,3,0,0,1,12,1,0,0,1,36.0,0,1
40,30,2,0,1,3,1,1,5,1,27.0,0,1
30,28,1,0,1,12,0,1,5,0,37.0,0,1
9,3,0,0,1,12,1,1,2,3,31.0,0,1
31,7,1,0,1,5,0,0,5,3,44.0,0,1
31,7,1,0,1,12,1,1,5,1,29.0,0,1
21,21,1,1,1,12,0,0,5,0,37.0,0,1
16,19,1,0,1,12,1,1,2,1,22.0,0,1
9,3,0,0,1,12,1,1,4,0,57.0,0,1
16,19,1,0,1,12,1,0,5,0,38.0,0,1
31,7,1,0,1,12,0,1,5,0,49.0,0,1
17,19,1,1,1,12,1,1,5,0,23.0,0,1
30,28,1,0,1,12,0,1,5,0,25.0,0,1
31,7,1,0,1,12,1,1,5,3,22.0,0,1
13,5,1,1,1,12,0,1,2,1,70.0,0,1
33,10,2,0,1,12,1,1,5,0,45.0,0,1
33,10,2,0,1,12,1,0,4,0,43.0,0,1
32,10,2,0,1,12,0,0,4,3,35.0,0,1
32,10,2,0,1,5,0,1,5,3,40.0,0,1
32,10,2,0,1,12,0,1,5,0,25.0,0,1
32,10,2,0,1,12,0,1,5,1,34.0,0,1
16,19,1,0,1,12,1,1,2,1,20.0,0,1
32,10,2,0,1,12,0,0,5,1,36.5,1,1
8,3,0,0,1,12,0,1,5,0,29.0,0,1
32,10,2,0,1,12,0,1,5,0,21.0,0,1
32,10,2,0,1,12,0,1,5,0,37.0,0,1
32,10,2,0,1,12,0,1,5,0,57.0,0,1
7,25,1,1,1,12,1,1,5,0,31.0,0,1
32,10,2,0,1,12,0,1,5,0,42.0,0,1
32,10,2,0,1,12,0,1,5,3,20.0,0,1
8,3,0,0,1,12,0,1,2,1,26.0,0,1
9,3,0,0,1,12,1,1,5,0,62.0,0,1
9,3,0,0,1,12,1,1,0,3,39.0,0,1
9,3,0,0,1,12,0,0,5,3,42.0,0,1
9,3,0,0,1,12,1,0,5,0,27.0,0,1
40,30,2,0,1,12,0,1,5,1,28.0,0,1
9,3,0,0,1,12,0,0,5,0,43.0,0,1
9,3,0,0,1,12,0,1,5,0,20.0,0,1
31,7,1,0,1,12,1,1,5,1,50.0,0,1
8,3,0,0,1,12,1,1,5,0,54.0,0,1
33,10,2,0,1,12,0,1,4,3,25.0,0,1
33,10,2,0,1,12,1,1,5,0,31.0,0,1
9,3,0,0,1,12,1,0,4,0,33.0,0,1
32,10,2,0,1,12,0,0,5,3,25.0,0,1
9,3,0,0,1,12,1,1,2,1,44.0,0,1
32,10,2,0,1,5,0,1,5,1,22.0,0,1
9,3,0,0,1,12,0,1,5,1,63.0,0,1
32,10,2,0,1,5,0,1,5,0,30.5,1,1
16,19,1,0,1,12,0,1,5,0,21.0,0,1
32,10,2,0,1,12,0,1,5,0,31.0,0,1
32,10,2,0,1,12,0,1,4,0,39.5,1,1
8,3,0,0,1,12,1,0,5,0,29.0,0,1
8,3,0,0,1,12,0,1,5,0,42.0,0,1
9,3,0,0,1,12,0,1,5,0,16.0,0,1
32,10,2,0,1,12,0,1,5,0,29.0,0,1
32,10,2,0,1,12,0,0,5,1,40.0,1,1
30,28,1,0,1,10,0,1,5,1,37.0,1,1
9,3,0,0,1,12,1,0,5,1,43.0,0,1
9,3,0,0,1,12,0,1,0,1,63.0,0,1
9,3,0,0,1,12,1,1,0,1,25.0,0,1
31,7,1,0,1,12,1,1,4,1,35.0,0,1
33,10,2,0,1,12,0,0,5,1,30.5,1,1
9,3,0,0,1,12,1,1,5,0,31.0,0,1
32,10,2,0,1,12,0,1,5,1,52.0,0,1
32,10,2,0,1,12,0,1,5,1,38.0,0,1
13,5,1,1,1,12,0,0,5,1,34.0,0,1
9,3,0,0,1,12,1,1,2,3,23.0,0,1
9,3,0,0,1,12,1,0,5,3,19.0,0,1
42,1,2,0,0,12,0,1,0,3,60.0,0,1
13,5,1,1,1,12,1,0,5,1,37.57142857142857,1,1
32,10,2,0,1,12,0,1,5,3,41.0,0,1
13,5,1,1,1,12,0,1,0,3,42.0,0,1
16,19,1,0,1,12,1,0,5,0,49.0,0,1
9,3,0,0,1,12,1,1,4,0,39.0,0,1
32,10,2,0,1,5,0,1,5,0,35.0,0,1
33,10,2,0,1,12,0,1,2,3,23.0,0,1
17,19,1,1,1,12,1,0,5,1,45.0,0,1
13,5,1,1,1,12,0,0,5,0,40.0,0,1
9,3,0,0,1,12,0,1,0,1,34.0,0,1
32,10,2,0,1,12,0,1,0,0,33.0,0,1
9,3,0,0,1,12,0,1,5,0,36.0,0,1
32,10,2,0,1,12,0,1,0,1,33.0,0,1
9,3,0,0,1,12,1,1,2,3,54.0,0,1
8,3,0,0,1,12,1,1,0,3,45.0,0,1
16,19,1,0,1,12,1,1,5,0,26.0,0,1
32,10,2,0,1,12,0,1,5,1,28.0,0,1
32,10,2,0,1,12,0,1,5,0,38.0,0,1
8,3,0,0,1,12,0,1,5,1,62.0,0,1
9,3,0,0,1,12,1,0,2,1,29.0,0,1
32,10,2,0,1,12,0,1,5,0,27.0,0,1
8,3,0,0,1,12,1,0,4,0,28.0,0,1
32,10,2,0,1,12,0,1,0,1,28.0,0,1
32,10,2,0,1,12,0,1,5,1,23.0,0,1
16,19,1,0,1,12,1,1,5,0,33.0,0,1
32,10,2,0,1,12,0,0,5,0,50.5,1,1
8,3,0,0,1,12,0,1,2,1,26.0,0,1
32,10,2,0,1,12,0,1,5,0,47.0,0,1
33,10,2,0,1,12,1,0,4,0,37.0,0,1
8,3,0,0,1,12,1,1,5,1,37.0,0,1
33,10,2,0,1,12,1,1,5,3,23.0,0,1
32,10,2,0,1,12,0,1,2,3,39.0,0,1
9,3,0,0,1,12,1,1,5,0,52.0,0,1
32,10,2,0,1,12,0,1,0,1,24.0,0,1
30,28,1,0,1,12,0,0,5,0,39.0,0,1
9,3,0,0,1,12,1,1,5,0,41.0,0,1
8,3,0,0,1,12,0,1,5,3,48.0,0,1
6,26,0,0,1,12,0,1,5,0,39.0,0,1
30,28,1,0,1,3,0,1,5,0,38.0,0,1
9,3,0,0,1,12,1,0,5,1,36.0,0,1
40,30,2,0,1,3,0,0,5,0,34.0,0,1
9,3,0,0,1,12,0,1,0,1,29.0,0,1
9,3,0,0,1,12,0,0,5,0,45.0,0,1
9,3,0,0,1,12,0,1,5,0,48.0,0,1
9,3,0,0,1,12,0,1,2,1,43.0,0,1
9,3,0,0,1,12,1,1,0,1,49.0,0,1
8,3,0,0,1,12,0,1,2,1,59.0,0,1
20,19,1,1,1,12,1,1,5,0,50.0,0,1
8,3,0,0,1,12,1,0,5,0,22.0,0,1
9,3,0,0,1,12,1,0,0,1,25.0,0,1
32,10,2,0,1,12,0,1,5,0,28.0,0,1
33,10,2,0,1,12,1,1,5,3,33.0,0,1
9,3,0,0,1,12,1,1,5,3,33.0,0,1
8,3,0,0,1,5,0,1,2,1,51.0,0,1
30,28,1,0,1,12,0,1,5,0,44.0,0,1
9,3,0,0,1,12,1,1,2,1,94.0,0,1
17,19,1,1,1,12,0,1,5,1,39.0,0,1
9,3,0,0,1,12,0,1,5,0,27.0,0,1
9,3,0,0,1,12,0,1,5,3,29.0,0,1
9,3,0,0,1,12,1,1,5,3,23.0,0,1
8,3,0,0,1,3,0,1,4,3,17.0,0,1
8,3,0,0,1,12,1,0,5,0,55.0,0,1
9,3,0,0,1,12,1,1,5,3,20.0,0,1
9,3,0,0,1,12,1,1,5,3,28.0,0,1
32,10,2,0,1,12,0,1,5,0,39.0,0,1
8,3,0,0,1,12,0,1,2,3,20.0,0,1
21,21,1,1,1,12,0,1,5,0,14.0,0,1
9,3,0,0,1,12,1,1,5,3,32.0,0,1
9,3,0,0,1,12,1,0,0,3,38.0,0,1
9,3,0,0,1,12,1,1,0,1,32.0,0,1
30,28,1,0,1,3,0,1,5,0,15.0,1,1
9,3,0,0,1,12,1,1,5,3,74.0,0,1
32,10,2,0,1,12,0,1,5,3,42.0,0,1
9,3,0,0,1,12,1,1,5,1,41.0,0,1
32,10,2,0,1,12,0,1,5,3,26.0,0,1
9,3,0,0,1,12,0,0,5,0,29.0,0,1
31,7,1,0,1,12,1,0,5,3,20.0,0,1
31,7,1,0,1,12,0,1,4,3,41.0,0,1
8,3,0,0,1,5,0,1,5,1,40.0,0,1
9,3,0,0,1,12,1,0,2,1,23.0,0,1
32,10,2,0,1,12,0,0,5,0,28.0,0,1
40,30,2,0,1,1,1,1,2,1,38.0,0,1
31,7,1,0,1,5,0,1,0,1,30.0,0,1
9,3,0,0,1,12,1,1,5,0,31.0,0,1
9,3,0,0,1,12,1,1,5,0,45.0,0,1
9,3,0,0,1,12,1,1,4,3,25.0,0,1
32,10,2,0,1,12,0,0,5,0,51.0,1,1
31,7,1,0,1,3,1,1,2,1,45.0,0,1
32,10,2,0,1,12,0,1,5,1,36.0,0,1
9,3,0,0,1,12,0,1,4,3,31.0,0,1
8,3,0,0,1,12,0,1,5,0,44.0,0,1
31,7,1,0,1,5,1,0,5,0,35.0,0,1
31,7,1,0,1,12,1,0,5,3,39.0,0,1
32,10,2,0,1,12,0,1,5,0,35.0,0,1
9,3,0,0,1,12,0,1,5,0,24.0,0,1
8,3,0,0,1,12,0,1,2,1,38.0,0,1
7,25,1,1,1,12,0,1,2,1,23.0,0,1
8,3,0,0,1,12,0,1,5,1,37.0,0,1
33,10,2,0,1,12,0,0,5,0,39.0,0,1
32,10,2,0,1,12,0,1,2,3,36.0,0,1
32,10,2,0,1,0,0,1,5,0,31.0,0,1
9,3,0,0,1,12,1,1,5,3,35.0,0,1
32,10,2,0,1,12,0,1,5,0,29.0,0,1
8,3,0,0,1,0,0,1,5,3,28.0,0,1
33,10,2,0,1,12,0,1,0,1,28.0,0,1
9,3,0,0,1,12,1,1,5,0,41.0,0,1
32,10,2,0,1,12,0,0,5,0,35.0,1,1
32,10,2,0,1,12,0,1,5,0,40.0,0,1
31,7,1,0,1,12,1,1,1,1,38.0,0,1
32,10,2,0,1,12,0,1,5,0,21.0,0,1
32,10,2,0,1,12,0,1,5,0,41.0,0,1
9,3,0,0,1,12,1,0,4,3,66.0,0,1
16,19,1,0,1,12,1,0,5,0,24.0,0,1
9,3,0,0,1,12,0,0,5,0,37.0,0,1
9,3,0,0,1,12,0,1,2,1,35.0,0,1
8,3,0,0,1,3,0,1,5,0,23.0,0,1
8,3,0,0,1,3,0,1,2,1,35.0,0,1
8,3,0,0,1,3,0,1,5,1,50.0,0,1
9,3,0,0,1,12,0,1,5,3,22.0,0,1
32,10,2,0,1,12,0,0,0,0,24.0,0,1
32,10,2,0,1,12,0,0,5,0,53.0,0,1
32,10,2,0,1,12,0,1,0,1,28.0,0,1
8,3,0,0,1,12,0,1,5,1,17.0,0,1
32,10,2,0,1,12,0,1,5,1,32.0,0,1
32,10,2,0,1,12,0,1,5,0,42.333333333333336,1,1
9,3,0,0,1,12,1,0,5,0,50.0,0,1
9,3,0,0,1,12,1,0,5,3,27.0,0,1
8,3,0,0,1,5,0,1,5,1,42.0,0,1
9,3,0,0,1,12,1,1,5,3,19.0,0,1
9,3,0,0,1,12,1,0,5,0,70.0,0,1
9,3,0,0,1,12,0,1,0,3,31.0,0,1
9,3,0,0,1,12,0,1,2,3,44.0,0,1
16,19,1,0,1,12,1,1,5,1,29.0,0,1
16,19,1,0,1,12,1,1,5,3,32.0,0,1
16,19,1,0,1,12,1,1,5,1,36.0,0,1
16,19,1,0,1,12,1,0,5,0,30.0,0,1
40,30,2,0,1,3,2,1,5,2,42.0,0,1
32,10,2,0,1,12,2,0,5,0,51.0,0,1
8,3,0,0,1,12,2,1,5,0,41.0,0,1
8,3,0,0,1,12,2,1,2,1,38.0,0,1
8,3,0,0,1,5,0,0,5,0,51.0,0,1
8,3,0,0,1,12,0,1,5,0,32.0,0,1
9,3,0,0,1,12,0,1,5,0,36.0,0,1
8,3,0,0,1,12,0,1,5,0,54.0,0,1
9,3,0,0,1,12,0,1,5,0,52.0,0,1
16,19,1,0,1,12,0,1,5,0,31.0,0,1
8,3,0,0,1,12,0,1,5,0,29.0,0,1
32,10,2,0,1,12,0,0,5,0,19.0,0,1
32,10,2,0,1,12,0,1,5,0,27.0,0,1
9,3,0,0,1,12,0,0,5,1,38.0,0,1
32,10,2,0,1,12,0,1,5,0,33.0,0,1
9,3,0,0,1,12,0,0,5,1,43.0,0,1
9,3,0,0,1,12,0,1,5,0,26.0,0,1
13,5,1,1,1,12,0,1,5,3,48.0,0,1
9,3,0,0,1,12,0,1,5,1,52.0,0,1
13,5,1,1,1,12,0,1,5,0,46.0,0,1
16,19,1,0,1,12,0,1,5,0,28.0,0,1
8,3,0,0,1,3,0,1,5,0,44.0,0,1
8,3,0,0,1,0,0,1,5,1,39.0,0,1
16,19,1,0,1,12,0,0,5,0,41.0,0,1
32,10,2,0,1,12,0,1,5,0,42.0,0,1
32,10,2,0,1,12,0,1,5,1,31.0,0,1
8,3,0,0,1,5,0,1,5,0,42.0,0,1
2,18,0,0,1,12,0,1,5,3,49.0,0,1
9,3,0,0,1,12,0,0,0,0,27.0,0,1
21,21,1,1,1,12,0,1,5,0,31.0,0,1
32,10,2,0,1,12,0,1,5,1,37.0,0,1
8,3,0,0,1,1,0,1,5,1,32.0,0,1
16,19,1,0,1,12,0,1,5,0,22.0,0,1
8,3,0,0,1,12,0,1,4,3,62.0,0,1
29,11,1,1,1,12,0,1,2,1,21.0,0,1
32,10,2,0,1,12,0,1,5,0,36.0,0,1
32,10,2,0,1,12,0,1,5,0,36.0,0,1
13,5,1,1,1,12,0,1,5,0,46.0,0,1
8,3,0,0,1,1,0,1,5,1,25.0,0,1
13,5,1,1,1,12,0,1,5,0,20.0,0,1
32,10,2,0,1,12,0,0,5,0,34.0,0,1
32,10,2,0,1,12,0,1,0,0,36.0,0,1
31,7,1,0,1,12,2,1,5,0,42.0,0,1
31,7,1,0,1,12,0,1,5,0,52.0,0,1
10,3,0,0,1,12,0,1,5,0,49.0,0,1
8,3,0,0,1,12,0,1,0,3,60.0,0,1
16,19,1,0,1,12,0,1,2,3,32.0,0,1
16,19,1,0,1,12,0,1,5,0,35.0,0,1
32,10,2,0,1,12,0,0,5,0,45.0,0,1
32,10,2,0,1,12,0,1,5,1,26.0,0,1
9,3,0,0,1,12,0,1,5,1,36.0,0,1
13,5,1,1,1,12,0,1,5,1,25.0,0,1
8,3,0,0,1,5,0,1,5,0,44.0,0,1
8,3,0,0,1,5,0,0,5,0,36.0,0,1
32,10,2,0,1,12,0,1,5,0,35.0,0,1
32,10,2,0,1,12,0,1,5,3,40.0,0,1
32,10,2,0,1,12,0,1,5,1,34.0,0,1
9,3,0,0,1,12,0,0,5,0,46.0,0,1
32,10,2,0,1,12,0,1,5,0,18.0,0,1
32,10,2,0,1,12,0,0,5,0,38.0,0,1
9,3,0,0,1,12,0,1,5,0,46.0,0,1
9,3,0,0,1,12,2,1,5,0,34.0,0,1
9,3,0,0,1,12,0,1,5,1,33.0,0,1
13,5,1,1,1,12,0,0,5,1,59.0,0,1
31,7,1,0,1,12,0,0,5,1,32.0,0,1
9,3,0,0,1,12,0,0,5,1,66.0,0,1
8,3,0,0,1,12,0,1,5,0,30.0,0,1
9,3,0,0,1,12,0,0,0,1,22.0,0,1
3,26,0,0,1,12,0,1,5,0,36.0,0,1
9,3,0,0,1,12,0,0,5,0,26.0,0,1
16,19,1,0,1,12,0,1,5,0,25.0,0,1
16,19,1,0,1,12,0,1,5,0,23.0,1,1
32,10,2,0,1,12,0,1,5,0,44.0,0,1
7,25,1,1,1,3,0,1,5,0,22.0,0,1
8,3,0,0,1,12,0,1,5,0,28.0,0,1
32,10,2,0,1,12,0,0,5,1,54.0,0,1
16,19,1,0,1,12,0,0,5,0,26.0,0,1
32,10,2,0,1,12,0,1,5,0,40.0,0,1
32,10,2,0,1,12,0,1,5,0,37.0,0,1
32,10,2,0,1,12,0,1,5,0,40.0,0,1
2,18,0,0,1,12,0,1,5,0,40.0,0,1
32,10,2,0,1,12,0,1,4,1,24.0,0,1
9,3,0,0,1,12,0,1,5,0,24.0,0,1
16,19,1,0,1,12,0,1,5,1,67.0,0,1
16,19,1,0,1,12,0,1,5,0,30.0,0,1
9,3,0,0,1,12,0,1,5,1,47.0,0,1
40,30,2,0,1,1,0,1,5,0,28.0,0,1
21,21,1,1,1,12,0,1,5,0,52.0,0,1
8,3,0,0,1,5,0,1,5,0,35.0,0,1
32,10,2,0,1,12,2,1,5,1,17.0,0,1
8,3,0,0,1,12,0,1,5,0,31.0,0,1
9,3,0,0,1,12,2,1,5,0,45.0,0,1
40,30,2,0,1,1,2,1,5,0,21.0,0,1
9,3,0,0,1,12,1,0,5,1,13.0,0,1
21,21,1,1,1,12,2,0,0,1,34.0,0,1
40,30,2,0,1,1,2,1,5,0,22.0,0,1
9,3,0,0,1,12,1,0,5,0,13.0,0,1
9,3,0,0,1,12,2,1,5,0,24.0,0,1
9,3,0,0,1,12,2,1,5,0,67.0,0,1
9,3,0,0,1,12,0,0,5,0,38.0,0,1
32,10,2,0,1,12,1,0,5,1,17.0,0,1
9,3,0,0,1,12,1,1,5,0,12.0,0,1
32,10,2,0,1,12,1,1,0,1,16.0,0,1
8,3,0,0,1,3,1,1,5,2,25.0,0,1
8,3,0,0,1,8,1,1,5,2,38.0,0,1
13,5,1,1,1,12,1,1,5,2,21.0,0,1
16,19,1,0,1,12,1,0,5,1,22.0,0,1
9,3,0,0,1,12,0,1,0,1,44.0,0,1
33,10,2,0,1,12,2,0,0,1,37.0,0,1
9,3,0,0,1,12,0,0,5,1,23.0,0,1
13,5,1,1,1,12,0,1,0,1,27.0,0,1
13,5,1,1,1,12,0,0,0,1,26.0,0,1
30,28,1,0,1,12,0,1,5,1,39.0,0,1
8,3,0,0,1,5,0,0,0,1,45.0,0,1
16,19,1,0,1,12,0,1,0,1,34.0,0,1
10,3,0,0,1,12,0,1,0,1,45.0,0,1
8,3,0,0,1,0,2,1,0,1,33.0,0,1
16,19,1,0,1,12,2,1,0,1,58.0,0,1
16,19,1,0,1,12,1,1,0,1,24.0,0,1
9,3,0,0,1,12,0,1,0,1,36.0,0,1
31,7,1,0,1,12,2,0,0,1,33.0,0,1
16,19,1,0,1,12,1,1,0,1,34.0,0,1
16,19,1,0,1,12,0,1,0,1,43.0,0,1
10,3,0,0,1,12,0,1,0,0,41.0,0,1
9,3,0,0,1,12,0,1,0,1,34.0,0,1
32,10,2,0,1,12,2,1,0,1,27.0,0,1
31,7,1,0,1,12,1,1,0,1,55.0,0,1
9,3,0,0,1,12,2,1,5,0,17.0,0,1
9,3,0,0,1,12,2,0,0,1,26.0,1,1
13,5,1,1,1,12,2,1,0,1,18.0,0,1
8,3,0,0,1,12,2,0,0,1,32.0,0,1
8,3,0,0,1,5,0,0,0,1,48.0,0,1
8,3,0,0,1,12,2,0,0,1,21.0,0,1
9,3,0,0,1,12,0,1,0,1,57.0,0,1
9,3,0,0,1,12,2,1,0,1,33.0,0,1
8,3,0,0,1,12,2,1,0,1,38.0,0,1
16,19,1,0,1,12,0,1,0,1,41.0,0,1
9,3,0,0,1,12,0,1,0,1,39.0,0,1
32,10,2,0,1,12,2,1,0,1,39.0,0,1
40,30,2,0,1,3,0,1,5,1,57.0,0,1
31,7,1,0,1,12,0,1,0,1,29.0,0,1
16,19,1,0,1,12,0,1,0,1,33.0,0,1
31,7,1,0,1,12,0,1,0,1,31.0,0,1
8,3,0,0,1,3,0,1,5,1,29.0,0,1
30,28,1,0,1,12,0,1,0,1,30.0,0,1
16,19,1,0,1,12,0,0,0,1,35.0,0,1
8,3,0,0,1,5,0,1,0,1,57.0,0,1
13,5,1,1,1,12,0,1,0,1,33.0,0,1
31,7,1,0,1,12,0,0,0,1,35.0,0,1
9,3,0,0,1,12,0,0,0,1,42.5,1,1
10,3,0,0,1,5,0,1,5,1,43.0,0,1
31,7,1,0,1,12,0,1,5,1,18.0,0,1
40,30,2,0,1,3,2,1,0,1,20.0,0,1
31,7,1,0,1,12,1,1,5,1,32.0,0,1
30,28,1,0,1,1,0,1,4,0,23.0,0,1
16,19,1,0,1,12,1,0,5,1,19.0,0,1
33,10,2,0,1,12,2,1,5,1,31.0,0,1
9,3,0,0,1,12,0,1,5,0,43.0,0,1
8,3,0,0,1,12,0,0,0,1,26.0,0,1
9,3,0,0,1,12,2,1,0,1,32.0,0,1
9,3,0,0,1,12,0,1,0,1,35.0,0,1
32,10,2,0,1,12,0,1,2,1,38.0,0,1
9,3,0,0,1,12,0,1,5,1,48.0,0,1
16,19,1,0,1,12,0,1,0,1,61.0,0,1
9,3,0,0,1,12,0,1,0,1,44.0,0,1
9,3,0,0,1,12,0,1,0,1,30.0,0,1
9,3,0,0,1,5,2,1,5,1,36.0,0,1
16,19,1,0,1,12,0,1,0,1,41.0,0,1
9,3,0,0,1,12,0,1,0,1,52.0,0,1
9,3,0,0,1,12,2,1,0,1,17.0,0,1
31,7,1,0,1,12,0,1,0,1,34.0,0,1
16,19,1,0,1,12,2,1,0,1,32.0,0,1
42,1,2,0,0,12,2,1,0,1,33.0,0,1
16,19,1,0,1,12,1,0,5,1,29.0,0,1
31,7,1,0,1,12,0,1,0,1,25.0,0,1
8,3,0,0,1,12,0,1,0,1,31.0,0,1
8,3,0,0,1,12,0,0,5,0,44.0,0,1
13,5,1,1,1,12,2,0,0,1,37.0,0,1
9,3,0,0,1,12,0,0,0,1,66.0,0,1
9,3,0,0,1,12,0,1,0,1,46.0,0,1
9,3,0,0,1,12,0,1,0,1,34.0,0,1
31,7,1,0,1,12,1,1,5,0,42.0,0,1
9,3,0,0,1,12,1,0,5,0,50.0,0,1
9,3,0,0,1,12,2,0,5,1,25.0,0,1
16,19,1,0,1,12,0,0,0,1,24.0,0,1
16,19,1,0,1,12,0,1,0,1,62.0,0,1
16,19,1,0,1,12,0,1,0,1,24.0,0,1
9,3,0,0,1,12,0,1,5,1,45.0,0,1
9,3,0,0,1,12,0,0,0,1,32.0,0,1
8,3,0,0,1,5,0,1,5,0,23.0,0,1
9,3,0,0,1,12,2,0,0,1,32.0,0,1
9,3,0,0,1,12,2,1,0,1,29.0,0,1
10,3,0,0,1,12,0,1,5,1,43.0,0,1
9,3,0,0,1,12,2,1,0,1,26.0,0,1
31,7,1,0,1,12,0,1,0,1,48.0,0,1
16,19,1,0,1,12,0,1,5,1,59.0,0,1
9,3,0,0,1,12,0,0,0,1,36.0,0,1
32,10,2,0,1,12,0,0,5,1,31.0,0,1
16,19,1,0,1,12,0,1,0,1,44.0,0,1
9,3,0,0,1,12,0,0,0,1,31.0,0,1
32,10,2,0,1,12,0,1,0,1,31.0,0,1
9,3,0,0,1,12,0,0,0,1,19.0,0,1
9,3,0,0,1,12,0,1,5,1,21.0,0,1
31,7,1,0,1,12,1,1,0,1,57.0,0,1
49,0,2,0,0,12,0,1,0,1,36.0,0,1
9,3,0,0,1,12,0,1,0,1,53.0,0,1
16,19,1,0,1,12,0,1,5,1,18.0,0,1
10,3,0,0,1,12,0,1,5,0,34.0,0,1
16,19,1,0,1,12,0,0,0,1,34.0,0,1
16,19,1,0,1,12,1,0,5,0,40.0,0,1
9,3,0,0,1,12,0,1,5,0,23.0,0,1
31,7,1,0,1,12,0,0,0,1,31.0,0,1
9,3,0,0,1,12,0,1,0,1,28.0,0,1
16,19,1,0,1,12,0,1,0,1,25.0,0,1
16,19,1,0,1,12,1,1,5,1,33.0,0,1
16,19,1,0,1,12,0,1,0,1,34.0,0,1
9,3,0,0,1,12,2,1,0,1,39.0,0,1
9,3,0,0,1,12,0,1,5,1,30.0,0,1
33,10,2,0,1,12,1,1,0,1,18.0,0,1
2,18,0,0,1,6,2,1,5,0,26.0,0,1
9,3,0,0,1,12,2,0,0,1,41.0,0,1
32,10,2,0,1,12,2,1,5,1,32.0,0,1
9,3,0,0,1,12,2,1,0,1,59.0,0,1
9,3,0,0,1,12,0,0,0,3,22.0,0,1
32,10,2,0,1,12,0,1,5,1,53.0,0,1
9,3,0,0,1,12,0,1,5,1,49.0,0,1
16,19,1,0,1,0,2,1,0,1,31.0,0,1
31,7,1,0,1,12,0,1,0,1,56.0,0,1
9,3,0,0,1,12,0,1,0,1,38.0,0,1
8,3,0,0,1,12,2,0,0,1,25.0,0,1
21,21,1,1,1,12,2,1,0,1,31.5,1,1
8,3,0,0,1,12,2,1,5,0,47.0,0,1
9,3,0,0,1,12,0,0,5,0,53.0,0,1
9,3,0,0,1,12,0,0,5,1,22.0,0,1
40,30,2,0,1,4,0,1,0,1,46.0,0,1
9,3,0,0,1,12,0,0,5,1,37.0,0,1
40,30,2,0,1,3,0,1,4,3,22.0,0,1
32,10,2,0,1,12,0,0,5,1,27.0,0,1
31,7,1,0,1,12,1,1,0,1,9.5,1,1
33,10,2,0,1,12,2,1,5,1,42.0,0,1
9,3,0,0,1,12,0,1,0,1,32.0,0,1
10,3,0,0,1,12,2,1,2,1,30.0,0,1
3,26,0,0,1,12,0,1,0,1,21.0,0,1
2,18,0,0,1,12,2,1,5,1,47.0,0,1
44,9,2,0,0,12,0,1,5,0,33.0,0,1
9,3,0,0,1,12,2,1,5,1,43.0,0,1
16,19,1,0,1,12,0,1,0,1,44.0,0,1
31,7,1,0,1,12,0,1,5,1,60.0,0,1
39,4,1,1,1,12,2,1,5,1,35.0,0,1
21,21,1,1,1,12,1,1,5,1,13.0,0,1
30,28,1,0,1,12,1,0,5,1,31.0,0,1
21,21,1,1,1,12,2,1,5,1,13.0,0,1
9,3,0,0,1,12,1,1,5,1,36.0,0,1
9,3,0,0,1,12,2,0,5,1,21.0,0,1
31,7,1,0,1,12,2,1,0,1,23.0,0,1
29,11,1,1,1,12,2,1,0,1,45.0,0,1
9,3,0,0,1,12,0,0,0,1,20.0,0,1
32,10,2,0,1,12,2,0,5,1,52.0,0,1
9,3,0,0,1,12,0,0,0,1,37.0,0,1
31,7,1,0,1,12,0,1,5,0,43.0,0,1
31,7,1,0,1,12,0,0,0,1,45.0,0,1
33,10,2,0,1,12,1,1,5,0,0.0,0,1
33,10,2,0,1,12,0,1,0,1,39.0,0,1
9,3,0,0,1,12,0,1,5,1,33.0,0,1
9,3,0,0,1,12,0,0,0,1,23.0,0,1
9,3,0,0,1,12,2,0,5,0,30.0,0,1
32,10,2,0,1,12,1,1,0,1,15.0,0,1
32,10,2,0,1,12,2,1,5,1,50.0,0,1
13,5,1,1,1,12,0,0,5,1,31.0,0,1
32,10,2,0,1,12,2,1,5,1,37.0,0,1
13,5,1,1,1,12,0,1,5,1,24.0,0,1
8,3,0,0,1,12,2,0,5,1,54.0,0,1
9,3,0,0,1,12,0,1,5,1,46.0,0,1
10,3,0,0,1,12,1,1,0,1,14.0,0,1
9,3,0,0,1,12,0,0,5,0,43.0,0,1
31,7,1,0,1,12,1,1,5,0,16.0,0,1
9,3,0,0,1,12,0,1,5,1,39.0,0,1
32,10,2,0,1,12,0,1,5,1,29.0,0,1
8,3,0,0,1,6,2,0,5,1,29.0,0,1
31,7,1,0,1,12,0,1,0,1,35.0,0,1
9,3,0,0,1,12,2,0,5,1,64.0,0,1
49,0,2,0,0,12,0,0,5,1,28.0,0,1
32,10,2,0,1,12,1,1,5,0,12.5,1,1
9,3,0,0,1,12,1,1,0,0,16.0,0,1
9,3,0,0,1,12,1,1,5,1,12.0,0,1
9,3,0,0,1,12,1,1,0,1,17.0,0,1
32,10,2,0,1,12,0,1,5,1,27.0,0,1
9,3,0,0,1,12,0,1,5,1,58.0,0,1
31,7,1,0,1,12,0,1,5,1,54.0,0,1
31,7,1,0,1,12,2,1,5,0,49.0,0,1
9,3,0,0,1,12,1,1,5,1,12.0,0,1
8,3,0,0,1,12,1,1,5,1,15.0,0,1
32,10,2,0,1,12,1,1,5,0,0.0,1,1
9,3,0,0,1,12,1,0,0,1,45.0,1,1
32,10,2,0,1,3,2,1,0,1,30.0,0,1
21,21,1,1,1,12,1,0,0,1,33.0,0,1
31,7,1,0,1,12,1,1,0,1,18.0,0,1
9,3,0,0,1,12,1,0,0,1,25.0,0,1
13,5,1,1,1,12,2,1,5,2,35.0,0,1
9,3,0,0,1,3,0,1,5,2,21.0,0,1
34,27,0,0,1,12,2,1,5,0,14.0,0,1
6,26,0,0,1,12,0,1,5,0,18.0,0,1
20,19,1,1,1,12,1,1,5,1,54.0,0,1
31,7,1,0,1,12,0,0,5,0,42.0,0,1
32,10,2,0,1,12,0,1,5,0,40.0,0,1
32,10,2,0,1,12,0,1,5,0,34.0,0,1
9,3,0,0,1,12,0,1,5,0,30.0,0,1
16,19,1,0,1,12,0,1,5,1,43.0,0,1
9,3,0,0,1,12,0,0,5,0,39.0,0,1
16,19,1,0,1,12,0,1,2,1,48.0,0,1
29,11,1,1,1,12,2,0,5,1,14.0,0,1
9,3,0,0,1,12,0,0,5,0,22.0,0,1
9,3,0,0,1,12,0,1,5,0,30.0,0,1
8,3,0,0,1,5,0,1,5,0,36.0,0,1
9,3,0,0,1,12,2,1,5,1,15.0,0,1
8,3,0,0,1,0,0,1,5,1,26.0,0,1
9,3,0,0,1,12,0,0,5,0,31.0,0,1
32,10,2,0,1,12,0,0,5,0,39.0,0,1
8,3,0,0,1,5,0,1,2,1,37.0,0,1
9,3,0,0,1,12,0,0,5,0,19.0,0,1
32,10,2,0,1,12,0,1,5,0,20.0,0,1
9,3,0,0,1,12,0,0,5,0,38.0,0,1
9,3,0,0,1,12,0,1,5,0,26.0,0,1
9,3,0,0,1,12,0,1,1,1,36.0,0,1
9,3,0,0,1,12,0,1,5,0,41.0,0,1
8,3,0,0,1,5,0,1,5,0,50.0,0,1
31,7,1,0,1,12,2,0,5,0,17.0,0,1
8,3,0,0,1,5,0,1,5,1,47.0,0,1
8,3,0,0,1,5,0,1,5,1,36.0,0,1
40,30,2,0,1,0,0,1,5,0,25.0,0,1
29,11,1,1,1,12,0,1,5,0,26.0,0,1
30,28,1,0,1,12,2,1,5,0,14.0,0,1
16,19,1,0,1,12,0,1,5,0,44.0,0,1
45,13,0,0,0,8,0,1,5,0,18.75,1,1
9,3,0,0,1,12,0,1,5,0,26.0,0,1
9,3,0,0,1,12,0,1,5,0,27.0,0,1
16,19,1,0,1,12,1,1,5,1,65.0,0,1
9,3,0,0,1,0,2,0,5,0,14.0,0,1
9,3,0,0,1,12,0,1,5,0,28.0,0,1
32,10,2,0,1,12,0,1,5,0,41.0,0,1
8,3,0,0,1,12,1,1,5,1,77.0,0,1
8,3,0,0,1,5,0,1,5,0,32.0,0,1
9,3,0,0,1,12,0,0,5,0,40.0,0,1
9,3,0,0,1,12,0,0,5,1,29.0,0,1
9,3,0,0,1,0,0,1,5,1,40.0,0,1
16,19,1,0,1,12,1,0,5,1,36.0,0,1
32,10,2,0,1,12,2,1,5,0,15.0,0,1
30,28,1,0,1,12,2,0,5,0,15.0,0,1
9,3,0,0,1,12,2,0,4,3,15.0,1,1
30,28,1,0,1,12,0,1,5,0,46.0,0,1
16,19,1,0,1,12,1,0,5,1,35.0,0,1
9,3,0,0,1,12,0,1,5,1,59.0,0,1
13,5,1,1,1,12,0,1,5,0,26.0,0,1
49,0,2,0,0,1,0,1,5,0,15.666666666666666,1,1
16,19,1,0,1,12,1,0,5,0,42.5,1,1
16,19,1,0,1,12,0,1,5,0,26.0,0,1
16,19,1,0,1,12,1,0,5,2,28.0,0,1
9,3,0,0,1,0,0,0,5,0,31.0,0,1
9,3,0,0,1,12,0,0,5,0,24.0,0,1
13,5,1,1,1,12,0,1,2,1,36.0,0,1
32,10,2,0,1,12,0,1,5,0,34.0,0,1
31,7,1,0,1,12,0,0,4,3,34.0,0,1
32,10,2,0,1,12,2,1,5,0,12.0,0,1
16,19,1,0,1,12,2,1,5,0,15.75,1,1
9,3,0,0,1,12,0,1,5,0,24.0,0,1
9,3,0,0,1,0,0,0,5,1,39.0,0,1
1,16,0,0,1,3,0,1,5,0,15.0,0,1
9,3,0,0,1,12,2,0,5,0,17.0,0,1
16,19,1,0,1,12,1,1,5,0,36.0,0,1
9,3,0,0,1,12,0,1,5,0,42.0,0,1
9,3,0,0,1,12,2,1,5,1,15.0,0,1
16,19,1,0,1,12,2,0,5,0,15.0,0,1
16,19,1,0,1,12,1,1,2,1,40.0,0,1
2,18,0,0,1,12,0,1,5,0,16.0,0,1
22,6,1,0,1,12,0,0,4,3,30.0,0,1
9,3,0,0,1,12,0,1,5,0,38.0,0,1
16,19,1,0,1,12,0,1,2,1,36.0,0,1
9,3,0,0,1,12,1,0,4,0,17.0,1,1
32,10,2,0,1,12,2,0,5,0,16.0,0,1
32,10,2,0,1,12,2,1,4,3,14.0,0,1
9,3,0,0,1,12,0,0,5,1,42.0,0,1
21,21,1,1,1,12,0,0,5,0,27.0,0,1
9,3,0,0,1,12,0,1,5,0,49.0,0,1
30,28,1,0,1,12,0,1,5,0,17.0,0,1
40,30,2,0,1,6,0,1,5,0,37.0,0,1
9,3,0,0,1,12,0,1,5,0,41.0,0,1
16,19,1,0,1,12,0,0,5,1,28.0,1,1
13,5,1,1,1,12,0,0,5,0,30.0,0,1
9,3,0,0,1,12,2,1,5,1,15.0,0,1
9,3,0,0,1,12,0,1,2,1,22.0,0,1
32,10,2,0,1,12,0,1,5,0,27.0,0,1
9,3,0,0,1,12,2,0,5,0,15.0,0,1
9,3,0,0,1,12,2,1,2,1,13.0,0,1
9,3,0,0,1,12,0,1,5,0,30.0,0,1
32,10,2,0,1,12,0,1,5,0,41.0,0,1
32,10,2,0,1,12,0,1,4,3,35.0,0,1
16,19,1,0,1,12,0,1,5,1,67.0,0,1
16,19,1,0,1,12,0,0,5,0,36.0,0,1
8,3,0,0,1,3,0,1,5,0,21.0,0,1
16,19,1,0,1,12,0,0,5,0,32.0,0,1
49,0,2,0,0,12,1,0,5,0,43.0,0,1
9,3,0,0,1,12,2,1,5,0,17.0,0,1
18,19,1,1,1,12,0,1,5,0,27.0,0,1
9,3,0,0,1,12,1,1,5,0,23.0,0,1
9,3,0,0,1,12,0,1,5,1,53.0,0,1
32,10,2,0,1,12,2,0,5,1,12.0,0,1
40,30,2,0,1,5,2,0,5,0,12.0,0,1
16,19,1,0,1,12,0,0,5,1,42.0,0,1
9,3,0,0,1,12,2,0,4,3,14.0,0,1
8,3,0,0,1,12,0,1,5,0,25.0,0,1
9,3,0,0,1,12,2,1,5,0,11.0,0,1
9,3,0,0,1,12,0,1,5,0,30.0,0,1
16,19,1,0,1,12,1,1,5,2,18.0,0,1
9,3,0,0,1,12,2,0,5,2,14.0,0,1
16,19,1,0,1,12,1,1,5,1,45.0,0,1
16,19,1,0,1,12,0,1,5,0,24.0,0,1
32,10,2,0,1,12,2,1,5,0,13.0,0,1
9,3,0,0,1,0,1,0,5,1,23.0,0,1
13,5,1,1,1,0,0,1,5,0,30.0,0,1
9,3,0,0,1,0,0,1,5,0,33.0,0,1
9,3,0,0,1,12,0,0,5,0,23.0,0,1
9,3,0,0,1,12,0,1,5,0,51.0,0,1
16,19,1,0,1,12,1,0,5,0,33.0,0,1
32,10,2,0,1,12,0,1,5,0,34.0,0,1
20,19,1,1,1,12,0,1,5,0,39.0,0,1
16,19,1,0,1,12,0,1,2,1,36.0,0,1
9,3,0,0,1,12,0,0,5,2,54.0,0,1
13,5,1,1,1,12,0,1,5,0,27.0,0,1
32,10,2,0,1,12,2,0,5,0,34.0,1,1
32,10,2,0,1,12,0,0,5,0,33.0,0,1
9,3,0,0,1,12,0,1,5,0,24.0,0,1
13,5,1,1,1,12,0,1,5,0,38.0,0,1
9,3,0,0,1,12,0,0,5,0,23.0,0,1
30,28,1,0,1,12,0,1,5,0,33.0,0,1
33,10,2,0,1,12,0,1,5,0,26.0,0,1
32,10,2,0,1,12,0,0,5,1,47.0,0,1
30,28,1,0,1,3,0,1,5,0,38.0,0,1
9,3,0,0,1,12,0,1,5,0,28.0,0,1
8,3,0,0,1,12,0,1,5,0,18.0,0,1
9,3,0,0,1,12,0,1,5,0,53.0,0,1
9,3,0,0,1,12,0,1,5,0,22.0,0,1
9,3,0,0,1,12,2,0,0,1,47.0,0,1
9,3,0,0,1,12,2,1,0,1,33.0,0,1
9,3,0,0,1,12,1,1,0,1,34.0,0,1
8,3,0,0,1,5,0,1,5,0,41.0,0,1
32,10,2,0,1,12,0,0,5,0,41.0,0,1
33,10,2,0,1,12,0,0,5,0,24.0,0,1
9,3,0,0,1,12,0,1,5,1,32.0,0,1
2,18,0,0,1,12,0,1,5,0,47.0,0,1
32,10,2,0,1,12,0,0,5,1,43.0,0,1
9,3,0,0,1,12,0,0,5,1,38.0,0,1
9,3,0,0,1,12,0,1,5,0,29.0,0,1
13,5,1,1,1,3,0,1,5,0,25.0,0,1
8,3,0,0,1,10,0,1,5,0,27.0,0,1
20,19,1,1,1,12,0,0,5,0,30.0,1,1
18,19,1,1,1,12,0,1,5,0,39.0,0,1
31,7,1,0,1,12,0,1,5,1,37.0,0,1
9,3,0,0,1,12,2,1,2,1,48.0,0,1
32,10,2,0,1,12,2,1,5,0,33.0,0,1
32,10,2,0,1,12,0,1,5,0,45.0,0,1
30,28,1,0,1,12,0,1,5,0,28.0,0,1
9,3,0,0,1,12,0,1,5,0,27.0,0,1
16,19,1,0,1,12,0,1,5,0,28.0,0,1
9,3,0,0,1,12,0,0,5,0,27.0,0,1
16,19,1,0,1,12,0,1,5,0,24.0,0,1
32,10,2,0,1,12,0,0,5,0,18.0,0,1
49,0,2,0,0,12,0,1,5,0,58.0,0,1
9,3,0,0,1,12,0,1,5,0,26.0,0,1
32,10,2,0,1,12,0,0,5,1,30.5,1,1
13,5,1,1,1,12,0,1,2,1,43.0,0,1
16,19,1,0,1,12,0,1,5,0,36.0,0,1
9,3,0,0,1,12,0,1,5,0,54.0,0,1
9,3,0,0,1,12,0,0,5,0,25.0,0,1
2,18,0,0,1,12,2,0,5,0,29.5,1,1
40,30,2,0,1,3,0,1,5,1,32.0,0,1
10,3,0,0,1,3,0,1,2,1,42.0,0,1
16,19,1,0,1,12,0,1,5,0,32.0,0,1
9,3,0,0,1,12,0,1,2,1,31.0,0,1
32,10,2,0,1,12,2,0,5,1,19.0,0,1
32,10,2,0,1,12,2,1,5,0,41.0,0,1
16,19,1,0,1,12,0,1,5,0,26.0,0,1
16,19,1,0,1,12,0,1,5,0,29.0,0,1
20,19,1,1,1,12,1,1,5,0,24.0,0,1
16,19,1,0,1,12,0,1,5,0,33.0,0,1
20,19,1,1,1,12,0,1,5,0,27.0,0,1
20,19,1,1,1,12,0,1,5,1,41.0,0,1
13,5,1,1,1,12,0,1,5,1,65.0,0,1
8,3,0,0,1,5,0,1,5,0,15.0,0,1
32,10,2,0,1,12,2,0,5,0,36.0,0,1
9,3,0,0,1,12,0,0,5,0,33.0,1,1
9,3,0,0,1,12,0,1,5,0,34.0,0,1
32,10,2,0,1,12,0,1,5,2,34.0,0,1
32,10,2,0,1,12,2,1,5,0,62.0,0,1
16,19,1,0,1,12,1,0,5,1,46.0,0,1
8,3,0,0,1,12,1,1,5,0,39.0,0,1
44,9,2,0,0,12,2,0,5,0,46.0,0,1
31,7,1,0,1,12,2,1,5,0,43.0,0,1
21,21,1,1,1,12,1,1,2,1,14.0,0,1
8,3,0,0,1,0,1,1,5,0,71.0,0,1
21,21,1,1,1,12,1,1,2,1,14.0,0,1
31,7,1,0,1,12,2,1,5,1,63.0,0,1
16,19,1,0,1,12,2,0,5,0,29.0,0,1
32,10,2,0,1,12,1,1,5,0,33.0,0,1
32,10,2,0,1,12,2,1,5,0,49.0,0,1
8,3,0,0,1,4,1,1,5,0,44.5,1,1
10,3,0,0,1,12,0,1,5,0,36.0,0,1
32,10,2,0,1,12,2,1,5,0,35.0,0,1
30,28,1,0,1,12,2,0,5,0,33.0,0,1
8,3,0,0,1,3,2,1,5,0,34.0,0,1
32,10,2,0,1,12,2,1,5,0,53.0,0,1
32,10,2,0,1,12,2,1,5,0,51.0,0,1
9,3,0,0,1,12,1,0,5,1,63.0,0,1
30,28,1,0,1,12,2,1,5,1,43.0,0,1
32,10,2,0,1,12,2,0,5,0,45.5,1,1
31,7,1,0,1,12,2,1,0,1,25.0,0,1
9,3,0,0,1,12,2,0,0,1,29.0,0,1
9,3,0,0,1,12,2,1,0,1,33.0,0,1
9,3,0,0,1,12,1,0,0,1,30.0,0,1
9,3,0,0,1,12,2,0,0,1,34.0,0,1
49,0,2,0,0,12,0,1,0,1,42.0,0,1
9,3,0,0,1,12,2,0,0,1,35.0,0,1
8,3,0,0,1,0,2,0,0,1,31.0,0,1
8,3,0,0,1,12,0,1,5,1,37.0,0,1
9,3,0,0,1,12,0,1,5,1,49.0,0,1
8,3,0,0,1,12,0,1,5,0,18.0,0,1
40,30,2,0,1,12,0,1,5,0,22.0,0,1
32,10,2,0,1,12,0,0,5,1,42.0,0,1
32,10,2,0,1,12,0,0,5,0,47.0,0,1
32,10,2,0,1,12,2,1,5,0,33.0,0,1
16,19,1,0,1,12,1,0,0,0,52.0,0,1
8,3,0,0,1,12,0,0,5,0,23.0,0,1
8,3,0,0,1,12,0,1,5,1,31.0,0,1
16,19,1,0,1,12,1,1,5,0,45.0,0,1
16,19,1,0,1,12,0,1,2,1,31.0,0,1
21,21,1,1,1,12,1,0,5,1,29.0,0,1
32,10,2,0,1,12,1,1,5,1,19.0,0,1
40,30,2,0,1,3,1,1,5,1,16.6,1,1
13,5,1,1,1,12,1,1,5,1,29.0,0,1
32,10,2,0,1,12,0,1,5,0,27.0,0,1
9,3,0,0,1,12,1,1,5,1,31.0,0,1
8,3,0,0,1,3,1,1,0,1,40.0,0,1
7,25,1,1,1,3,1,1,5,1,22.0,0,1
32,10,2,0,1,12,1,1,4,1,27.0,1,1
9,3,0,0,1,12,0,1,5,0,32.0,0,1
13,5,1,1,1,12,0,1,5,0,29.0,0,1
29,11,1,1,1,12,1,1,5,0,25.0,0,1
32,10,2,0,1,12,1,1,5,0,35.0,0,1
32,10,2,0,1,12,0,1,5,1,27.0,0,1
31,7,1,0,1,12,0,1,5,0,18.0,0,1
49,0,2,0,0,12,2,0,5,1,34.0,0,1
9,3,0,0,1,12,0,1,0,1,28.0,0,1
16,19,1,0,1,12,1,1,5,1,67.0,0,1
9,3,0,0,1,12,1,0,5,1,58.0,0,1
9,3,0,0,1,12,0,1,5,0,37.0,0,1
20,19,1,1,1,12,1,1,5,0,30.0,0,1
9,3,0,0,1,12,0,1,2,1,30.0,0,1
8,3,0,0,1,12,1,0,5,1,43.0,0,1
9,3,0,0,1,12,1,1,5,0,41.0,0,1
32,10,2,0,1,12,0,1,5,0,25.333333333333332,1,1
9,3,0,0,1,12,1,1,5,1,36.0,0,1
9,3,0,0,1,12,0,0,5,1,26.0,0,1
9,3,0,0,1,12,1,1,2,1,19.0,0,1
16,19,1,0,1,12,1,1,5,1,30.0,0,1
31,7,1,0,1,12,1,1,5,0,35.0,0,1
16,19,1,0,1,12,1,1,5,1,35.0,0,1
29,11,1,1,1,12,1,1,5,0,41.0,0,1
32,10,2,0,1,12,0,0,5,1,29.0,0,1
31,7,1,0,1,12,1,1,5,0,35.0,0,1
9,3,0,0,1,12,1,1,1,1,37.0,0,1
9,3,0,0,1,12,0,1,5,1,40.0,0,1
31,7,1,0,1,12,1,1,5,1,31.0,0,1
9,3,0,0,1,12,0,1,5,0,50.0,0,1
9,3,0,0,1,12,0,1,5,1,52.0,0,1
7,25,1,1,1,12,1,0,5,1,53.0,0,1
30,28,1,0,1,12,0,0,5,1,27.0,0,1
9,3,0,0,1,12,1,1,5,1,24.0,0,1
9,3,0,0,1,12,0,0,5,1,25.0,0,1
16,19,1,0,1,12,1,1,5,1,38.0,0,1
8,3,0,0,1,12,1,1,5,1,41.0,1,1
20,19,1,1,1,12,1,1,5,0,30.0,0,1
9,3,0,0,1,12,0,1,2,1,32.0,0,1
9,3,0,0,1,12,1,1,5,0,38.0,0,1
9,3,0,0,1,12,1,0,5,1,37.0,0,1
9,3,0,0,1,12,2,1,5,0,38.0,0,1
32,10,2,0,1,12,0,0,5,0,29.5,1,1
8,3,0,0,1,12,1,0,5,3,31.0,0,1
31,7,1,0,1,12,0,1,5,1,28.0,0,1
8,3,0,0,1,12,1,1,5,1,39.0,0,1
8,3,0,0,1,12,0,1,0,1,41.0,0,1
9,3,0,0,1,12,0,0,4,1,43.0,0,1
16,19,1,0,1,12,0,1,5,1,35.0,0,1
16,19,1,0,1,12,1,1,5,1,60.0,0,1
30,28,1,0,1,12,1,0,5,0,39.0,0,1
30,28,1,0,1,12,1,1,5,1,32.0,0,1
10,3,0,0,1,12,1,1,0,1,30.0,0,1
16,19,1,0,1,12,0,1,5,1,28.0,0,1
16,19,1,0,1,12,0,0,2,1,36.0,0,1
16,19,1,0,1,12,1,0,5,0,41.0,0,1
30,28,1,0,1,12,0,0,5,1,31.0,0,1
31,7,1,0,1,12,1,1,5,1,42.0,0,1
47,29,2,0,0,12,0,0,5,1,50.5,1,1
9,3,0,0,1,12,0,1,4,1,38.0,0,1
31,7,1,0,1,12,1,1,5,1,30.0,0,1
8,3,0,0,1,12,0,1,5,1,20.0,0,1
16,19,1,0,1,12,0,0,5,0,23.0,0,1
8,3,0,0,1,12,0,1,5,1,26.0,0,1
16,19,1,0,1,12,2,0,4,1,33.5,1,1
16,19,1,0,1,12,1,1,5,0,29.0,0,1
31,7,1,0,1,12,1,1,5,1,37.0,0,1
9,3,0,0,1,12,1,1,5,1,29.0,0,1
8,3,0,0,1,12,0,1,5,1,18.0,0,1
30,28,1,0,1,12,0,1,5,1,28.0,0,1
30,28,1,0,1,12,0,0,4,1,33.0,0,1
16,19,1,0,1,12,0,0,5,0,42.0,0,1
9,3,0,0,1,12,1,0,5,1,26.0,0,1
16,19,1,0,1,12,1,1,5,1,54.0,0,1
40,30,2,0,1,12,1,1,4,1,47.0,0,1
2,18,0,0,1,12,0,1,5,1,18.0,0,1
13,5,1,1,1,12,1,0,2,1,71.0,0,1
13,5,1,1,1,12,0,1,5,1,19.0,1,1
16,19,1,0,1,12,1,0,5,1,27.0,0,1
30,28,1,0,1,12,0,1,4,1,30.0,0,1
32,10,2,0,1,12,0,1,5,1,35.0,0,1
31,7,1,0,1,12,1,1,5,1,38.0,0,1
9,3,0,0,1,12,1,0,5,1,35.0,0,1
9,3,0,0,1,12,0,1,5,0,23.0,0,1
9,3,0,0,1,12,1,0,5,0,23.0,0,1
31,7,1,0,1,12,1,1,5,1,38.0,0,1
9,3,0,0,1,12,0,1,5,1,40.0,0,1
8,3,0,0,1,12,0,1,5,1,41.0,0,1
30,28,1,0,1,12,0,0,5,1,51.0,0,1
9,3,0,0,1,12,1,0,5,1,39.0,0,1
16,19,1,0,1,12,0,0,5,1,22.0,0,1
8,3,0,0,1,12,1,1,2,1,30.0,0,1
9,3,0,0,1,12,0,0,5,1,23.0,0,1
9,3,0,0,1,12,1,0,5,0,48.0,0,1
9,3,0,0,1,12,2,1,0,1,51.0,0,1
9,3,0,0,1,12,2,0,0,1,33.0,0,1
9,3,0,0,1,12,2,1,5,1,32.0,0,1
9,3,0,0,1,12,0,1,5,1,38.0,0,1
8,3,0,0,1,5,0,1,5,1,57.0,0,1
16,19,1,0,1,12,0,1,5,0,36.0,0,1
44,9,2,0,0,12,0,1,0,3,38.0,0,1
25,14,1,1,1,12,0,1,4,0,37.0,0,1
25,14,1,1,1,12,2,1,5,1,22.0,0,1
9,3,0,0,1,12,0,1,4,1,20.0,0,1
9,3,0,0,1,12,1,1,5,1,16.0,0,1
9,3,0,0,1,12,1,1,5,0,22.0,0,1
49,0,2,0,0,12,0,1,0,3,22.0,0,1
49,0,2,0,0,12,0,0,0,1,23.0,0,1
16,19,1,0,1,12,0,1,5,0,53.0,0,1
9,3,0,0,1,12,0,1,0,1,30.0,0,1
9,3,0,0,1,12,0,1,5,3,35.0,0,1
10,3,0,0,1,12,0,1,0,0,26.0,0,1
9,3,0,0,1,12,0,0,0,3,21.0,0,1
16,19,1,0,1,12,0,1,5,0,52.0,0,1
32,10,2,0,1,12,1,1,0,1,46.0,0,1
44,9,2,0,0,12,1,0,0,1,21.0,0,1
32,10,2,0,1,12,1,1,5,0,32.0,0,1
32,10,2,0,1,5,1,1,5,0,23.0,0,1
40,30,2,0,1,3,1,1,5,0,17.0,0,1
32,10,2,0,1,12,1,0,5,0,47.0,0,1
49,0,2,0,0,5,0,1,0,3,36.0,0,1
13,5,1,1,1,12,0,0,0,1,22.0,0,1
49,0,2,0,0,12,0,1,0,1,34.0,0,1
24,14,1,1,1,12,2,1,5,0,47.0,0,1
31,7,1,0,1,12,1,1,4,3,22.0,0,1
44,9,2,0,0,3,1,1,5,0,44.0,0,1
32,10,2,0,1,12,2,1,5,1,39.0,0,1
44,9,2,0,0,8,1,1,5,0,18.0,0,1
45,13,0,0,0,3,0,0,0,1,32.0,0,1
32,10,2,0,1,12,1,1,5,0,53.0,0,1
21,21,1,1,1,12,1,1,5,2,20.0,0,1
13,5,1,1,1,12,1,1,5,2,44.0,0,1
32,10,2,0,1,12,1,1,5,1,37.0,0,1
49,0,2,0,0,12,0,1,0,1,34.0,0,1
49,0,2,0,0,12,1,1,4,3,27.0,0,1
8,3,0,0,1,0,2,1,0,2,24.0,0,1
9,3,0,0,1,12,2,0,0,2,21.0,0,1
9,3,0,0,1,12,2,1,0,2,21.0,0,1
9,3,0,0,1,12,2,1,0,2,43.0,0,1
9,3,0,0,1,12,2,1,0,2,25.0,0,1
9,3,0,0,1,12,2,0,0,2,35.0,0,1
31,7,1,0,1,12,2,0,0,2,29.0,0,1
9,3,0,0,1,12,2,0,0,2,50.0,0,1
8,3,0,0,1,12,2,0,0,2,27.0,0,1
9,3,0,0,1,12,1,1,5,2,31.0,0,1
9,3,0,0,1,12,0,1,5,2,31.0,0,1
8,3,0,0,1,3,2,1,5,0,16.0,1,1
9,3,0,0,1,12,1,1,5,0,14.0,0,1
9,3,0,0,1,12,2,1,0,3,27.0,0,1
42,1,2,0,0,12,2,1,5,1,70.0,0,1
9,3,0,0,1,12,1,1,5,0,25.0,0,1
7,25,1,1,1,3,2,1,5,0,19.0,0,1
9,3,0,0,1,12,1,1,5,0,26.0,0,1
9,3,0,0,1,12,2,1,5,0,47.0,0,1
9,3,0,0,1,12,1,1,5,0,48.0,0,1
32,10,2,0,1,12,1,1,5,0,32.0,0,1
9,3,0,0,1,12,2,0,5,0,24.5,1,1
30,28,1,0,1,12,2,1,5,0,49.0,0,1
0,16,0,0,1,12,2,1,0,1,29.0,0,1
8,3,0,0,1,12,2,1,5,0,37.0,0,1
32,10,2,0,1,12,2,0,5,0,30.0,0,1
9,3,0,0,1,12,1,0,5,1,31.0,0,1
9,3,0,0,1,12,2,1,5,0,20.0,0,1
9,3,0,0,1,12,1,0,5,0,30.0,0,1
32,10,2,0,1,12,2,0,5,0,28.0,0,1
32,10,2,0,1,12,2,1,5,0,24.0,0,1
30,28,1,0,1,12,2,1,5,0,33.0,0,1
18,19,1,1,1,12,1,0,5,0,15.0,1,1
33,10,2,0,1,12,2,1,0,1,99.0,0,1
9,3,0,0,1,12,2,1,5,0,39.0,0,1
32,10,2,0,1,12,2,1,5,0,43.0,0,1
9,3,0,0,1,12,2,1,5,1,37.0,0,1
24,14,1,1,1,12,2,1,2,1,52.0,0,1
32,10,2,0,1,12,2,1,5,0,30.0,0,1
9,3,0,0,1,12,1,1,5,0,28.0,0,1
31,7,1,0,1,12,1,1,5,0,52.0,0,1
9,3,0,0,1,12,1,0,5,0,28.0,0,1
9,3,0,0,1,12,1,1,5,0,13.0,0,1
8,3,0,0,1,12,2,1,5,0,39.0,0,1
10,3,0,0,1,12,1,1,5,0,31.0,0,1
9,3,0,0,1,12,1,1,5,0,36.0,0,1
9,3,0,0,1,12,2,1,5,0,26.0,0,1
40,30,2,0,1,3,2,0,5,1,22.0,0,1
8,3,0,0,1,12,2,1,5,0,32.0,0,1
33,10,2,0,1,12,0,1,2,1,23.0,0,1
16,19,1,0,1,12,2,1,5,0,38.0,0,1
9,3,0,0,1,12,1,1,5,1,60.5,1,1
40,30,2,0,1,3,2,1,5,0,37.0,0,1
32,10,2,0,1,12,2,1,5,0,21.0,0,1
22,6,1,0,1,12,2,0,5,0,38.0,0,1
9,3,0,0,1,12,1,1,5,3,36.0,0,1
30,28,1,0,1,5,2,0,5,0,35.0,0,1
16,19,1,0,1,12,1,0,5,0,22.0,0,1
32,10,2,0,1,12,2,0,5,0,41.0,0,1
32,10,2,0,1,12,2,1,5,0,37.0,0,1
9,3,0,0,1,12,2,0,5,1,51.0,0,1
9,3,0,0,1,12,2,1,5,0,20.0,0,1
9,3,0,0,1,12,2,1,5,0,38.0,0,1
9,3,0,0,1,12,2,1,5,0,45.0,0,1
16,19,1,0,1,12,1,0,5,0,34.0,0,1
31,7,1,0,1,12,2,1,5,0,46.0,0,1
9,3,0,0,1,12,2,1,5,0,34.0,0,1
32,10,2,0,1,12,2,1,5,0,45.0,0,1
9,3,0,0,1,12,1,0,5,0,25.0,0,1
32,10,2,0,1,12,2,1,5,0,28.0,0,1
23,14,1,1,1,12,1,0,2,1,30.0,0,1
9,3,0,0,1,12,1,1,5,0,24.0,0,1
32,10,2,0,1,12,0,1,2,0,35.5,1,1
40,30,2,0,1,3,2,1,5,1,38.0,0,1
9,3,0,0,1,12,1,0,5,0,16.0,0,1
8,3,0,0,1,12,2,1,5,1,33.0,0,1
9,3,0,0,1,12,1,1,5,1,60.0,0,1
30,28,1,0,1,12,2,1,0,3,32.0,0,1
9,3,0,0,1,12,1,1,5,1,26.0,0,1
40,30,2,0,1,12,2,1,5,0,29.0,0,1
30,28,1,0,1,12,2,1,5,0,21.0,1,1
9,3,0,0,1,12,2,0,5,0,32.0,0,1
30,28,1,0,1,3,2,1,5,0,44.0,0,1
9,3,0,0,1,12,2,1,5,0,45.0,0,1
9,3,0,0,1,12,1,1,5,0,34.0,0,1
9,3,0,0,1,12,2,1,5,0,36.0,0,1
8,3,0,0,1,12,2,1,5,0,26.0,0,1
16,19,1,0,1,12,1,1,5,0,48.0,0,1
16,19,1,0,1,12,1,0,5,0,32.0,0,1
21,21,1,1,1,12,2,0,5,0,19.0,0,1
16,19,1,0,1,12,1,1,5,0,46.0,0,1
16,19,1,0,1,12,1,1,5,0,39.0,0,1
9,3,0,0,1,12,1,1,5,0,29.0,0,1
29,11,1,1,1,3,2,1,5,0,46.0,0,1
10,3,0,0,1,12,2,1,5,0,34.0,0,1
32,10,2,0,1,5,2,1,5,0,41.0,0,1
32,10,2,0,1,12,2,1,5,1,44.0,0,1
32,10,2,0,1,12,2,1,5,0,60.0,0,1
9,3,0,0,1,12,1,1,5,0,57.0,0,1
9,3,0,0,1,12,1,1,5,0,32.0,0,1
32,10,2,0,1,12,2,1,5,0,56.0,0,1
30,28,1,0,1,12,2,1,5,0,25.0,0,1
9,3,0,0,1,12,1,0,5,1,26.0,0,1
9,3,0,0,1,12,1,0,0,1,22.0,0,1
9,3,0,0,1,12,1,1,5,0,30.0,0,1
30,28,1,0,1,12,2,1,5,0,38.0,0,1
9,3,0,0,1,12,2,1,5,0,24.0,0,1
9,3,0,0,1,12,1,1,5,0,33.0,0,1
9,3,0,0,1,12,1,1,5,0,45.0,0,1
16,19,1,0,1,12,1,1,2,1,62.0,0,1
16,19,1,0,1,12,2,1,5,0,31.0,0,1
9,3,0,0,1,12,1,1,5,0,54.0,0,1
9,3,0,0,1,12,1,1,5,0,35.0,0,1
32,10,2,0,1,12,2,0,5,1,44.0,0,1
9,3,0,0,1,12,1,1,5,0,35.0,0,1
9,3,0,0,1,12,2,1,5,0,18.0,0,1
31,7,1,0,1,12,2,1,5,0,35.0,0,1
9,3,0,0,1,12,2,0,5,0,23.0,1,1
9,3,0,0,1,12,2,0,5,0,22.0,0,1
9,3,0,0,1,12,1,1,5,0,27.0,0,1
9,3,0,0,1,12,1,0,5,0,74.0,0,1
32,10,2,0,1,12,2,1,5,0,33.0,0,1
8,3,0,0,1,12,1,1,5,0,34.0,0,1
31,7,1,0,1,12,1,1,5,1,35.0,0,1
32,10,2,0,1,12,2,1,5,0,38.0,0,1
8,3,0,0,1,5,2,0,5,0,14.0,0,1
32,10,2,0,1,12,2,0,5,1,27.0,0,1
9,3,0,0,1,12,1,0,5,0,33.5,1,1
13,5,1,1,1,12,2,0,5,0,43.5,1,1
9,3,0,0,1,12,2,1,5,1,68.0,0,1
9,3,0,0,1,12,2,1,5,0,27.0,0,1
30,28,1,0,1,12,2,1,5,1,28.0,0,1
31,7,1,0,1,12,1,1,5,0,44.0,0,1
9,3,0,0,1,12,2,1,5,0,34.0,0,1
9,3,0,0,1,0,1,1,5,0,52.0,0,1
16,19,1,0,1,12,1,1,5,1,32.0,0,1
9,3,0,0,1,12,1,1,5,1,54.0,0,1
9,3,0,0,1,12,1,1,5,0,44.0,0,1
32,10,2,0,1,12,2,1,5,0,43.0,0,1
9,3,0,0,1,12,2,1,5,0,26.0,0,1
9,3,0,0,1,12,2,1,0,3,46.0,0,1
9,3,0,0,1,12,1,0,5,0,18.0,0,1
33,10,2,0,1,12,1,1,5,0,49.0,0,1
30,28,1,0,1,12,2,1,5,3,30.0,0,1
16,19,1,0,1,12,1,1,5,3,25.0,0,1
8,3,0,0,1,12,0,1,0,1,29.0,0,1
7,25,1,1,1,12,0,0,0,1,29.5,1,1
21,21,1,1,1,12,0,1,4,0,41.0,0,1
13,5,1,1,1,12,0,1,0,1,55.0,0,1
9,3,0,0,1,12,0,0,0,1,38.0,0,1
9,3,0,0,1,12,1,0,0,1,50.0,0,1
8,3,0,0,1,12,0,1,0,1,38.0,0,1
9,3,0,0,1,12,1,1,0,1,46.0,0,1
9,3,0,0,1,12,1,1,5,0,49.0,0,1
9,3,0,0,1,12,1,1,1,1,28.0,0,1
9,3,0,0,1,12,1,0,0,1,27.0,0,1
9,3,0,0,1,12,0,1,2,1,37.0,0,1
31,7,1,0,1,12,1,0,0,1,27.0,0,1
8,3,0,0,1,12,1,1,5,0,65.0,0,1
16,19,1,0,1,12,1,0,0,1,31.0,0,1
16,19,1,0,1,12,1,1,0,1,44.0,0,1
16,19,1,0,1,12,1,1,0,1,36.0,0,1
16,19,1,0,1,12,1,1,0,1,45.0,0,1
10,3,0,0,1,12,0,1,0,1,41.0,0,1
16,19,1,0,1,12,1,1,0,1,29.0,0,1
9,3,0,0,1,12,1,0,0,1,27.0,0,1
9,3,0,0,1,12,1,1,0,1,60.0,0,1
31,7,1,0,1,12,1,1,0,1,60.0,0,1
13,5,1,1,1,12,1,0,5,1,36.0,0,1
13,5,1,1,1,12,0,1,4,1,21.0,0,1
9,3,0,0,1,12,1,0,0,1,27.0,1,1
16,19,1,0,1,12,1,1,4,0,32.0,0,1
16,19,1,0,1,12,1,1,0,1,45.0,0,1
9,3,0,0,1,12,1,0,0,1,22.0,0,1
9,3,0,0,1,12,0,0,0,1,29.0,0,1
9,3,0,0,1,12,1,1,2,1,32.0,0,1
16,19,1,0,1,12,1,1,0,1,41.0,0,1
45,13,0,0,0,12,1,0,0,1,25.0,0,1
9,3,0,0,1,12,0,0,0,1,34.0,0,1
31,7,1,0,1,12,1,1,5,0,55.0,0,1
16,19,1,0,1,12,1,0,0,1,31.0,0,1
9,3,0,0,1,12,1,1,2,1,32.0,0,1
21,21,1,1,1,12,0,1,0,1,26.0,0,1
9,3,0,0,1,12,1,1,0,1,21.0,0,1
9,3,0,0,1,12,0,1,0,1,34.0,0,1
9,3,0,0,1,12,2,0,0,1,31.333333333333332,1,1
29,11,1,1,1,12,0,1,0,1,21.0,0,1
16,19,1,0,1,12,1,0,0,1,30.0,0,1
17,19,1,1,1,12,1,0,0,1,22.0,0,1
9,3,0,0,1,12,0,0,5,0,43.0,0,1
8,3,0,0,1,12,0,1,0,1,53.0,0,1
9,3,0,0,1,12,0,0,0,1,29.0,0,1
40,30,2,0,1,12,0,1,5,0,63.0,0,1
31,7,1,0,1,12,0,1,0,1,21.0,0,1
9,3,0,0,1,12,1,1,0,1,32.0,0,1
7,25,1,1,1,12,0,1,0,1,36.0,0,1
32,10,2,0,1,12,0,0,5,0,31.0,0,1
9,3,0,0,1,12,1,1,0,1,62.0,0,1
9,3,0,0,1,12,0,1,0,1,29.0,0,1
31,7,1,0,1,12,1,1,5,0,34.0,0,1
9,3,0,0,1,12,1,0,0,1,46.0,0,1
16,19,1,0,1,12,0,1,2,1,32.0,0,1
9,3,0,0,1,12,0,1,0,1,48.0,0,1
7,25,1,1,1,12,0,0,5,1,32.0,0,1
9,3,0,0,1,12,0,1,0,0,46.0,0,1
9,3,0,0,1,12,0,1,0,1,26.0,0,1
9,3,0,0,1,12,1,1,5,0,34.0,0,1
49,0,2,0,0,12,2,0,0,0,30.0,0,1
16,19,1,0,1,12,1,0,5,1,54.0,0,1
9,3,0,0,1,12,0,1,0,2,18.0,0,1
16,19,1,0,1,12,1,0,0,1,34.5,1,1
9,3,0,0,1,12,1,1,0,1,24.0,0,1
31,7,1,0,1,12,1,1,0,1,52.0,0,1
9,3,0,0,1,12,1,0,5,1,42.0,0,1
9,3,0,0,1,12,0,1,0,1,23.0,0,1
9,3,0,0,1,12,1,1,0,1,33.0,0,1
31,7,1,0,1,12,1,0,0,1,40.0,0,1
16,19,1,0,1,12,1,0,0,1,27.0,0,1
9,3,0,0,1,12,1,1,5,1,43.0,0,1
9,3,0,0,1,12,0,1,0,1,24.0,0,1
16,19,1,0,1,12,1,0,5,1,49.0,0,1
32,10,2,0,1,12,1,0,5,2,14.0,0,1
32,10,2,0,1,12,1,1,5,2,17.0,0,1
16,19,1,0,1,12,1,0,0,1,38.0,0,1
9,3,0,0,1,12,1,1,5,2,16.0,0,1
9,3,0,0,1,12,2,0,5,0,56.0,0,1
40,30,2,0,1,1,2,1,5,0,43.0,0,1
9,3,0,0,1,12,1,1,5,2,46.0,0,1
16,19,1,0,1,12,2,0,5,0,36.0,0,1
9,3,0,0,1,12,1,1,5,0,46.0,0,1
32,10,2,0,1,12,2,1,5,2,27.0,0,1
16,19,1,0,1,12,2,0,5,0,47.0,0,1
16,19,1,0,1,12,2,0,5,1,42.0,0,1
9,3,0,0,1,12,2,1,5,0,55.0,0,1
13,5,1,1,1,12,0,0,5,0,23.0,1,1
8,3,0,0,1,12,2,1,5,1,65.0,0,1
13,5,1,1,1,12,0,1,5,1,34.0,0,1
20,19,1,1,1,12,2,0,5,1,44.5,1,1
33,10,2,0,1,12,0,1,5,0,20.0,0,1
9,3,0,0,1,12,0,1,5,0,33.0,0,1
33,10,2,0,1,12,0,1,5,0,29.0,0,1
9,3,0,0,1,12,0,1,5,1,26.0,0,1
10,3,0,0,1,12,2,1,5,0,37.0,0,1
10,3,0,0,1,12,2,1,5,0,37.0,0,1
9,3,0,0,1,12,0,0,5,1,37.0,0,1
9,3,0,0,1,12,0,0,5,0,24.0,0,1
40,30,2,0,1,12,0,1,5,1,43.0,0,1
8,3,0,0,1,12,0,1,5,0,19.0,0,1
31,7,1,0,1,12,2,1,5,0,37.0,0,1
9,3,0,0,1,12,0,1,5,1,39.0,0,1
16,19,1,0,1,12,0,1,5,0,48.0,0,1
21,21,1,1,1,12,0,1,5,1,39.0,0,1
9,3,0,0,1,12,0,1,5,0,20.0,0,1
8,3,0,0,1,12,2,1,5,2,19.0,0,1
9,3,0,0,1,12,0,0,5,1,21.0,0,1
9,3,0,0,1,12,0,1,0,1,38.0,0,1
13,5,1,1,1,12,2,1,5,1,22.0,0,1
9,3,0,0,1,12,0,1,5,1,23.0,0,1
33,10,2,0,1,12,2,1,5,1,73.0,0,1
32,10,2,0,1,12,2,1,5,1,51.0,0,1
9,3,0,0,1,12,2,1,5,0,42.0,0,1
32,10,2,0,1,12,0,1,5,1,44.0,0,1
9,3,0,0,1,12,2,0,5,0,26.0,0,1
31,7,1,0,1,12,2,1,5,2,32.0,0,1
9,3,0,0,1,12,0,0,5,1,59.0,0,1
49,0,2,0,0,5,0,0,5,0,28.0,1,1
8,3,0,0,1,12,0,0,5,1,34.0,0,1
10,3,0,0,1,12,2,1,2,1,37.0,0,1
40,30,2,0,1,3,0,1,5,2,24.0,0,1
8,3,0,0,1,12,2,1,5,0,46.0,0,1
32,10,2,0,1,12,2,1,5,0,24.0,0,1
16,19,1,0,1,12,0,1,5,1,34.0,0,1
16,19,1,0,1,12,2,1,5,0,29.0,0,1
32,10,2,0,1,12,2,1,5,0,55.0,0,1
8,3,0,0,1,12,0,1,5,0,54.0,0,1
20,19,1,1,1,12,2,0,0,1,31.0,0,1
9,3,0,0,1,12,2,1,5,0,45.0,0,1
8,3,0,0,1,10,2,1,5,1,37.0,0,1
49,0,2,0,0,12,2,1,5,0,54.0,0,1
31,7,1,0,1,12,1,1,5,0,40.0,0,1
8,3,0,0,1,12,0,1,5,0,70.0,0,1
9,3,0,0,1,12,0,0,5,0,21.0,0,1
48,22,2,0,0,12,2,1,0,1,27.0,0,1
9,3,0,0,1,12,1,0,0,1,37.0,0,1
32,10,2,0,1,12,2,1,5,0,49.0,0,1
32,10,2,0,1,12,2,1,5,0,26.0,0,1
3,26,0,0,1,12,2,1,5,0,20.0,0,1
9,3,0,0,1,12,2,1,5,0,24.0,0,1
9,3,0,0,1,12,2,0,5,0,32.0,0,1
9,3,0,0,1,12,2,1,5,0,46.0,0,1
20,19,1,1,1,12,2,1,5,0,53.0,1,1
16,19,1,0,1,12,2,0,5,1,48.0,0,1
0,16,0,0,1,12,2,1,5,0,49.0,0,1
16,19,1,0,1,12,2,1,5,0,44.0,0,1
9,3,0,0,1,12,2,1,5,0,19.0,0,1
8,3,0,0,1,12,2,1,5,0,53.0,0,1
49,0,2,0,0,12,2,1,5,0,41.0,0,1
31,7,1,0,1,12,2,0,5,1,40.0,0,1
8,3,0,0,1,12,2,1,5,1,47.0,0,1
9,3,0,0,1,3,0,1,2,1,21.0,0,1
8,3,0,0,1,12,2,1,5,0,59.0,0,1
16,19,1,0,1,12,1,0,5,0,43.0,0,1
9,3,0,0,1,12,0,1,5,0,39.0,0,1
9,3,0,0,1,3,0,1,5,0,22.0,0,1
8,3,0,0,1,3,2,1,5,0,23.0,0,1
29,11,1,1,1,12,2,1,5,1,27.0,0,1
9,3,0,0,1,12,2,1,5,0,27.0,0,1
8,3,0,0,1,10,0,1,5,0,46.0,0,1
16,19,1,0,1,12,1,0,5,0,37.0,0,1
31,7,1,0,1,12,0,1,5,0,35.0,0,1
9,3,0,0,1,12,0,1,5,0,41.5,1,1
10,3,0,0,1,12,2,0,5,0,29.0,0,1
9,3,0,0,1,12,0,1,5,0,25.0,0,1
9,3,0,0,1,12,2,0,5,1,30.5,1,1
16,19,1,0,1,12,1,1,5,0,34.0,0,1
31,7,1,0,1,12,2,1,5,0,21.0,0,1
9,3,0,0,1,12,1,0,5,1,17.0,0,1
43,8,2,0,0,12,1,0,5,0,16.0,1,1
47,29,2,0,0,12,0,1,5,1,26.0,0,1
33,10,2,0,1,12,1,1,5,0,15.0,0,1
7,25,1,1,1,12,1,1,5,0,14.0,0,1
16,19,1,0,1,12,0,0,5,0,20.0,0,1
9,3,0,0,1,12,0,0,5,0,14.0,0,1
2,18,0,0,1,12,2,1,5,0,58.0,0,1
16,19,1,0,1,12,0,1,5,0,28.0,0,1
16,19,1,0,1,12,0,1,5,1,47.5,1,1
9,3,0,0,1,12,2,1,2,1,21.0,0,1
9,3,0,0,1,12,1,0,5,1,14.0,0,1
9,3,0,0,1,12,0,0,5,0,14.0,0,1
9,3,0,0,1,12,1,0,5,1,17.0,0,1
43,8,2,0,0,12,1,0,5,0,15.5,1,1
16,19,1,0,1,12,1,0,5,0,20.0,0,1
16,19,1,0,1,12,1,1,5,0,38.0,0,1
31,7,1,0,1,12,2,1,5,0,20.0,0,1
9,3,0,0,1,12,2,0,5,0,24.0,0,1
9,3,0,0,1,12,1,1,5,1,62.0,0,1
9,3,0,0,1,12,0,0,5,0,19.0,0,1
8,3,0,0,1,12,0,1,5,1,23.0,0,1
40,30,2,0,1,5,0,0,5,1,16.0,0,1
9,3,0,0,1,12,0,1,5,1,16.0,0,1
9,3,0,0,1,12,0,1,5,0,36.0,0,1
22,6,1,0,1,12,0,1,5,0,40.0,0,1
2,18,0,0,1,12,0,1,5,0,26.0,0,1
31,7,1,0,1,12,2,0,5,0,25.0,0,1
32,10,2,0,1,12,1,1,5,1,15.0,0,1
8,3,0,0,1,8,0,1,5,1,17.0,0,1
9,3,0,0,1,12,0,1,5,0,38.0,0,1
9,3,0,0,1,12,0,1,5,1,15.0,0,1
9,3,0,0,1,12,0,1,5,0,33.0,0,1
9,3,0,0,1,12,2,1,5,0,23.0,0,1
9,3,0,0,1,12,0,1,5,0,41.0,0,1
9,3,0,0,1,12,0,0,2,0,28.0,0,1
9,3,0,0,1,12,2,0,5,0,19.0,0,1
33,10,2,0,1,12,1,1,5,1,14.0,0,1
9,3,0,0,1,12,0,0,5,0,20.0,0,1
16,19,1,0,1,12,1,1,5,1,41.0,0,1
16,19,1,0,1,5,0,1,5,0,41.0,0,1
9,3,0,0,1,12,0,0,5,1,34.0,0,1
31,7,1,0,1,3,0,1,5,0,31.5,1,1
3,26,0,0,1,12,2,1,5,0,23.0,0,1
8,3,0,0,1,12,2,1,5,0,41.0,0,1
16,19,1,0,1,12,1,0,5,1,33.0,0,1
16,19,1,0,1,12,0,0,5,1,31.0,0,1
9,3,0,0,1,12,0,0,5,0,41.0,0,1
33,10,2,0,1,12,1,1,5,1,14.0,0,1
16,19,1,0,1,12,1,0,5,0,44.0,0,1
33,10,2,0,1,12,1,1,5,1,14.0,0,1
16,19,1,0,1,12,1,1,5,0,19.0,0,1
11,2,1,0,1,12,0,1,2,1,31.0,0,1
9,3,0,0,1,12,1,0,5,0,12.0,0,1
3,26,0,0,1,12,0,1,5,0,32.0,0,1
20,19,1,1,1,12,1,0,5,3,0.0,0,1
9,3,0,0,1,12,0,1,5,0,30.0,0,1
16,19,1,0,1,12,1,0,5,1,36.0,0,1
30,28,1,0,1,12,2,0,5,0,17.0,0,1
16,19,1,0,1,12,1,0,5,1,72.0,0,1
16,19,1,0,1,12,1,0,2,1,26.0,1,1
16,19,1,0,1,12,1,0,5,0,45.0,0,1
9,3,0,0,1,12,2,1,5,1,37.0,0,1
32,10,2,0,1,12,1,1,5,0,13.5,1,1
9,3,0,0,1,12,1,0,5,1,10.0,0,1
9,3,0,0,1,12,0,1,5,0,29.0,0,1
8,3,0,0,1,12,0,1,0,1,35.0,0,1
16,19,1,0,1,12,1,0,5,1,64.0,0,1
9,3,0,0,1,12,0,1,5,0,24.0,0,1
9,3,0,0,1,12,2,1,5,0,48.0,0,1
31,7,1,0,1,12,2,1,5,3,34.0,0,1
10,3,0,0,1,12,1,0,5,0,24.0,0,1
9,3,0,0,1,12,2,1,5,0,29.0,0,1
9,3,0,0,1,12,2,1,5,0,18.0,0,1
40,30,2,0,1,3,2,1,5,1,27.0,0,1
9,3,0,0,1,12,2,1,5,0,21.0,0,1
10,3,0,0,1,12,1,0,5,0,24.0,0,1
47,29,2,0,0,12,1,1,5,0,49.0,1,1
8,3,0,0,1,12,1,1,5,1,65.0,0,1
30,28,1,0,1,12,2,1,5,1,28.0,0,1
29,11,1,1,1,12,2,1,5,1,31.0,0,1
9,3,0,0,1,12,1,0,5,0,25.0,0,1
33,10,2,0,1,12,2,1,5,0,39.0,0,1
9,3,0,0,1,12,2,0,5,0,23.0,0,1
9,3,0,0,1,12,2,1,5,0,27.0,0,1
9,3,0,0,1,12,1,0,5,3,32.0,0,1
8,3,0,0,1,12,1,0,5,0,36.0,0,1
10,3,0,0,1,12,2,0,5,0,33.0,0,1
13,5,1,1,1,12,1,1,5,1,68.0,0,1
20,19,1,1,1,12,1,1,5,0,38.0,0,1
32,10,2,0,1,12,1,1,5,0,27.0,0,1
9,3,0,0,1,12,1,1,5,1,20.0,0,1
8,3,0,0,1,12,2,1,5,0,16.0,0,1
10,3,0,0,1,12,2,1,5,1,39.0,0,1
9,3,0,0,1,12,2,1,5,3,21.0,0,1
20,19,1,1,1,12,2,1,5,0,35.0,0,1
9,3,0,0,1,12,1,1,5,0,34.0,0,1
31,7,1,0,1,12,2,1,5,0,45.0,0,1
16,19,1,0,1,12,2,0,5,0,32.0,0,1
8,3,0,0,1,12,2,1,5,0,51.0,0,1
9,3,0,0,1,12,1,1,5,1,26.0,0,1
32,10,2,0,1,12,2,1,5,0,22.0,0,1
9,3,0,0,1,12,2,1,5,1,50.0,0,1
9,3,0,0,1,12,1,1,3,3,29.0,0,1
8,3,0,0,1,3,2,1,5,0,30.0,0,1
30,28,1,0,1,12,2,1,5,0,23.0,0,1
9,3,0,0,1,12,1,1,5,0,25.0,0,1
10,3,0,0,1,12,2,0,5,1,27.0,0,1
32,10,2,0,1,12,2,0,5,0,29.0,0,1
9,3,0,0,1,12,2,1,5,0,54.0,0,1
9,3,0,0,1,12,1,1,5,0,14.0,0,1
10,3,0,0,1,12,1,1,5,1,40.0,0,1
9,3,0,0,1,12,2,1,5,0,30.0,0,1
9,3,0,0,1,12,2,0,0,0,36.0,1,1
10,3,0,0,1,12,2,1,5,0,48.0,0,1
9,3,0,0,1,12,2,1,5,0,47.0,0,1
32,10,2,0,1,12,2,0,5,0,35.0,0,1
20,19,1,1,1,12,1,1,5,0,21.0,0,1
8,3,0,0,1,12,1,1,5,0,14.0,0,1
40,30,2,0,1,8,2,1,5,1,34.0,0,1
30,28,1,0,1,12,2,1,5,0,44.0,0,1
9,3,0,0,1,12,2,1,5,1,51.0,0,1
46,20,2,0,0,12,0,1,0,1,20.0,0,1
46,20,2,0,0,12,0,1,0,1,20.0,0,1
21,21,1,1,1,12,2,0,5,2,34.0,0,1
32,10,2,0,1,12,2,0,5,2,27.0,0,1
21,21,1,1,1,12,1,0,5,2,32.0,0,1
8,3,0,0,1,12,2,1,5,1,26.0,0,1
9,3,0,0,1,12,2,0,0,1,43.0,0,1
9,3,0,0,1,12,2,1,0,1,20.0,0,1
32,10,2,0,1,12,0,0,5,3,28.0,0,1
13,5,1,1,1,12,0,0,5,0,29.0,0,1
18,19,1,1,1,12,0,1,5,0,32.0,0,1
9,3,0,0,1,12,1,0,5,3,12.0,0,1
9,3,0,0,1,12,0,1,5,0,24.0,0,1
30,28,1,0,1,12,0,1,5,0,19.0,0,1
20,19,1,1,1,12,0,1,5,0,42.0,0,1
21,21,1,1,1,12,0,1,5,1,41.0,0,1
13,5,1,1,1,12,0,1,5,1,20.0,0,1
32,10,2,0,1,12,0,0,5,1,41.0,0,1
30,28,1,0,1,3,0,1,5,0,32.0,0,1
9,3,0,0,1,12,2,0,5,1,29.0,0,1
32,10,2,0,1,3,2,1,5,0,30.0,0,1
32,10,2,0,1,12,0,1,5,0,55.0,0,1
9,3,0,0,1,12,2,1,5,1,36.0,0,1
8,3,0,0,1,12,0,1,5,0,24.0,0,1
8,3,0,0,1,5,0,0,5,1,44.0,0,1
6,26,0,0,1,12,0,1,5,0,20.0,0,1
8,3,0,0,1,12,0,1,5,0,21.0,0,1
8,3,0,0,1,12,0,0,5,0,23.0,0,1
9,3,0,0,1,12,2,1,5,0,27.0,0,1
8,3,0,0,1,12,0,1,5,0,28.0,1,1
8,3,0,0,1,12,0,1,5,0,37.0,0,1
9,3,0,0,1,5,2,1,5,0,43.0,0,1
8,3,0,0,1,12,0,1,5,0,52.0,0,1
8,3,0,0,1,12,0,1,5,0,38.0,0,1
9,3,0,0,1,12,2,1,0,1,48.0,0,1
9,3,0,0,1,12,2,1,0,1,21.0,0,1
9,3,0,0,1,12,2,1,0,1,29.0,0,1
9,3,0,0,1,12,2,1,0,1,24.0,0,1
9,3,0,0,1,12,2,1,0,1,28.0,0,1
9,3,0,0,1,12,2,0,0,1,32.0,0,1
8,3,0,0,1,12,0,0,0,1,32.0,0,1
32,10,2,0,1,12,0,1,0,1,35.0,0,1
32,10,2,0,1,12,2,1,4,3,20.0,0,1
32,10,2,0,1,12,0,1,5,0,43.0,0,1
9,3,0,0,1,12,1,0,5,0,38.0,0,1
16,19,1,0,1,12,1,1,2,1,46.0,0,1
13,5,1,1,1,12,0,1,5,0,29.0,0,1
16,19,1,0,1,12,1,0,0,1,36.0,0,1
16,19,1,0,1,12,1,1,5,0,35.0,0,1
16,19,1,0,1,12,0,1,5,0,34.0,0,1
9,3,0,0,1,12,1,1,5,0,38.0,0,1
9,3,0,0,1,12,1,0,4,3,37.0,0,1
9,3,0,0,1,12,0,0,4,3,45.0,0,1
9,3,0,0,1,12,1,1,0,1,37.0,0,1
30,28,1,0,1,12,0,1,5,0,46.0,0,1
9,3,0,0,1,12,0,1,5,3,33.0,0,1
13,5,1,1,1,12,0,1,5,0,70.0,0,1
32,10,2,0,1,12,0,1,2,3,43.0,0,1
32,10,2,0,1,5,0,1,5,0,31.0,0,1
16,19,1,0,1,12,1,1,5,0,39.0,0,1
9,3,0,0,1,12,1,1,2,3,48.0,0,1
32,10,2,0,1,12,2,1,5,0,42.0,0,1
16,19,1,0,1,12,0,1,5,1,32.0,0,1
8,3,0,0,1,3,0,1,4,3,17.0,0,1
32,10,2,0,1,12,0,1,2,1,39.0,0,1
16,19,1,0,1,12,0,1,0,0,33.5,1,1
32,10,2,0,1,12,0,1,5,3,42.0,0,1
32,10,2,0,1,12,0,0,5,1,43.0,0,1
13,5,1,1,1,12,0,1,5,3,24.0,0,1
6,26,0,0,1,12,1,1,5,3,39.0,0,1
30,28,1,0,1,12,0,1,5,1,44.0,0,1
31,7,1,0,1,12,1,0,0,1,29.0,0,1
9,3,0,0,1,12,2,0,5,3,53.0,0,1
9,3,0,0,1,12,1,1,5,1,64.0,0,1
31,7,1,0,1,12,1,1,5,0,23.0,0,1
8,3,0,0,1,12,2,1,2,1,41.0,0,1
8,3,0,0,1,12,0,1,5,0,15.0,0,1
8,3,0,0,1,12,0,1,5,0,41.0,0,1
8,3,0,0,1,12,0,1,5,0,40.0,0,1
31,7,1,0,1,12,0,1,0,1,30.0,0,1
8,3,0,0,1,5,0,1,5,0,50.0,0,1
16,19,1,0,1,12,1,0,0,1,28.0,0,1
9,3,0,0,1,12,1,1,5,3,40.0,0,1
30,28,1,0,1,12,0,0,5,0,41.0,0,1
9,3,0,0,1,12,1,0,0,3,31.0,0,1
32,10,2,0,1,12,2,1,5,3,57.0,0,1
31,7,1,0,1,12,1,1,2,1,37.0,0,1
8,3,0,0,1,5,0,0,5,0,31.0,0,1
33,10,2,0,1,12,1,1,0,3,22.0,0,1
32,10,2,0,1,12,0,0,5,0,53.5,1,1
16,19,1,0,1,5,0,1,5,0,43.0,0,1
13,5,1,1,1,12,0,1,5,1,53.0,0,1
27,14,1,1,1,12,0,0,2,3,30.0,0,1
32,10,2,0,1,12,0,0,5,1,34.0,0,1
6,26,0,0,1,12,1,1,5,0,85.0,0,1
8,3,0,0,1,12,0,1,4,3,53.0,0,1
9,3,0,0,1,12,1,1,5,3,44.0,0,1
9,3,0,0,1,12,1,1,5,0,35.0,0,1
16,19,1,0,1,12,0,0,5,1,48.0,0,1
13,5,1,1,1,12,0,1,5,0,41.0,0,1
32,10,2,0,1,12,0,1,5,0,44.0,0,1
8,3,0,0,1,6,1,1,5,0,34.0,0,1
40,30,2,0,1,3,0,1,5,0,31.0,0,1
9,3,0,0,1,12,1,1,2,1,31.0,0,1
8,3,0,0,1,12,1,1,0,1,39.0,0,1
9,3,0,0,1,12,0,1,2,1,35.0,0,1
9,3,0,0,1,12,1,0,4,3,20.0,0,1
9,3,0,0,1,12,1,1,4,3,24.0,0,1
16,19,1,0,1,12,1,1,5,1,29.0,0,1
20,19,1,1,1,12,1,0,5,0,60.0,0,1
32,10,2,0,1,12,0,0,5,0,40.0,1,1
16,19,1,0,1,12,1,0,5,0,19.5,1,1
13,5,1,1,1,12,0,1,5,1,38.0,0,1
17,19,1,1,1,3,1,1,5,0,48.0,0,1
9,3,0,0,1,12,1,1,5,0,27.0,0,1
9,3,0,0,1,12,0,0,4,0,33.0,0,1
32,10,2,0,1,12,0,1,5,1,37.0,0,1
32,10,2,0,1,12,0,1,5,1,36.0,0,1
32,10,2,0,1,12,0,1,5,0,49.0,0,1
8,3,0,0,1,12,0,1,5,1,54.0,0,1
31,7,1,0,1,12,1,1,4,3,25.0,0,1
9,3,0,0,1,12,1,0,5,3,29.0,0,1
9,3,0,0,1,12,1,0,5,3,34.0,0,1
9,3,0,0,1,3,1,1,5,0,55.0,0,1
30,28,1,0,1,12,0,1,5,3,29.0,0,1
13,5,1,1,1,12,0,1,5,1,33.0,0,1
16,19,1,0,1,12,1,1,5,1,25.0,0,1
32,10,2,0,1,12,0,1,5,0,61.0,0,1
31,7,1,0,1,5,1,1,2,3,32.0,0,1
9,3,0,0,1,12,1,0,5,0,21.0,0,1
31,7,1,0,1,12,1,1,5,0,33.0,0,1
8,3,0,0,1,3,0,1,5,1,34.0,0,1
33,10,2,0,1,12,1,1,0,1,27.0,0,1
32,10,2,0,1,12,0,0,0,0,42.5,1,1
32,10,2,0,1,12,0,0,5,0,45.0,0,1
9,3,0,0,1,12,1,0,0,1,48.0,0,1
29,11,1,1,1,12,1,0,5,0,31.0,0,1
29,11,1,1,1,12,1,0,4,0,29.0,0,1
32,10,2,0,1,12,0,1,2,0,43.0,0,1
32,10,2,0,1,12,0,0,5,0,46.0,0,1
33,10,2,0,1,12,1,1,0,1,32.0,0,1
32,10,2,0,1,12,0,1,5,0,26.0,0,1
32,10,2,0,1,12,0,0,5,0,46.0,0,1
32,10,2,0,1,12,2,1,2,1,22.0,0,1
33,10,2,0,1,12,1,1,5,0,32.0,0,1
32,10,2,0,1,12,0,0,5,1,38.0,0,1
32,10,2,0,1,12,0,0,5,3,35.0,0,1
33,10,2,0,1,12,2,0,5,1,40.0,0,1
8,3,0,0,1,3,0,1,5,1,37.0,0,1
13,5,1,1,1,12,0,0,5,3,40.0,0,1
8,3,0,0,1,5,0,0,2,1,13.0,0,1
9,3,0,0,1,12,1,0,4,3,41.0,0,1
9,3,0,0,1,12,1,1,4,0,47.0,0,1
13,5,1,1,1,12,2,0,5,0,27.0,0,1
10,3,0,0,1,12,1,1,5,0,23.0,0,1
32,10,2,0,1,12,2,1,0,0,37.0,0,1
40,30,2,0,1,3,1,0,5,3,21.0,0,1
23,14,1,1,1,12,1,0,5,0,40.0,0,1
8,3,0,0,1,12,0,1,5,1,28.0,0,1
33,10,2,0,1,12,1,0,2,1,30.0,0,1
13,5,1,1,1,12,2,0,5,0,23.0,0,1
9,3,0,0,1,12,1,1,5,1,28.0,0,1
32,10,2,0,1,12,0,1,0,1,40.0,0,1
9,3,0,0,1,12,1,0,5,1,31.0,0,1
32,10,2,0,1,12,0,1,4,3,35.0,0,1
32,10,2,0,1,12,0,1,5,0,38.0,0,1
32,10,2,0,1,12,0,1,5,1,62.0,0,1
31,7,1,0,1,12,1,0,5,0,24.0,0,1
9,3,0,0,1,12,0,1,4,1,42.0,0,1
9,3,0,0,1,12,1,0,0,3,64.0,0,1
32,10,2,0,1,12,0,1,5,3,33.0,0,1
9,3,0,0,1,12,1,0,5,0,40.0,0,1
9,3,0,0,1,12,1,1,0,1,33.0,0,1
32,10,2,0,1,12,2,1,0,1,27.0,0,1
33,10,2,0,1,12,0,1,5,0,32.0,0,1
9,3,0,0,1,12,1,1,5,1,57.0,0,1
9,3,0,0,1,12,1,1,5,3,54.0,0,1
32,10,2,0,1,12,0,0,5,3,39.0,0,1
33,10,2,0,1,12,0,1,2,1,47.0,1,1
8,3,0,0,1,12,0,1,5,0,30.0,0,1
8,3,0,0,1,12,0,1,5,3,36.0,0,1
9,3,0,0,1,12,0,0,5,1,35.0,0,1
9,3,0,0,1,12,1,0,5,0,27.0,0,1
8,3,0,0,1,12,1,0,5,3,62.0,0,1
30,28,1,0,1,12,0,0,5,0,39.5,1,1
9,3,0,0,1,12,0,0,5,0,23.0,0,1
9,3,0,0,1,12,1,1,5,3,54.0,0,1
8,3,0,0,1,5,0,0,5,0,36.0,0,1
32,10,2,0,1,12,0,1,5,1,32.0,0,1
33,10,2,0,1,12,1,0,0,1,31.0,0,1
32,10,2,0,1,12,0,0,5,1,36.0,0,1
8,3,0,0,1,3,0,1,5,0,44.0,0,1
32,10,2,0,1,12,0,0,5,3,28.0,0,1
9,3,0,0,1,12,1,1,5,0,42.0,0,1
32,10,2,0,1,12,0,0,2,0,48.0,1,1
30,28,1,0,1,12,0,1,5,0,39.0,0,1
32,10,2,0,1,12,2,1,4,3,55.0,0,1
9,3,0,0,1,12,1,1,4,0,47.5,1,1
32,10,2,0,1,12,0,1,5,0,32.0,0,1
8,3,0,0,1,12,1,1,5,0,15.0,0,1
9,3,0,0,1,12,0,0,4,0,29.0,0,1
9,3,0,0,1,12,1,1,5,3,62.0,0,1
9,3,0,0,1,12,1,1,5,0,54.0,0,1
8,3,0,0,1,12,0,1,5,3,47.0,0,1
31,7,1,0,1,12,0,1,5,0,37.0,0,1
32,10,2,0,1,12,0,1,5,1,48.0,0,1
9,3,0,0,1,12,0,0,4,3,22.0,0,1
9,3,0,0,1,12,1,1,5,0,20.0,0,1
8,3,0,0,1,12,1,0,5,3,26.0,0,1
30,28,1,0,1,12,0,0,5,0,27.5,1,1
9,3,0,0,1,12,0,1,0,1,29.0,0,1
9,3,0,0,1,12,1,1,5,3,58.0,0,1
9,3,0,0,1,12,0,0,5,0,61.0,0,1
32,10,2,0,1,12,0,1,5,0,44.0,0,1
9,3,0,0,1,12,0,1,5,0,30.0,0,1
9,3,0,0,1,12,1,1,5,0,22.0,0,1
33,10,2,0,1,10,0,1,5,1,32.0,0,1
9,3,0,0,1,12,0,0,5,3,48.0,0,1
8,3,0,0,1,12,0,1,5,0,39.0,0,1
9,3,0,0,1,12,1,0,5,1,19.0,0,1
8,3,0,0,1,12,0,1,5,1,41.0,0,1
31,7,1,0,1,12,1,0,0,1,33.5,1,1
9,3,0,0,1,12,1,1,5,0,40.0,0,1
9,3,0,0,1,12,1,1,2,1,28.0,0,1
9,3,0,0,1,12,1,0,5,3,31.0,0,1
13,5,1,1,1,12,0,1,5,1,39.0,0,1
9,3,0,0,1,12,1,0,5,3,42.0,0,1
9,3,0,0,1,12,1,0,5,0,32.0,0,1
9,3,0,0,1,12,1,1,5,0,40.0,0,1
9,3,0,0,1,12,0,1,0,1,33.0,0,1
9,3,0,0,1,12,1,1,5,0,46.0,0,1
31,7,1,0,1,12,1,1,0,1,44.0,0,1
9,3,0,0,1,12,1,1,0,0,37.0,0,1
9,3,0,0,1,12,1,1,0,0,22.0,0,1
9,3,0,0,1,12,1,0,5,1,24.0,0,1
9,3,0,0,1,12,0,1,5,3,42.0,0,1
9,3,0,0,1,12,1,0,5,0,39.0,0,1
8,3,0,0,1,12,0,1,4,0,14.0,1,1
9,3,0,0,1,12,0,1,4,3,27.0,0,1
32,10,2,0,1,12,0,0,5,0,23.0,0,1
31,7,1,0,1,12,0,1,5,0,32.0,0,1
9,3,0,0,1,12,1,0,4,3,65.0,0,1
8,3,0,0,1,12,1,1,5,0,29.0,0,1
9,3,0,0,1,12,1,0,2,1,62.0,0,1
8,3,0,0,1,12,0,1,5,0,23.0,0,1
40,30,2,0,1,12,1,1,5,0,52.0,0,1
9,3,0,0,1,12,0,1,2,1,64.0,0,1
9,3,0,0,1,12,1,1,2,3,19.0,0,1
33,10,2,0,1,12,0,0,5,0,37.0,1,1
32,10,2,0,1,12,0,0,4,0,42.0,0,1
9,3,0,0,1,12,1,1,5,0,32.0,0,1
9,3,0,0,1,12,1,1,5,0,19.0,0,1
13,5,1,1,1,12,0,1,5,0,36.0,0,1
13,5,1,1,1,12,0,1,5,3,42.0,0,1
31,7,1,0,1,12,1,1,0,1,42.0,0,1
9,3,0,0,1,12,0,1,5,3,33.0,0,1
32,10,2,0,1,12,2,1,2,1,38.0,0,1
32,10,2,0,1,12,0,1,5,0,49.0,0,1
23,14,1,1,1,12,1,1,5,1,37.0,0,1
8,3,0,0,1,12,0,1,5,3,33.0,0,1
9,3,0,0,1,12,0,1,4,3,33.0,0,1
9,3,0,0,1,12,0,1,0,1,25.0,0,1
8,3,0,0,1,12,0,1,2,3,39.0,0,1
33,10,2,0,1,12,0,0,5,3,41.5,1,1
8,3,0,0,1,6,0,1,5,0,18.0,0,1
30,28,1,0,1,3,0,1,2,1,37.0,0,1
31,7,1,0,1,12,1,1,5,0,31.0,0,1
8,3,0,0,1,12,0,1,5,0,34.0,0,1
31,7,1,0,1,12,1,1,5,0,28.0,0,1
9,3,0,0,1,12,1,0,5,0,25.0,0,1
9,3,0,0,1,12,1,1,0,1,34.0,0,1
40,30,2,0,1,12,1,1,4,0,41.0,0,1
9,3,0,0,1,12,1,0,0,1,46.0,0,1
16,19,1,0,1,12,0,0,5,3,34.0,0,1
9,3,0,0,1,12,1,1,4,3,22.0,0,1
9,3,0,0,1,12,1,1,4,3,42.0,0,1
31,7,1,0,1,12,1,1,5,1,29.0,0,1
9,3,0,0,1,12,1,1,5,3,63.0,0,1
9,3,0,0,1,12,0,0,5,1,32.0,0,1
9,3,0,0,1,12,0,1,5,1,31.0,0,1
9,3,0,0,1,12,1,1,4,3,34.0,0,1
9,3,0,0,1,12,1,0,0,1,32.0,0,1
33,10,2,0,1,12,0,1,5,0,26.0,0,1
32,10,2,0,1,12,2,1,5,1,45.0,0,1
32,10,2,0,1,12,0,1,5,3,37.0,0,1
9,3,0,0,1,12,0,1,5,1,30.0,0,1
32,10,2,0,1,12,0,1,5,0,53.0,0,1
32,10,2,0,1,12,0,0,5,1,48.0,0,1
8,3,0,0,1,12,0,0,5,3,29.0,0,1
16,19,1,0,1,12,1,1,5,1,46.0,0,1
16,19,1,0,1,12,0,1,5,1,41.0,0,1
32,10,2,0,1,12,0,0,5,1,33.0,0,1
32,10,2,0,1,12,2,1,5,1,48.0,0,1
8,3,0,0,1,0,0,1,5,3,47.0,0,1
8,3,0,0,1,12,0,1,2,1,26.0,0,1
40,30,2,0,1,3,1,1,5,3,39.0,0,1
31,7,1,0,1,12,1,1,5,3,33.0,0,1
9,3,0,0,1,12,1,1,5,0,28.0,0,1
9,3,0,0,1,12,1,0,5,3,28.0,0,1
40,30,2,0,1,3,0,1,5,3,24.0,0,1
9,3,0,0,1,12,1,0,5,0,37.0,0,1
8,3,0,0,1,12,0,1,5,3,21.0,0,1
31,7,1,0,1,12,1,1,0,1,36.0,0,1
32,10,2,0,1,12,0,0,5,3,30.0,0,1
30,28,1,0,1,12,0,1,5,3,23.0,0,1
31,7,1,0,1,12,0,1,5,0,40.0,0,1
9,3,0,0,1,12,1,1,5,1,40.0,0,1
9,3,0,0,1,12,1,1,2,1,29.0,0,1
9,3,0,0,1,12,1,1,5,0,58.0,0,1
9,3,0,0,1,12,1,1,2,1,71.0,0,1
8,3,0,0,1,12,0,1,0,3,26.0,0,1
32,10,2,0,1,3,0,1,5,0,23.0,0,1
20,19,1,1,1,12,0,1,5,0,32.0,0,1
32,10,2,0,1,12,0,1,5,1,28.0,0,1
9,3,0,0,1,12,1,1,0,1,45.0,0,1
32,10,2,0,1,12,0,0,5,1,19.0,0,1
9,3,0,0,1,12,1,1,2,1,40.0,0,1
32,10,2,0,1,12,0,1,5,1,48.0,0,1
8,3,0,0,1,3,0,1,5,0,16.0,0,1
31,7,1,0,1,12,1,0,5,1,47.0,0,1
16,19,1,0,1,12,1,1,5,0,29.0,0,1
33,10,2,0,1,12,0,0,0,1,34.0,1,1
32,10,2,0,1,12,0,0,5,1,31.0,0,1
8,3,0,0,1,0,0,1,5,3,32.0,0,1
32,10,2,0,1,12,0,0,5,0,27.0,0,1
9,3,0,0,1,12,1,1,4,3,41.0,0,1
32,10,2,0,1,12,0,1,5,1,57.0,0,1
9,3,0,0,1,12,1,1,5,0,34.0,0,1
9,3,0,0,1,12,0,0,5,0,50.0,0,1
9,3,0,0,1,12,1,0,5,3,41.0,0,1
3,26,0,0,1,12,0,1,5,0,24.0,0,1
8,3,0,0,1,12,0,1,2,1,26.0,0,1
9,3,0,0,1,12,0,1,5,3,30.0,0,1
9,3,0,0,1,12,1,0,5,3,62.0,0,1
9,3,0,0,1,12,1,1,0,1,35.0,0,1
32,10,2,0,1,12,0,1,5,0,27.0,0,1
32,10,2,0,1,12,0,1,5,0,41.0,0,1
13,5,1,1,1,12,0,1,5,0,70.0,0,1
32,10,2,0,1,12,0,0,5,3,24.0,0,1
32,10,2,0,1,12,0,0,5,0,38.5,1,1
32,10,2,0,1,12,0,1,4,3,21.0,0,1
33,10,2,0,1,12,0,1,5,3,45.0,0,1
32,10,2,0,1,12,0,0,4,3,20.0,0,1
32,10,2,0,1,12,0,1,4,3,47.0,0,1
9,3,0,0,1,12,0,0,5,1,57.0,0,1
16,19,1,0,1,12,1,1,5,0,14.0,0,1
20,19,1,1,1,12,1,0,5,0,38.0,0,1
32,10,2,0,1,3,0,0,5,0,24.0,0,1
9,3,0,0,1,12,1,1,5,0,36.0,0,1
31,7,1,0,1,12,0,1,5,3,42.0,0,1
9,3,0,0,1,12,1,0,4,3,24.0,0,1
9,3,0,0,1,12,0,0,2,3,42.0,0,1
32,10,2,0,1,12,0,0,5,0,41.0,0,1
9,3,0,0,1,12,1,1,5,1,39.0,0,1
31,7,1,0,1,12,1,0,5,0,28.5,1,1
9,3,0,0,1,12,1,1,0,1,38.0,0,1
33,10,2,0,1,12,0,1,5,1,31.0,0,1
9,3,0,0,1,12,0,1,4,3,36.0,0,1
9,3,0,0,1,12,0,1,5,1,24.0,0,1
9,3,0,0,1,12,0,0,2,3,27.0,0,1
40,30,2,0,1,12,1,0,5,1,27.0,0,1
9,3,0,0,1,12,0,1,5,0,21.0,0,1
33,10,2,0,1,12,0,1,5,1,31.0,0,1
9,3,0,0,1,12,1,1,0,1,21.0,0,1
9,3,0,0,1,12,1,0,0,1,21.0,0,1
9,3,0,0,1,12,1,1,5,3,28.0,0,1
9,3,0,0,1,12,1,1,5,0,21.0,0,1
9,3,0,0,1,12,0,0,4,3,22.0,0,1
8,3,0,0,1,12,0,0,5,0,43.0,0,1
31,7,1,0,1,12,1,0,5,0,18.0,0,1
9,3,0,0,1,12,0,1,2,1,36.0,0,1
32,10,2,0,1,12,0,0,0,0,23.0,0,1
9,3,0,0,1,12,1,0,2,1,18.0,0,1
9,3,0,0,1,12,1,0,5,0,39.0,0,1
9,3,0,0,1,12,1,1,5,0,54.0,0,1
33,10,2,0,1,12,1,0,5,1,34.5,1,1
32,10,2,0,1,12,0,1,5,0,27.0,0,1
9,3,0,0,1,12,0,1,5,0,35.0,0,1
21,21,1,1,1,12,0,1,5,1,35.0,0,1
32,10,2,0,1,12,0,1,5,1,24.0,0,1
32,10,2,0,1,12,0,1,5,1,31.0,0,1
9,3,0,0,1,12,1,0,0,1,55.0,0,1
23,14,1,1,1,12,1,0,0,0,42.0,0,1
13,5,1,1,1,3,0,1,5,0,26.0,0,1
32,10,2,0,1,12,0,0,5,0,32.0,0,1
31,7,1,0,1,12,1,1,4,0,28.0,0,1
32,10,2,0,1,12,0,0,5,0,47.0,0,1
32,10,2,0,1,12,0,1,5,0,20.0,0,1
32,10,2,0,1,12,0,1,5,3,26.0,0,1
16,19,1,0,1,12,1,1,0,1,37.0,0,1
8,3,0,0,1,12,1,0,5,0,58.0,0,1
9,3,0,0,1,12,1,0,5,3,36.0,0,1
9,3,0,0,1,12,1,1,5,0,27.0,0,1
8,3,0,0,1,12,1,0,5,1,22.0,0,1
11,2,1,0,1,12,0,1,5,3,61.0,0,1
40,30,2,0,1,3,0,0,4,1,30.0,0,1
30,28,1,0,1,12,0,1,0,1,54.0,0,1
8,3,0,0,1,12,0,1,5,0,41.0,0,1
9,3,0,0,1,12,0,1,5,0,38.0,0,1
23,14,1,1,1,12,1,0,5,0,18.0,0,1
7,25,1,1,1,10,0,1,5,3,23.0,0,1
32,10,2,0,1,12,2,0,5,3,34.0,0,1
9,3,0,0,1,12,0,1,5,1,52.0,0,1
40,30,2,0,1,3,2,1,2,1,33.0,0,1
32,10,2,0,1,3,0,0,5,0,22.5,1,1
13,5,1,1,1,12,2,1,4,3,46.0,0,1
30,28,1,0,1,12,0,1,5,1,32.0,0,1
40,30,2,0,1,1,1,1,5,0,45.0,0,1
31,7,1,0,1,12,1,1,5,3,68.0,0,1
10,3,0,0,1,12,1,1,4,3,45.0,0,1
9,3,0,0,1,12,1,0,5,3,51.333333333333336,1,1
21,21,1,1,1,12,2,1,5,0,28.0,0,1
32,10,2,0,1,12,2,0,0,0,26.0,0,1
9,3,0,0,1,12,1,0,5,0,45.0,0,1
9,3,0,0,1,12,2,1,5,1,24.0,0,1
9,3,0,0,1,12,1,1,5,3,36.0,0,1
40,30,2,0,1,3,1,1,5,3,36.0,0,1
8,3,0,0,1,12,0,1,5,0,16.0,0,1
9,3,0,0,1,12,0,1,5,0,39.0,0,1
9,3,0,0,1,12,0,1,5,3,64.0,0,1
8,3,0,0,1,12,2,1,0,3,24.0,0,1
32,10,2,0,1,12,2,0,5,1,37.0,0,1
9,3,0,0,1,12,1,1,5,0,46.0,0,1
9,3,0,0,1,3,1,1,5,0,46.0,0,1
9,3,0,0,1,12,1,1,5,3,30.0,0,1
8,3,0,0,1,12,0,1,2,3,39.0,1,1
31,7,1,0,1,12,1,1,5,0,39.0,0,1
9,3,0,0,1,12,1,1,5,3,24.0,0,1
9,3,0,0,1,12,1,1,5,3,26.0,0,1
9,3,0,0,1,12,0,0,5,0,37.0,0,1
32,10,2,0,1,12,0,1,5,0,40.0,1,1
2,18,0,0,1,12,0,1,5,3,30.0,0,1
32,10,2,0,1,12,2,0,5,3,41.0,0,1
13,5,1,1,1,12,0,1,5,0,43.0,0,1
9,3,0,0,1,12,1,1,2,1,54.0,0,1
9,3,0,0,1,12,1,1,5,1,28.0,0,1
10,3,0,0,1,12,1,1,5,3,43.0,0,1
9,3,0,0,1,12,1,1,5,1,46.0,0,1
8,3,0,0,1,5,2,1,5,0,30.0,0,1
16,19,1,0,1,12,0,0,5,1,31.0,0,1
16,19,1,0,1,12,1,1,4,3,25.0,0,1
32,10,2,0,1,12,0,1,4,0,39.0,0,1
8,3,0,0,1,5,0,1,0,1,29.0,0,1
9,3,0,0,1,12,1,1,4,3,40.0,0,1
16,19,1,0,1,12,1,0,5,0,31.0,0,1
32,10,2,0,1,12,0,1,5,1,34.0,0,1
9,3,0,0,1,12,1,1,5,3,41.0,0,1
18,19,1,1,1,12,0,1,5,0,19.0,0,1
40,30,2,0,1,3,1,1,5,3,28.0,0,1
31,7,1,0,1,12,1,1,5,3,25.0,0,1
9,3,0,0,1,12,0,1,5,3,65.0,0,1
8,3,0,0,1,12,1,1,5,0,34.0,0,1
9,3,0,0,1,12,1,1,5,0,30.0,0,1
8,3,0,0,1,12,0,0,5,3,39.0,0,1
9,3,0,0,1,12,1,1,5,1,66.0,0,1
9,3,0,0,1,12,1,1,5,3,28.0,0,1
9,3,0,0,1,12,1,0,4,3,45.5,1,1
33,10,2,0,1,12,1,0,5,3,35.0,0,1
30,28,1,0,1,12,0,0,4,3,30.0,0,1
9,3,0,0,1,12,1,1,5,0,59.0,0,1
32,10,2,0,1,12,0,1,5,0,32.0,0,1
32,10,2,0,1,12,2,0,5,0,29.5,1,1
32,10,2,0,1,12,0,0,0,1,33.0,0,1
9,3,0,0,1,12,2,1,2,0,24.0,0,1
32,10,2,0,1,12,0,0,5,0,39.0,0,1
30,28,1,0,1,3,0,1,4,3,23.0,0,1
32,10,2,0,1,12,0,1,5,0,29.0,0,1
8,3,0,0,1,0,0,0,5,3,20.0,0,1
9,3,0,0,1,12,1,1,5,3,52.0,0,1
32,10,2,0,1,12,0,1,5,0,41.0,0,1
32,10,2,0,1,12,0,1,5,0,40.0,0,1
32,10,2,0,1,12,0,1,5,0,31.0,0,1
30,28,1,0,1,12,0,1,0,1,38.0,0,1
9,3,0,0,1,12,1,1,5,1,32.0,0,1
30,28,1,0,1,12,0,1,5,0,43.0,0,1
31,7,1,0,1,12,1,1,5,1,43.0,0,1
31,7,1,0,1,12,1,0,5,3,22.0,0,1
9,3,0,0,1,12,1,0,0,1,23.0,0,1
9,3,0,0,1,12,1,1,5,0,58.0,0,1
9,3,0,0,1,12,0,0,5,0,26.0,0,1
40,30,2,0,1,3,1,1,5,3,13.0,0,1
9,3,0,0,1,12,1,1,5,3,49.0,0,1
9,3,0,0,1,12,1,0,5,3,31.0,0,1
33,10,2,0,1,12,1,1,5,0,73.0,0,1
9,3,0,0,1,12,0,1,4,3,45.0,0,1
9,3,0,0,1,12,1,0,5,0,21.0,0,1
31,7,1,0,1,12,0,1,2,1,68.0,0,1
9,3,0,0,1,12,1,0,5,0,48.0,0,1
32,10,2,0,1,12,0,1,5,1,50.0,0,1
31,7,1,0,1,12,1,1,4,0,14.0,0,1
32,10,2,0,1,12,0,1,5,1,45.0,0,1
32,10,2,0,1,12,0,1,2,1,51.0,0,1
32,10,2,0,1,12,0,0,1,1,21.0,0,1
16,19,1,0,1,12,1,1,2,1,26.0,0,1
21,21,1,1,1,12,2,0,5,0,30.0,1,1
16,19,1,0,1,12,1,1,5,0,39.0,0,1
16,19,1,0,1,12,0,1,5,1,38.0,0,1
9,3,0,0,1,12,1,0,5,3,63.0,0,1
9,3,0,0,1,12,1,1,0,3,21.0,0,1
9,3,0,0,1,12,1,0,5,3,24.0,0,1
9,3,0,0,1,12,0,1,5,0,20.0,0,1
9,3,0,0,1,12,1,1,4,1,32.0,0,1
9,3,0,0,1,12,0,1,5,0,53.0,0,1
40,30,2,0,1,12,1,1,5,0,25.0,0,1
16,19,1,0,1,12,1,0,5,0,22.0,0,1
32,10,2,0,1,12,0,1,4,0,56.0,0,1
8,3,0,0,1,12,0,1,5,1,52.0,0,1
32,10,2,0,1,12,0,1,5,0,40.0,0,1
9,3,0,0,1,12,1,1,2,1,31.0,0,1
32,10,2,0,1,12,0,1,5,0,35.0,0,1
16,19,1,0,1,12,0,1,0,3,24.0,0,1
32,10,2,0,1,12,0,1,5,1,53.0,0,1
20,19,1,1,1,12,1,0,5,0,45.0,0,1
9,3,0,0,1,12,1,0,5,1,31.0,0,1
9,3,0,0,1,12,1,1,5,0,47.0,0,1
9,3,0,0,1,12,1,1,5,3,25.0,0,1
9,3,0,0,1,12,0,1,5,0,22.0,0,1
30,28,1,0,1,3,0,1,2,3,34.0,0,1
9,3,0,0,1,12,2,1,5,1,34.0,0,1
9,3,0,0,1,12,1,1,5,3,38.0,0,1
32,10,2,0,1,12,0,1,5,0,19.0,0,1
13,5,1,1,1,12,0,0,5,0,37.0,0,1
32,10,2,0,1,12,0,1,4,0,25.0,0,1
9,3,0,0,1,12,0,1,0,0,46.0,0,1
32,10,2,0,1,12,0,1,5,0,34.0,0,1
9,3,0,0,1,12,1,0,5,0,60.0,0,1
32,10,2,0,1,12,0,0,5,3,35.0,0,1
32,10,2,0,1,12,0,1,5,0,24.0,0,1
31,7,1,0,1,12,1,0,5,1,59.0,0,1
13,5,1,1,1,12,1,1,5,1,59.0,0,1
9,3,0,0,1,12,1,0,5,0,38.0,0,1
33,10,2,0,1,3,0,0,5,1,33.0,1,1
8,3,0,0,1,12,1,0,5,0,41.0,0,1
9,3,0,0,1,12,1,1,5,0,24.0,0,1
9,3,0,0,1,12,0,1,4,3,44.0,0,1
8,3,0,0,1,5,0,0,5,1,75.0,0,1
31,7,1,0,1,12,1,1,3,1,29.0,0,1
40,30,2,0,1,8,1,1,5,1,26.0,0,1
31,7,1,0,1,12,1,1,5,1,37.0,0,1
9,3,0,0,1,12,1,1,0,1,24.0,0,1
32,10,2,0,1,12,0,1,4,3,28.0,0,1
8,3,0,0,1,12,2,0,5,0,37.0,0,1
8,3,0,0,1,5,0,1,5,0,23.0,0,1
40,30,2,0,1,3,0,1,2,1,18.0,0,1
8,3,0,0,1,12,0,1,0,3,36.0,0,1
9,3,0,0,1,12,1,1,5,0,42.0,0,1
9,3,0,0,1,12,0,0,5,0,19.0,0,1
32,10,2,0,1,12,0,1,4,3,40.0,0,1
40,30,2,0,1,3,0,1,4,0,22.5,1,1
9,3,0,0,1,12,1,1,0,1,24.0,0,1
9,3,0,0,1,12,1,1,4,3,20.0,0,1
9,3,0,0,1,12,1,1,4,3,46.0,0,1
8,3,0,0,1,12,0,1,5,0,38.0,0,1
32,10,2,0,1,12,2,1,0,1,36.0,0,1
33,10,2,0,1,12,1,1,4,3,26.0,0,1
9,3,0,0,1,12,1,1,5,0,47.0,0,1
8,3,0,0,1,12,0,0,4,3,34.0,0,1
9,3,0,0,1,12,1,0,5,0,33.0,0,1
9,3,0,0,1,12,0,0,0,1,29.0,0,1
31,7,1,0,1,0,1,1,5,0,41.0,0,1
31,7,1,0,1,12,1,1,5,1,29.0,0,1
8,3,0,0,1,12,1,0,5,1,32.0,0,1
8,3,0,0,1,12,1,0,0,1,55.0,0,1
9,3,0,0,1,12,1,0,5,0,34.0,0,1
9,3,0,0,1,12,0,1,5,0,32.0,0,1
13,5,1,1,1,12,0,1,5,3,29.0,0,1
8,3,0,0,1,0,0,1,5,0,33.0,0,1
8,3,0,0,1,12,0,1,2,1,26.0,0,1
31,7,1,0,1,12,0,1,5,0,31.0,0,1
31,7,1,0,1,12,1,0,5,1,20.0,0,1
9,3,0,0,1,12,0,1,5,0,23.0,0,1
33,10,2,0,1,12,1,1,5,3,35.0,0,1
32,10,2,0,1,12,0,1,5,0,49.0,0,1
32,10,2,0,1,12,0,1,5,0,36.0,0,1
32,10,2,0,1,12,0,0,5,3,27.0,0,1
9,3,0,0,1,12,1,1,5,3,33.0,0,1
9,3,0,0,1,12,1,1,0,1,27.0,0,1
8,3,0,0,1,12,0,1,5,1,45.0,0,1
32,10,2,0,1,12,0,0,1,1,21.0,0,1
32,10,2,0,1,12,0,0,5,3,25.0,0,1
32,10,2,0,1,12,0,1,5,1,32.0,0,1
32,10,2,0,1,12,0,0,5,0,28.5,1,1
8,3,0,0,1,12,1,1,2,1,21.0,0,1
32,10,2,0,1,12,0,1,5,1,24.0,0,1
9,3,0,0,1,12,1,1,4,3,30.0,0,1
16,19,1,0,1,12,1,1,5,0,35.0,0,1
10,3,0,0,1,12,1,1,5,0,45.0,0,1
33,10,2,0,1,12,0,1,0,1,38.0,0,1
32,10,2,0,1,12,0,1,5,0,36.5,1,1
9,3,0,0,1,12,1,0,5,3,28.0,0,1
8,3,0,0,1,0,0,1,5,3,43.0,0,1
9,3,0,0,1,12,0,1,0,3,52.0,0,1
31,7,1,0,1,12,1,0,5,3,44.0,0,1
16,19,1,0,1,12,1,1,5,1,45.0,0,1
9,3,0,0,1,12,1,1,5,1,56.0,0,1
16,19,1,0,1,12,1,0,5,0,26.0,0,1
16,19,1,0,1,12,0,1,5,1,41.0,0,1
8,3,0,0,1,0,0,1,5,1,38.0,0,1
9,3,0,0,1,12,1,1,4,0,32.0,0,1
9,3,0,0,1,12,1,0,5,1,43.0,0,1
8,3,0,0,1,12,1,1,5,3,50.0,0,1
13,5,1,1,1,12,0,1,5,0,37.0,0,1
9,3,0,0,1,12,1,0,5,3,32.0,0,1
9,3,0,0,1,12,1,1,4,3,66.0,0,1
31,7,1,0,1,12,1,1,4,0,40.0,0,1
32,10,2,0,1,12,0,1,5,0,29.0,0,1
9,3,0,0,1,12,1,1,5,1,52.0,0,1
32,10,2,0,1,12,0,0,5,0,30.0,0,1
32,10,2,0,1,12,0,1,5,1,34.0,0,1
32,10,2,0,1,12,0,0,0,1,36.0,0,1
32,10,2,0,1,12,0,1,4,3,28.0,0,1
32,10,2,0,1,12,0,0,5,3,45.0,0,1
16,19,1,0,1,12,0,1,5,1,22.0,0,1
8,3,0,0,1,12,0,1,2,1,24.0,0,1
40,30,2,0,1,3,0,1,5,0,20.5,1,1
9,3,0,0,1,12,1,1,5,0,64.0,0,1
9,3,0,0,1,12,1,1,4,3,34.0,0,1
32,10,2,0,1,12,0,1,5,3,33.0,0,1
9,3,0,0,1,12,1,1,5,3,30.0,0,1
8,3,0,0,1,12,1,0,5,3,38.0,0,1
9,3,0,0,1,12,1,1,5,0,31.0,0,1
31,7,1,0,1,12,1,0,5,3,35.0,0,1
31,7,1,0,1,12,1,0,0,1,35.0,0,1
8,3,0,0,1,0,0,1,5,1,21.0,0,1
9,3,0,0,1,12,1,0,5,0,23.0,0,1
33,10,2,0,1,12,1,1,5,0,32.0,1,1
32,10,2,0,1,12,0,0,5,1,35.0,0,1
9,3,0,0,1,12,1,1,2,3,29.0,0,1
32,10,2,0,1,12,0,0,5,3,36.0,0,1
9,3,0,0,1,12,0,1,5,0,26.0,0,1
32,10,2,0,1,12,2,1,5,3,35.0,0,1
32,10,2,0,1,12,0,0,5,3,27.0,0,1
32,10,2,0,1,12,2,1,5,0,34.0,0,1
33,10,2,0,1,12,1,1,5,0,32.0,0,1
32,10,2,0,1,12,2,0,5,0,58.0,0,1
9,3,0,0,1,12,1,1,5,0,36.0,0,1
8,3,0,0,1,12,0,0,4,3,45.0,0,1
32,10,2,0,1,12,2,1,5,0,27.0,0,1
16,19,1,0,1,12,0,0,5,0,30.0,0,1
9,3,0,0,1,12,1,1,2,1,18.0,0,1
16,19,1,0,1,12,1,0,5,0,52.0,0,1
9,3,0,0,1,12,1,1,4,3,40.0,0,1
9,3,0,0,1,12,0,0,2,1,20.0,0,1
9,3,0,0,1,12,1,1,5,1,31.0,0,1
16,19,1,0,1,12,1,1,5,1,29.0,0,1
16,19,1,0,1,12,2,1,5,0,36.0,0,1
8,3,0,0,1,0,0,1,5,0,42.0,0,1
32,10,2,0,1,12,0,1,5,1,36.0,0,1
29,11,1,1,1,12,0,0,5,3,36.0,0,1
32,10,2,0,1,12,0,1,5,3,19.0,0,1
7,25,1,1,1,0,1,1,5,0,19.0,0,1
32,10,2,0,1,12,2,1,2,1,28.0,0,1
7,25,1,1,1,3,1,1,5,3,37.0,0,1
33,10,2,0,1,12,0,0,0,0,39.5,1,1
30,28,1,0,1,12,1,0,5,1,34.0,0,1
32,10,2,0,1,12,0,1,4,1,37.0,0,1
30,28,1,0,1,12,0,0,2,1,35.0,0,1
32,10,2,0,1,12,0,0,5,3,42.0,0,1
8,3,0,0,1,12,0,0,5,1,30.0,0,1
32,10,2,0,1,12,0,1,5,3,41.0,0,1
32,10,2,0,1,12,0,0,5,0,26.0,0,1
33,10,2,0,1,12,2,1,5,0,32.0,0,1
32,10,2,0,1,12,0,1,5,1,47.5,1,1
33,10,2,0,1,12,0,0,5,1,34.0,0,1
8,3,0,0,1,12,0,0,5,1,58.0,0,1
32,10,2,0,1,12,0,1,5,3,32.666666666666664,1,1
32,10,2,0,1,12,0,0,5,0,33.5,1,1
9,3,0,0,1,12,1,0,5,3,41.0,0,1
30,28,1,0,1,12,0,1,5,3,30.0,0,1
9,3,0,0,1,12,1,1,5,1,48.0,0,1
9,3,0,0,1,12,1,0,4,3,18.0,0,1
8,3,0,0,1,12,0,0,5,0,60.0,0,1
7,25,1,1,1,5,0,1,2,1,35.0,0,1
30,28,1,0,1,12,0,1,0,1,38.0,0,1
29,11,1,1,1,12,0,0,5,1,37.0,0,1
33,10,2,0,1,12,0,0,4,0,43.5,1,1
20,19,1,1,1,12,1,1,5,0,39.0,0,1
8,3,0,0,1,3,0,1,5,0,16.0,0,1
13,5,1,1,1,12,0,0,5,1,46.0,1,1
31,7,1,0,1,3,0,0,5,0,35.0,0,1
8,3,0,0,1,12,0,1,5,0,46.0,0,1
32,10,2,0,1,5,0,1,5,0,22.0,0,1
8,3,0,0,1,12,0,1,5,0,35.0,0,1
31,7,1,0,1,12,0,1,0,1,33.0,0,1
31,7,1,0,1,12,0,0,5,1,62.0,0,1
16,19,1,0,1,12,1,1,2,3,61.0,0,1
9,3,0,0,1,12,1,1,5,3,37.0,0,1
32,10,2,0,1,12,0,1,4,0,42.0,0,1
33,10,2,0,1,12,0,0,4,3,46.0,0,1
32,10,2,0,1,12,0,1,5,0,35.0,0,1
32,10,2,0,1,12,0,0,4,3,42.0,0,1
31,7,1,0,1,12,1,0,5,0,38.0,0,1
32,10,2,0,1,12,0,0,5,1,37.0,0,1
33,10,2,0,1,12,0,1,5,1,38.0,0,1
32,10,2,0,1,12,0,1,5,0,37.0,0,1
7,25,1,1,1,12,0,1,4,3,47.0,0,1
32,10,2,0,1,12,0,0,5,3,25.0,0,1
40,30,2,0,1,3,1,1,0,1,24.0,0,1
32,10,2,0,1,12,0,0,4,3,33.0,0,1
9,3,0,0,1,12,0,1,2,1,32.0,0,1
31,7,1,0,1,12,1,0,5,3,48.5,1,1
7,25,1,1,1,5,0,1,5,0,26.0,0,1
21,21,1,1,1,12,0,1,5,3,42.0,0,1
32,10,2,0,1,12,0,1,4,0,22.0,0,1
32,10,2,0,1,12,0,0,5,0,52.0,0,1
9,3,0,0,1,12,0,1,4,1,35.0,0,1
32,10,2,0,1,12,0,0,5,0,24.0,0,1
9,3,0,0,1,12,0,0,5,0,20.0,0,1
32,10,2,0,1,12,0,1,2,1,30.0,0,1
31,7,1,0,1,12,1,0,5,3,44.0,0,1
32,10,2,0,1,12,0,1,5,3,33.0,0,1
31,7,1,0,1,12,1,1,5,3,48.0,0,1
8,3,0,0,1,12,0,1,5,0,35.0,0,1
21,21,1,1,1,12,0,0,5,0,19.0,0,1
32,10,2,0,1,12,0,1,2,1,34.0,0,1
40,30,2,0,1,3,0,1,3,1,22.0,0,1
9,3,0,0,1,12,1,1,5,3,42.0,0,1
8,3,0,0,1,0,0,1,2,1,39.0,0,1
9,3,0,0,1,12,1,0,5,0,43.0,0,1
30,28,1,0,1,12,0,0,5,0,23.0,0,1
31,7,1,0,1,12,1,1,4,0,33.0,0,1
31,7,1,0,1,12,1,0,5,3,37.0,0,1
33,10,2,0,1,5,0,1,5,0,27.0,1,1
32,10,2,0,1,12,0,1,5,3,24.0,0,1
8,3,0,0,1,12,0,1,5,1,68.0,0,1
9,3,0,0,1,12,1,1,4,3,55.0,0,1
32,10,2,0,1,12,0,1,5,0,33.0,0,1
13,5,1,1,1,12,0,1,5,0,62.0,0,1
32,10,2,0,1,12,0,0,5,0,32.0,0,1
32,10,2,0,1,12,0,1,5,1,47.0,0,1
33,10,2,0,1,12,0,0,5,0,29.0,1,1
32,10,2,0,1,12,0,1,5,0,29.0,0,1
33,10,2,0,1,12,0,0,5,1,34.0,0,1
16,19,1,0,1,12,1,0,5,1,17.0,0,1
40,30,2,0,1,3,1,1,1,1,41.0,0,1
30,28,1,0,1,12,0,1,5,0,46.0,0,1
9,3,0,0,1,12,1,1,5,0,40.5,1,1
32,10,2,0,1,3,0,1,5,0,23.0,0,1
9,3,0,0,1,12,1,0,5,0,35.0,0,1
33,10,2,0,1,12,1,1,5,1,29.0,0,1
32,10,2,0,1,12,0,0,5,0,53.0,0,1
21,21,1,1,1,12,0,0,0,1,25.0,0,1
9,3,0,0,1,12,1,0,2,1,33.5,1,1
9,3,0,0,1,12,1,1,2,0,26.0,1,1
30,28,1,0,1,3,0,1,5,0,18.0,0,1
32,10,2,0,1,12,0,0,5,1,30.0,0,1
32,10,2,0,1,12,0,1,4,3,52.0,0,1
23,14,1,1,1,12,1,1,5,1,33.0,0,1
9,3,0,0,1,12,0,0,0,3,21.0,1,1
8,3,0,0,1,12,0,1,5,0,34.0,0,1
9,3,0,0,1,12,1,1,5,3,37.0,0,1
8,3,0,0,1,5,0,1,5,0,34.0,0,1
9,3,0,0,1,12,1,0,5,1,51.0,0,1
9,3,0,0,1,12,1,0,5,0,25.0,0,1
31,7,1,0,1,12,1,1,5,0,31.0,0,1
31,7,1,0,1,12,0,1,2,3,38.0,0,1
9,3,0,0,1,12,1,0,5,0,52.0,0,1
8,3,0,0,1,12,0,1,5,3,43.0,0,1
30,28,1,0,1,12,0,0,5,0,35.0,0,1
32,10,2,0,1,12,2,1,5,3,38.0,0,1
32,10,2,0,1,12,0,1,5,3,36.0,0,1
32,10,2,0,1,12,0,1,5,0,32.0,0,1
32,10,2,0,1,12,0,1,5,1,31.0,0,1
16,19,1,0,1,12,1,0,5,1,44.0,0,1
13,5,1,1,1,12,0,1,0,1,44.0,0,1
32,10,2,0,1,12,0,1,5,1,42.0,0,1
23,14,1,1,1,12,1,0,5,1,45.0,0,1
9,3,0,0,1,5,0,1,2,1,37.0,0,1
32,10,2,0,1,12,0,1,5,3,28.0,0,1
32,10,2,0,1,12,0,1,5,1,30.0,0,1
30,28,1,0,1,12,0,0,5,0,42.0,0,1
9,3,0,0,1,12,0,0,0,1,19.0,0,1
30,28,1,0,1,3,0,1,2,3,30.0,0,1
30,28,1,0,1,12,1,0,5,0,35.0,0,1
32,10,2,0,1,5,0,0,5,1,25.0,0,1
32,10,2,0,1,12,2,1,5,0,24.0,0,1
32,10,2,0,1,12,0,1,0,0,33.0,0,1
13,5,1,1,1,12,0,0,5,0,32.0,0,1
9,3,0,0,1,12,1,1,0,1,25.0,0,1
33,10,2,0,1,12,0,1,5,0,38.0,0,1
33,10,2,0,1,12,1,0,5,0,35.0,0,1
20,19,1,1,1,12,1,1,5,3,34.0,0,1
9,3,0,0,1,12,1,1,0,1,14.0,0,1
9,3,0,0,1,12,1,0,0,1,34.0,0,1
16,19,1,0,1,12,0,1,5,0,28.0,0,1
16,19,1,0,1,12,1,1,5,3,45.0,0,1
31,7,1,0,1,12,0,1,2,1,33.0,0,1
31,7,1,0,1,12,1,1,5,1,20.0,0,1
30,28,1,0,1,3,0,0,5,3,38.0,0,1
9,3,0,0,1,12,0,1,0,1,17.0,0,1
9,3,0,0,1,12,1,0,2,3,24.0,0,1
8,3,0,0,1,5,0,1,5,1,33.0,0,1
17,19,1,1,1,12,0,1,5,1,23.0,0,1
9,3,0,0,1,12,0,1,5,3,24.0,0,1
9,3,0,0,1,12,1,1,5,3,37.0,0,1
9,3,0,0,1,12,0,1,0,1,55.0,0,1
8,3,0,0,1,5,0,1,5,0,50.0,0,1
9,3,0,0,1,12,1,1,0,1,30.0,0,1
32,10,2,0,1,3,0,1,0,1,44.0,0,1
33,10,2,0,1,12,2,1,4,1,46.0,0,1
16,19,1,0,1,12,1,0,5,1,38.0,0,1
9,3,0,0,1,12,1,1,4,0,36.0,0,1
9,3,0,0,1,12,1,1,5,0,24.0,0,1
33,10,2,0,1,12,1,1,0,3,57.0,0,1
40,30,2,0,1,12,1,0,2,3,34.0,0,1
9,3,0,0,1,12,1,1,5,0,46.0,0,1
8,3,0,0,1,12,0,1,5,1,27.0,0,1
9,3,0,0,1,12,0,1,5,0,57.0,0,1
9,3,0,0,1,12,1,0,5,1,45.0,0,1
9,3,0,0,1,12,1,1,5,0,23.0,0,1
9,3,0,0,1,12,2,1,5,1,45.0,0,1
9,3,0,0,1,12,1,1,2,1,63.0,0,1
32,10,2,0,1,12,0,0,5,0,40.0,0,1
31,7,1,0,1,12,0,1,5,1,40.0,0,1
9,3,0,0,1,12,1,0,5,3,32.0,0,1
32,10,2,0,1,1,0,1,5,1,24.0,0,1
31,7,1,0,1,12,1,0,4,3,40.0,0,1
8,3,0,0,1,12,0,0,5,1,35.0,0,1
32,10,2,0,1,12,2,1,5,0,34.0,0,1
9,3,0,0,1,12,0,1,5,0,35.0,0,1
13,5,1,1,1,12,0,1,0,1,40.5,1,1
16,19,1,0,1,5,1,1,5,0,30.0,0,1
8,3,0,0,1,12,0,1,5,1,31.0,0,1
16,19,1,0,1,5,1,1,4,3,34.0,0,1
16,19,1,0,1,12,1,1,5,3,26.0,0,1
9,3,0,0,1,12,1,0,0,3,19.0,0,1
32,10,2,0,1,12,0,1,5,0,25.0,0,1
16,19,1,0,1,12,1,0,5,0,32.0,1,1
32,10,2,0,1,12,0,1,5,3,34.0,0,1
9,3,0,0,1,12,1,0,4,3,45.0,0,1
9,3,0,0,1,12,1,0,4,3,18.0,0,1
16,19,1,0,1,12,0,0,5,0,28.0,1,1
9,3,0,0,1,12,0,1,0,1,47.0,0,1
9,3,0,0,1,12,1,1,0,1,21.0,0,1
9,3,0,0,1,12,1,1,5,0,24.0,0,1
9,3,0,0,1,12,1,1,5,0,53.0,0,1
8,3,0,0,1,12,0,1,5,1,47.0,0,1
31,7,1,0,1,12,0,1,0,1,59.0,0,1
23,14,1,1,1,12,0,1,4,3,54.0,0,1
9,3,0,0,1,12,1,1,4,3,40.0,0,1
18,19,1,1,1,12,0,1,1,1,38.0,0,1
32,10,2,0,1,5,0,1,5,0,39.0,0,1
9,3,0,0,1,12,1,1,5,1,46.0,0,1
32,10,2,0,1,12,0,0,5,3,32.0,0,1
31,7,1,0,1,12,1,0,5,0,53.0,0,1
16,19,1,0,1,12,1,0,5,0,32.0,1,1
32,10,2,0,1,12,0,1,5,3,32.0,0,1
9,3,0,0,1,12,1,1,5,3,40.0,0,1
30,28,1,0,1,5,0,0,5,1,43.0,1,1
32,10,2,0,1,12,0,0,5,0,30.0,0,1
32,10,2,0,1,12,0,1,5,3,35.0,0,1
9,3,0,0,1,12,1,1,5,0,31.0,0,1
9,3,0,0,1,12,1,1,5,0,19.0,0,1
16,19,1,0,1,12,1,1,5,0,37.0,0,1
32,10,2,0,1,12,0,1,5,1,39.0,0,1
9,3,0,0,1,12,0,1,0,1,26.0,0,1
9,3,0,0,1,12,0,0,0,1,26.0,0,1
9,3,0,0,1,12,1,0,4,0,23.0,0,1
9,3,0,0,1,12,1,0,5,0,36.0,0,1
33,10,2,0,1,12,0,1,0,3,36.0,0,1
9,3,0,0,1,12,1,0,2,1,29.0,0,1
9,3,0,0,1,12,0,0,0,1,29.0,0,1
31,7,1,0,1,12,1,1,2,1,33.0,0,1
32,10,2,0,1,12,0,1,0,3,29.0,0,1
8,3,0,0,1,12,0,1,5,1,50.0,0,1
32,10,2,0,1,12,0,0,5,3,60.0,0,1
8,3,0,0,1,12,0,1,5,1,25.0,0,1
32,10,2,0,1,12,0,0,5,3,26.0,0,1
10,3,0,0,1,12,1,1,2,1,33.0,0,1
9,3,0,0,1,12,1,1,2,3,64.0,0,1
32,10,2,0,1,0,2,0,5,0,48.0,0,1
32,10,2,0,1,12,2,0,5,1,47.0,0,1
9,3,0,0,1,12,1,1,5,0,44.0,0,1
32,10,2,0,1,12,0,1,5,3,41.0,0,1
33,10,2,0,1,12,2,1,5,0,48.0,0,1
16,19,1,0,1,12,0,1,4,0,33.0,0,1
16,19,1,0,1,12,2,0,5,3,32.0,0,1
32,10,2,0,1,12,0,1,5,0,34.0,0,1
32,10,2,0,1,12,0,0,5,0,29.0,0,1
33,10,2,0,1,12,0,1,5,0,33.0,0,1
9,3,0,0,1,12,1,1,5,1,33.0,0,1
32,10,2,0,1,12,0,1,5,3,26.0,0,1
9,3,0,0,1,12,1,0,5,0,24.0,0,1
9,3,0,0,1,12,0,1,5,1,50.0,0,1
9,3,0,0,1,12,1,0,5,0,26.0,0,1
9,3,0,0,1,12,0,1,5,0,29.0,0,1
32,10,2,0,1,12,0,1,2,1,46.0,0,1
9,3,0,0,1,12,0,0,0,3,35.0,0,1
32,10,2,0,1,12,0,1,5,0,35.0,0,1
9,3,0,0,1,12,0,1,5,0,28.0,0,1
32,10,2,0,1,5,0,1,5,0,29.0,0,1
9,3,0,0,1,12,1,0,5,3,59.0,0,1
32,10,2,0,1,12,0,1,2,1,45.0,0,1
9,3,0,0,1,5,0,1,2,3,49.0,0,1
16,19,1,0,1,12,1,1,5,0,42.0,0,1
33,10,2,0,1,12,1,1,5,0,28.0,0,1
16,19,1,0,1,12,1,1,5,0,34.0,0,1
16,19,1,0,1,12,1,0,5,0,43.0,0,1
16,19,1,0,1,12,1,1,5,0,33.0,0,1
9,3,0,0,1,12,0,1,5,0,23.0,0,1
9,3,0,0,1,12,1,1,5,1,56.0,0,1
32,10,2,0,1,12,2,1,5,0,56.0,0,1
7,25,1,1,1,12,0,1,5,0,45.0,0,1
9,3,0,0,1,12,0,1,5,0,24.0,0,1
9,3,0,0,1,12,0,1,0,1,24.0,0,1
9,3,0,0,1,12,1,1,5,0,21.0,0,1
9,3,0,0,1,12,0,1,5,0,18.0,0,1
9,3,0,0,1,12,0,0,0,3,26.0,0,1
9,3,0,0,1,12,0,1,1,3,51.0,0,1
9,3,0,0,1,12,1,0,5,0,50.0,0,1
31,7,1,0,1,5,1,1,5,1,53.0,0,1
9,3,0,0,1,12,0,1,5,3,46.0,0,1
32,10,2,0,1,12,0,1,5,1,32.0,0,1
32,10,2,0,1,12,0,1,0,0,42.0,1,1
18,19,1,1,1,12,0,1,5,0,31.0,0,1
32,10,2,0,1,12,0,1,2,3,36.0,0,1
9,3,0,0,1,12,1,1,5,1,30.0,0,1
9,3,0,0,1,12,1,1,5,0,31.0,0,1
9,3,0,0,1,12,1,1,5,0,46.0,0,1
9,3,0,0,1,12,1,1,5,0,25.0,0,1
9,3,0,0,1,12,0,0,5,3,35.0,0,1
9,3,0,0,1,12,0,1,2,3,22.0,0,1
8,3,0,0,1,12,0,1,2,3,52.0,0,1
8,3,0,0,1,12,1,1,2,1,21.0,0,1
8,3,0,0,1,12,0,0,2,1,29.0,0,1
8,3,0,0,1,5,0,0,5,0,34.0,0,1
8,3,0,0,1,12,0,1,4,1,23.0,0,1
31,7,1,0,1,12,1,0,5,1,32.0,0,1
9,3,0,0,1,12,1,1,5,3,53.0,0,1
2,18,0,0,1,12,0,1,0,1,30.0,0,1
31,7,1,0,1,12,0,1,5,0,37.0,0,1
9,3,0,0,1,12,0,0,4,3,44.0,0,1
8,3,0,0,1,1,2,1,4,0,47.0,0,1
9,3,0,0,1,12,0,0,5,0,29.0,0,1
9,3,0,0,1,12,1,1,5,0,27.0,0,1
40,30,2,0,1,3,0,1,5,0,27.0,0,1
18,19,1,1,1,12,0,1,5,0,46.0,0,1
30,28,1,0,1,12,0,1,5,0,59.0,0,1
9,3,0,0,1,12,1,1,5,0,32.0,0,1
8,3,0,0,1,12,0,1,5,0,34.0,0,1
9,3,0,0,1,12,1,1,4,3,39.0,0,1
9,3,0,0,1,12,1,0,4,1,31.0,0,1
9,3,0,0,1,12,1,0,5,0,38.5,1,1
9,3,0,0,1,12,1,1,5,3,37.0,0,1
9,3,0,0,1,12,1,1,5,0,29.0,0,1
13,5,1,1,1,12,0,1,0,3,36.0,0,1
9,3,0,0,1,12,0,0,2,3,19.0,0,1
9,3,0,0,1,12,1,1,5,0,30.0,0,1
9,3,0,0,1,12,1,1,5,1,30.0,0,1
9,3,0,0,1,12,1,1,5,1,39.0,0,1
9,3,0,0,1,12,1,0,5,1,29.0,0,1
8,3,0,0,1,12,1,1,4,0,31.0,0,1
9,3,0,0,1,12,0,1,5,0,31.0,0,1
9,3,0,0,1,12,1,1,2,3,27.0,0,1
9,3,0,0,1,12,1,0,5,0,40.0,0,1
9,3,0,0,1,12,0,1,2,1,31.0,0,1
9,3,0,0,1,12,1,1,2,1,38.5,1,1
16,19,1,0,1,12,1,1,5,3,41.0,0,1
32,10,2,0,1,5,0,1,5,0,36.0,0,1
9,3,0,0,1,12,1,1,5,1,55.0,0,1
32,10,2,0,1,12,0,1,5,0,40.0,0,1
9,3,0,0,1,12,1,1,5,0,39.0,0,1
31,7,1,0,1,12,1,1,5,0,31.0,0,1
13,5,1,1,1,12,0,1,5,0,28.0,0,1
23,14,1,1,1,12,1,1,4,0,31.0,0,1
17,19,1,1,1,12,0,0,5,0,42.0,0,1
8,3,0,0,1,12,0,1,0,1,54.0,0,1
9,3,0,0,1,12,1,1,5,0,41.0,0,1
33,10,2,0,1,12,0,1,5,1,41.0,0,1
13,5,1,1,1,12,0,0,5,3,37.0,0,1
32,10,2,0,1,12,0,0,5,0,25.0,0,1
8,3,0,0,1,5,0,1,5,3,51.0,0,1
9,3,0,0,1,12,1,0,0,3,46.0,0,1
9,3,0,0,1,12,1,1,5,0,53.0,0,1
9,3,0,0,1,12,1,1,0,1,38.0,0,1
8,3,0,0,1,12,1,0,4,3,32.0,0,1
8,3,0,0,1,12,0,1,5,3,31.0,0,1
9,3,0,0,1,12,1,0,0,3,44.0,0,1
9,3,0,0,1,12,1,1,5,3,22.0,0,1
9,3,0,0,1,12,1,1,5,0,39.0,0,1
9,3,0,0,1,12,0,0,5,1,44.0,0,1
8,3,0,0,1,5,0,1,5,3,70.0,0,1
8,3,0,0,1,12,1,1,2,3,29.0,0,1
23,14,1,1,1,12,1,1,5,3,42.0,0,1
32,10,2,0,1,12,0,0,5,0,24.0,0,1
13,5,1,1,1,12,0,1,5,3,42.0,0,1
21,21,1,1,1,12,0,1,5,1,17.0,0,1
32,10,2,0,1,12,0,1,5,0,38.0,0,1
9,3,0,0,1,12,0,0,5,1,49.0,0,1
32,10,2,0,1,12,0,1,5,0,25.0,0,1
31,7,1,0,1,12,1,1,5,0,20.0,0,1
9,3,0,0,1,12,2,0,5,1,14.0,0,1
9,3,0,0,1,12,1,1,5,0,12.0,0,1
9,3,0,0,1,12,2,1,5,1,14.0,0,1
9,3,0,0,1,12,0,1,5,0,37.0,0,1
40,30,2,0,1,8,1,1,5,0,20.0,0,1
40,30,2,0,1,3,1,1,5,0,21.5,1,1
32,10,2,0,1,12,2,1,5,0,16.0,0,1
9,3,0,0,1,12,0,1,5,0,38.0,0,1
9,3,0,0,1,12,0,1,5,0,58.0,0,1
9,3,0,0,1,12,0,1,5,0,23.0,0,1
40,30,2,0,1,1,0,1,5,0,28.0,0,1
9,3,0,0,1,12,0,1,5,0,33.0,0,1
9,3,0,0,1,12,0,1,5,0,19.0,0,1
34,27,0,0,1,5,0,1,5,0,35.0,0,1
8,3,0,0,1,12,0,1,5,1,41.0,0,1
45,13,0,0,0,12,0,0,5,0,33.0,0,1
9,3,0,0,1,12,0,1,5,0,38.0,0,1
9,3,0,0,1,12,0,1,5,0,57.0,0,1
8,3,0,0,1,12,2,1,5,2,39.0,0,1
32,10,2,0,1,12,2,0,5,0,37.0,1,1
13,5,1,1,1,12,2,1,5,1,31.0,0,1
8,3,0,0,1,5,0,0,2,1,25.5,1,1
31,7,1,0,1,12,0,1,5,0,13.0,0,1
16,19,1,0,1,12,0,1,5,1,31.0,0,1
32,10,2,0,1,12,0,1,5,0,33.0,0,1
16,19,1,0,1,12,0,0,5,1,22.0,0,1
9,3,0,0,1,12,0,0,5,1,21.0,0,1
32,10,2,0,1,12,0,1,5,1,33.0,0,1
8,3,0,0,1,5,0,0,2,1,21.0,0,1
32,10,2,0,1,12,0,1,2,1,45.0,0,1
32,10,2,0,1,12,0,0,5,1,23.0,0,1
32,10,2,0,1,12,2,1,5,0,38.0,0,1
9,3,0,0,1,12,0,1,2,1,24.0,0,1
32,10,2,0,1,12,0,1,5,0,30.0,0,1
49,0,2,0,0,12,0,1,5,0,48.0,0,1
32,10,2,0,1,12,2,1,5,0,46.0,0,1
9,3,0,0,1,12,0,0,5,0,37.0,0,1
16,19,1,0,1,12,0,1,2,1,55.0,0,1
9,3,0,0,1,12,0,1,5,1,39.0,0,1
32,10,2,0,1,12,2,1,5,0,37.0,0,1
49,0,2,0,0,12,0,1,5,0,41.5,1,1
31,7,1,0,1,12,0,1,5,1,25.0,0,1
8,3,0,0,1,3,0,0,5,0,30.5,1,1
32,10,2,0,1,12,2,1,5,0,65.0,0,1
16,19,1,0,1,12,2,0,5,0,20.0,0,1
8,3,0,0,1,12,0,1,5,0,24.0,0,1
32,10,2,0,1,12,2,1,5,0,43.0,0,1
8,3,0,0,1,12,0,1,2,1,60.0,0,1
9,3,0,0,1,12,0,1,5,0,27.0,0,1
32,10,2,0,1,12,2,0,2,1,34.0,0,1
8,3,0,0,1,12,0,0,5,0,18.0,0,1
32,10,2,0,1,12,0,1,2,1,43.0,0,1
32,10,2,0,1,12,0,1,5,1,41.0,0,1
32,10,2,0,1,12,0,0,5,1,36.0,0,1
20,19,1,1,1,12,0,1,5,0,40.0,0,1
13,5,1,1,1,12,0,1,5,0,38.0,0,1
9,3,0,0,1,12,0,1,5,0,29.0,0,1
32,10,2,0,1,12,2,0,5,0,18.0,0,1
9,3,0,0,1,12,0,1,2,1,23.0,0,1
9,3,0,0,1,12,2,0,5,0,29.0,0,1
16,19,1,0,1,12,0,0,5,0,44.5,1,1
16,19,1,0,1,12,0,1,5,0,27.5,1,1
16,19,1,0,1,12,0,0,5,1,53.0,0,1
16,19,1,0,1,12,0,1,5,0,45.0,0,1
16,19,1,0,1,12,1,1,5,1,33.0,0,1
16,19,1,0,1,12,1,0,5,0,45.0,0,1
16,19,1,0,1,12,0,0,5,1,45.0,0,1
8,3,0,0,1,12,0,1,5,0,19.0,0,1
9,3,0,0,1,12,0,0,5,1,38.0,0,1
13,5,1,1,1,12,0,0,2,1,25.5,1,1
13,5,1,1,1,12,0,1,5,0,36.0,0,1
22,6,1,0,1,12,0,1,5,1,41.0,0,1
9,3,0,0,1,12,0,1,5,0,16.0,0,1
9,3,0,0,1,12,0,0,5,2,33.0,0,1
40,30,2,0,1,3,0,1,5,0,27.0,0,1
16,19,1,0,1,12,0,1,5,0,52.0,0,1
32,10,2,0,1,12,0,1,5,0,32.0,0,1
32,10,2,0,1,12,2,1,5,1,37.0,0,1
40,30,2,0,1,3,0,1,5,0,17.0,0,1
9,3,0,0,1,12,2,0,2,1,32.0,0,1
32,10,2,0,1,12,0,0,5,1,29.0,0,1
13,5,1,1,1,12,2,1,5,2,18.0,1,1
9,3,0,0,1,12,2,1,5,2,43.0,0,1
8,3,0,0,1,12,2,1,4,0,49.0,0,1
8,3,0,0,1,12,1,1,5,0,25.0,0,1
9,3,0,0,1,12,0,1,0,2,25.0,0,1
20,19,1,1,1,12,0,1,0,1,25.0,0,1
9,3,0,0,1,12,0,0,0,1,40.0,0,1
40,30,2,0,1,12,2,1,0,1,30.0,0,1
31,7,1,0,1,12,0,1,0,1,45.0,0,1
8,3,0,0,1,12,1,1,0,2,43.0,0,1
32,10,2,0,1,12,1,0,5,0,18.0,0,1
9,3,0,0,1,12,0,0,5,0,20.0,0,1
9,3,0,0,1,12,0,0,5,0,21.0,0,1
9,3,0,0,1,12,2,1,5,0,16.0,0,1
9,3,0,0,1,12,1,0,5,0,31.0,0,1
9,3,0,0,1,0,2,1,5,0,37.0,0,1
9,3,0,0,1,12,2,1,5,0,16.0,0,1
17,19,1,1,1,12,1,1,5,0,26.0,0,1
9,3,0,0,1,12,1,0,5,1,50.0,1,1
16,19,1,0,1,12,2,0,5,1,44.0,0,1
32,10,2,0,1,12,2,1,5,1,47.0,0,1
32,10,2,0,1,12,2,1,5,0,39.0,0,1
9,3,0,0,1,12,1,1,5,1,45.0,0,1
13,5,1,1,1,12,2,1,5,0,33.0,0,1
8,3,0,0,1,12,2,1,5,1,35.0,0,1
8,3,0,0,1,12,2,0,5,3,26.0,0,1
13,5,1,1,1,12,2,0,2,1,58.0,0,1
32,10,2,0,1,12,2,1,5,0,18.0,0,1
32,10,2,0,1,12,2,1,5,0,34.0,0,1
32,10,2,0,1,12,2,1,5,1,61.0,0,1
8,3,0,0,1,3,1,0,5,0,33.5,1,1
21,21,1,1,1,12,1,1,5,0,48.0,0,1
32,10,2,0,1,12,2,0,5,0,34.0,0,1
8,3,0,0,1,3,1,1,5,0,28.0,0,1
9,3,0,0,1,12,2,1,2,1,30.0,0,1
9,3,0,0,1,12,2,1,5,0,33.0,0,1
10,3,0,0,1,12,1,1,5,0,15.0,0,1
8,3,0,0,1,12,1,1,5,0,44.0,0,1
31,7,1,0,1,12,0,1,5,0,32.0,0,1
32,10,2,0,1,12,2,0,5,0,40.0,0,1
16,19,1,0,1,12,1,1,5,1,33.0,0,1
8,3,0,0,1,5,2,0,0,1,31.0,0,1
16,19,1,0,1,12,0,1,0,1,30.0,0,1
33,10,2,0,1,12,0,1,5,1,45.0,0,1
16,19,1,0,1,12,1,1,0,1,41.0,0,1
32,10,2,0,1,12,0,1,5,1,35.0,0,1
16,19,1,0,1,5,0,1,5,1,39.0,0,1
8,3,0,0,1,5,0,1,0,1,40.0,0,1
32,10,2,0,1,12,0,1,5,1,32.0,0,1
9,3,0,0,1,12,0,1,5,1,39.0,0,1
9,3,0,0,1,12,2,0,0,1,19.0,0,1
16,19,1,0,1,12,1,0,0,1,31.0,0,1
8,3,0,0,1,5,2,1,0,1,24.0,0,1
8,3,0,0,1,0,0,1,0,1,21.0,0,1
9,3,0,0,1,12,1,1,0,1,67.0,0,1
16,19,1,0,1,12,0,1,5,1,36.0,0,1
10,3,0,0,1,12,0,1,5,1,36.0,0,1
16,19,1,0,1,12,0,0,0,1,48.0,0,1
16,19,1,0,1,12,1,1,5,1,46.0,0,1
16,19,1,0,1,12,2,1,0,1,42.0,1,1
8,3,0,0,1,12,0,1,0,1,36.0,0,1
32,10,2,0,1,12,0,1,0,1,28.0,0,1
9,3,0,0,1,12,0,0,0,1,36.0,0,1
9,3,0,0,1,12,0,0,0,1,21.0,0,1
9,3,0,0,1,12,1,0,0,1,20.0,0,1
16,19,1,0,1,12,1,0,5,1,23.0,0,1
9,3,0,0,1,12,0,1,0,1,34.0,0,1
31,7,1,0,1,12,0,1,0,1,35.0,0,1
32,10,2,0,1,12,2,1,0,1,35.0,0,1
16,19,1,0,1,12,0,1,0,1,24.0,0,1
32,10,2,0,1,12,0,0,0,1,29.0,0,1
9,3,0,0,1,12,1,1,0,1,27.0,0,1
16,19,1,0,1,12,0,1,0,1,58.0,0,1
16,19,1,0,1,12,0,1,5,0,48.0,0,1
16,19,1,0,1,12,0,1,0,1,36.0,0,1
16,19,1,0,1,12,1,1,5,0,39.0,0,1
8,3,0,0,1,12,0,0,0,1,38.0,0,1
16,19,1,0,1,12,2,1,0,1,44.0,0,1
30,28,1,0,1,12,2,0,5,1,40.5,1,1
16,19,1,0,1,12,0,1,0,1,41.0,0,1
16,19,1,0,1,12,1,1,0,1,56.0,0,1
16,19,1,0,1,1,0,1,2,1,21.0,0,1
16,19,1,0,1,12,0,1,5,0,35.0,0,1
16,19,1,0,1,12,0,0,0,0,22.0,0,1
16,19,1,0,1,12,0,1,0,1,28.0,0,1
9,3,0,0,1,12,0,1,0,1,31.0,0,1
9,3,0,0,1,12,0,0,4,0,36.0,0,1
32,10,2,0,1,12,2,1,5,1,25.0,0,1
32,10,2,0,1,12,0,1,5,1,30.0,0,1
33,10,2,0,1,12,0,0,5,1,27.0,0,1
9,3,0,0,1,12,2,0,0,1,26.0,0,1
9,3,0,0,1,12,0,0,0,1,17.0,0,1
16,19,1,0,1,12,2,1,0,1,46.0,0,1
9,3,0,0,1,12,0,1,0,1,18.0,0,1
16,19,1,0,1,12,2,1,0,1,33.0,0,1
9,3,0,0,1,12,1,1,4,1,19.0,0,1
9,3,0,0,1,12,2,0,5,1,18.0,0,1
16,19,1,0,1,12,0,1,0,1,37.0,0,1
13,5,1,1,1,12,0,0,5,1,37.0,0,1
8,3,0,0,1,12,0,1,5,1,60.0,1,1
9,3,0,0,1,12,0,0,0,1,60.0,0,1
32,10,2,0,1,12,2,1,0,1,31.0,0,1
32,10,2,0,1,5,0,1,0,1,23.0,0,1
8,3,0,0,1,12,0,1,0,1,43.0,0,1
31,7,1,0,1,12,1,0,0,1,30.0,0,1
8,3,0,0,1,12,2,1,0,1,18.0,0,1
8,3,0,0,1,12,0,1,2,1,22.0,0,1
16,19,1,0,1,12,0,0,0,1,16.0,0,1
16,19,1,0,1,12,0,1,0,1,39.0,0,1
16,19,1,0,1,12,0,0,4,0,37.0,0,1
9,3,0,0,1,12,0,1,0,1,36.0,0,1
9,3,0,0,1,12,2,0,5,0,34.0,0,1
16,19,1,0,1,12,1,1,2,1,25.0,0,1
16,19,1,0,1,12,2,1,0,1,44.0,0,1
8,3,0,0,1,12,0,0,0,1,23.0,0,1
9,3,0,0,1,12,0,1,0,1,43.0,0,1
13,5,1,1,1,12,0,1,0,1,16.0,0,1
32,10,2,0,1,12,0,1,2,1,38.0,0,1
9,3,0,0,1,0,0,1,0,1,52.5,1,1
16,19,1,0,1,12,0,0,0,1,23.0,0,1
32,10,2,0,1,12,0,0,0,1,32.0,0,1
30,28,1,0,1,12,0,1,5,1,42.0,0,1
20,19,1,1,1,12,0,1,5,0,23.0,0,1
9,3,0,0,1,12,0,1,0,1,28.0,0,1
16,19,1,0,1,12,1,0,5,1,31.5,1,1
8,3,0,0,1,12,0,0,0,1,26.0,0,1
9,3,0,0,1,0,0,1,5,0,31.0,0,1
40,30,2,0,1,8,0,1,5,0,42.0,0,1
30,28,1,0,1,12,0,1,5,0,21.0,0,1
17,19,1,1,1,12,2,1,5,1,13.0,0,1
9,3,0,0,1,12,0,1,4,3,25.0,0,1
9,3,0,0,1,12,2,0,5,0,13.0,0,1
9,3,0,0,1,12,0,1,5,0,41.0,0,1
9,3,0,0,1,12,0,1,5,2,31.0,0,1
9,3,0,0,1,12,0,0,5,1,59.0,0,1
32,10,2,0,1,12,2,1,4,3,15.0,0,1
16,19,1,0,1,12,1,0,5,0,49.0,0,1
40,30,2,0,1,3,0,1,5,0,15.0,0,1
32,10,2,0,1,12,2,1,5,0,12.0,0,1
9,3,0,0,1,12,0,0,2,1,48.0,0,1
32,10,2,0,1,12,2,0,5,0,13.0,0,1
32,10,2,0,1,12,2,1,5,0,14.0,0,1
9,3,0,0,1,12,2,0,5,0,14.0,0,1
16,19,1,0,1,12,1,0,5,0,30.0,0,1
13,5,1,1,1,0,0,0,5,1,33.0,0,1
9,3,0,0,1,12,0,1,2,1,33.0,0,1
9,3,0,0,1,12,2,0,5,1,16.0,0,1
32,10,2,0,1,12,0,1,5,0,18.0,1,1
9,3,0,0,1,12,0,1,5,3,32.0,0,1
9,3,0,0,1,12,1,1,5,0,44.0,0,1
9,3,0,0,1,12,0,1,5,0,34.0,0,1
9,3,0,0,1,0,0,0,5,0,30.0,0,1
9,3,0,0,1,0,1,0,5,0,42.0,0,1
9,3,0,0,1,12,2,1,5,0,14.0,0,1
31,7,1,0,1,0,1,1,5,0,32.0,0,1
31,7,1,0,1,0,0,1,5,0,25.0,0,1
16,19,1,0,1,12,1,0,5,2,35.0,0,1
16,19,1,0,1,12,0,0,5,0,27.0,0,1
16,19,1,0,1,12,1,0,5,1,48.0,0,1
9,3,0,0,1,12,2,1,4,3,13.0,0,1
9,3,0,0,1,12,0,0,5,1,37.0,0,1
9,3,0,0,1,0,2,0,4,3,14.0,0,1
49,0,2,0,0,12,0,1,5,0,34.0,0,1
32,10,2,0,1,12,2,1,5,0,17.0,0,1
16,19,1,0,1,12,1,1,5,0,26.0,0,1
18,19,1,1,1,12,0,1,5,1,30.0,0,1
9,3,0,0,1,12,0,1,5,0,22.0,0,1
16,19,1,0,1,12,1,1,5,1,61.0,0,1
16,19,1,0,1,12,1,0,5,0,28.0,0,1
16,19,1,0,1,12,0,1,5,0,33.0,0,1
9,3,0,0,1,0,0,1,5,0,31.0,0,1
13,5,1,1,1,0,0,1,0,1,41.0,0,1
9,3,0,0,1,12,0,0,5,1,64.0,0,1
8,3,0,0,1,3,0,1,5,0,15.0,0,1
17,19,1,1,1,12,0,1,5,0,41.0,0,1
9,3,0,0,1,12,2,1,4,3,14.0,0,1
9,3,0,0,1,12,0,0,5,0,25.0,0,1
16,19,1,0,1,12,1,0,5,0,49.0,0,1
9,3,0,0,1,12,1,0,5,0,67.0,0,1
40,30,2,0,1,12,0,1,5,0,17.0,0,1
9,3,0,0,1,12,0,1,5,1,21.0,0,1
9,3,0,0,1,12,2,1,5,1,15.0,0,1
9,3,0,0,1,12,0,1,5,1,48.0,0,1
8,3,0,0,1,12,0,1,5,0,26.0,0,1
44,9,2,0,0,12,0,0,5,0,57.0,0,1
9,3,0,0,1,0,0,0,5,0,31.0,0,1
8,3,0,0,1,12,0,1,5,0,42.0,0,1
30,28,1,0,1,6,0,1,4,3,16.0,0,1
16,19,1,0,1,12,1,1,5,0,29.0,0,1
16,19,1,0,1,12,0,1,2,1,40.0,0,1
40,30,2,0,1,12,0,1,5,0,15.333333333333334,1,1
16,19,1,0,1,12,1,1,5,0,53.0,0,1
16,19,1,0,1,12,1,1,5,0,30.0,0,1
9,3,0,0,1,12,0,1,5,0,38.0,0,1
16,19,1,0,1,12,1,1,2,1,40.0,0,1
33,10,2,0,1,12,1,1,5,1,45.0,0,1
16,19,1,0,1,12,0,1,5,0,37.0,0,1
13,5,1,1,1,12,0,1,5,0,39.0,0,1
8,3,0,0,1,12,0,1,5,0,22.0,0,1
16,19,1,0,1,12,1,1,5,0,24.0,0,1
16,19,1,0,1,12,1,1,5,0,55.0,0,1
9,3,0,0,1,12,0,0,2,1,25.0,0,1
8,3,0,0,1,0,0,1,5,0,41.0,0,1
9,3,0,0,1,3,0,1,5,0,31.0,0,1
21,21,1,1,1,12,0,0,5,0,21.0,0,1
16,19,1,0,1,12,0,1,5,0,30.0,0,1
9,3,0,0,1,0,0,0,5,0,50.0,0,1
17,19,1,1,1,12,2,1,5,0,17.0,0,1
9,3,0,0,1,12,0,1,5,1,33.0,0,1
31,7,1,0,1,0,0,1,5,0,29.0,0,1
9,3,0,0,1,12,0,1,5,0,42.0,0,1
31,7,1,0,1,0,1,1,5,0,30.0,0,1
9,3,0,0,1,0,2,0,5,1,12.0,0,1
9,3,0,0,1,12,0,1,5,0,24.0,0,1
8,3,0,0,1,3,0,1,5,0,18.0,0,1
9,3,0,0,1,0,0,1,5,0,33.0,0,1
9,3,0,0,1,12,1,1,5,0,35.0,0,1
16,19,1,0,1,12,0,1,5,1,45.0,0,1
16,19,1,0,1,12,1,0,5,2,49.0,0,1
16,19,1,0,1,12,1,0,5,1,56.0,0,1
32,10,2,0,1,12,0,1,5,0,38.0,0,1
21,21,1,1,1,0,2,0,5,0,14.0,0,1
9,3,0,0,1,12,0,0,5,0,21.0,0,1
9,3,0,0,1,0,0,0,5,0,22.0,0,1
9,3,0,0,1,12,0,0,5,0,47.0,0,1
16,19,1,0,1,12,1,1,5,0,50.0,0,1
9,3,0,0,1,12,0,1,5,1,38.0,0,1
9,3,0,0,1,12,1,1,5,2,56.0,0,1
9,3,0,0,1,12,2,1,5,0,14.0,0,1
9,3,0,0,1,12,0,1,5,0,35.0,0,1
9,3,0,0,1,12,0,1,5,1,33.0,0,1
9,3,0,0,1,12,0,1,5,0,20.0,0,1
9,3,0,0,1,12,2,1,5,1,15.0,0,1
13,5,1,1,1,0,0,1,5,1,64.0,0,1
16,19,1,0,1,12,1,1,2,1,30.5,1,1
9,3,0,0,1,12,0,1,5,0,24.0,0,1
9,3,0,0,1,12,0,0,5,0,26.5,1,1
16,19,1,0,1,12,1,1,2,1,40.0,0,1
9,3,0,0,1,12,2,0,4,3,12.0,0,1
16,19,1,0,1,12,1,0,5,0,33.0,0,1
32,10,2,0,1,12,0,1,5,0,32.0,0,1
9,3,0,0,1,0,2,0,5,3,17.0,0,1
40,30,2,0,1,12,0,1,5,0,27.0,0,1
9,3,0,0,1,12,2,0,5,2,16.0,0,1
31,7,1,0,1,12,0,1,0,1,17.0,0,1
13,5,1,1,1,12,2,1,5,2,30.0,0,1
32,10,2,0,1,12,2,0,4,1,59.5,1,1
9,3,0,0,1,12,2,1,5,0,22.0,0,1
30,28,1,0,1,12,2,1,5,1,39.0,0,1
9,3,0,0,1,12,2,1,5,1,54.0,0,1
9,3,0,0,1,12,2,0,0,1,38.0,0,1
13,5,1,1,1,12,2,1,5,1,26.0,0,1
22,6,1,0,1,12,2,0,0,1,24.0,0,1
32,10,2,0,1,12,1,1,0,1,14.0,0,1
2,18,0,0,1,12,0,1,0,1,45.0,0,1
32,10,2,0,1,12,1,1,0,1,16.0,0,1
33,10,2,0,1,12,2,0,0,1,44.0,0,1
32,10,2,0,1,12,1,0,0,1,12.0,0,1
8,3,0,0,1,12,0,1,0,1,40.0,0,1
9,3,0,0,1,12,0,0,5,0,26.0,0,1
9,3,0,0,1,12,2,1,5,1,26.0,0,1
8,3,0,0,1,0,0,1,0,1,38.0,0,1
40,30,2,0,1,1,2,1,5,1,24.0,0,1
9,3,0,0,1,12,0,0,0,1,38.0,0,1
24,14,1,1,1,12,0,1,5,1,13.0,0,1
9,3,0,0,1,12,0,1,5,1,41.0,0,1
32,10,2,0,1,12,2,1,5,0,47.0,0,1
9,3,0,0,1,12,0,1,0,1,39.0,0,1
9,3,0,0,1,12,2,0,0,1,29.0,0,1
9,3,0,0,1,12,2,0,5,1,42.0,0,1
32,10,2,0,1,12,0,1,5,1,31.0,0,1
30,28,1,0,1,12,2,1,5,0,35.0,0,1
9,3,0,0,1,12,0,0,5,1,31.0,0,1
32,10,2,0,1,12,2,1,5,0,33.0,0,1
21,21,1,1,1,12,0,1,0,1,42.0,0,1
9,3,0,0,1,12,1,0,0,1,15.0,0,1
9,3,0,0,1,12,0,1,0,1,37.0,0,1
31,7,1,0,1,12,1,0,5,1,40.0,0,1
9,3,0,0,1,12,2,0,5,1,14.0,0,1
8,3,0,0,1,12,2,1,5,1,32.0,0,1
32,10,2,0,1,12,0,1,5,2,18.0,0,1
9,3,0,0,1,12,0,1,0,1,36.0,0,1
8,3,0,0,1,12,2,1,5,1,29.0,0,1
9,3,0,0,1,12,0,0,5,1,30.0,0,1
9,3,0,0,1,12,0,1,0,1,43.0,1,1
8,3,0,0,1,12,0,1,0,1,42.0,0,1
24,14,1,1,1,12,2,1,5,1,21.0,0,1
49,0,2,0,0,12,0,1,0,1,29.0,1,1
9,3,0,0,1,12,0,0,0,1,22.0,0,1
9,3,0,0,1,12,0,1,0,1,29.0,0,1
8,3,0,0,1,12,0,1,0,1,28.0,0,1
9,3,0,0,1,12,2,0,5,1,67.0,0,1
8,3,0,0,1,12,0,1,0,1,25.0,0,1
9,3,0,0,1,12,0,0,5,1,23.0,0,1
10,3,0,0,1,12,1,1,0,0,16.0,0,1
31,7,1,0,1,12,0,1,5,1,26.0,0,1
31,7,1,0,1,12,0,0,5,1,52.0,0,1
20,19,1,1,1,12,2,1,5,1,52.0,0,1
13,5,1,1,1,12,0,1,5,1,39.0,1,1
9,3,0,0,1,12,0,1,5,1,29.0,0,1
9,3,0,0,1,12,0,0,2,3,34.0,0,1
1,16,0,0,1,12,0,1,5,0,43.0,0,1
9,3,0,0,1,12,2,1,0,1,54.0,0,1
32,10,2,0,1,12,2,1,5,0,29.0,0,1
31,7,1,0,1,12,2,1,5,1,30.0,0,1
16,19,1,0,1,12,2,0,5,0,35.0,0,1
30,28,1,0,1,12,2,1,5,1,38.0,0,1
8,3,0,0,1,3,2,1,5,0,24.0,0,1
32,10,2,0,1,12,2,1,0,1,36.0,0,1
8,3,0,0,1,12,2,1,5,1,49.0,0,1
8,3,0,0,1,3,2,1,5,0,19.0,0,1
32,10,2,0,1,12,2,0,5,1,56.0,0,1
9,3,0,0,1,12,2,1,5,1,21.0,0,1
9,3,0,0,1,12,2,1,5,0,40.0,0,1
32,10,2,0,1,12,2,1,5,0,30.0,1,1
32,10,2,0,1,12,2,0,5,1,34.0,0,1
8,3,0,0,1,12,0,1,0,1,20.0,0,1
31,7,1,0,1,12,2,1,5,2,35.0,0,1
8,3,0,0,1,12,0,1,5,0,29.0,0,1
40,30,2,0,1,3,0,1,5,0,28.0,0,1
9,3,0,0,1,12,1,1,5,1,23.0,1,1
2,18,0,0,1,12,0,1,5,1,35.0,0,1
9,3,0,0,1,12,0,1,5,1,42.0,0,1
8,3,0,0,1,12,0,1,5,0,27.0,0,1
9,3,0,0,1,12,0,0,5,0,60.0,0,1
31,7,1,0,1,12,0,0,5,0,50.0,0,1
9,3,0,0,1,12,0,0,5,0,26.0,0,1
10,3,0,0,1,12,0,1,5,0,27.0,0,1
9,3,0,0,1,12,2,1,5,0,35.0,0,1
8,3,0,0,1,5,0,1,5,0,27.0,0,1
9,3,0,0,1,12,2,1,5,0,60.0,0,1
21,21,1,1,1,12,2,1,5,0,29.0,0,1
9,3,0,0,1,12,2,1,5,0,20.0,0,1
18,19,1,1,1,12,2,1,5,0,30.0,0,1
9,3,0,0,1,12,1,1,5,1,13.0,0,1
9,3,0,0,1,12,2,1,5,1,37.0,0,1
9,3,0,0,1,12,2,1,5,0,48.0,0,1
25,14,1,1,1,12,0,1,2,1,47.0,0,1
31,7,1,0,1,12,1,1,5,1,15.0,1,1
18,19,1,1,1,12,0,0,5,1,38.0,0,1
9,3,0,0,1,12,0,1,5,1,33.0,0,1
20,19,1,1,1,12,1,1,5,1,21.0,0,1
17,19,1,1,1,12,1,1,5,0,21.0,0,1
9,3,0,0,1,12,1,1,5,1,53.0,0,1
9,3,0,0,1,12,1,1,5,0,35.0,0,1
21,21,1,1,1,12,0,0,5,1,23.0,0,1
9,3,0,0,1,12,0,1,0,1,19.0,0,1
9,3,0,0,1,12,2,1,0,1,38.0,0,1
9,3,0,0,1,12,1,1,0,1,28.0,0,1
9,3,0,0,1,12,1,1,0,1,23.0,0,1
9,3,0,0,1,12,2,1,0,1,21.0,0,1
9,3,0,0,1,12,2,1,0,1,33.0,0,1
9,3,0,0,1,12,1,0,0,1,26.0,0,1
9,3,0,0,1,12,1,0,0,1,32.0,0,1
9,3,0,0,1,12,2,1,0,1,31.0,0,1
31,7,1,0,1,12,0,1,5,2,27.0,0,1
10,3,0,0,1,12,1,1,5,2,35.0,0,1
31,7,1,0,1,12,0,1,5,2,53.0,0,1
16,19,1,0,1,12,1,0,5,1,32.0,0,1
9,3,0,0,1,12,0,1,5,0,34.0,0,1
16,19,1,0,1,12,0,1,5,1,44.0,0,1
16,19,1,0,1,12,1,1,2,1,38.0,0,1
13,5,1,1,1,12,0,0,5,1,32.0,0,1
16,19,1,0,1,12,1,0,5,1,18.0,0,1
16,19,1,0,1,12,1,0,5,1,18.5,1,1
31,7,1,0,1,12,0,1,5,1,29.0,0,1
16,19,1,0,1,12,1,1,5,1,63.0,0,1
43,8,2,0,0,12,0,1,0,1,42.0,0,1
49,0,2,0,0,12,0,1,0,1,38.0,0,1
49,0,2,0,0,12,0,0,0,1,42.0,0,1
49,0,2,0,0,12,0,1,0,1,22.0,0,1
31,7,1,0,1,12,0,1,0,1,32.0,0,1
49,0,2,0,0,12,0,1,0,1,36.0,0,1
49,0,2,0,0,12,0,1,0,1,19.0,0,1
49,0,2,0,0,12,0,0,0,1,41.0,0,1
8,3,0,0,1,12,0,0,5,0,19.0,1,1
16,19,1,0,1,12,1,0,5,0,53.0,0,1
9,3,0,0,1,12,1,1,5,0,34.0,0,1
9,3,0,0,1,12,2,1,5,0,26.0,0,1
9,3,0,0,1,12,1,1,5,0,38.0,0,1
30,28,1,0,1,3,2,1,5,0,28.0,0,1
40,30,2,0,1,3,2,1,5,0,41.0,0,1
30,28,1,0,1,5,2,1,5,0,27.0,0,1
9,3,0,0,1,8,1,1,5,0,41.0,0,1
16,19,1,0,1,12,1,1,5,0,36.0,0,1
16,19,1,0,1,12,1,1,5,1,41.0,0,1
9,3,0,0,1,12,2,0,5,0,32.0,1,1
16,19,1,0,1,12,1,1,5,0,34.0,0,1
30,28,1,0,1,12,2,1,5,0,33.0,0,1
8,3,0,0,1,12,2,1,5,0,50.0,0,1
16,19,1,0,1,12,2,0,5,0,48.0,0,1
16,19,1,0,1,12,1,0,5,3,23.0,0,1
16,19,1,0,1,12,2,1,5,0,45.0,0,1
16,19,1,0,1,12,1,1,5,0,29.0,0,1
16,19,1,0,1,12,2,1,5,1,30.0,0,1
16,19,1,0,1,12,1,1,4,3,42.0,0,1
9,3,0,0,1,12,1,1,5,0,40.0,0,1
16,19,1,0,1,12,1,1,0,1,39.0,0,1
16,19,1,0,1,12,2,0,5,0,52.0,0,1
16,19,1,0,1,12,1,0,5,0,42.0,0,1
16,19,1,0,1,12,2,1,5,1,34.0,0,1
16,19,1,0,1,12,1,1,5,1,29.0,0,1
16,19,1,0,1,12,1,1,5,0,44.0,0,1
30,28,1,0,1,12,2,0,5,0,29.0,0,1
30,28,1,0,1,12,2,1,5,0,38.0,0,1
9,3,0,0,1,12,1,1,5,0,47.0,0,1
32,10,2,0,1,12,2,1,5,0,39.0,0,1
40,30,2,0,1,3,2,1,4,3,15.0,0,1
21,21,1,1,1,12,2,1,5,0,30.0,0,1
9,3,0,0,1,12,2,0,5,0,35.0,0,1
29,11,1,1,1,12,2,1,5,0,38.0,0,1
33,10,2,0,1,12,2,1,5,0,41.0,0,1
16,19,1,0,1,12,1,1,0,3,25.0,0,1
9,3,0,0,1,12,1,1,5,0,32.0,0,1
8,3,0,0,1,12,2,1,5,0,19.0,0,1
9,3,0,0,1,12,1,0,5,0,44.0,0,1
32,10,2,0,1,12,2,1,5,0,52.0,0,1
16,19,1,0,1,12,2,1,5,3,24.0,0,1
16,19,1,0,1,12,1,1,5,0,30.0,0,1
9,3,0,0,1,12,1,1,5,0,43.0,0,1
32,10,2,0,1,12,2,0,5,0,32.0,0,1
9,3,0,0,1,12,2,1,5,0,21.0,1,1
31,7,1,0,1,12,1,1,5,0,68.0,0,1
9,3,0,0,1,12,1,1,5,0,29.0,0,1
9,3,0,0,1,12,2,0,5,1,35.0,0,1
32,10,2,0,1,12,2,1,5,0,47.0,0,1
9,3,0,0,1,12,2,1,5,0,39.0,0,1
8,3,0,0,1,5,2,1,5,0,38.0,0,1
30,28,1,0,1,3,2,1,5,0,24.0,0,1
10,3,0,0,1,12,1,1,5,0,39.0,0,1
9,3,0,0,1,12,2,1,4,3,30.0,0,1
30,28,1,0,1,12,2,1,5,3,53.0,0,1
30,28,1,0,1,12,2,1,5,0,36.0,0,1
16,19,1,0,1,12,1,1,5,0,23.0,0,1
30,28,1,0,1,12,2,1,5,0,35.0,0,1
32,10,2,0,1,12,2,1,5,0,38.0,0,1
32,10,2,0,1,12,2,1,5,0,28.0,0,1
16,19,1,0,1,12,1,1,5,1,26.0,0,1
13,5,1,1,1,12,2,1,5,0,32.5,1,1
9,3,0,0,1,12,2,1,5,0,58.0,0,1
30,28,1,0,1,12,2,0,5,0,24.0,0,1
30,28,1,0,1,3,2,1,5,0,49.0,0,1
30,28,1,0,1,12,1,1,5,1,46.0,0,1
40,30,2,0,1,3,2,1,5,0,35.0,0,1
10,3,0,0,1,12,1,1,5,3,39.0,0,1
21,21,1,1,1,12,2,1,5,0,43.0,0,1
9,3,0,0,1,12,1,1,0,3,28.0,0,1
20,19,1,1,1,12,2,1,5,0,30.5,1,1
10,3,0,0,1,12,1,0,0,1,13.0,0,1
16,19,1,0,1,12,2,1,5,0,31.0,0,1
9,3,0,0,1,12,2,0,5,0,39.0,0,1
8,3,0,0,1,3,2,1,4,3,58.0,0,1
32,10,2,0,1,12,2,1,5,1,36.0,0,1
9,3,0,0,1,12,2,1,5,1,23.0,0,1
16,19,1,0,1,12,2,1,0,3,28.0,0,1
9,3,0,0,1,12,1,1,5,0,28.0,0,1
31,7,1,0,1,12,1,1,5,0,28.0,0,1
31,7,1,0,1,12,1,1,4,0,36.0,0,1
8,3,0,0,1,12,2,1,0,3,45.0,0,1
32,10,2,0,1,12,2,0,5,0,36.0,1,1
16,19,1,0,1,12,2,1,2,1,27.0,0,1
16,19,1,0,1,12,2,1,4,3,31.0,0,1
16,19,1,0,1,12,1,0,4,3,20.0,0,1
33,10,2,0,1,12,1,0,5,0,37.0,1,1
9,3,0,0,1,12,1,1,5,1,29.0,0,1
9,3,0,0,1,12,2,0,5,1,18.0,0,1
9,3,0,0,1,12,1,0,5,0,19.0,0,1
31,7,1,0,1,12,1,1,5,0,53.0,0,1
47,29,2,0,0,12,2,1,5,1,29.0,0,1
9,3,0,0,1,12,2,0,5,0,44.0,0,1
9,3,0,0,1,12,1,1,5,0,31.0,0,1
30,28,1,0,1,12,2,1,5,1,47.0,0,1
33,10,2,0,1,12,2,1,2,3,32.0,0,1
30,28,1,0,1,12,2,0,5,0,37.0,0,1
40,30,2,0,1,3,2,1,5,0,28.0,0,1
9,3,0,0,1,12,1,0,2,1,32.0,0,1
7,25,1,1,1,12,2,1,5,0,29.0,0,1
40,30,2,0,1,12,2,1,5,0,25.0,0,1
9,3,0,0,1,12,2,1,5,1,35.0,0,1
40,30,2,0,1,3,2,1,5,0,19.0,0,1
9,3,0,0,1,12,1,1,5,0,46.0,0,1
8,3,0,0,1,12,2,0,5,0,31.0,0,1
31,7,1,0,1,12,2,1,5,0,27.0,0,1
21,21,1,1,1,12,2,1,5,0,27.0,0,1
9,3,0,0,1,12,1,0,5,0,38.0,0,1
9,3,0,0,1,12,1,0,2,1,27.0,0,1
32,10,2,0,1,12,2,1,5,0,41.0,0,1
30,28,1,0,1,5,2,0,5,0,57.0,0,1
32,10,2,0,1,12,2,1,5,0,18.0,0,1
9,3,0,0,1,12,2,1,0,3,39.0,0,1
9,3,0,0,1,12,2,1,5,0,46.0,0,1
9,3,0,0,1,12,2,1,5,1,45.0,0,1
13,5,1,1,1,12,2,1,5,0,35.0,0,1
9,3,0,0,1,12,2,0,0,1,25.0,0,1
16,19,1,0,1,12,1,1,5,0,39.0,0,1
8,3,0,0,1,3,2,1,5,1,31.0,0,1
9,3,0,0,1,12,1,1,5,0,58.0,0,1
8,3,0,0,1,12,2,1,5,0,34.0,0,1
30,28,1,0,1,3,2,1,4,3,33.0,0,1
32,10,2,0,1,12,2,1,5,0,39.0,0,1
32,10,2,0,1,12,2,1,5,1,34.0,0,1
9,3,0,0,1,12,2,0,5,3,58.0,0,1
32,10,2,0,1,12,2,1,5,0,28.0,0,1
21,21,1,1,1,12,2,1,5,0,37.0,0,1
9,3,0,0,1,12,2,1,5,0,35.0,0,1
9,3,0,0,1,12,2,1,5,0,47.0,0,1
16,19,1,0,1,12,2,0,5,1,40.0,0,1
9,3,0,0,1,12,2,1,5,0,56.0,0,1
9,3,0,0,1,12,1,0,5,0,27.5,1,1
47,29,2,0,0,3,2,1,5,1,34.0,0,1
9,3,0,0,1,12,1,0,5,0,16.0,0,1
31,7,1,0,1,12,2,1,5,1,43.0,0,1
9,3,0,0,1,12,1,1,5,0,19.0,0,1
9,3,0,0,1,12,2,1,5,0,18.0,0,1
9,3,0,0,1,12,1,0,2,3,27.0,0,1
40,30,2,0,1,3,2,1,0,1,41.0,0,1
31,7,1,0,1,12,2,1,5,0,26.0,0,1
9,3,0,0,1,12,1,0,5,0,20.0,0,1
16,19,1,0,1,12,2,0,5,0,34.0,0,1
10,3,0,0,1,5,1,0,5,0,38.5,1,1
32,10,2,0,1,12,2,1,5,0,62.0,0,1
33,10,2,0,1,6,2,1,5,0,31.0,0,1
9,3,0,0,1,12,0,1,0,1,38.0,0,1
33,10,2,0,1,12,0,1,0,1,21.0,0,1
32,10,2,0,1,12,0,1,5,1,40.0,0,1
9,3,0,0,1,12,0,1,5,0,33.0,0,1
32,10,2,0,1,12,0,0,5,1,34.0,1,1
40,30,2,0,1,12,1,1,5,0,16.0,0,1
9,3,0,0,1,12,1,1,5,1,35.0,0,1
9,3,0,0,1,12,2,0,0,1,26.0,0,1
9,3,0,0,1,12,2,0,0,1,41.0,0,1
9,3,0,0,1,12,2,1,0,1,28.0,0,1
9,3,0,0,1,12,2,1,0,1,46.0,0,1
9,3,0,0,1,12,2,1,0,1,39.0,0,1
9,3,0,0,1,12,2,1,0,1,41.0,0,1
9,3,0,0,1,12,2,1,0,1,55.0,0,1
9,3,0,0,1,12,2,0,0,1,26.0,0,1
9,3,0,0,1,12,2,0,0,1,37.0,0,1
32,10,2,0,1,12,0,1,5,0,37.0,0,1
32,10,2,0,1,12,2,1,5,1,40.0,0,1
9,3,0,0,1,12,2,1,4,0,32.0,0,1
11,2,1,0,1,12,2,1,5,0,23.0,0,1
13,5,1,1,1,12,2,1,5,0,23.0,0,1
32,10,2,0,1,12,2,1,4,0,54.0,0,1
32,10,2,0,1,12,2,1,4,0,29.0,0,1
3,26,0,0,1,12,2,1,4,0,67.0,0,1
16,19,1,0,1,12,1,1,5,2,25.0,0,1
9,3,0,0,1,12,1,1,0,1,23.0,0,1
8,3,0,0,1,12,0,1,0,1,23.0,0,1
9,3,0,0,1,12,0,1,0,1,22.0,0,1
9,3,0,0,1,12,1,1,0,1,39.0,0,1
9,3,0,0,1,12,0,1,5,0,32.0,0,1
8,3,0,0,1,12,0,1,0,1,18.0,0,1
8,3,0,0,1,12,0,1,0,1,22.0,0,1
16,19,1,0,1,12,1,0,0,1,65.0,0,1
31,7,1,0,1,12,1,1,0,1,25.0,0,1
16,19,1,0,1,12,1,1,0,1,25.0,0,1
9,3,0,0,1,12,1,1,0,1,35.0,0,1
16,19,1,0,1,12,1,0,0,1,43.0,0,1
8,3,0,0,1,12,0,1,0,1,34.0,0,1
22,6,1,0,1,12,1,1,0,1,22.0,0,1
8,3,0,0,1,12,0,1,0,1,36.0,0,1
8,3,0,0,1,12,0,1,0,1,39.0,0,1
9,3,0,0,1,12,0,0,0,1,28.0,0,1
9,3,0,0,1,12,0,0,0,1,33.0,0,1
20,19,1,1,1,12,1,1,0,2,58.0,0,1
49,0,2,0,0,12,2,1,0,1,31.0,0,1
31,7,1,0,1,12,0,1,0,1,23.0,0,1
31,7,1,0,1,12,1,1,0,1,32.0,0,1
9,3,0,0,1,12,1,1,0,1,59.0,0,1
16,19,1,0,1,12,0,1,0,1,60.0,0,1
16,19,1,0,1,12,1,0,0,2,22.0,0,1
9,3,0,0,1,12,1,0,0,1,21.0,0,1
8,3,0,0,1,12,0,1,0,1,42.0,0,1
17,19,1,1,1,12,1,1,0,1,63.0,0,1
20,19,1,1,1,12,0,1,0,1,38.0,0,1
9,3,0,0,1,12,0,1,0,2,22.0,0,1
16,19,1,0,1,12,1,1,0,1,42.0,0,1
16,19,1,0,1,12,1,0,0,1,26.0,0,1
8,3,0,0,1,12,0,1,0,1,30.0,0,1
9,3,0,0,1,12,1,0,0,1,36.5,1,1
16,19,1,0,1,12,1,0,0,1,31.0,0,1
8,3,0,0,1,12,0,1,0,1,55.0,0,1
31,7,1,0,1,12,0,1,0,1,27.0,0,1
16,19,1,0,1,12,1,1,0,1,44.0,0,1
9,3,0,0,1,12,1,1,0,1,32.0,0,1
10,3,0,0,1,12,0,1,0,1,35.0,0,1
9,3,0,0,1,12,1,0,0,1,19.0,0,1
8,3,0,0,1,12,0,1,5,0,19.0,0,1
16,19,1,0,1,12,1,0,5,0,31.0,0,1
16,19,1,0,1,12,1,0,5,0,31.0,0,1
9,3,0,0,1,12,0,1,0,1,23.0,0,1
17,19,1,1,1,12,1,0,0,1,41.0,0,1
9,3,0,0,1,12,0,1,0,1,27.0,0,1
16,19,1,0,1,12,1,0,0,1,31.0,0,1
9,3,0,0,1,12,0,1,5,1,36.0,0,1
16,19,1,0,1,12,2,1,5,0,35.0,0,1
20,19,1,1,1,12,2,1,5,1,30.0,0,1
13,5,1,1,1,12,0,1,5,0,24.0,0,1
16,19,1,0,1,12,2,0,5,0,33.0,0,1
31,7,1,0,1,12,0,0,5,0,35.0,0,1
16,19,1,0,1,12,2,1,5,0,31.0,0,1
16,19,1,0,1,12,2,1,5,0,32.0,0,1
8,3,0,0,1,12,2,0,5,0,40.0,0,1
9,3,0,0,1,12,2,1,5,0,36.0,0,1
21,21,1,1,1,12,2,1,5,0,37.0,0,1
9,3,0,0,1,12,2,1,5,0,16.0,0,1
9,3,0,0,1,12,2,1,0,1,30.0,0,1
9,3,0,0,1,12,0,0,5,0,50.0,0,1
31,7,1,0,1,12,2,1,5,0,37.0,0,1
32,10,2,0,1,12,2,1,5,1,44.0,0,1
32,10,2,0,1,12,2,1,5,2,52.0,0,1
32,10,2,0,1,12,2,1,5,2,40.0,0,1
32,10,2,0,1,12,1,1,5,2,15.0,0,1
32,10,2,0,1,12,2,1,2,2,30.0,0,1
9,3,0,0,1,12,0,0,5,0,32.0,0,1
9,3,0,0,1,12,0,1,5,0,20.0,0,1
9,3,0,0,1,12,0,1,5,1,30.0,0,1
9,3,0,0,1,12,0,0,5,1,35.0,0,1
30,28,1,0,1,12,0,1,5,1,50.0,0,1
32,10,2,0,1,12,0,1,5,1,51.0,0,1
30,28,1,0,1,12,0,0,5,0,48.0,0,1
40,30,2,0,1,8,0,1,5,0,28.0,0,1
8,3,0,0,1,12,0,1,5,1,16.0,0,1
49,0,2,0,0,12,0,1,5,1,31.0,0,1
8,3,0,0,1,12,0,0,5,0,49.0,0,1
31,7,1,0,1,12,0,0,5,1,37.0,0,1
49,0,2,0,0,3,0,1,5,0,36.0,0,1
49,0,2,0,0,12,2,1,5,1,44.0,0,1
13,5,1,1,1,12,0,1,5,1,46.0,0,1
9,3,0,0,1,12,0,1,5,0,39.0,0,1
31,7,1,0,1,12,0,1,5,1,35.0,0,1
33,10,2,0,1,12,0,1,5,0,15.0,0,1
9,3,0,0,1,12,0,1,5,0,59.0,0,1
2,18,0,0,1,12,0,1,2,0,19.0,0,1
32,10,2,0,1,12,0,1,5,1,55.0,0,1
8,3,0,0,1,12,0,0,5,0,30.0,0,1
21,21,1,1,1,12,0,0,5,0,28.0,0,1
32,10,2,0,1,12,0,1,5,0,30.0,0,1
32,10,2,0,1,12,0,0,5,1,37.0,0,1
16,19,1,0,1,5,0,1,5,1,23.0,0,1
20,19,1,1,1,12,0,1,5,1,35.0,0,1
32,10,2,0,1,12,0,0,5,1,30.5,1,1
9,3,0,0,1,12,0,1,5,1,46.0,0,1
8,3,0,0,1,1,0,1,5,0,31.0,0,1
32,10,2,0,1,12,0,1,5,0,35.0,0,1
32,10,2,0,1,12,0,1,5,1,58.0,0,1
8,3,0,0,1,5,0,1,5,0,53.0,0,1
16,19,1,0,1,12,0,0,5,0,28.0,0,1
2,18,0,0,1,12,0,1,5,1,29.0,0,1
9,3,0,0,1,12,0,1,5,0,28.0,0,1
9,3,0,0,1,12,0,0,5,0,29.0,0,1
32,10,2,0,1,12,0,0,5,0,45.0,0,1
30,28,1,0,1,12,0,1,5,0,29.0,0,1
16,19,1,0,1,12,0,0,5,1,31.0,0,1
16,19,1,0,1,12,0,1,5,1,23.0,0,1
30,28,1,0,1,12,0,1,5,0,60.0,0,1
40,30,2,0,1,1,0,1,5,0,22.0,1,1
37,24,2,0,1,12,0,1,5,0,18.0,0,1
40,30,2,0,1,1,0,1,5,0,19.5,1,1
13,5,1,1,1,5,0,1,5,0,28.0,0,1
8,3,0,0,1,12,0,1,5,1,40.0,0,1
9,3,0,0,1,12,0,0,5,0,40.0,0,1
16,19,1,0,1,12,0,0,5,0,43.0,0,1
11,2,1,0,1,12,0,1,5,0,28.0,0,1
8,3,0,0,1,12,0,1,5,0,19.0,0,1
16,19,1,0,1,12,0,1,5,0,39.0,0,1
16,19,1,0,1,12,0,1,2,1,38.0,0,1
13,5,1,1,1,12,0,1,5,0,60.0,0,1
9,3,0,0,1,12,0,1,5,0,36.0,0,1
8,3,0,0,1,12,0,1,5,0,62.0,0,1
30,28,1,0,1,12,0,1,5,1,31.0,0,1
30,28,1,0,1,12,0,1,5,1,23.0,0,1
32,10,2,0,1,12,0,1,5,1,39.0,0,1
16,19,1,0,1,12,0,0,5,1,48.0,0,1
16,19,1,0,1,12,0,0,5,0,28.0,0,1
9,3,0,0,1,12,0,1,5,0,21.0,0,1
16,19,1,0,1,12,0,1,5,0,23.0,0,1
9,3,0,0,1,12,0,1,4,0,29.0,0,1
16,19,1,0,1,12,0,0,5,0,37.0,1,1
2,18,0,0,1,12,0,1,5,1,47.0,0,1
9,3,0,0,1,12,0,1,5,0,37.0,0,1
23,14,1,1,1,12,0,1,5,0,41.0,1,1
8,3,0,0,1,12,0,1,5,1,28.0,0,1
8,3,0,0,1,5,0,1,5,0,19.0,0,1
32,10,2,0,1,12,0,1,5,1,29.0,0,1
13,5,1,1,1,12,0,1,5,1,47.0,0,1
8,3,0,0,1,12,0,1,5,3,39.0,0,1
9,3,0,0,1,12,0,0,5,1,52.0,0,1
16,19,1,0,1,12,0,1,5,1,55.0,0,1
21,21,1,1,1,12,0,1,5,0,24.0,0,1
8,3,0,0,1,3,0,1,5,0,33.0,0,1
13,5,1,1,1,12,0,0,5,0,32.0,1,1
49,0,2,0,0,12,0,1,5,0,43.0,0,1
9,3,0,0,1,12,0,1,2,1,37.0,0,1
18,19,1,1,1,12,0,1,5,0,21.0,0,1
49,0,2,0,0,5,0,1,5,1,23.0,0,1
30,28,1,0,1,12,0,0,5,0,32.0,1,1
31,7,1,0,1,12,0,0,5,0,31.0,0,1
9,3,0,0,1,12,0,0,5,1,40.0,0,1
13,5,1,1,1,12,0,0,5,0,45.0,0,1
9,3,0,0,1,12,0,1,5,1,30.0,0,1
32,10,2,0,1,12,0,0,5,0,28.0,0,1
2,18,0,0,1,12,0,1,5,1,24.0,0,1
2,18,0,0,1,12,0,1,5,0,36.0,0,1
13,5,1,1,1,12,0,1,5,1,29.0,0,1
30,28,1,0,1,1,0,1,5,0,43.0,0,1
16,19,1,0,1,12,0,1,5,0,30.0,0,1
16,19,1,0,1,12,0,1,5,0,28.0,0,1
8,3,0,0,1,12,0,1,5,0,33.5,1,1
8,3,0,0,1,0,0,1,5,1,31.0,0,1
32,10,2,0,1,12,0,1,5,0,45.0,0,1
9,3,0,0,1,12,0,0,5,0,52.0,0,1
13,5,1,1,1,12,0,1,5,1,40.0,0,1
32,10,2,0,1,12,0,1,5,0,41.0,0,1
8,3,0,0,1,12,0,1,5,0,35.0,0,1
8,3,0,0,1,12,0,1,5,0,41.0,0,1
32,10,2,0,1,12,0,1,5,1,55.0,0,1
16,19,1,0,1,12,0,1,5,0,39.0,0,1
9,3,0,0,1,12,0,1,5,0,21.0,0,1
9,3,0,0,1,12,0,0,5,0,23.0,0,1
30,28,1,0,1,12,0,0,5,0,26.0,0,1
32,10,2,0,1,12,0,1,5,1,40.0,0,1
32,10,2,0,1,1,0,1,5,0,31.0,0,1
9,3,0,0,1,12,0,1,5,0,31.0,0,1
9,3,0,0,1,12,0,1,0,1,32.0,0,1
32,10,2,0,1,12,0,1,5,1,34.0,0,1
31,7,1,0,1,12,0,1,5,0,29.0,0,1
9,3,0,0,1,12,0,1,5,1,45.0,0,1
9,3,0,0,1,12,0,0,5,1,52.0,0,1
16,19,1,0,1,12,0,0,5,0,35.0,0,1
31,7,1,0,1,12,0,1,5,1,39.0,0,1
30,28,1,0,1,12,0,1,5,0,35.0,0,1
9,3,0,0,1,12,0,0,5,0,49.0,0,1
40,30,2,0,1,3,0,1,2,1,33.0,0,1
22,6,1,0,1,12,0,1,5,0,41.0,0,1
32,10,2,0,1,12,0,1,5,0,46.0,0,1
30,28,1,0,1,12,0,1,5,0,35.0,0,1
31,7,1,0,1,12,0,1,5,0,33.0,0,1
16,19,1,0,1,12,0,1,5,0,27.0,0,1
16,19,1,0,1,12,0,1,5,0,28.0,0,1
16,19,1,0,1,12,0,1,5,0,28.0,0,1
32,10,2,0,1,12,0,0,5,0,29.0,0,1
2,18,0,0,1,12,0,0,5,0,33.0,0,1
13,5,1,1,1,12,0,1,5,0,35.0,0,1
8,3,0,0,1,12,0,0,5,0,32.0,0,1
31,7,1,0,1,12,0,1,5,0,41.0,0,1
32,10,2,0,1,12,0,1,5,0,52.0,0,1
32,10,2,0,1,12,0,1,5,0,36.0,0,1
9,3,0,0,1,12,0,1,5,0,38.0,0,1
16,19,1,0,1,12,0,0,5,0,31.0,0,1
9,3,0,0,1,12,0,1,5,0,45.0,0,1
9,3,0,0,1,12,0,1,5,0,24.0,0,1
31,7,1,0,1,12,0,1,5,0,32.0,0,1
31,7,1,0,1,12,0,1,5,1,39.0,0,1
32,10,2,0,1,12,0,0,5,1,30.0,0,1
45,13,0,0,0,12,0,1,5,1,44.0,0,1
9,3,0,0,1,12,0,1,5,1,38.0,0,1
16,19,1,0,1,12,0,0,5,0,36.0,0,1
24,14,1,1,1,12,0,1,5,0,18.0,0,1
2,18,0,0,1,12,0,1,5,0,26.5,1,1
9,3,0,0,1,12,0,1,5,0,59.0,0,1
32,10,2,0,1,12,0,0,5,0,27.0,0,1
2,18,0,0,1,12,0,1,5,0,20.0,0,1
9,3,0,0,1,12,0,1,5,0,18.0,0,1
8,3,0,0,1,5,0,1,5,0,34.0,0,1
8,3,0,0,1,12,0,1,5,1,18.0,0,1
9,3,0,0,1,12,0,0,5,0,31.0,0,1
9,3,0,0,1,12,0,0,0,1,43.0,0,1
9,3,0,0,1,12,0,1,5,0,29.0,0,1
16,19,1,0,1,12,0,1,5,0,36.0,0,1
32,10,2,0,1,12,0,0,5,0,43.0,0,1
9,3,0,0,1,3,0,1,5,0,48.0,0,1
8,3,0,0,1,5,0,1,5,0,27.0,0,1
32,10,2,0,1,12,0,0,5,1,30.0,0,1
9,3,0,0,1,12,0,0,5,1,38.0,0,1
9,3,0,0,1,12,0,1,5,0,29.0,0,1
8,3,0,0,1,0,2,0,5,0,31.0,0,1
9,3,0,0,1,12,0,1,5,0,23.0,0,1
9,3,0,0,1,12,0,1,5,0,32.0,0,1
16,19,1,0,1,12,0,1,5,1,49.0,0,1
9,3,0,0,1,12,0,1,5,0,58.0,0,1
13,5,1,1,1,12,2,1,5,0,34.0,0,1
32,10,2,0,1,12,0,1,5,0,46.0,0,1
21,21,1,1,1,12,0,0,5,0,21.0,0,1
13,5,1,1,1,12,0,1,0,1,31.0,0,1
32,10,2,0,1,12,0,0,5,0,43.0,0,1
32,10,2,0,1,12,0,1,5,1,33.0,0,1
30,28,1,0,1,12,0,1,5,0,26.0,0,1
32,10,2,0,1,12,0,0,5,0,24.0,0,1
32,10,2,0,1,12,0,1,5,0,30.0,0,1
13,5,1,1,1,12,0,1,5,0,31.0,0,1
9,3,0,0,1,12,0,1,5,3,39.0,0,1
32,10,2,0,1,12,0,1,5,1,30.0,0,1
16,19,1,0,1,12,2,0,5,1,24.0,0,1
16,19,1,0,1,12,1,1,5,0,27.0,0,1
16,19,1,0,1,12,0,1,5,0,32.0,0,1
32,10,2,0,1,12,0,1,5,0,39.0,0,1
9,3,0,0,1,12,0,1,2,1,26.0,0,1
16,19,1,0,1,12,0,0,5,0,27.0,1,1
9,3,0,0,1,12,0,0,5,0,34.0,0,1
11,2,1,0,1,12,0,1,5,0,25.0,0,1
30,28,1,0,1,3,0,1,5,0,18.0,0,1
9,3,0,0,1,12,0,1,5,0,50.0,0,1
9,3,0,0,1,12,0,1,5,0,33.0,0,1
32,10,2,0,1,12,0,1,5,0,29.0,0,1
49,0,2,0,0,12,0,1,5,0,16.0,0,1
9,3,0,0,1,12,0,0,5,0,17.0,0,1
8,3,0,0,1,5,0,1,2,1,36.0,0,1
16,19,1,0,1,12,0,1,5,0,24.0,1,1
16,19,1,0,1,12,0,0,5,1,42.0,1,1
32,10,2,0,1,12,2,1,5,0,22.0,0,1
13,5,1,1,1,12,2,1,5,0,23.0,0,1
9,3,0,0,1,12,0,1,5,0,42.0,0,1
9,3,0,0,1,12,0,1,5,0,18.0,0,1
40,30,2,0,1,3,0,0,5,0,23.0,0,1
9,3,0,0,1,12,0,1,5,1,17.0,0,1
49,0,2,0,0,12,2,1,5,0,28.0,0,1
9,3,0,0,1,12,0,1,5,0,49.0,0,1
37,24,2,0,1,12,0,0,1,2,55.0,0,1
23,14,1,1,1,12,2,1,2,1,42.0,0,1
32,10,2,0,1,12,2,1,5,1,50.0,0,1
13,5,1,1,1,12,0,1,2,1,23.0,0,1
32,10,2,0,1,12,0,1,5,0,27.0,0,1
9,3,0,0,1,12,0,0,5,0,47.0,0,1
16,19,1,0,1,12,0,0,5,0,40.0,0,1
32,10,2,0,1,12,0,1,5,0,27.0,0,1
40,30,2,0,1,3,0,1,5,1,21.0,0,1
16,19,1,0,1,12,0,0,5,0,26.0,0,1
32,10,2,0,1,12,0,1,5,0,33.0,0,1
9,3,0,0,1,12,2,1,5,0,39.0,0,1
30,28,1,0,1,12,0,0,5,1,51.0,0,1
32,10,2,0,1,12,0,1,5,1,52.0,0,1
31,7,1,0,1,12,0,1,5,0,31.0,0,1
16,19,1,0,1,12,0,1,5,0,24.0,0,1
8,3,0,0,1,5,2,1,5,0,24.0,0,1
9,3,0,0,1,12,0,1,0,1,51.0,0,1
32,10,2,0,1,12,1,1,0,1,15.0,0,1
30,28,1,0,1,12,0,0,0,1,35.0,0,1
9,3,0,0,1,12,0,1,0,1,32.0,0,1
9,3,0,0,1,12,0,1,0,1,29.0,0,1
9,3,0,0,1,12,0,0,0,1,29.0,0,1
9,3,0,0,1,12,0,0,0,1,35.0,0,1
9,3,0,0,1,12,1,0,5,0,15.0,1,1
9,3,0,0,1,12,0,1,0,1,52.0,0,1
40,30,2,0,1,3,0,1,0,1,27.0,0,1
32,10,2,0,1,12,0,1,5,0,45.0,0,1
16,19,1,0,1,12,1,0,5,0,17.0,0,1
8,3,0,0,1,12,2,1,5,0,20.5,1,1
16,19,1,0,1,12,0,1,5,1,25.0,0,1
8,3,0,0,1,12,0,1,5,0,35.0,0,1
9,3,0,0,1,12,0,1,5,0,18.0,0,1
40,30,2,0,1,3,0,1,5,0,23.0,0,1
9,3,0,0,1,12,0,0,5,0,53.0,0,1
40,30,2,0,1,12,0,1,5,0,20.5,1,1
8,3,0,0,1,12,0,1,5,1,62.0,0,1
32,10,2,0,1,12,0,1,5,2,41.0,0,1
20,19,1,1,1,12,1,0,5,2,43.0,0,1
13,5,1,1,1,12,2,1,5,0,22.0,0,1
32,10,2,0,1,12,2,0,5,0,28.0,0,1
16,19,1,0,1,12,2,1,0,1,52.0,0,1
16,19,1,0,1,12,2,0,5,0,33.0,0,1
8,3,0,0,1,12,2,1,5,2,52.0,0,1
8,3,0,0,1,12,2,1,5,0,70.0,0,1
13,5,1,1,1,12,2,1,5,0,31.0,0,1
9,3,0,0,1,12,1,1,5,1,30.0,0,1
9,3,0,0,1,12,1,1,5,0,14.0,0,1
11,2,1,0,1,12,2,0,5,1,51.0,0,1
8,3,0,0,1,12,1,1,5,0,24.0,0,1
8,3,0,0,1,12,2,1,0,1,47.0,0,1
13,5,1,1,1,12,2,1,0,0,15.0,1,1
32,10,2,0,1,12,2,0,5,1,31.0,0,1
32,10,2,0,1,12,2,0,5,0,41.0,0,1
9,3,0,0,1,12,1,0,5,0,15.0,0,1
29,11,1,1,1,12,1,0,5,0,35.0,0,1
9,3,0,0,1,12,1,1,5,0,12.5,1,1
16,19,1,0,1,12,2,0,5,0,22.0,1,1
8,3,0,0,1,5,2,1,5,0,31.0,0,1
8,3,0,0,1,12,1,0,5,0,47.0,0,1
13,5,1,1,1,12,2,1,5,1,36.0,0,1
30,28,1,0,1,3,2,1,5,0,30.0,0,1
24,14,1,1,1,12,1,1,5,0,40.0,0,1
9,3,0,0,1,12,1,0,5,0,15.0,0,1
7,25,1,1,1,12,1,1,5,0,28.0,0,1
32,10,2,0,1,12,2,1,5,0,28.0,0,1
40,30,2,0,1,12,2,0,5,0,43.0,0,1
32,10,2,0,1,12,2,0,5,0,41.0,0,1
13,5,1,1,1,5,2,1,5,0,37.0,0,1
9,3,0,0,1,12,1,1,5,0,49.0,0,1
29,11,1,1,1,12,2,1,5,0,35.0,0,1
8,3,0,0,1,12,1,1,5,0,44.0,0,1
32,10,2,0,1,12,2,1,5,0,37.0,0,1
8,3,0,0,1,12,1,1,5,0,44.0,0,1
31,7,1,0,1,12,2,0,5,0,22.0,0,1
9,3,0,0,1,12,2,1,5,0,33.0,0,1
8,3,0,0,1,12,2,1,5,0,28.0,0,1
29,11,1,1,1,12,2,0,5,3,22.0,0,1
21,21,1,1,1,12,2,1,5,0,26.0,0,1
8,3,0,0,1,12,2,1,5,0,25.0,0,1
9,3,0,0,1,12,1,0,5,1,38.0,0,1
8,3,0,0,1,12,2,1,5,0,38.0,0,1
22,6,1,0,1,12,1,0,5,0,44.0,0,1
13,5,1,1,1,12,1,1,5,0,44.0,0,1
32,10,2,0,1,12,2,1,5,0,55.0,0,1
9,3,0,0,1,12,1,1,4,1,14.0,0,1
30,28,1,0,1,12,2,1,5,0,20.0,0,1
30,28,1,0,1,12,2,1,5,0,36.0,0,1
40,30,2,0,1,12,1,1,5,1,64.0,0,1
32,10,2,0,1,12,2,1,5,0,28.0,0,1
9,3,0,0,1,12,1,1,5,1,52.0,0,1
19,19,1,0,1,12,1,1,5,0,43.0,0,1
32,10,2,0,1,12,2,1,5,0,45.0,0,1
9,3,0,0,1,12,2,1,5,0,61.0,0,1
8,3,0,0,1,12,2,1,5,1,50.0,0,1
32,10,2,0,1,12,2,0,5,0,42.0,1,1
9,3,0,0,1,12,1,0,5,0,27.0,0,1
32,10,2,0,1,12,2,1,5,0,30.0,0,1
9,3,0,0,1,12,2,1,5,0,30.0,0,1
30,28,1,0,1,12,2,1,5,0,22.0,0,1
40,30,2,0,1,12,2,1,5,0,42.0,0,1
25,14,1,1,1,12,2,1,5,0,19.0,0,1
2,18,0,0,1,12,2,1,5,3,39.0,0,1
9,3,0,0,1,12,2,0,5,3,19.0,0,1
25,14,1,1,1,3,2,0,5,0,32.5,1,1
10,3,0,0,1,12,2,0,5,0,33.0,0,1
9,3,0,0,1,12,2,1,5,0,26.0,0,1
20,19,1,1,1,12,1,0,5,1,29.0,0,1
31,7,1,0,1,12,1,0,5,0,29.0,0,1
8,3,0,0,1,3,2,1,5,1,39.0,0,1
8,3,0,0,1,12,2,1,5,0,51.0,0,1
8,3,0,0,1,12,2,1,5,0,29.0,0,1
8,3,0,0,1,12,1,1,5,0,29.0,0,1
32,10,2,0,1,12,2,1,5,0,28.0,0,1
8,3,0,0,1,12,2,1,5,1,29.0,0,1
9,3,0,0,1,12,2,1,5,1,56.0,0,1
49,0,2,0,0,12,2,0,5,0,20.0,1,1
24,14,1,1,1,12,2,0,5,0,20.0,0,1
16,19,1,0,1,12,2,0,5,0,20.0,0,1
2,18,0,0,1,12,2,0,5,1,47.0,0,1
16,19,1,0,1,12,2,0,5,0,34.0,1,1
9,3,0,0,1,12,2,0,5,1,22.0,0,1
16,19,1,0,1,12,2,1,5,1,28.0,0,1
9,3,0,0,1,12,2,1,5,0,20.0,0,1
16,19,1,0,1,12,0,0,5,0,30.0,0,1
8,3,0,0,1,12,2,1,5,1,24.0,0,1
16,19,1,0,1,12,2,0,5,0,37.0,0,1
16,19,1,0,1,12,2,0,5,0,37.0,0,1
8,3,0,0,1,12,2,1,5,1,19.0,0,1
32,10,2,0,1,12,0,1,5,0,41.0,0,1
33,10,2,0,1,12,1,1,5,0,17.0,0,1
8,3,0,0,1,12,0,1,5,0,24.0,0,1
16,19,1,0,1,12,0,0,5,0,36.0,0,1
9,3,0,0,1,12,0,0,5,1,47.0,0,1
30,28,1,0,1,12,0,1,5,0,18.0,0,1
40,30,2,0,1,12,2,1,5,0,31.0,0,1
9,3,0,0,1,12,1,1,5,1,15.0,0,1
9,3,0,0,1,12,0,1,5,1,62.0,0,1
16,19,1,0,1,12,1,1,5,0,36.0,0,1
13,5,1,1,1,12,0,1,5,0,49.0,0,1
9,3,0,0,1,12,0,1,5,1,34.0,0,1
43,8,2,0,0,12,1,1,2,0,15.5,1,1
9,3,0,0,1,12,0,1,5,0,30.0,0,1
16,19,1,0,1,12,0,0,5,0,29.0,1,1
33,10,2,0,1,12,1,1,5,1,14.0,0,1
9,3,0,0,1,12,0,1,2,1,41.0,0,1
8,3,0,0,1,12,1,1,5,0,11.0,0,1
9,3,0,0,1,12,1,1,5,0,11.5,1,1
16,19,1,0,1,12,1,0,5,0,41.0,0,1
8,3,0,0,1,12,0,0,5,1,13.0,0,1
16,19,1,0,1,12,0,1,5,0,30.0,0,1
49,0,2,0,0,12,0,1,5,0,39.0,0,1
32,10,2,0,1,12,0,1,5,0,42.0,0,1
9,3,0,0,1,12,0,1,5,0,23.0,0,1
9,3,0,0,1,12,0,0,5,0,40.0,0,1
16,19,1,0,1,12,1,0,5,1,32.0,0,1
9,3,0,0,1,12,0,0,5,0,29.0,0,1
49,0,2,0,0,12,1,1,5,0,41.0,0,1
9,3,0,0,1,12,0,0,5,0,42.0,0,1
9,3,0,0,1,12,0,1,5,0,25.0,0,1
9,3,0,0,1,12,2,1,5,1,22.0,0,1
22,6,1,0,1,12,0,1,5,1,71.0,0,1
32,10,2,0,1,12,2,1,5,1,59.0,0,1
30,28,1,0,1,12,0,1,5,1,60.0,0,1
32,10,2,0,1,12,1,0,5,0,14.0,0,1
9,3,0,0,1,12,2,1,5,0,29.0,0,1
40,30,2,0,1,3,0,1,5,1,16.0,0,1
9,3,0,0,1,12,0,1,5,1,44.0,0,1
20,19,1,1,1,12,1,1,5,1,15.0,0,1
8,3,0,0,1,12,2,1,5,0,19.0,0,1
9,3,0,0,1,12,2,1,5,0,38.0,0,1
2,18,0,0,1,12,0,1,5,0,34.0,0,1
9,3,0,0,1,12,0,1,5,0,36.0,0,1
32,10,2,0,1,12,0,1,5,1,22.0,0,1
8,3,0,0,1,12,0,0,5,0,33.0,0,1
9,3,0,0,1,12,2,1,5,1,36.0,0,1
32,10,2,0,1,12,1,0,5,1,14.0,0,1
16,19,1,0,1,12,1,1,5,0,15.0,0,1
9,3,0,0,1,12,0,1,5,0,26.0,0,1
8,3,0,0,1,12,0,1,5,0,23.0,0,1
9,3,0,0,1,12,0,1,2,1,44.0,0,1
9,3,0,0,1,12,0,1,5,0,31.0,0,1
9,3,0,0,1,12,0,1,5,0,36.0,0,1
9,3,0,0,1,12,0,1,5,0,24.0,0,1
9,3,0,0,1,12,0,0,5,0,33.0,0,1
13,5,1,1,1,12,2,1,5,0,35.0,0,1
10,3,0,0,1,12,0,1,2,1,39.0,0,1
9,3,0,0,1,12,1,0,5,0,17.5,1,1
8,3,0,0,1,12,0,1,5,0,40.0,0,1
16,19,1,0,1,12,0,0,5,1,24.0,0,1
20,19,1,1,1,12,0,1,5,0,31.0,0,1
9,3,0,0,1,12,1,1,5,1,15.0,0,1
31,7,1,0,1,12,0,0,5,0,19.0,0,1
16,19,1,0,1,12,2,0,5,0,20.0,0,1
9,3,0,0,1,12,2,1,5,0,26.0,0,1
16,19,1,0,1,12,0,1,5,1,29.0,0,1
43,8,2,0,0,12,0,1,5,1,50.0,0,1
9,3,0,0,1,12,0,1,5,1,27.0,0,1
16,19,1,0,1,12,0,0,5,0,51.0,0,1
8,3,0,0,1,12,0,0,5,1,41.0,0,1
9,3,0,0,1,12,0,1,5,0,25.0,0,1
16,19,1,0,1,12,1,1,5,1,28.0,0,1
16,19,1,0,1,12,0,1,5,0,35.0,0,1
32,10,2,0,1,12,0,1,5,0,56.0,0,1
30,28,1,0,1,12,0,1,5,1,30.0,0,1
9,3,0,0,1,12,0,1,5,0,15.0,0,1
9,3,0,0,1,12,1,0,5,0,16.0,0,1
9,3,0,0,1,12,0,1,5,0,27.0,0,1
9,3,0,0,1,12,0,1,5,0,19.0,0,1
32,10,2,0,1,3,0,1,5,1,37.0,0,1
16,19,1,0,1,12,1,0,5,1,32.0,0,1
9,3,0,0,1,12,0,0,5,0,19.0,0,1
9,3,0,0,1,12,0,1,5,0,38.0,0,1
16,19,1,0,1,12,0,1,5,0,49.0,0,1
16,19,1,0,1,3,0,1,2,1,28.0,0,1
9,3,0,0,1,12,0,1,5,1,56.0,0,1
13,5,1,1,1,12,2,0,5,0,23.0,1,1
32,10,2,0,1,12,0,1,5,0,45.0,0,1
32,10,2,0,1,12,2,0,5,3,26.0,0,1
9,3,0,0,1,12,2,1,5,0,45.0,0,1
13,5,1,1,1,12,2,1,5,0,27.0,1,1
32,10,2,0,1,5,2,1,5,1,29.0,0,1
32,10,2,0,1,12,0,1,5,0,31.0,0,1
40,30,2,0,1,12,0,1,5,0,23.0,0,1
8,3,0,0,1,3,0,1,5,1,36.0,0,1
44,9,2,0,0,12,0,0,5,0,45.0,0,1
31,7,1,0,1,12,0,1,5,0,52.0,0,1
9,3,0,0,1,12,0,0,5,1,24.0,0,1
30,28,1,0,1,12,0,1,5,0,50.0,0,1
8,3,0,0,1,12,0,1,5,1,37.0,0,1
21,21,1,1,1,12,1,1,5,1,39.0,0,1
13,5,1,1,1,12,1,0,1,1,24.0,0,1
16,19,1,0,1,12,1,1,5,1,29.0,0,1
8,3,0,0,1,12,0,1,0,1,35.0,0,1
16,19,1,0,1,12,1,1,5,1,40.0,1,1
9,3,0,0,1,12,0,1,4,1,27.0,0,1
32,10,2,0,1,12,0,1,5,0,28.0,0,1
32,10,2,0,1,12,0,1,5,1,32.0,0,1
31,7,1,0,1,12,1,1,2,1,29.0,0,1
16,19,1,0,1,12,2,0,5,1,33.0,0,1
9,3,0,0,1,12,1,1,5,1,53.0,0,1
18,19,1,1,1,12,0,1,5,1,22.0,0,1
9,3,0,0,1,12,0,0,5,1,40.0,0,1
49,0,2,0,0,12,0,1,5,0,41.0,0,1
8,3,0,0,1,12,0,0,5,0,29.0,0,1
13,5,1,1,1,12,1,1,2,1,22.0,0,1
13,5,1,1,1,12,1,0,5,1,39.0,0,1
16,19,1,0,1,12,2,0,0,3,49.0,0,1
9,3,0,0,1,12,1,0,5,1,28.5,1,1
30,28,1,0,1,12,0,1,5,1,34.0,0,1
31,7,1,0,1,12,1,1,5,1,47.0,0,1
9,3,0,0,1,12,0,1,5,1,32.0,0,1
29,11,1,1,1,12,1,1,5,1,35.0,0,1
9,3,0,0,1,12,1,1,5,1,35.0,0,1
9,3,0,0,1,12,0,1,2,1,41.0,0,1
16,19,1,0,1,12,1,0,5,1,31.0,0,1
16,19,1,0,1,12,1,1,5,1,42.0,0,1
16,19,1,0,1,12,1,1,5,1,42.0,0,1
9,3,0,0,1,12,1,1,5,1,36.0,0,1
9,3,0,0,1,12,0,1,0,1,27.0,0,1
32,10,2,0,1,12,0,1,5,0,39.0,0,1
8,3,0,0,1,12,0,1,5,1,16.0,0,1
29,11,1,1,1,12,1,0,5,1,41.0,0,1
16,19,1,0,1,12,1,1,5,1,39.0,0,1
30,28,1,0,1,12,2,1,5,1,36.0,0,1
9,3,0,0,1,12,0,1,2,1,33.0,0,1
9,3,0,0,1,12,1,0,5,1,38.0,0,1
16,19,1,0,1,12,2,0,4,1,31.0,0,1
9,3,0,0,1,12,0,0,5,1,39.0,0,1
9,3,0,0,1,12,1,1,5,1,19.0,0,1
8,3,0,0,1,12,1,1,4,1,34.0,0,1
9,3,0,0,1,12,0,1,5,1,43.0,0,1
32,10,2,0,1,12,1,0,5,0,38.0,1,1
31,7,1,0,1,12,1,1,5,1,47.0,0,1
16,19,1,0,1,12,1,1,5,1,30.0,0,1
9,3,0,0,1,12,1,1,5,1,34.0,0,1
9,3,0,0,1,12,1,1,0,1,27.0,0,1
8,3,0,0,1,12,0,1,4,1,30.0,0,1
9,3,0,0,1,12,0,0,5,0,39.0,0,1
9,3,0,0,1,12,1,1,5,1,39.0,0,1
32,10,2,0,1,12,1,1,0,1,37.0,0,1
8,3,0,0,1,12,0,0,5,1,15.0,0,1
32,10,2,0,1,12,1,1,5,1,39.0,0,1
32,10,2,0,1,12,2,0,5,0,45.0,1,1
22,6,1,0,1,12,1,1,5,1,39.0,0,1
32,10,2,0,1,12,2,0,5,0,33.0,0,1
31,7,1,0,1,12,1,0,5,1,18.0,0,1
9,3,0,0,1,12,1,0,5,1,64.5,1,1
16,19,1,0,1,12,1,1,5,1,28.0,0,1
30,28,1,0,1,12,0,1,5,0,16.0,0,1
30,28,1,0,1,12,0,1,5,0,22.0,0,1
2,18,0,0,1,12,0,1,5,1,36.0,0,1
11,2,1,0,1,12,1,1,5,1,37.0,0,1
20,19,1,1,1,12,0,0,5,1,27.0,0,1
8,3,0,0,1,12,0,1,4,1,62.0,0,1
16,19,1,0,1,12,1,1,5,0,27.0,0,1
9,3,0,0,1,12,1,0,5,1,51.0,0,1
16,19,1,0,1,12,2,0,0,1,34.0,0,1
9,3,0,0,1,12,2,0,4,1,35.0,0,1
7,25,1,1,1,5,1,1,5,0,32.0,0,1
8,3,0,0,1,12,0,1,5,1,34.0,0,1
9,3,0,0,1,12,0,0,0,1,21.0,0,1
9,3,0,0,1,12,1,1,5,1,36.0,0,1
32,10,2,0,1,12,2,0,5,1,42.0,0,1
9,3,0,0,1,12,0,0,5,1,37.0,0,1
9,3,0,0,1,12,1,0,4,1,25.0,0,1
8,3,0,0,1,12,0,1,5,1,58.0,0,1
32,10,2,0,1,12,0,1,5,1,41.0,0,1
16,19,1,0,1,12,1,1,0,1,28.0,0,1
9,3,0,0,1,12,1,1,0,1,28.0,0,1
16,19,1,0,1,12,1,1,4,1,45.0,0,1
9,3,0,0,1,12,1,0,4,0,26.0,0,1
9,3,0,0,1,12,1,0,5,0,28.0,0,1
8,3,0,0,1,12,0,1,5,0,15.5,1,1
9,3,0,0,1,12,0,1,5,1,28.0,0,1
30,28,1,0,1,12,0,1,5,1,33.0,0,1
32,10,2,0,1,12,2,1,5,1,43.0,0,1
16,19,1,0,1,12,1,1,5,1,36.0,0,1
16,19,1,0,1,12,1,1,5,1,39.0,0,1
29,11,1,1,1,12,1,0,0,1,20.0,0,1
16,19,1,0,1,12,1,0,5,1,31.0,1,1
16,19,1,0,1,12,1,1,5,1,31.0,0,1
16,19,1,0,1,12,1,0,5,1,31.0,1,1
16,19,1,0,1,12,1,1,5,1,19.0,0,1
16,19,1,0,1,12,1,1,5,1,19.0,0,1
16,19,1,0,1,12,1,1,5,1,40.0,0,1
49,0,2,0,0,12,0,0,5,0,35.0,1,1
13,5,1,1,1,12,1,0,5,1,33.0,0,1
43,8,2,0,0,12,1,1,2,1,27.0,1,1
7,25,1,1,1,8,0,1,5,1,23.0,0,1
16,19,1,0,1,12,1,1,5,1,33.0,0,1
49,0,2,0,0,12,0,0,5,0,27.5,1,1
16,19,1,0,1,12,1,1,5,1,19.0,0,1
31,7,1,0,1,12,1,0,5,1,19.0,0,1
9,3,0,0,1,12,1,0,5,1,71.0,0,1
16,19,1,0,1,12,1,1,5,0,21.0,0,1
13,5,1,1,1,12,1,1,5,0,21.0,0,1
8,3,0,0,1,12,1,1,5,1,64.0,0,1
9,3,0,0,1,12,0,0,5,1,29.0,0,1
9,3,0,0,1,12,1,0,0,1,20.0,0,1
16,19,1,0,1,12,1,0,5,1,41.0,0,1
13,5,1,1,1,12,0,1,0,1,41.0,0,1
16,19,1,0,1,12,1,1,5,1,50.0,0,1
32,10,2,0,1,12,0,1,5,0,44.0,0,1
2,18,0,0,1,12,0,1,5,0,37.0,0,1
10,3,0,0,1,12,0,1,0,1,32.0,0,1
9,3,0,0,1,12,2,1,5,0,20.0,0,1
9,3,0,0,1,12,2,0,0,1,41.0,0,1
31,7,1,0,1,5,0,1,0,1,23.0,0,1
8,3,0,0,1,12,2,1,0,0,13.0,0,1
16,19,1,0,1,12,1,1,0,1,35.0,0,1
16,19,1,0,1,12,0,0,0,1,34.0,0,1
32,10,2,0,1,12,0,1,0,1,39.0,0,1
32,10,2,0,1,12,2,1,0,1,37.0,0,1
32,10,2,0,1,12,0,0,5,1,69.0,0,1
16,19,1,0,1,12,0,0,5,0,58.0,0,1
16,19,1,0,1,12,0,0,5,1,44.0,0,1
9,3,0,0,1,12,1,0,5,0,31.5,1,1
31,7,1,0,1,12,1,0,0,1,34.0,0,1
9,3,0,0,1,12,0,1,0,1,24.0,0,1
9,3,0,0,1,12,0,1,5,0,32.0,0,1
16,19,1,0,1,12,1,0,2,1,18.0,0,1
31,7,1,0,1,12,0,0,0,1,33.0,0,1
13,5,1,1,1,12,0,1,0,1,28.0,0,1
16,19,1,0,1,12,0,1,0,1,45.0,0,1
9,3,0,0,1,12,0,1,5,0,44.0,0,1
40,30,2,0,1,3,0,0,5,0,18.0,0,1
21,21,1,1,1,12,2,1,5,1,25.0,0,1
9,3,0,0,1,12,1,1,0,1,37.0,0,1
31,7,1,0,1,12,0,0,0,1,35.0,0,1
9,3,0,0,1,12,0,0,0,1,18.0,0,1
30,28,1,0,1,12,0,1,0,1,36.0,0,1
16,19,1,0,1,12,2,1,0,1,34.0,0,1
9,3,0,0,1,12,0,1,0,1,34.0,0,1
16,19,1,0,1,12,0,1,0,1,25.0,0,1
32,10,2,0,1,12,2,1,2,1,53.0,0,1
9,3,0,0,1,12,0,1,0,1,23.0,0,1
9,3,0,0,1,12,0,1,0,1,48.0,1,1
2,18,0,0,1,12,2,1,0,1,29.0,0,1
31,7,1,0,1,12,0,1,0,1,23.0,0,1
9,3,0,0,1,12,2,1,5,0,21.0,0,1
8,3,0,0,1,5,0,1,0,1,58.0,0,1
9,3,0,0,1,12,0,1,4,1,54.0,0,1
16,19,1,0,1,12,0,1,0,1,33.0,0,1
9,3,0,0,1,12,0,0,0,1,60.0,0,1
9,3,0,0,1,12,1,1,5,0,27.0,0,1
9,3,0,0,1,12,0,0,0,1,43.0,0,1
16,19,1,0,1,12,0,1,5,0,36.0,0,1
9,3,0,0,1,12,0,1,0,1,52.0,0,1
13,5,1,1,1,12,0,1,5,0,33.0,0,1
8,3,0,0,1,12,0,1,0,1,44.0,0,1
16,19,1,0,1,12,1,1,5,1,40.0,0,1
45,13,0,0,0,6,0,1,0,1,31.5,1,1
10,3,0,0,1,12,0,1,0,1,21.0,0,1
16,19,1,0,1,12,1,0,0,1,60.0,0,1
9,3,0,0,1,12,0,1,0,1,25.0,0,1
13,5,1,1,1,12,0,0,5,0,25.0,0,1
40,30,2,0,1,1,2,1,5,1,40.0,0,1
30,28,1,0,1,12,0,0,0,1,31.0,0,1
16,19,1,0,1,12,0,1,5,1,34.0,0,1
9,3,0,0,1,12,2,1,0,1,35.0,0,1
16,19,1,0,1,12,1,1,5,1,23.0,0,1
9,3,0,0,1,12,0,0,0,1,33.0,0,1
9,3,0,0,1,12,0,0,0,1,56.0,0,1
40,30,2,0,1,12,0,1,5,1,35.0,0,1
8,3,0,0,1,1,0,1,5,0,27.0,0,1
23,14,1,1,1,12,1,0,0,1,23.0,0,1
18,19,1,1,1,12,0,1,5,1,35.0,0,1
42,1,2,0,0,12,0,0,0,1,30.0,0,1
31,7,1,0,1,12,2,1,2,1,22.0,0,1
32,10,2,0,1,12,0,1,0,1,48.0,0,1
8,3,0,0,1,0,2,0,0,1,48.0,0,1
2,18,0,0,1,12,0,1,0,1,29.0,0,1
9,3,0,0,1,12,0,1,0,1,30.0,0,1
16,19,1,0,1,1,0,1,0,1,23.0,0,1
40,30,2,0,1,3,0,1,0,1,31.0,0,1
9,3,0,0,1,12,2,1,0,1,43.0,0,1
31,7,1,0,1,12,1,0,0,1,32.0,0,1
9,3,0,0,1,12,0,1,0,1,37.0,0,1
9,3,0,0,1,12,0,1,5,1,53.0,0,1
31,7,1,0,1,12,1,1,0,1,26.0,0,1
8,3,0,0,1,12,0,1,0,1,33.0,0,1
16,19,1,0,1,12,2,1,0,1,24.0,0,1
9,3,0,0,1,12,1,0,5,0,18.0,0,1
16,19,1,0,1,12,0,1,5,0,35.0,0,1
9,3,0,0,1,12,0,0,0,1,35.0,0,1
9,3,0,0,1,12,2,1,0,1,25.0,0,1
8,3,0,0,1,12,0,1,0,1,36.0,0,1
9,3,0,0,1,12,0,1,0,1,51.0,0,1
16,19,1,0,1,12,0,0,5,1,40.0,0,1
16,19,1,0,1,12,1,1,0,1,26.0,0,1
32,10,2,0,1,12,2,1,0,1,28.0,0,1
16,19,1,0,1,12,1,0,5,1,49.0,0,1
8,3,0,0,1,12,1,1,0,1,31.0,0,1
9,3,0,0,1,12,0,1,0,1,18.0,0,1
9,3,0,0,1,12,2,1,0,1,26.0,0,1
9,3,0,0,1,12,0,1,0,1,31.0,0,1
32,10,2,0,1,12,0,1,5,0,33.0,0,1
17,19,1,1,1,12,2,1,5,1,37.0,0,1
9,3,0,0,1,12,2,1,2,1,39.0,0,1
20,19,1,1,1,12,2,0,5,1,42.0,0,1
32,10,2,0,1,12,2,1,5,1,43.0,0,1
9,3,0,0,1,12,2,0,5,0,34.0,0,1
49,0,2,0,0,12,2,1,5,1,39.0,0,1
16,19,1,0,1,12,2,1,5,1,33.0,0,1
8,3,0,0,1,12,2,1,5,0,26.0,0,1
8,3,0,0,1,12,2,1,5,1,36.0,0,1
9,3,0,0,1,12,2,0,5,0,27.0,0,1
16,19,1,0,1,12,2,1,5,0,40.0,0,1
9,3,0,0,1,12,2,1,5,0,46.0,0,1
32,10,2,0,1,12,2,0,5,1,40.0,0,1
30,28,1,0,1,12,0,1,5,0,27.0,0,1
33,10,2,0,1,12,0,1,5,1,33.0,1,1
9,3,0,0,1,12,1,0,4,0,41.0,0,1
9,3,0,0,1,12,0,1,5,0,51.0,0,1
33,10,2,0,1,12,1,0,0,1,31.5,1,1
9,3,0,0,1,12,0,1,5,0,59.0,0,1
33,10,2,0,1,12,0,1,5,0,28.0,0,1
32,10,2,0,1,5,0,1,5,0,32.0,0,1
7,25,1,1,1,12,0,1,5,0,33.0,0,1
32,10,2,0,1,12,0,1,5,0,33.0,0,1
32,10,2,0,1,12,0,0,5,0,28.0,0,1
31,7,1,0,1,5,1,1,5,0,24.0,0,1
32,10,2,0,1,12,0,1,5,0,28.0,0,1
32,10,2,0,1,12,2,1,5,0,37.0,0,1
9,3,0,0,1,12,2,1,4,0,34.0,0,1
32,10,2,0,1,12,0,1,5,0,29.0,0,1
9,3,0,0,1,12,0,0,5,3,44.0,0,1
30,28,1,0,1,12,0,1,5,3,44.0,0,1
32,10,2,0,1,12,0,1,5,0,18.0,0,1
30,28,1,0,1,12,0,0,5,3,43.0,0,1
30,28,1,0,1,12,2,1,5,0,44.5,1,1
30,28,1,0,1,12,2,0,2,1,21.0,0,1
21,21,1,1,1,12,2,1,2,1,15.0,0,1
30,28,1,0,1,3,0,1,4,3,28.0,0,1
32,10,2,0,1,3,0,1,5,0,39.0,0,1
9,3,0,0,1,12,0,0,4,3,36.0,0,1
9,3,0,0,1,12,2,1,5,3,50.0,0,1
9,3,0,0,1,12,1,1,4,0,39.0,0,1
9,3,0,0,1,12,0,1,0,1,39.0,0,1
16,19,1,0,1,12,1,1,2,0,46.0,0,1
40,30,2,0,1,3,1,1,2,3,47.0,0,1
9,3,0,0,1,12,1,1,5,1,42.0,0,1
30,28,1,0,1,12,0,1,4,3,38.0,0,1
16,19,1,0,1,12,2,0,5,0,29.0,0,1
13,5,1,1,1,12,0,1,5,0,53.0,0,1
32,10,2,0,1,12,0,1,5,0,41.0,0,1
32,10,2,0,1,12,0,0,5,3,32.0,0,1
32,10,2,0,1,12,0,1,5,3,33.0,0,1
32,10,2,0,1,12,0,1,5,3,52.0,0,1
9,3,0,0,1,12,1,1,5,0,44.0,0,1
16,19,1,0,1,12,1,1,5,0,37.0,0,1
32,10,2,0,1,12,0,1,5,3,20.0,0,1
33,10,2,0,1,12,0,1,5,0,25.0,0,1
32,10,2,0,1,12,0,0,5,0,24.0,0,1
32,10,2,0,1,12,0,1,5,1,23.0,0,1
16,19,1,0,1,12,0,1,5,0,42.0,0,1
31,7,1,0,1,12,1,1,4,3,67.0,0,1
16,19,1,0,1,12,0,1,5,0,47.0,0,1
32,10,2,0,1,12,0,0,5,1,49.0,0,1
9,3,0,0,1,12,1,1,5,3,49.0,0,1
9,3,0,0,1,12,1,1,4,3,45.0,0,1
16,19,1,0,1,12,1,1,2,1,21.0,0,1
9,3,0,0,1,12,0,1,2,1,29.0,0,1
40,30,2,0,1,3,0,0,5,0,27.5,1,1
31,7,1,0,1,12,1,0,5,1,32.0,0,1
9,3,0,0,1,12,1,1,0,1,54.0,0,1
8,3,0,0,1,12,0,1,5,3,36.0,0,1
9,3,0,0,1,12,0,1,4,0,47.0,0,1
9,3,0,0,1,12,1,0,5,3,26.0,0,1
8,3,0,0,1,12,0,0,5,0,39.0,0,1
13,5,1,1,1,12,0,1,2,1,23.0,0,1
33,10,2,0,1,12,0,1,5,3,51.0,0,1
9,3,0,0,1,12,1,1,5,0,28.0,0,1
9,3,0,0,1,12,1,1,0,1,46.0,0,1
18,19,1,1,1,12,0,0,5,3,31.0,0,1
30,28,1,0,1,12,0,1,4,0,28.0,0,1
32,10,2,0,1,12,0,1,5,3,40.0,0,1
32,10,2,0,1,12,0,1,5,1,42.0,0,1
16,19,1,0,1,12,0,1,2,1,28.0,0,1
9,3,0,0,1,12,1,1,5,3,31.0,0,1
9,3,0,0,1,12,0,1,5,1,33.0,0,1
8,3,0,0,1,12,0,1,2,3,14.0,0,1
9,3,0,0,1,12,1,1,5,0,29.0,0,1
32,10,2,0,1,12,0,1,0,3,27.0,0,1
16,19,1,0,1,12,0,1,5,0,19.0,0,1
9,3,0,0,1,12,1,1,5,1,30.0,0,1
9,3,0,0,1,12,1,1,5,0,27.0,0,1
18,19,1,1,1,3,0,1,5,3,27.0,0,1
9,3,0,0,1,12,0,1,4,3,32.0,0,1
9,3,0,0,1,12,1,0,4,1,51.0,0,1
16,19,1,0,1,12,0,1,5,1,28.0,0,1
8,3,0,0,1,12,2,1,5,1,23.0,0,1
9,3,0,0,1,12,1,1,5,0,39.0,0,1
9,3,0,0,1,12,1,1,2,1,29.0,0,1
9,3,0,0,1,12,1,0,5,0,41.0,0,1
9,3,0,0,1,12,1,0,4,3,19.0,0,1
8,3,0,0,1,5,2,1,5,1,50.0,0,1
31,7,1,0,1,12,1,1,2,1,26.0,0,1
40,30,2,0,1,3,0,1,5,3,37.0,0,1
9,3,0,0,1,12,1,1,5,1,37.0,0,1
32,10,2,0,1,12,2,1,5,0,39.0,0,1
9,3,0,0,1,12,1,1,5,3,22.0,0,1
9,3,0,0,1,12,2,1,0,3,30.0,0,1
9,3,0,0,1,12,1,0,5,3,43.0,0,1
9,3,0,0,1,12,1,0,2,1,57.0,0,1
9,3,0,0,1,12,1,0,5,0,52.0,0,1
9,3,0,0,1,12,1,1,5,3,56.0,0,1
9,3,0,0,1,12,0,1,5,0,35.0,0,1
16,19,1,0,1,12,1,1,5,0,22.0,0,1
10,3,0,0,1,12,1,1,5,0,19.0,0,1
9,3,0,0,1,12,1,1,5,3,42.0,0,1
0,16,0,0,1,3,2,1,2,0,16.0,0,1
33,10,2,0,1,5,0,1,0,1,30.0,0,1
10,3,0,0,1,12,0,1,5,0,42.0,0,1
9,3,0,0,1,12,1,1,2,1,37.0,0,1
8,3,0,0,1,0,1,1,4,3,49.5,1,1
9,3,0,0,1,12,1,1,5,1,33.0,0,1
32,10,2,0,1,12,0,1,5,0,62.0,0,1
8,3,0,0,1,12,0,1,5,1,15.0,0,1
16,19,1,0,1,12,1,0,5,3,51.0,0,1
16,19,1,0,1,12,1,1,4,1,36.0,0,1
16,19,1,0,1,12,1,1,5,0,59.0,0,1
16,19,1,0,1,12,1,1,5,1,36.0,0,1
31,7,1,0,1,12,1,0,5,0,32.0,0,1
32,10,2,0,1,12,0,1,5,1,23.0,0,1
9,3,0,0,1,12,1,0,5,3,38.0,0,1
9,3,0,0,1,12,0,0,2,3,36.0,0,1
32,10,2,0,1,12,0,1,5,0,25.0,0,1
9,3,0,0,1,12,1,1,5,0,46.0,0,1
32,10,2,0,1,12,0,1,5,1,40.0,0,1
32,10,2,0,1,12,0,1,5,1,30.0,0,1
9,3,0,0,1,12,1,0,5,0,49.0,0,1
9,3,0,0,1,12,1,1,0,0,53.0,0,1
32,10,2,0,1,12,0,1,5,3,26.0,0,1
21,21,1,1,1,5,0,1,5,1,31.0,0,1
9,3,0,0,1,12,1,1,5,0,61.0,0,1
9,3,0,0,1,12,1,0,5,1,21.0,0,1
32,10,2,0,1,12,0,1,5,3,31.0,0,1
32,10,2,0,1,12,0,1,0,0,33.0,0,1
40,30,2,0,1,3,1,1,2,3,22.0,0,1
8,3,0,0,1,12,1,1,5,0,37.0,0,1
9,3,0,0,1,12,1,1,5,0,49.0,0,1
9,3,0,0,1,12,0,1,0,1,32.0,0,1
8,3,0,0,1,12,1,1,4,3,54.0,0,1
9,3,0,0,1,12,1,1,2,1,23.0,0,1
33,10,2,0,1,12,0,1,4,0,37.0,0,1
32,10,2,0,1,12,0,1,5,1,32.0,0,1
9,3,0,0,1,12,1,0,5,0,34.0,0,1
16,19,1,0,1,12,0,1,5,0,62.0,0,1
32,10,2,0,1,12,0,0,5,3,39.0,0,1
31,7,1,0,1,12,2,1,5,3,18.0,0,1
32,10,2,0,1,12,0,1,5,0,59.0,0,1
9,3,0,0,1,12,1,1,5,0,31.0,0,1
9,3,0,0,1,12,0,0,5,0,37.0,0,1
8,3,0,0,1,12,1,1,2,0,21.0,0,1
9,3,0,0,1,12,1,1,5,3,38.0,0,1
13,5,1,1,1,5,0,1,5,1,55.0,0,1
9,3,0,0,1,12,0,1,5,1,40.0,0,1
32,10,2,0,1,12,0,0,5,1,35.0,0,1
32,10,2,0,1,12,0,1,5,0,32.0,0,1
32,10,2,0,1,12,0,1,5,0,44.0,0,1
9,3,0,0,1,12,1,1,5,3,23.0,0,1
9,3,0,0,1,12,0,0,5,3,43.0,0,1
8,3,0,0,1,3,0,1,5,0,34.0,0,1
16,19,1,0,1,12,1,0,5,1,34.0,0,1
8,3,0,0,1,12,0,1,5,0,15.0,0,1
33,10,2,0,1,12,0,1,5,3,29.0,0,1
16,19,1,0,1,12,1,1,5,0,42.0,0,1
9,3,0,0,1,12,1,1,5,3,31.0,0,1
8,3,0,0,1,5,0,1,0,3,14.0,0,1
9,3,0,0,1,12,0,1,5,0,30.0,0,1
9,3,0,0,1,12,1,0,5,1,39.0,0,1
9,3,0,0,1,12,1,1,5,1,27.0,0,1
8,3,0,0,1,12,2,1,5,0,39.0,0,1
9,3,0,0,1,12,1,0,5,0,39.0,0,1
9,3,0,0,1,12,1,1,5,0,40.0,0,1
9,3,0,0,1,12,0,1,5,0,36.0,0,1
9,3,0,0,1,12,1,0,5,0,35.0,0,1
9,3,0,0,1,12,0,1,5,0,22.0,0,1
9,3,0,0,1,12,1,0,5,1,24.0,0,1
9,3,0,0,1,12,1,1,5,0,18.0,0,1
8,3,0,0,1,12,0,1,0,1,39.0,0,1
9,3,0,0,1,12,1,0,4,0,26.0,0,1
9,3,0,0,1,12,1,1,5,3,50.0,0,1
9,3,0,0,1,12,1,1,5,0,50.0,0,1
32,10,2,0,1,12,0,1,5,1,33.0,0,1
9,3,0,0,1,12,1,1,5,1,53.0,0,1
32,10,2,0,1,12,0,1,5,3,36.0,0,1
9,3,0,0,1,12,2,0,5,1,51.0,0,1
30,28,1,0,1,12,0,1,5,0,54.0,0,1
32,10,2,0,1,12,0,1,4,3,38.0,0,1
9,3,0,0,1,12,0,0,5,1,32.0,0,1
16,19,1,0,1,5,1,0,5,3,34.0,0,1
9,3,0,0,1,12,1,1,5,3,35.0,0,1
8,3,0,0,1,0,0,1,0,3,45.0,0,1
31,7,1,0,1,12,1,0,5,1,49.0,0,1
16,19,1,0,1,12,1,0,0,0,33.5,1,1
9,3,0,0,1,12,1,1,5,0,41.0,0,1
32,10,2,0,1,12,0,1,5,3,30.0,0,1
20,19,1,1,1,12,1,1,2,1,20.0,0,1
16,19,1,0,1,12,0,1,2,1,23.0,0,1
32,10,2,0,1,12,0,1,5,1,36.0,0,1
9,3,0,0,1,12,1,1,0,1,37.0,0,1
9,3,0,0,1,12,1,1,5,0,59.0,0,1
8,3,0,0,1,12,0,1,5,0,26.0,0,1
9,3,0,0,1,12,1,1,5,1,38.0,0,1
9,3,0,0,1,12,1,1,5,0,43.0,0,1
42,1,2,0,0,12,1,1,5,0,31.0,0,1
32,10,2,0,1,12,0,1,2,3,43.0,0,1
8,3,0,0,1,0,0,1,5,1,59.0,0,1
32,10,2,0,1,12,0,0,5,1,31.0,0,1
9,3,0,0,1,12,1,1,0,0,37.0,0,1
31,7,1,0,1,12,1,0,5,3,37.0,0,1
31,7,1,0,1,12,1,1,5,1,23.0,0,1
40,30,2,0,1,3,0,1,4,0,32.0,1,1
32,10,2,0,1,12,0,0,5,0,42.0,0,1
9,3,0,0,1,12,1,0,5,3,22.0,0,1
33,10,2,0,1,5,0,0,0,1,17.0,0,1
32,10,2,0,1,5,0,1,5,0,28.0,0,1
21,21,1,1,1,12,0,0,5,0,29.0,0,1
33,10,2,0,1,12,1,1,4,3,19.0,0,1
8,3,0,0,1,0,2,1,5,0,33.0,0,1
21,21,1,1,1,12,0,1,5,0,29.0,0,1
9,3,0,0,1,12,1,1,2,1,29.0,0,1
32,10,2,0,1,12,0,1,5,3,28.0,0,1
9,3,0,0,1,12,1,1,4,3,28.0,0,1
31,7,1,0,1,12,1,0,2,1,23.0,0,1
16,19,1,0,1,5,0,1,5,0,40.0,0,1
16,19,1,0,1,12,2,0,0,3,28.0,0,1
32,10,2,0,1,12,2,0,5,0,33.0,0,1
25,14,1,1,1,3,1,1,2,1,45.0,0,1
32,10,2,0,1,12,0,1,2,1,24.0,0,1
7,25,1,1,1,12,2,1,5,0,34.0,0,1
16,19,1,0,1,12,0,1,5,0,22.0,0,1
9,3,0,0,1,12,1,1,2,3,32.0,0,1
33,10,2,0,1,12,2,1,4,0,60.0,0,1
9,3,0,0,1,12,1,1,5,1,43.0,0,1
40,30,2,0,1,3,1,1,5,0,37.0,0,1
7,25,1,1,1,3,0,1,5,0,33.0,0,1
9,3,0,0,1,12,2,1,4,3,35.0,0,1
8,3,0,0,1,1,0,1,5,3,39.0,0,1
9,3,0,0,1,12,1,1,5,0,21.0,0,1
31,7,1,0,1,12,0,1,2,1,21.0,0,1
9,3,0,0,1,12,1,1,5,0,41.0,0,1
32,10,2,0,1,12,0,1,5,1,43.0,0,1
32,10,2,0,1,12,2,0,5,0,38.0,0,1
8,3,0,0,1,5,2,1,0,3,25.0,0,1
9,3,0,0,1,12,1,0,5,3,29.0,0,1
23,14,1,1,1,12,2,0,5,3,30.0,0,1
9,3,0,0,1,12,0,1,5,0,31.0,0,1
9,3,0,0,1,12,1,1,4,0,46.0,1,1
21,21,1,1,1,5,0,1,2,1,31.0,0,1
9,3,0,0,1,12,1,1,5,0,66.0,0,1
33,10,2,0,1,12,0,1,5,0,32.0,0,1
9,3,0,0,1,12,1,0,4,3,22.0,0,1
32,10,2,0,1,12,2,1,5,0,35.0,0,1
16,19,1,0,1,12,1,1,5,1,31.0,0,1
9,3,0,0,1,12,1,1,0,3,45.0,0,1
16,19,1,0,1,12,1,1,5,0,28.0,0,1
32,10,2,0,1,5,0,1,5,0,31.0,0,1
31,7,1,0,1,12,0,1,5,3,25.0,0,1
8,3,0,0,1,12,0,1,2,0,59.0,0,1
9,3,0,0,1,12,0,1,2,3,48.0,0,1
9,3,0,0,1,12,0,1,5,1,39.0,0,1
10,3,0,0,1,12,0,0,5,0,33.0,0,1
16,19,1,0,1,12,1,1,2,1,41.0,0,1
8,3,0,0,1,5,0,1,2,1,54.0,0,1
9,3,0,0,1,12,1,1,5,1,33.0,0,1
8,3,0,0,1,12,0,0,5,1,30.0,0,1
7,25,1,1,1,3,0,1,2,1,29.0,0,1
9,3,0,0,1,12,0,0,5,0,40.0,0,1
16,19,1,0,1,12,0,0,5,0,24.0,0,1
9,3,0,0,1,12,0,1,5,0,32.0,0,1
8,3,0,0,1,12,0,1,5,1,36.0,0,1
13,5,1,1,1,12,0,1,5,1,25.0,0,1
9,3,0,0,1,12,1,0,5,0,30.0,0,1
8,3,0,0,1,12,0,1,5,0,16.0,0,1
8,3,0,0,1,12,0,1,0,3,21.0,0,1
9,3,0,0,1,12,1,1,0,1,21.0,0,1
9,3,0,0,1,12,0,0,5,0,21.0,0,1
33,10,2,0,1,12,1,1,0,0,43.5,1,1
9,3,0,0,1,12,1,1,4,0,24.0,0,1
9,3,0,0,1,12,1,1,5,1,57.0,0,1
31,7,1,0,1,12,1,0,5,1,25.0,0,1
31,7,1,0,1,12,1,1,5,0,60.0,0,1
32,10,2,0,1,12,0,1,4,0,32.0,0,1
9,3,0,0,1,12,1,1,4,0,36.0,0,1
16,19,1,0,1,12,0,0,5,0,42.0,0,1
9,3,0,0,1,12,1,0,4,0,46.0,0,1
16,19,1,0,1,12,0,0,5,0,36.0,0,1
8,3,0,0,1,12,0,1,0,1,38.0,0,1
40,30,2,0,1,3,1,1,4,3,32.0,0,1
30,28,1,0,1,12,0,1,5,0,30.0,0,1
9,3,0,0,1,12,0,1,5,0,30.0,0,1
31,7,1,0,1,12,0,1,5,0,27.0,0,1
32,10,2,0,1,3,0,1,2,0,18.5,1,1
9,3,0,0,1,12,1,1,2,1,45.0,0,1
40,30,2,0,1,0,0,1,0,0,28.0,0,1
9,3,0,0,1,12,0,1,2,1,45.0,0,1
32,10,2,0,1,12,0,1,5,1,37.0,0,1
16,19,1,0,1,12,1,0,4,0,38.0,0,1
31,7,1,0,1,12,1,0,5,3,32.0,0,1
9,3,0,0,1,12,0,1,5,1,36.0,0,1
9,3,0,0,1,12,1,0,2,1,32.0,0,1
10,3,0,0,1,12,1,1,4,0,31.0,0,1
9,3,0,0,1,12,1,1,0,1,36.0,0,1
9,3,0,0,1,12,1,1,5,0,44.0,0,1
8,3,0,0,1,12,1,0,5,0,24.0,0,1
9,3,0,0,1,12,1,0,5,3,41.0,0,1
9,3,0,0,1,12,1,1,5,0,31.0,0,1
30,28,1,0,1,12,0,1,5,0,33.0,0,1
32,10,2,0,1,12,0,0,0,3,27.0,0,1
9,3,0,0,1,12,1,1,5,0,35.0,0,1
9,3,0,0,1,12,1,0,5,1,53.0,0,1
33,10,2,0,1,12,1,1,5,1,50.0,0,1
32,10,2,0,1,12,0,1,5,1,36.0,0,1
40,30,2,0,1,3,0,1,4,3,22.0,0,1
9,3,0,0,1,12,1,1,5,0,35.0,0,1
9,3,0,0,1,12,1,0,5,0,28.0,0,1
16,19,1,0,1,12,1,1,5,0,29.0,0,1
8,3,0,0,1,3,0,0,5,0,38.0,0,1
8,3,0,0,1,12,0,1,5,0,33.0,0,1
9,3,0,0,1,12,1,1,5,1,22.0,0,1
8,3,0,0,1,5,0,0,5,0,37.0,0,1
9,3,0,0,1,12,1,0,5,0,48.0,0,1
9,3,0,0,1,12,1,0,5,3,30.0,0,1
31,7,1,0,1,12,1,1,5,3,47.0,0,1
9,3,0,0,1,12,0,1,5,0,41.0,0,1
32,10,2,0,1,12,0,1,5,1,38.0,0,1
32,10,2,0,1,12,0,1,2,3,32.0,0,1
35,23,2,0,1,12,1,0,5,1,35.0,0,1
9,3,0,0,1,12,1,1,5,0,27.0,0,1
16,19,1,0,1,12,1,0,5,0,45.0,0,1
8,3,0,0,1,12,0,0,1,1,22.0,0,1
8,3,0,0,1,12,0,1,5,3,68.0,0,1
8,3,0,0,1,12,0,0,5,0,15.0,0,1
9,3,0,0,1,12,1,1,5,1,31.0,0,1
8,3,0,0,1,12,0,0,5,3,32.0,0,1
9,3,0,0,1,12,1,0,5,0,37.0,0,1
32,10,2,0,1,12,0,1,4,1,41.0,0,1
32,10,2,0,1,12,0,1,0,1,33.0,0,1
40,30,2,0,1,12,0,0,5,3,47.0,0,1
32,10,2,0,1,12,0,1,5,1,33.0,0,1
31,7,1,0,1,12,0,1,2,1,29.0,0,1
8,3,0,0,1,12,0,1,2,1,43.0,0,1
32,10,2,0,1,12,0,1,5,0,33.0,0,1
32,10,2,0,1,12,0,0,5,1,24.0,0,1
9,3,0,0,1,12,1,1,5,3,26.0,0,1
30,28,1,0,1,5,0,1,5,0,33.0,0,1
32,10,2,0,1,12,0,0,5,0,38.0,0,1
13,5,1,1,1,12,0,0,4,1,26.0,0,1
18,19,1,1,1,12,0,1,5,1,66.0,0,1
9,3,0,0,1,12,1,0,5,1,35.0,0,1
8,3,0,0,1,5,0,1,5,0,45.0,0,1
8,3,0,0,1,12,0,0,5,3,50.0,0,1
9,3,0,0,1,12,0,0,5,0,25.0,0,1
16,19,1,0,1,12,1,0,5,0,34.0,0,1
32,10,2,0,1,12,0,1,4,3,31.0,0,1
9,3,0,0,1,12,0,0,0,3,31.0,0,1
13,5,1,1,1,12,0,0,5,1,44.0,0,1
9,3,0,0,1,12,0,0,5,0,30.0,0,1
40,30,2,0,1,3,1,1,0,3,27.0,0,1
13,5,1,1,1,12,0,1,5,0,36.0,0,1
9,3,0,0,1,12,1,1,4,3,23.0,0,1
9,3,0,0,1,12,1,1,4,0,34.0,0,1
9,3,0,0,1,12,1,1,5,1,43.0,0,1
8,3,0,0,1,12,0,0,5,0,49.0,0,1
8,3,0,0,1,12,0,1,5,0,25.0,0,1
32,10,2,0,1,12,0,1,5,1,43.0,0,1
33,10,2,0,1,12,1,1,5,0,52.0,0,1
10,3,0,0,1,12,1,1,4,0,24.0,0,1
9,3,0,0,1,12,0,1,5,0,27.0,0,1
9,3,0,0,1,12,2,1,5,0,28.0,0,1
32,10,2,0,1,12,0,1,5,1,47.0,0,1
31,7,1,0,1,12,0,1,5,0,30.0,0,1
32,10,2,0,1,12,0,1,4,3,37.0,0,1
32,10,2,0,1,12,0,0,5,1,34.0,0,1
9,3,0,0,1,12,1,1,4,0,38.0,0,1
32,10,2,0,1,12,2,1,5,3,31.0,0,1
8,3,0,0,1,12,1,0,0,1,42.0,0,1
13,5,1,1,1,12,0,1,5,0,42.25,1,1
9,3,0,0,1,12,0,1,2,1,53.0,0,1
9,3,0,0,1,12,1,0,0,1,46.0,0,1
9,3,0,0,1,12,1,0,0,1,24.0,0,1
8,3,0,0,1,12,0,1,5,0,60.0,0,1
9,3,0,0,1,12,0,1,0,1,39.0,0,1
13,5,1,1,1,12,0,1,5,0,50.0,0,1
8,3,0,0,1,12,0,1,0,3,40.0,0,1
8,3,0,0,1,5,0,1,5,0,48.0,0,1
9,3,0,0,1,12,1,1,2,1,29.0,0,1
9,3,0,0,1,12,0,1,5,0,36.0,0,1
32,10,2,0,1,12,0,0,5,0,35.0,0,1
30,28,1,0,1,12,0,1,4,3,40.0,0,1
9,3,0,0,1,12,1,1,5,0,55.0,0,1
32,10,2,0,1,12,0,1,5,0,42.0,0,1
9,3,0,0,1,12,1,1,5,0,46.0,0,1
9,3,0,0,1,12,1,0,5,1,33.0,0,1
7,25,1,1,1,5,0,1,2,1,59.0,0,1
30,28,1,0,1,12,0,0,5,0,30.0,0,1
32,10,2,0,1,12,0,1,4,0,31.0,0,1
32,10,2,0,1,12,0,0,5,1,43.0,0,1
32,10,2,0,1,5,0,1,0,1,22.0,0,1
32,10,2,0,1,12,0,0,5,0,44.0,0,1
32,10,2,0,1,12,2,1,5,0,55.0,0,1
32,10,2,0,1,12,2,0,5,0,45.0,0,1
32,10,2,0,1,12,0,1,5,0,22.0,0,1
32,10,2,0,1,12,0,1,5,0,42.0,0,1
32,10,2,0,1,12,0,1,5,1,44.0,0,1
30,28,1,0,1,12,0,1,5,0,36.0,0,1
9,3,0,0,1,12,1,1,5,3,46.0,0,1
30,28,1,0,1,12,0,1,4,3,32.0,0,1
9,3,0,0,1,12,1,1,5,0,33.0,0,1
16,19,1,0,1,12,0,1,5,1,30.0,0,1
9,3,0,0,1,12,0,1,5,1,56.0,0,1
40,30,2,0,1,3,1,1,5,1,25.0,0,1
16,19,1,0,1,12,0,1,5,1,26.0,0,1
16,19,1,0,1,12,0,0,5,0,41.0,0,1
9,3,0,0,1,12,1,1,2,1,35.0,0,1
16,19,1,0,1,12,1,0,5,3,43.0,0,1
9,3,0,0,1,12,0,1,5,3,28.0,0,1
9,3,0,0,1,12,1,1,2,1,52.0,0,1
8,3,0,0,1,12,0,0,0,1,45.0,1,1
31,7,1,0,1,12,1,1,5,0,31.0,0,1
9,3,0,0,1,12,1,1,4,3,47.0,0,1
32,10,2,0,1,12,2,1,5,0,20.0,0,1
33,10,2,0,1,12,1,1,4,3,27.0,0,1
8,3,0,0,1,12,1,1,5,0,45.0,0,1
9,3,0,0,1,12,1,0,5,0,27.0,0,1
9,3,0,0,1,12,0,0,5,3,19.0,0,1
9,3,0,0,1,12,1,0,5,1,75.0,0,1
13,5,1,1,1,12,0,1,5,0,36.0,0,1
9,3,0,0,1,12,1,1,5,1,43.0,0,1
33,10,2,0,1,12,0,0,4,3,22.0,0,1
32,10,2,0,1,12,0,0,5,0,42.0,0,1
9,3,0,0,1,12,1,1,5,0,18.0,0,1
8,3,0,0,1,12,0,0,5,0,16.0,0,1
16,19,1,0,1,12,0,1,5,0,22.0,0,1
32,10,2,0,1,12,0,0,5,1,25.0,0,1
8,3,0,0,1,12,0,1,5,1,83.0,0,1
16,19,1,0,1,12,1,1,5,1,30.0,0,1
8,3,0,0,1,12,0,0,5,0,32.0,0,1
9,3,0,0,1,12,0,0,5,0,34.0,0,1
31,7,1,0,1,12,1,1,5,3,40.0,0,1
9,3,0,0,1,12,0,1,4,3,34.0,0,1
9,3,0,0,1,12,1,0,5,0,21.0,0,1
33,10,2,0,1,12,0,1,5,0,32.5,1,1
9,3,0,0,1,12,0,1,5,1,42.0,0,1
13,5,1,1,1,12,0,1,5,0,28.0,0,1
9,3,0,0,1,12,1,0,0,0,24.0,0,1
31,7,1,0,1,12,1,1,5,0,48.0,0,1
32,10,2,0,1,12,0,1,5,1,42.0,0,1
2,18,0,0,1,12,1,1,4,3,38.0,0,1
8,3,0,0,1,12,1,1,5,0,43.0,0,1
9,3,0,0,1,12,1,0,4,0,63.0,0,1
9,3,0,0,1,12,1,0,5,3,44.0,0,1
32,10,2,0,1,12,0,1,5,0,34.0,0,1
9,3,0,0,1,12,1,0,0,1,24.0,0,1
9,3,0,0,1,12,0,1,5,1,27.0,0,1
40,30,2,0,1,3,0,1,5,0,18.0,0,1
8,3,0,0,1,12,0,1,5,1,26.0,0,1
30,28,1,0,1,5,0,1,4,3,18.0,0,1
9,3,0,0,1,12,1,1,5,3,49.0,0,1
32,10,2,0,1,12,0,1,5,0,37.0,0,1
32,10,2,0,1,12,0,1,4,3,30.0,0,1
32,10,2,0,1,12,0,1,2,3,35.0,0,1
9,3,0,0,1,12,1,1,5,3,54.0,0,1
8,3,0,0,1,12,1,1,2,1,35.0,0,1
2,18,0,0,1,12,0,1,5,0,33.0,0,1
9,3,0,0,1,12,0,1,5,3,26.0,0,1
9,3,0,0,1,12,2,1,2,3,43.0,0,1
9,3,0,0,1,12,1,1,5,1,39.0,0,1
9,3,0,0,1,12,1,0,4,3,25.0,0,1
9,3,0,0,1,12,0,1,5,3,30.0,0,1
16,19,1,0,1,12,1,0,2,1,30.0,0,1
32,10,2,0,1,12,0,1,5,3,30.0,0,1
16,19,1,0,1,12,1,1,5,1,34.0,0,1
32,10,2,0,1,12,0,1,5,3,42.0,0,1
9,3,0,0,1,12,1,1,5,1,23.0,0,1
31,7,1,0,1,12,1,1,5,3,41.0,0,1
9,3,0,0,1,12,1,0,5,1,39.0,0,1
9,3,0,0,1,12,1,1,5,0,39.0,0,1
9,3,0,0,1,12,1,0,5,0,30.0,0,1
9,3,0,0,1,12,0,1,5,3,43.0,0,1
8,3,0,0,1,12,0,1,5,1,32.0,0,1
9,3,0,0,1,12,1,1,0,3,33.0,0,1
9,3,0,0,1,12,1,1,5,0,32.0,0,1
9,3,0,0,1,12,0,1,0,1,35.0,0,1
9,3,0,0,1,12,1,0,5,1,33.0,0,1
9,3,0,0,1,12,1,1,5,0,38.0,0,1
9,3,0,0,1,12,1,1,0,1,51.0,0,1
13,5,1,1,1,12,0,1,5,0,34.0,0,1
9,3,0,0,1,12,1,1,0,0,40.0,0,1
9,3,0,0,1,12,0,1,0,3,22.0,0,1
30,28,1,0,1,12,0,1,4,0,24.0,0,1
8,3,0,0,1,12,1,1,5,3,58.0,0,1
23,14,1,1,1,12,0,0,4,3,43.0,0,1
2,18,0,0,1,12,0,1,2,3,38.0,0,1
30,28,1,0,1,12,2,1,5,0,35.0,0,1
33,10,2,0,1,12,1,0,5,0,26.0,0,1
16,19,1,0,1,12,1,1,2,1,47.0,0,1
32,10,2,0,1,12,0,1,0,1,27.0,0,1
32,10,2,0,1,12,2,1,2,1,51.5,1,1
8,3,0,0,1,12,1,0,5,0,48.0,0,1
9,3,0,0,1,12,1,0,4,0,35.0,0,1
9,3,0,0,1,12,2,1,4,0,25.0,0,1
32,10,2,0,1,12,0,1,0,0,36.0,0,1
32,10,2,0,1,12,0,1,5,0,19.0,0,1
32,10,2,0,1,12,0,1,5,0,44.0,0,1
9,3,0,0,1,12,1,1,4,3,47.0,0,1
9,3,0,0,1,12,1,0,5,0,49.0,0,1
30,28,1,0,1,12,2,0,5,0,34.0,1,1
9,3,0,0,1,12,1,1,5,0,21.0,0,1
8,3,0,0,1,12,0,1,5,0,30.0,0,1
8,3,0,0,1,3,0,1,2,3,20.0,0,1
8,3,0,0,1,5,0,1,4,0,52.0,0,1
32,10,2,0,1,12,0,1,5,0,46.0,0,1
16,19,1,0,1,12,1,1,0,1,33.0,0,1
32,10,2,0,1,12,0,1,2,1,33.0,0,1
16,19,1,0,1,12,1,0,5,3,47.0,0,1
16,19,1,0,1,12,0,1,5,0,30.0,0,1
32,10,2,0,1,12,0,0,0,1,36.0,0,1
9,3,0,0,1,12,1,1,2,3,22.0,0,1
9,3,0,0,1,12,0,1,0,1,31.0,0,1
16,19,1,0,1,12,0,0,5,3,36.0,1,1
18,19,1,1,1,12,0,1,2,1,21.0,0,1
33,10,2,0,1,5,0,1,2,3,44.0,0,1
9,3,0,0,1,12,0,1,2,0,18.0,0,1
16,19,1,0,1,12,0,1,5,1,33.0,0,1
9,3,0,0,1,12,0,1,5,1,35.0,0,1
9,3,0,0,1,12,1,0,5,3,44.0,0,1
31,7,1,0,1,12,1,1,5,0,34.0,0,1
33,10,2,0,1,12,0,1,5,1,32.0,0,1
8,3,0,0,1,12,1,0,5,0,62.0,0,1
9,3,0,0,1,12,1,1,0,1,40.0,0,1
32,10,2,0,1,12,0,1,5,3,30.0,0,1
9,3,0,0,1,12,1,1,5,1,56.0,0,1
30,28,1,0,1,3,0,1,5,0,35.0,0,1
30,28,1,0,1,3,0,1,2,1,30.0,0,1
30,28,1,0,1,12,0,1,5,0,31.0,0,1
32,10,2,0,1,12,2,1,2,1,38.0,0,1
7,25,1,1,1,3,1,1,2,1,37.0,0,1
31,7,1,0,1,12,1,1,5,0,46.0,0,1
30,28,1,0,1,12,0,1,5,0,35.0,0,1
30,28,1,0,1,12,0,1,5,3,37.0,0,1
30,28,1,0,1,3,0,1,2,1,30.0,0,1
16,19,1,0,1,12,1,1,5,0,26.0,0,1
8,3,0,0,1,12,1,1,5,0,64.0,0,1
30,28,1,0,1,12,0,1,5,3,41.0,0,1
9,3,0,0,1,12,1,1,5,0,49.0,0,1
30,28,1,0,1,12,0,0,5,0,32.0,0,1
13,5,1,1,1,12,0,1,5,1,41.0,1,1
31,7,1,0,1,12,1,1,5,3,44.0,0,1
7,25,1,1,1,12,0,0,5,0,40.5,1,1
9,3,0,0,1,12,1,1,5,3,27.0,0,1
20,19,1,1,1,12,1,0,4,3,44.0,0,1
23,14,1,1,1,12,1,1,5,1,38.0,0,1
9,3,0,0,1,12,1,1,5,0,58.0,0,1
32,10,2,0,1,12,0,1,5,0,35.333333333333336,1,1
20,19,1,1,1,12,1,1,5,0,22.0,0,1
32,10,2,0,1,12,0,1,5,1,37.0,0,1
7,25,1,1,1,3,0,1,2,3,44.0,0,1
33,10,2,0,1,12,1,0,5,3,25.0,0,1
30,28,1,0,1,12,2,1,5,0,51.0,0,1
24,14,1,1,1,12,1,1,4,3,57.0,0,1
32,10,2,0,1,12,2,1,5,0,42.0,0,1
32,10,2,0,1,12,0,0,0,0,40.0,1,1
32,10,2,0,1,12,0,0,5,1,26.0,0,1
32,10,2,0,1,12,0,1,4,1,99.0,0,1
32,10,2,0,1,12,0,0,5,1,32.0,0,1
32,10,2,0,1,12,0,1,5,0,33.0,0,1
31,7,1,0,1,12,1,1,5,3,40.0,0,1
32,10,2,0,1,3,0,1,5,1,51.0,0,1
32,10,2,0,1,12,0,1,5,1,26.0,0,1
13,5,1,1,1,12,0,0,5,0,23.0,1,1
33,10,2,0,1,12,1,1,0,1,28.0,0,1
32,10,2,0,1,12,0,0,2,1,38.0,0,1
32,10,2,0,1,12,0,1,5,3,36.0,0,1
32,10,2,0,1,5,0,1,5,1,42.0,0,1
9,3,0,0,1,12,1,1,5,1,41.0,0,1
32,10,2,0,1,12,0,1,5,0,38.0,0,1
33,10,2,0,1,12,1,0,5,0,30.0,0,1
8,3,0,0,1,12,0,1,5,1,33.0,0,1
8,3,0,0,1,12,0,0,0,1,21.0,0,1
32,10,2,0,1,12,2,1,5,0,32.0,0,1
9,3,0,0,1,12,1,1,0,1,33.0,0,1
31,7,1,0,1,12,0,1,5,0,31.0,0,1
9,3,0,0,1,12,1,0,1,1,50.0,0,1
9,3,0,0,1,12,1,0,2,3,41.0,0,1
9,3,0,0,1,12,1,0,2,1,21.0,0,1
1,16,0,0,1,12,0,1,5,1,28.0,0,1
16,19,1,0,1,12,1,1,2,1,38.0,0,1
30,28,1,0,1,12,0,1,4,0,31.0,0,1
9,3,0,0,1,12,1,1,0,3,31.0,0,1
16,19,1,0,1,12,1,0,5,0,24.0,0,1
32,10,2,0,1,12,0,0,0,1,42.5,1,1
8,3,0,0,1,12,0,1,5,0,25.0,0,1
33,10,2,0,1,12,0,0,2,0,19.5,1,1
11,2,1,0,1,12,0,1,5,0,33.0,0,1
32,10,2,0,1,12,0,0,5,0,20.0,0,1
32,10,2,0,1,12,0,1,2,1,62.0,0,1
32,10,2,0,1,0,0,1,2,1,37.0,0,1
18,19,1,1,1,12,0,0,5,3,33.0,0,1
33,10,2,0,1,12,1,1,4,3,38.0,0,1
13,5,1,1,1,12,1,0,5,0,39.0,0,1
9,3,0,0,1,12,1,0,0,1,41.0,0,1
40,30,2,0,1,3,1,1,5,0,23.0,0,1
8,3,0,0,1,12,1,0,5,0,46.0,0,1
9,3,0,0,1,12,1,1,0,1,31.0,0,1
9,3,0,0,1,12,1,1,5,3,47.0,0,1
32,10,2,0,1,12,0,1,5,0,26.5,1,1
30,28,1,0,1,12,0,0,2,1,53.5,1,1
8,3,0,0,1,12,2,0,5,0,40.0,0,1
9,3,0,0,1,12,1,1,5,0,24.0,0,1
31,7,1,0,1,12,2,1,2,1,61.0,0,1
32,10,2,0,1,12,0,0,4,3,32.0,0,1
9,3,0,0,1,12,1,1,0,1,55.0,0,1
8,3,0,0,1,12,0,1,0,1,27.0,0,1
32,10,2,0,1,12,0,0,0,0,32.0,1,1
30,28,1,0,1,12,0,1,5,1,26.0,1,1
8,3,0,0,1,12,0,1,5,0,40.0,0,1
23,14,1,1,1,12,0,1,0,3,41.0,0,1
31,7,1,0,1,12,1,1,5,0,53.0,0,1
32,10,2,0,1,12,0,1,5,0,32.0,0,1
23,14,1,1,1,12,0,1,5,0,33.0,0,1
9,3,0,0,1,12,1,0,5,1,41.0,0,1
8,3,0,0,1,3,0,1,2,1,19.5,1,1
32,10,2,0,1,12,0,1,5,1,34.0,0,1
33,10,2,0,1,12,0,1,5,3,30.0,0,1
29,11,1,1,1,12,1,0,5,1,49.0,0,1
32,10,2,0,1,12,0,1,5,1,30.0,0,1
16,19,1,0,1,12,0,1,4,1,32.0,0,1
30,28,1,0,1,12,0,0,2,3,52.0,0,1
8,3,0,0,1,12,0,1,5,0,20.0,0,1
32,10,2,0,1,12,0,0,5,0,22.0,0,1
33,10,2,0,1,12,1,1,5,0,50.0,0,1
32,10,2,0,1,12,0,1,5,3,21.0,0,1
32,10,2,0,1,12,0,1,5,3,36.0,0,1
16,19,1,0,1,12,0,1,5,0,35.0,0,1
7,25,1,1,1,12,0,1,5,1,30.0,0,1
8,3,0,0,1,12,0,1,5,0,31.0,0,1
9,3,0,0,1,12,1,1,5,0,24.0,0,1
9,3,0,0,1,12,1,1,4,3,41.0,0,1
9,3,0,0,1,12,1,0,0,1,32.5,1,1
21,21,1,1,1,12,0,1,5,0,38.0,0,1
30,28,1,0,1,12,0,1,5,0,35.0,0,1
30,28,1,0,1,12,0,1,5,0,30.0,0,1
30,28,1,0,1,12,0,1,5,0,43.0,0,1
9,3,0,0,1,12,1,1,4,0,29.0,0,1
18,19,1,1,1,12,0,1,2,1,27.0,0,1
16,19,1,0,1,12,0,1,5,0,26.0,0,1
16,19,1,0,1,12,0,0,5,3,27.0,0,1
9,3,0,0,1,12,1,1,5,0,20.0,0,1
30,28,1,0,1,12,0,1,5,1,52.0,0,1
9,3,0,0,1,12,0,1,5,0,40.0,0,1
9,3,0,0,1,12,1,0,5,0,37.0,0,1
31,7,1,0,1,12,1,1,0,1,26.0,0,1
32,10,2,0,1,3,0,1,5,0,22.0,0,1
8,3,0,0,1,12,0,1,0,0,42.0,0,1
32,10,2,0,1,12,0,1,4,3,46.0,0,1
32,10,2,0,1,12,0,1,2,1,39.0,1,1
32,10,2,0,1,12,1,1,5,0,23.0,0,1
8,3,0,0,1,0,0,1,5,0,58.0,0,1
32,10,2,0,1,12,0,0,5,0,42.0,0,1
9,3,0,0,1,12,0,1,5,1,60.0,0,1
8,3,0,0,1,1,0,1,5,0,28.0,0,1
9,3,0,0,1,12,2,1,5,0,17.0,0,1
9,3,0,0,1,12,0,1,5,1,26.0,0,1
9,3,0,0,1,12,0,1,5,0,42.0,0,1
9,3,0,0,1,12,0,1,5,0,66.0,0,1
9,3,0,0,1,12,0,0,5,0,35.0,0,1
9,3,0,0,1,12,1,1,5,1,16.0,0,1
9,3,0,0,1,12,1,1,5,0,61.0,0,1
40,30,2,0,1,5,0,1,5,1,29.0,0,1
9,3,0,0,1,12,2,1,5,0,16.0,0,1
9,3,0,0,1,12,0,1,2,1,40.0,0,1
9,3,0,0,1,0,2,1,5,0,13.0,0,1
9,3,0,0,1,12,0,0,5,0,25.0,0,1
9,3,0,0,1,12,0,0,5,0,46.0,0,1
9,3,0,0,1,12,1,1,5,0,15.0,0,1
9,3,0,0,1,12,0,1,5,0,26.0,0,1
9,3,0,0,1,12,0,0,5,0,37.0,0,1
9,3,0,0,1,12,0,1,5,0,32.0,0,1
9,3,0,0,1,12,0,1,5,0,28.0,0,1
9,3,0,0,1,12,0,1,5,0,49.0,0,1
9,3,0,0,1,12,1,1,5,0,39.0,0,1
30,28,1,0,1,12,0,1,5,0,45.0,0,1
9,3,0,0,1,12,0,1,5,0,28.0,0,1
9,3,0,0,1,12,0,1,5,0,15.0,0,1
9,3,0,0,1,12,1,0,5,0,27.0,0,1
9,3,0,0,1,12,0,1,5,0,60.0,0,1
9,3,0,0,1,12,2,1,0,2,30.0,0,1
9,3,0,0,1,12,2,1,0,2,34.0,0,1
10,3,0,0,1,5,2,1,0,2,33.0,0,1
8,3,0,0,1,0,2,1,0,2,35.0,0,1
9,3,0,0,1,12,0,0,5,0,18.0,0,1
9,3,0,0,1,12,2,0,5,0,15.0,0,1
11,2,1,0,1,12,0,1,5,0,50.0,0,1
32,10,2,0,1,12,2,1,5,0,16.0,0,1
8,3,0,0,1,12,0,1,5,0,19.0,0,1
13,5,1,1,1,12,0,0,5,0,42.0,1,1
32,10,2,0,1,12,0,1,5,0,55.0,0,1
13,5,1,1,1,12,1,1,4,3,32.0,0,1
13,5,1,1,1,12,2,1,5,2,48.0,0,1
9,3,0,0,1,12,2,0,5,2,24.0,0,1
13,5,1,1,1,12,0,1,5,1,33.0,0,1
31,7,1,0,1,12,1,1,5,1,37.0,0,1
33,10,2,0,1,12,0,0,5,0,34.0,0,1
20,19,1,1,1,12,1,1,2,1,42.0,0,1
40,30,2,0,1,3,0,1,4,0,60.0,0,1
30,28,1,0,1,12,0,1,0,0,24.0,0,1
16,19,1,0,1,12,1,0,5,1,50.0,0,1
43,8,2,0,0,12,0,0,5,0,40.0,0,1
31,7,1,0,1,12,0,1,5,0,53.0,0,1
32,10,2,0,1,12,2,1,5,3,16.0,0,1
23,14,1,1,1,12,0,0,4,2,22.0,0,1
16,19,1,0,1,12,0,1,0,1,41.0,0,1
16,19,1,0,1,12,1,1,5,0,47.0,0,1
9,3,0,0,1,12,0,0,5,0,16.5,1,1
18,19,1,1,1,0,2,1,5,0,15.0,1,1
9,3,0,0,1,12,2,1,5,0,13.5,1,1
9,3,0,0,1,12,2,0,5,2,12.0,0,1
16,19,1,0,1,12,1,0,4,0,30.0,1,1
9,3,0,0,1,12,0,1,5,0,19.0,0,1
9,3,0,0,1,12,0,0,5,0,24.0,0,1
9,3,0,0,1,12,1,1,5,1,74.0,0,1
16,19,1,0,1,12,0,1,4,2,43.0,0,1
9,3,0,0,1,12,0,0,5,2,44.0,0,1
16,19,1,0,1,12,0,1,5,0,60.0,0,1
9,3,0,0,1,0,0,0,5,0,23.0,0,1
18,19,1,1,1,12,0,0,2,1,25.0,0,1
9,3,0,0,1,12,0,1,0,1,33.0,0,1
9,3,0,0,1,12,0,1,5,0,39.0,0,1
9,3,0,0,1,12,2,1,5,0,14.0,0,1
9,3,0,0,1,0,2,0,5,0,17.0,0,1
9,3,0,0,1,0,1,0,2,1,38.0,0,1
32,10,2,0,1,12,2,1,5,0,13.0,0,1
9,3,0,0,1,12,0,1,5,0,36.0,0,1
18,19,1,1,1,12,0,1,5,1,29.0,0,1
16,19,1,0,1,12,0,1,5,0,32.0,0,1
16,19,1,0,1,12,1,0,5,1,28.0,0,1
9,3,0,0,1,12,0,0,5,1,40.0,0,1
32,10,2,0,1,12,2,0,5,0,14.0,0,1
16,19,1,0,1,5,0,1,4,0,26.0,0,1
9,3,0,0,1,12,0,1,5,0,46.0,0,1
16,19,1,0,1,12,1,0,5,1,31.0,0,1
9,3,0,0,1,12,0,1,5,0,30.0,0,1
9,3,0,0,1,12,2,1,5,0,12.0,0,1
16,19,1,0,1,12,0,1,5,0,30.0,0,1
16,19,1,0,1,12,1,1,5,0,24.0,0,1
13,5,1,1,1,0,0,0,5,1,18.0,0,1
9,3,0,0,1,12,0,1,5,0,24.0,0,1
16,19,1,0,1,12,0,1,5,1,45.0,0,1
16,19,1,0,1,12,0,1,5,0,44.0,0,1
31,7,1,0,1,0,2,1,5,1,12.0,0,1
9,3,0,0,1,12,0,0,5,0,30.0,0,1
9,3,0,0,1,12,2,0,5,0,15.0,0,1
9,3,0,0,1,12,0,1,2,1,29.0,0,1
18,19,1,1,1,12,1,0,5,0,51.0,0,1
16,19,1,0,1,12,0,1,5,0,19.0,0,1
40,30,2,0,1,8,1,1,5,0,21.0,0,1
18,19,1,1,1,12,0,1,5,0,27.0,0,1
9,3,0,0,1,12,0,1,5,2,53.0,0,1
9,3,0,0,1,12,2,1,5,0,16.0,0,1
9,3,0,0,1,12,2,1,5,0,12.0,0,1
15,19,1,0,1,12,1,0,5,0,38.0,0,1
9,3,0,0,1,12,0,0,5,1,38.0,0,1
16,19,1,0,1,12,0,1,5,1,42.0,0,1
32,10,2,0,1,12,2,1,5,0,13.0,0,1
9,3,0,0,1,12,2,0,4,0,15.0,1,1
9,3,0,0,1,12,2,1,5,0,13.0,1,1
16,19,1,0,1,12,1,0,5,0,38.0,0,1
16,19,1,0,1,12,0,0,4,0,35.0,0,1
9,3,0,0,1,12,0,1,5,0,27.0,0,1
16,19,1,0,1,12,0,1,5,0,40.0,0,1
49,0,2,0,0,12,0,1,5,0,32.0,0,1
9,3,0,0,1,12,0,0,5,2,25.0,0,1
9,3,0,0,1,0,0,0,5,0,30.0,0,1
9,3,0,0,1,0,0,1,5,0,23.0,0,1
9,3,0,0,1,12,2,0,5,3,12.0,0,1
16,19,1,0,1,12,0,1,5,0,35.0,0,1
16,19,1,0,1,12,1,1,4,2,25.0,0,1
16,19,1,0,1,12,1,0,5,0,22.0,0,1
16,19,1,0,1,12,0,1,5,1,25.0,0,1
16,19,1,0,1,12,0,1,5,0,37.0,0,1
16,19,1,0,1,12,0,1,5,0,34.0,0,1
31,7,1,0,1,12,1,1,5,0,19.0,1,1
9,3,0,0,1,12,0,0,5,0,28.0,0,1
9,3,0,0,1,12,0,1,5,0,36.0,0,1
16,19,1,0,1,12,1,0,5,0,35.0,0,1
9,3,0,0,1,12,0,1,5,3,36.0,0,1
2,18,0,0,1,12,0,1,4,2,38.0,0,1
30,28,1,0,1,12,0,1,5,0,27.0,0,1
16,19,1,0,1,12,1,1,2,1,35.0,0,1
45,13,0,0,0,12,2,0,2,1,21.666666666666668,1,1
16,19,1,0,1,12,1,0,5,1,75.0,0,1
16,19,1,0,1,12,0,0,5,1,22.0,0,1
16,19,1,0,1,12,1,0,5,0,51.0,0,1
9,3,0,0,1,12,1,0,2,1,19.0,1,1
49,0,2,0,0,12,0,0,4,2,42.0,1,1
9,3,0,0,1,12,1,0,5,1,20.0,0,1
13,5,1,1,1,12,0,1,5,0,33.0,0,1
9,3,0,0,1,12,0,1,5,0,34.0,0,1
16,19,1,0,1,12,1,0,5,0,27.0,0,1
9,3,0,0,1,12,0,1,5,0,45.0,0,1
16,19,1,0,1,12,1,0,5,1,60.0,0,1
16,19,1,0,1,12,1,1,5,0,37.0,0,1
16,19,1,0,1,12,1,1,5,0,29.0,0,1
16,19,1,0,1,12,1,1,5,0,33.0,0,1
9,3,0,0,1,0,2,0,5,0,14.0,0,1
16,19,1,0,1,12,0,1,3,0,53.0,0,1
16,19,1,0,1,12,0,1,5,0,47.0,0,1
16,19,1,0,1,12,1,0,5,0,33.0,0,1
8,3,0,0,1,5,0,1,5,0,42.0,0,1
18,19,1,1,1,12,2,1,5,0,14.333333333333334,1,1
9,3,0,0,1,12,0,1,5,0,29.0,0,1
9,3,0,0,1,12,2,0,5,0,13.0,0,1
20,19,1,1,1,12,1,1,5,0,44.0,0,1
9,3,0,0,1,12,0,0,5,2,40.0,0,1
13,5,1,1,1,12,0,1,5,0,26.0,0,1
16,19,1,0,1,12,1,0,5,0,38.0,0,1
8,3,0,0,1,10,0,1,5,1,75.0,0,1
16,19,1,0,1,12,1,0,5,0,29.0,0,1
9,3,0,0,1,12,0,1,2,3,30.0,0,1
13,5,1,1,1,12,0,1,5,0,29.0,0,1
9,3,0,0,1,12,0,1,5,0,31.0,0,1
9,3,0,0,1,12,0,1,5,1,40.0,0,1
31,7,1,0,1,0,1,1,5,0,53.0,0,1
2,18,0,0,1,12,0,1,5,0,31.0,0,1
49,0,2,0,0,12,0,1,5,1,50.0,0,1
16,19,1,0,1,12,0,1,5,0,36.0,0,1
16,19,1,0,1,12,0,1,5,1,46.0,0,1
16,19,1,0,1,12,0,0,4,3,29.0,0,1
31,7,1,0,1,12,0,1,5,0,38.0,0,1
8,3,0,0,1,5,0,1,5,1,51.0,0,1
16,19,1,0,1,12,1,1,5,1,26.0,0,1
16,19,1,0,1,12,2,1,5,0,14.0,1,1
9,3,0,0,1,12,2,1,5,0,17.0,0,1
9,3,0,0,1,12,2,1,5,0,15.0,0,1
31,7,1,0,1,12,1,1,5,1,65.0,0,1
9,3,0,0,1,12,0,0,5,1,38.0,0,1
32,10,2,0,1,12,1,0,5,1,17.0,0,1
16,19,1,0,1,12,2,0,5,1,42.0,0,1
8,3,0,0,1,12,2,1,5,0,15.0,0,1
31,7,1,0,1,12,2,1,5,0,36.0,0,1
9,3,0,0,1,12,0,1,5,0,42.0,0,1
8,3,0,0,1,5,2,1,5,0,19.0,0,1
13,5,1,1,1,12,2,1,5,1,41.0,0,1
33,10,2,0,1,12,2,0,5,0,31.0,0,1
47,29,2,0,0,12,0,1,5,0,37.0,0,1
9,3,0,0,1,12,1,1,5,0,14.0,0,1
9,3,0,0,1,12,1,1,5,0,14.0,0,1
9,3,0,0,1,12,2,1,5,1,22.0,0,1
9,3,0,0,1,12,2,1,5,0,20.0,0,1
16,19,1,0,1,12,2,1,5,1,22.0,0,1
9,3,0,0,1,12,2,1,5,0,25.0,0,1
33,10,2,0,1,5,0,1,5,0,31.0,0,1
9,3,0,0,1,12,2,1,5,3,38.0,0,1
9,3,0,0,1,12,2,1,0,2,36.0,0,1
9,3,0,0,1,12,2,1,0,2,42.0,0,1
30,28,1,0,1,12,2,1,5,0,44.0,0,1
25,14,1,1,1,3,0,1,5,1,56.0,0,1
2,18,0,0,1,3,0,1,5,1,49.0,0,1
9,3,0,0,1,12,0,0,5,1,23.0,0,1
21,21,1,1,1,12,0,0,5,1,23.0,0,1
33,10,2,0,1,12,0,0,5,0,31.0,0,1
20,19,1,1,1,12,0,1,5,0,33.5,1,1
21,21,1,1,1,12,0,1,5,0,43.0,0,1
9,3,0,0,1,12,0,0,5,1,33.0,0,1
20,19,1,1,1,12,1,1,5,0,45.5,1,1
9,3,0,0,1,12,0,1,2,0,34.5,1,1
32,10,2,0,1,12,2,0,5,0,32.0,0,1
10,3,0,0,1,12,0,1,5,1,28.0,0,1
9,3,0,0,1,12,1,1,0,1,20.0,0,1
9,3,0,0,1,12,0,0,0,1,40.0,0,1
9,3,0,0,1,12,2,1,5,0,36.0,0,1
9,3,0,0,1,12,2,1,5,1,32.0,0,1
9,3,0,0,1,12,2,1,5,1,24.0,0,1
9,3,0,0,1,12,2,1,5,0,30.0,0,1
9,3,0,0,1,12,0,1,5,1,32.0,0,1
9,3,0,0,1,12,1,0,5,0,39.5,1,1
8,3,0,0,1,12,0,1,5,0,49.0,0,1
49,0,2,0,0,12,2,1,0,2,27.0,0,1
9,3,0,0,1,12,0,1,0,1,26.0,0,1
30,28,1,0,1,12,0,0,0,1,45.0,0,1
17,19,1,1,1,12,1,1,0,1,21.0,0,1
9,3,0,0,1,12,1,0,5,1,50.0,0,1
9,3,0,0,1,12,1,1,0,1,31.0,0,1
32,10,2,0,1,12,0,1,5,1,22.0,0,1
9,3,0,0,1,12,0,1,5,0,42.0,0,1
9,3,0,0,1,12,1,1,5,1,37.0,0,1
9,3,0,0,1,12,1,0,0,2,34.0,0,1
16,19,1,0,1,12,1,1,5,2,48.0,0,1
9,3,0,0,1,12,0,1,0,2,60.0,0,1
9,3,0,0,1,12,0,0,0,1,29.0,0,1
9,3,0,0,1,12,1,1,5,1,30.0,0,1
9,3,0,0,1,12,1,0,5,0,43.0,1,1
9,3,0,0,1,12,1,0,0,1,43.0,0,1
9,3,0,0,1,12,0,0,0,1,27.0,0,1
9,3,0,0,1,12,0,1,5,0,27.0,0,1
9,3,0,0,1,12,1,1,0,1,36.0,0,1
29,11,1,1,1,12,1,0,0,1,38.0,0,1
9,3,0,0,1,12,1,1,0,1,33.0,0,1
9,3,0,0,1,12,1,1,0,1,33.0,0,1
9,3,0,0,1,12,1,0,0,1,24.0,0,1
10,3,0,0,1,12,0,1,0,1,36.0,0,1
9,3,0,0,1,12,0,1,0,1,31.0,0,1
9,3,0,0,1,12,1,1,0,1,42.0,0,1
49,0,2,0,0,12,2,1,0,2,22.0,0,1
16,19,1,0,1,12,1,1,0,1,38.0,0,1
29,11,1,1,1,12,1,0,0,2,18.0,0,1
16,19,1,0,1,12,1,1,0,1,50.0,0,1
8,3,0,0,1,12,0,1,5,2,18.0,0,1
8,3,0,0,1,12,0,0,5,0,36.0,0,1
16,19,1,0,1,12,1,1,0,1,24.0,0,1
16,19,1,0,1,12,1,0,0,1,38.0,0,1
9,3,0,0,1,12,1,0,0,1,49.0,0,1
49,0,2,0,0,12,2,1,0,1,35.0,0,1
9,3,0,0,1,12,1,1,0,1,28.0,0,1
9,3,0,0,1,12,1,0,0,1,49.0,0,1
9,3,0,0,1,12,1,1,0,1,33.0,0,1
16,19,1,0,1,12,1,1,0,1,49.0,0,1
20,19,1,1,1,12,1,1,0,2,42.0,0,1
9,3,0,0,1,12,1,1,0,1,32.0,0,1
20,19,1,1,1,12,1,1,0,2,42.0,0,1
20,19,1,1,1,12,0,1,0,2,42.0,0,1
10,3,0,0,1,12,0,0,0,1,41.0,0,1
9,3,0,0,1,12,0,1,5,0,29.0,0,1
9,3,0,0,1,12,1,0,0,1,31.0,0,1
16,19,1,0,1,12,1,1,0,1,41.0,0,1
9,3,0,0,1,12,0,1,0,1,21.0,0,1
9,3,0,0,1,12,0,1,0,1,43.0,0,1
9,3,0,0,1,12,0,1,0,1,33.0,0,1
23,14,1,1,1,12,1,1,5,0,44.0,0,1
16,19,1,0,1,12,1,1,0,1,55.0,0,1
9,3,0,0,1,12,1,0,0,1,29.0,0,1
9,3,0,0,1,12,0,0,0,1,34.0,0,1
9,3,0,0,1,12,1,1,0,1,20.0,0,1
9,3,0,0,1,12,0,1,0,1,37.0,0,1
9,3,0,0,1,12,0,1,0,1,28.0,0,1
9,3,0,0,1,12,0,1,0,1,39.0,0,1
9,3,0,0,1,12,1,1,5,1,25.0,0,1
16,19,1,0,1,12,0,0,0,1,25.0,0,1
9,3,0,0,1,12,0,0,0,1,35.0,0,1
9,3,0,0,1,5,0,1,0,1,38.0,0,1
9,3,0,0,1,12,2,1,0,1,26.0,0,1
9,3,0,0,1,12,2,0,0,1,21.0,0,1
9,3,0,0,1,12,2,1,0,1,38.0,0,1
33,10,2,0,1,12,1,0,0,1,34.0,0,1
13,5,1,1,1,12,2,1,5,0,17.0,0,1
35,23,2,0,1,12,2,1,5,1,41.0,0,1
2,18,0,0,1,12,2,1,0,1,18.0,0,1
32,10,2,0,1,12,1,0,5,0,14.0,0,1
8,3,0,0,1,12,0,1,0,1,27.0,0,1
9,3,0,0,1,12,2,1,5,0,30.0,0,1
9,3,0,0,1,12,0,1,5,1,34.0,0,1
32,10,2,0,1,12,2,1,5,0,45.0,0,1
40,30,2,0,1,3,1,1,5,1,76.0,0,1
32,10,2,0,1,12,1,0,0,1,15.0,0,1
8,3,0,0,1,12,2,1,5,0,51.0,0,1
9,3,0,0,1,12,1,1,5,1,15.0,0,1
32,10,2,0,1,12,0,0,5,0,58.0,0,1
18,19,1,1,1,12,0,0,2,1,20.0,1,1
30,28,1,0,1,12,0,1,5,1,28.0,0,1
32,10,2,0,1,12,1,1,0,1,13.0,0,1
9,3,0,0,1,12,1,0,5,1,14.0,0,1
9,3,0,0,1,12,0,1,0,1,40.0,0,1
9,3,0,0,1,12,0,1,5,1,39.0,0,1
49,0,2,0,0,12,2,0,5,1,51.0,0,1
9,3,0,0,1,12,0,0,5,1,51.0,0,1
9,3,0,0,1,12,1,1,5,1,17.0,0,1
18,19,1,1,1,12,2,0,0,1,31.0,0,1
9,3,0,0,1,12,2,1,3,1,60.0,0,1
8,3,0,0,1,12,2,1,5,1,26.0,0,1
13,5,1,1,1,12,0,1,5,0,32.0,0,1
31,7,1,0,1,12,0,1,5,1,43.0,0,1
9,3,0,0,1,12,1,0,5,1,51.0,0,1
9,3,0,0,1,12,1,1,0,1,15.0,0,1
20,19,1,1,1,12,1,0,2,1,15.0,0,1
31,7,1,0,1,12,0,0,0,1,38.0,0,1
49,0,2,0,0,12,0,0,0,1,34.0,0,1
9,3,0,0,1,12,1,0,5,1,13.0,0,1
9,3,0,0,1,12,2,1,0,1,36.0,0,1
8,3,0,0,1,12,2,1,5,1,37.0,0,1
9,3,0,0,1,12,0,0,5,0,33.0,0,1
9,3,0,0,1,12,0,1,5,1,40.0,0,1
9,3,0,0,1,12,1,1,5,1,16.0,0,1
9,3,0,0,1,12,0,1,0,1,52.0,0,1
31,7,1,0,1,12,1,1,0,1,45.0,0,1
8,3,0,0,1,12,0,1,5,1,32.0,0,1
33,10,2,0,1,12,0,1,5,1,40.0,0,1
31,7,1,0,1,12,0,1,5,1,21.0,0,1
9,3,0,0,1,12,0,0,5,1,23.0,0,1
9,3,0,0,1,12,2,1,5,1,30.0,0,1
33,10,2,0,1,12,0,1,5,1,35.0,0,1
9,3,0,0,1,12,0,0,5,1,34.0,0,1
9,3,0,0,1,12,0,1,5,0,30.0,0,1
33,10,2,0,1,12,1,1,5,1,43.0,0,1
49,0,2,0,0,12,0,1,5,1,27.0,0,1
33,10,2,0,1,12,2,0,5,1,60.0,0,1
8,3,0,0,1,12,2,1,5,0,35.0,0,1
9,3,0,0,1,12,0,0,5,1,34.0,0,1
9,3,0,0,1,12,0,0,5,2,50.0,0,1
9,3,0,0,1,12,0,1,5,0,17.0,0,1
32,10,2,0,1,12,2,1,5,1,42.0,0,1
49,0,2,0,0,1,0,1,5,2,27.0,0,1
9,3,0,0,1,12,0,1,5,0,21.0,0,1
9,3,0,0,1,12,0,0,5,0,33.0,0,1
9,3,0,0,1,12,0,1,5,0,27.0,0,1
9,3,0,0,1,12,0,0,5,1,30.0,0,1
8,3,0,0,1,12,0,1,5,0,19.0,0,1
8,3,0,0,1,5,0,1,5,1,51.0,0,1
30,28,1,0,1,12,0,0,5,0,23.0,0,1
9,3,0,0,1,12,0,1,5,1,28.0,0,1
32,10,2,0,1,12,2,1,5,1,39.0,0,1
21,21,1,1,1,12,0,0,5,0,31.0,0,1
21,21,1,1,1,12,0,1,5,0,35.5,1,1
32,10,2,0,1,12,0,1,5,0,39.0,0,1
9,3,0,0,1,12,0,1,5,1,53.0,0,1
9,3,0,0,1,12,0,1,5,0,16.0,0,1
31,7,1,0,1,12,1,1,5,0,61.0,0,1
8,3,0,0,1,12,0,0,5,0,31.0,0,1
9,3,0,0,1,12,0,0,5,0,30.0,0,1
49,0,2,0,0,12,1,1,5,1,20.0,0,1
0,16,0,0,1,12,2,1,2,1,23.0,0,1
8,3,0,0,1,12,2,1,5,2,22.0,0,1
8,3,0,0,1,8,2,1,5,0,42.0,0,1
3,26,0,0,1,12,2,1,5,0,27.0,0,1
16,19,1,0,1,12,2,1,5,0,38.0,0,1
23,14,1,1,1,12,1,1,5,0,46.0,0,1
7,25,1,1,1,12,2,1,5,0,25.0,0,1
0,16,0,0,1,12,2,1,5,0,24.0,0,1
16,19,1,0,1,12,1,1,5,0,29.0,0,1
9,3,0,0,1,12,1,0,5,0,37.0,0,1
8,3,0,0,1,3,1,0,4,1,56.0,0,1
1,16,0,0,1,12,2,1,5,0,16.0,0,1
40,30,2,0,1,3,2,1,5,0,33.0,0,1
9,3,0,0,1,12,1,0,5,0,36.0,0,1
9,3,0,0,1,12,1,0,5,0,25.0,0,1
0,16,0,0,1,5,2,1,4,3,87.0,0,1
16,19,1,0,1,12,1,0,5,0,42.0,0,1
32,10,2,0,1,12,2,1,5,0,22.0,0,1
9,3,0,0,1,12,1,0,5,0,24.0,0,1
31,7,1,0,1,12,1,1,5,0,44.0,0,1
9,3,0,0,1,12,2,0,5,0,40.0,0,1
32,10,2,0,1,12,2,1,5,0,33.0,0,1
10,3,0,0,1,12,1,1,5,0,32.0,0,1
9,3,0,0,1,12,2,0,5,0,53.0,0,1
8,3,0,0,1,5,2,0,5,0,44.0,0,1
32,10,2,0,1,12,2,1,5,0,37.0,0,1
9,3,0,0,1,12,2,1,5,0,52.0,0,1
31,7,1,0,1,12,2,1,5,0,54.0,0,1
10,3,0,0,1,12,1,0,5,1,56.0,0,1
32,10,2,0,1,12,2,0,5,0,45.0,0,1
9,3,0,0,1,8,2,1,5,0,31.0,0,1
31,7,1,0,1,12,2,1,5,0,27.0,0,1
8,3,0,0,1,12,2,1,2,3,23.0,0,1
9,3,0,0,1,12,1,0,5,0,30.0,0,1
9,3,0,0,1,12,1,0,5,1,45.0,0,1
40,30,2,0,1,3,2,1,5,0,37.0,0,1
40,30,2,0,1,3,2,1,5,0,64.0,0,1
40,30,2,0,1,3,2,1,5,0,40.0,0,1
9,3,0,0,1,12,1,1,5,0,58.0,0,1
9,3,0,0,1,12,1,1,5,0,26.0,0,1
49,0,2,0,0,12,2,0,5,0,14.75,1,1
16,19,1,0,1,12,1,1,5,0,24.0,0,1
32,10,2,0,1,12,2,1,5,0,62.0,0,1
31,7,1,0,1,12,1,1,5,0,27.0,0,1
40,30,2,0,1,12,2,1,5,0,29.0,0,1
9,3,0,0,1,12,1,0,5,1,37.0,0,1
31,7,1,0,1,12,2,1,5,0,34.0,0,1
32,10,2,0,1,12,0,1,5,0,38.0,0,1
9,3,0,0,1,12,0,1,5,1,36.0,0,1
9,3,0,0,1,12,0,1,5,0,42.0,0,1
9,3,0,0,1,12,0,1,0,3,41.0,0,1
32,10,2,0,1,12,0,1,5,1,25.0,0,1
9,3,0,0,1,12,0,1,0,3,34.0,0,1
8,3,0,0,1,12,0,1,0,3,39.0,0,1
33,10,2,0,1,12,0,1,5,1,34.0,0,1
0,16,0,0,1,3,0,1,0,1,36.0,0,1
9,3,0,0,1,12,0,0,0,3,18.0,0,1
8,3,0,0,1,12,0,0,0,3,37.0,0,1
8,3,0,0,1,12,0,0,0,3,39.0,0,1
32,10,2,0,1,12,0,1,5,0,35.0,0,1
33,10,2,0,1,12,0,0,5,1,47.0,0,1
8,3,0,0,1,5,0,1,0,3,43.0,0,1
32,10,2,0,1,12,0,1,5,0,21.0,0,1
9,3,0,0,1,12,2,1,5,0,45.0,0,1
16,19,1,0,1,12,2,1,5,0,49.0,0,1
32,10,2,0,1,12,2,0,5,0,33.0,0,1
32,10,2,0,1,12,2,0,5,0,23.0,0,1
16,19,1,0,1,12,2,1,4,3,32.0,0,1
8,3,0,0,1,12,2,1,5,0,50.0,0,1
13,5,1,1,1,12,2,1,5,0,25.5,1,1
16,19,1,0,1,12,2,0,5,0,33.0,0,1
8,3,0,0,1,12,2,1,5,0,43.0,0,1
1,16,0,0,1,12,0,0,5,0,22.0,0,1
9,3,0,0,1,12,0,1,0,3,34.0,0,1
9,3,0,0,1,12,0,1,4,0,27.0,0,1
32,10,2,0,1,12,0,0,5,3,63.0,0,1
17,19,1,1,1,12,0,1,4,0,37.0,0,1
16,19,1,0,1,12,1,0,5,1,16.0,0,1
3,26,0,0,1,12,0,1,5,0,23.0,0,1
33,10,2,0,1,12,2,1,0,1,31.0,0,1
9,3,0,0,1,12,1,1,5,1,12.0,0,1
9,3,0,0,1,12,0,0,5,0,48.0,0,1
9,3,0,0,1,12,1,1,5,1,12.0,0,1
9,3,0,0,1,12,2,1,5,1,59.0,0,1
9,3,0,0,1,12,1,0,5,0,15.0,0,1
8,3,0,0,1,12,0,1,5,0,26.0,0,1
13,5,1,1,1,12,0,0,5,0,36.0,1,1
49,0,2,0,0,12,1,1,5,0,28.0,0,1
13,5,1,1,1,12,2,1,5,1,44.0,0,1
9,3,0,0,1,12,2,1,5,0,26.0,0,1
8,3,0,0,1,3,0,1,5,1,47.0,0,1
20,19,1,1,1,12,0,1,5,1,29.0,0,1
8,3,0,0,1,3,0,0,5,0,43.0,0,1
9,3,0,0,1,12,2,1,0,1,30.0,0,1
9,3,0,0,1,12,0,1,0,3,52.0,0,1
32,10,2,0,1,12,0,1,4,3,25.0,0,1
32,10,2,0,1,12,0,1,0,3,29.0,0,1
8,3,0,0,1,12,0,0,5,3,45.0,0,1
32,10,2,0,1,12,0,1,5,0,59.0,0,1
33,10,2,0,1,12,0,0,5,1,35.0,0,1
31,7,1,0,1,12,0,1,0,3,26.0,0,1
32,10,2,0,1,12,0,0,5,3,27.0,1,1
32,10,2,0,1,12,0,1,4,3,41.0,0,1
18,19,1,1,1,12,0,1,5,1,26.0,0,1
33,10,2,0,1,12,0,0,4,0,50.0,0,1
32,10,2,0,1,12,2,0,5,0,52.0,0,1
9,3,0,0,1,12,0,1,5,0,54.0,0,1
13,5,1,1,1,12,0,1,5,0,24.0,0,1
20,19,1,1,1,12,2,1,5,0,37.0,0,1
8,3,0,0,1,12,0,1,5,0,45.0,0,1
31,7,1,0,1,12,2,1,5,0,24.0,0,1
9,3,0,0,1,12,2,1,5,0,61.0,0,1
8,3,0,0,1,12,0,1,5,0,25.0,0,1
9,3,0,0,1,12,0,1,5,0,57.0,0,1
9,3,0,0,1,12,2,1,5,0,43.0,0,1
32,10,2,0,1,12,2,1,5,1,39.0,0,1
16,19,1,0,1,12,1,1,5,0,25.0,0,1
8,3,0,0,1,12,2,1,5,1,50.0,0,1
20,19,1,1,1,12,1,0,5,0,39.5,1,1
8,3,0,0,1,12,2,1,5,0,34.0,0,1
30,28,1,0,1,12,2,1,5,1,32.0,0,1
40,30,2,0,1,3,2,1,5,3,28.0,0,1
8,3,0,0,1,12,2,0,5,1,43.0,0,1
9,3,0,0,1,12,2,1,5,0,26.0,0,1
8,3,0,0,1,3,2,1,5,0,25.0,0,1
9,3,0,0,1,12,2,1,5,0,32.0,0,1
9,3,0,0,1,12,2,1,5,1,23.0,0,1
20,19,1,1,1,12,2,0,5,1,32.0,0,1
49,0,2,0,0,12,2,1,5,0,41.0,0,1
9,3,0,0,1,12,2,1,5,3,23.0,0,1
9,3,0,0,1,12,2,0,5,0,30.0,0,1
32,10,2,0,1,12,2,1,5,0,20.0,0,1
9,3,0,0,1,12,2,1,5,0,36.0,0,1
9,3,0,0,1,12,2,0,0,0,29.0,0,1
32,10,2,0,1,12,0,1,5,3,46.0,0,1
32,10,2,0,1,12,0,0,4,1,28.5,1,1
17,19,1,1,1,12,0,0,5,0,42.0,0,1
9,3,0,0,1,12,0,0,5,1,61.0,0,1
9,3,0,0,1,12,2,0,5,0,35.0,0,1
9,3,0,0,1,12,2,0,5,0,30.0,0,1
8,3,0,0,1,12,2,1,5,1,19.0,0,1
39,4,1,1,1,12,2,1,5,0,31.0,0,1
11,2,1,0,1,12,2,1,5,0,56.0,0,1
40,30,2,0,1,3,1,1,5,0,40.0,0,1
9,3,0,0,1,12,2,1,5,0,24.0,0,1
8,3,0,0,1,12,1,0,5,1,32.0,0,1
31,7,1,0,1,12,2,1,5,0,31.0,0,1
9,3,0,0,1,12,1,1,5,1,28.0,0,1
20,19,1,1,1,12,2,1,5,0,36.0,0,1
32,10,2,0,1,12,2,1,5,0,39.0,0,1
9,3,0,0,1,12,1,1,5,1,31.0,0,1
32,10,2,0,1,12,2,1,5,0,35.0,0,1
8,3,0,0,1,12,2,1,5,1,32.0,0,1
9,3,0,0,1,12,1,1,5,0,48.0,0,1
31,7,1,0,1,12,1,0,5,0,36.0,0,1
40,30,2,0,1,12,2,1,5,0,34.0,0,1
20,19,1,1,1,12,2,1,5,1,35.0,0,1
31,7,1,0,1,12,2,1,5,0,63.0,0,1
8,3,0,0,1,0,2,1,5,3,27.0,0,1
9,3,0,0,1,12,2,0,4,1,37.0,0,1
8,3,0,0,1,12,2,1,2,0,21.0,0,1
9,3,0,0,1,12,2,1,5,1,21.0,0,1
9,3,0,0,1,12,1,1,5,0,26.0,0,1
8,3,0,0,1,12,0,1,0,3,28.0,0,1
32,10,2,0,1,12,0,0,5,0,38.5,1,1
32,10,2,0,1,12,0,0,5,0,45.0,0,1
30,28,1,0,1,12,0,1,5,1,38.0,0,1
9,3,0,0,1,12,1,0,5,0,16.0,0,1
30,28,1,0,1,12,0,1,5,0,32.0,0,1
32,10,2,0,1,12,0,0,5,0,24.0,0,1
32,10,2,0,1,12,0,1,5,0,36.0,0,1
32,10,2,0,1,12,0,1,5,1,41.0,0,1
30,28,1,0,1,12,1,1,5,0,50.0,0,1
32,10,2,0,1,12,0,0,5,0,28.0,0,1
16,19,1,0,1,12,0,1,5,0,25.0,0,1
16,19,1,0,1,12,0,1,5,0,31.0,0,1
49,0,2,0,0,12,0,0,5,1,41.0,0,1
16,19,1,0,1,12,0,0,5,0,31.0,0,1
16,19,1,0,1,12,0,0,5,2,31.0,0,1
30,28,1,0,1,12,2,1,5,1,36.0,0,1
16,19,1,0,1,12,0,1,5,0,23.0,0,1
16,19,1,0,1,12,1,1,5,0,34.0,0,1
16,19,1,0,1,12,1,1,5,0,32.0,0,1
16,19,1,0,1,12,0,1,5,0,29.0,0,1
16,19,1,0,1,12,0,1,5,2,32.0,0,1
16,19,1,0,1,12,0,1,5,0,31.0,0,1
16,19,1,0,1,12,0,0,5,2,36.0,0,1
16,19,1,0,1,12,0,1,5,0,24.0,0,1
16,19,1,0,1,12,0,1,5,2,31.0,0,1
16,19,1,0,1,12,0,0,5,1,62.0,0,1
16,19,1,0,1,12,0,1,5,1,30.0,0,1
16,19,1,0,1,12,0,1,5,0,33.0,0,1
16,19,1,0,1,12,0,0,2,1,21.0,0,1
16,19,1,0,1,12,0,1,5,0,23.0,0,1
16,19,1,0,1,12,0,1,5,0,22.0,0,1
9,3,0,0,1,12,0,1,5,2,34.0,0,1
16,19,1,0,1,12,1,0,5,0,22.0,0,1
16,19,1,0,1,12,0,1,5,1,40.0,0,1
9,3,0,0,1,12,0,0,2,1,35.5,1,1
16,19,1,0,1,12,0,1,2,1,31.0,0,1
16,19,1,0,1,12,0,1,5,1,36.0,0,1
16,19,1,0,1,12,1,0,5,0,28.0,0,1
9,3,0,0,1,12,0,1,5,0,23.0,0,1
8,3,0,0,1,12,0,1,5,0,50.0,0,1
16,19,1,0,1,12,0,1,5,0,36.0,0,1
13,5,1,1,1,12,0,1,5,0,34.0,0,1
49,0,2,0,0,12,2,1,5,1,32.0,0,1
9,3,0,0,1,12,0,1,2,3,21.0,0,1
9,3,0,0,1,12,2,1,0,1,39.0,0,1
9,3,0,0,1,12,2,0,0,1,64.0,0,1
9,3,0,0,1,12,2,1,0,1,43.0,0,1
9,3,0,0,1,12,2,0,0,1,25.0,0,1
32,10,2,0,1,12,1,0,5,1,25.0,0,1
9,3,0,0,1,12,2,1,0,1,21.0,0,1
32,10,2,0,1,12,0,0,5,0,30.0,0,1
9,3,0,0,1,12,2,1,0,1,28.0,0,1
32,10,2,0,1,12,2,0,5,0,40.0,0,1
9,3,0,0,1,12,0,1,0,3,37.0,0,1
9,3,0,0,1,12,1,0,0,1,41.5,1,1
9,3,0,0,1,12,0,0,5,0,30.0,0,1
20,19,1,1,1,12,0,0,5,0,33.0,0,1
9,3,0,0,1,12,0,1,5,0,53.5,1,1
8,3,0,0,1,0,0,0,5,0,53.0,0,1
40,30,2,0,1,12,0,1,2,1,18.0,0,1
32,10,2,0,1,12,2,0,5,0,34.0,0,1
40,30,2,0,1,8,0,1,5,0,41.0,0,1
49,0,2,0,0,12,0,0,5,0,27.0,0,1
9,3,0,0,1,12,0,0,5,0,32.0,0,1
20,19,1,1,1,12,0,1,5,1,36.0,0,1
9,3,0,0,1,12,0,0,5,1,28.0,0,1
32,10,2,0,1,12,0,1,5,0,18.0,0,1
40,30,2,0,1,3,0,1,5,0,26.0,0,1
21,21,1,1,1,12,0,1,5,0,23.0,0,1
8,3,0,0,1,12,0,0,5,1,43.0,0,1
9,3,0,0,1,12,0,1,5,1,46.0,0,1
32,10,2,0,1,12,0,0,5,0,31.5,1,1
8,3,0,0,1,12,0,0,0,2,49.0,0,1
2,18,0,0,1,12,2,1,5,0,21.0,0,1
32,10,2,0,1,12,2,1,5,1,40.0,0,1
32,10,2,0,1,12,2,0,5,1,58.0,0,1
8,3,0,0,1,12,2,1,5,0,33.0,0,1
8,3,0,0,1,12,2,1,5,1,41.0,1,1
32,10,2,0,1,12,2,1,5,1,30.0,0,1
9,3,0,0,1,12,2,1,5,0,32.0,0,1
20,19,1,1,1,12,2,0,5,0,19.0,0,1
16,19,1,0,1,12,2,1,5,0,39.0,1,1
31,7,1,0,1,12,2,0,5,1,38.0,0,1
31,7,1,0,1,12,2,1,5,0,25.0,0,1
9,3,0,0,1,12,2,0,5,0,42.0,0,1
13,5,1,1,1,12,2,0,5,0,43.0,0,1
9,3,0,0,1,12,2,1,5,0,60.0,0,1
9,3,0,0,1,12,2,0,5,0,27.0,0,1
10,3,0,0,1,12,2,1,5,0,31.0,0,1
8,3,0,0,1,12,2,1,5,0,36.0,0,1
29,11,1,1,1,12,2,0,5,1,31.0,1,1
32,10,2,0,1,12,0,1,4,0,51.0,0,1
9,3,0,0,1,12,0,1,5,1,57.0,0,1
32,10,2,0,1,12,0,0,0,2,30.0,0,1
32,10,2,0,1,12,0,1,0,2,41.0,0,1
8,3,0,0,1,12,0,1,0,3,19.0,0,1
30,28,1,0,1,12,0,0,0,2,16.0,1,1
9,3,0,0,1,12,0,1,5,0,42.0,0,1
16,19,1,0,1,12,0,1,5,0,28.0,0,1
9,3,0,0,1,12,1,0,5,3,25.0,0,1
32,10,2,0,1,12,0,1,5,0,41.0,0,1
16,19,1,0,1,12,1,0,5,0,42.0,0,1
9,3,0,0,1,12,1,1,5,0,36.0,0,1
9,3,0,0,1,12,1,1,0,1,31.0,0,1
35,23,2,0,1,12,1,0,4,3,30.0,0,1
22,6,1,0,1,12,0,0,5,1,37.0,0,1
8,3,0,0,1,12,1,1,5,0,58.0,0,1
8,3,0,0,1,12,0,1,0,1,19.0,0,1
16,19,1,0,1,12,0,1,5,0,43.0,0,1
32,10,2,0,1,12,0,1,5,0,39.0,0,1
2,18,0,0,1,12,0,1,5,1,55.0,0,1
9,3,0,0,1,12,1,1,5,0,22.0,0,1
9,3,0,0,1,12,1,1,5,1,30.0,0,1
9,3,0,0,1,12,1,1,4,3,25.0,0,1
8,3,0,0,1,5,0,0,2,3,41.0,0,1
32,10,2,0,1,8,0,1,5,3,43.0,0,1
21,21,1,1,1,12,0,1,3,0,40.0,0,1
32,10,2,0,1,12,0,1,0,1,33.0,0,1
13,5,1,1,1,12,0,1,5,0,43.0,0,1
7,25,1,1,1,5,0,1,5,0,37.0,0,1
8,3,0,0,1,12,0,1,5,1,30.0,0,1
32,10,2,0,1,12,0,1,5,1,35.0,1,1
32,10,2,0,1,12,0,1,0,3,24.0,0,1
8,3,0,0,1,12,0,1,5,3,45.0,0,1
9,3,0,0,1,12,1,0,5,1,47.0,0,1
9,3,0,0,1,12,1,0,5,1,45.0,0,1
16,19,1,0,1,12,1,0,5,3,25.0,0,1
32,10,2,0,1,3,0,0,5,0,52.5,1,1
9,3,0,0,1,12,1,1,5,0,46.0,0,1
31,7,1,0,1,12,0,1,0,1,33.0,0,1
16,19,1,0,1,12,0,1,5,0,33.0,1,1
29,11,1,1,1,12,1,1,5,0,24.0,0,1
16,19,1,0,1,12,0,1,5,0,35.0,0,1
16,19,1,0,1,12,1,0,5,0,39.0,0,1
9,3,0,0,1,12,1,1,5,3,57.0,0,1
9,3,0,0,1,12,0,1,5,3,23.0,0,1
9,3,0,0,1,12,0,0,0,0,26.0,0,1
8,3,0,0,1,12,0,1,5,0,21.0,0,1
33,10,2,0,1,12,0,0,5,3,40.0,1,1
9,3,0,0,1,12,1,1,5,0,51.0,0,1
40,30,2,0,1,12,0,1,5,0,24.0,0,1
8,3,0,0,1,12,0,1,5,0,19.0,0,1
31,7,1,0,1,12,1,1,5,0,25.0,0,1
32,10,2,0,1,12,0,1,5,0,28.0,0,1
9,3,0,0,1,12,1,1,5,3,24.0,0,1
9,3,0,0,1,12,0,0,5,1,51.0,0,1
9,3,0,0,1,12,1,1,5,0,54.0,0,1
9,3,0,0,1,12,0,0,0,0,20.0,0,1
9,3,0,0,1,12,1,1,5,0,33.0,0,1
8,3,0,0,1,12,0,1,5,0,32.0,0,1
16,19,1,0,1,12,1,1,5,0,43.0,0,1
9,3,0,0,1,12,1,0,2,1,36.0,0,1
16,19,1,0,1,12,0,1,5,0,47.5,1,1
9,3,0,0,1,12,1,1,5,1,39.0,0,1
16,19,1,0,1,12,1,0,5,0,49.0,0,1
23,14,1,1,1,12,1,0,2,3,52.0,0,1
9,3,0,0,1,12,1,0,5,1,35.0,0,1
30,28,1,0,1,3,2,1,4,3,15.0,0,1
23,14,1,1,1,12,0,0,5,0,40.0,0,1
9,3,0,0,1,12,1,1,4,0,27.0,0,1
8,3,0,0,1,12,1,1,5,0,24.0,0,1
9,3,0,0,1,12,0,0,0,1,22.0,0,1
9,3,0,0,1,12,1,1,4,1,53.0,0,1
18,19,1,1,1,12,0,0,5,0,40.0,0,1
9,3,0,0,1,12,1,0,5,0,33.0,0,1
8,3,0,0,1,12,0,0,5,0,59.0,0,1
31,7,1,0,1,5,1,1,5,1,55.0,0,1
9,3,0,0,1,12,1,0,5,0,21.0,0,1
33,10,2,0,1,12,1,1,5,1,44.0,0,1
9,3,0,0,1,12,1,0,4,1,42.0,0,1
9,3,0,0,1,12,1,0,5,1,39.0,0,1
30,28,1,0,1,12,2,1,5,3,52.0,0,1
30,28,1,0,1,12,0,1,5,0,38.0,0,1
8,3,0,0,1,12,0,0,5,0,24.0,0,1
9,3,0,0,1,12,1,1,2,1,24.0,0,1
9,3,0,0,1,12,0,1,5,3,28.0,0,1
32,10,2,0,1,12,0,1,5,0,34.0,0,1
13,5,1,1,1,12,2,1,5,0,55.0,0,1
16,19,1,0,1,12,1,0,5,3,44.0,0,1
16,19,1,0,1,12,1,0,5,0,25.0,0,1
9,3,0,0,1,12,0,0,5,0,43.0,0,1
9,3,0,0,1,12,1,0,5,0,34.0,0,1
9,3,0,0,1,12,1,0,5,0,42.0,0,1
8,3,0,0,1,12,1,1,2,3,29.0,0,1
16,19,1,0,1,12,1,0,5,1,45.0,0,1
9,3,0,0,1,12,1,1,5,3,27.0,0,1
8,3,0,0,1,12,1,1,4,1,29.0,0,1
9,3,0,0,1,12,0,1,5,1,28.0,0,1
9,3,0,0,1,12,1,0,5,0,33.0,0,1
9,3,0,0,1,12,1,0,5,1,21.0,0,1
9,3,0,0,1,12,1,0,5,3,29.0,0,1
9,3,0,0,1,12,1,1,5,3,48.0,0,1
9,3,0,0,1,12,1,1,5,3,36.0,0,1
8,3,0,0,1,12,2,0,5,3,28.0,0,1
32,10,2,0,1,12,0,1,5,3,41.666666666666664,1,1
9,3,0,0,1,12,1,1,5,0,45.0,0,1
9,3,0,0,1,12,0,1,5,3,37.0,0,1
9,3,0,0,1,12,1,1,5,1,52.0,0,1
8,3,0,0,1,0,0,1,5,0,30.0,0,1
9,3,0,0,1,12,0,1,4,1,31.0,0,1
9,3,0,0,1,12,1,0,0,1,23.0,0,1
9,3,0,0,1,12,1,0,5,1,37.0,0,1
32,10,2,0,1,12,0,1,5,0,25.0,0,1
31,7,1,0,1,12,1,1,2,1,27.0,0,1
9,3,0,0,1,12,1,0,5,3,31.0,0,1
32,10,2,0,1,12,0,1,5,0,34.0,0,1
9,3,0,0,1,12,0,1,5,0,33.0,0,1
8,3,0,0,1,12,1,0,2,1,47.0,0,1
9,3,0,0,1,12,1,1,5,1,55.0,0,1
9,3,0,0,1,12,1,1,5,0,62.0,0,1
8,3,0,0,1,12,0,1,5,0,26.0,0,1
9,3,0,0,1,12,1,0,2,1,25.0,0,1
9,3,0,0,1,12,1,1,4,3,54.0,0,1
31,7,1,0,1,12,1,1,5,3,60.0,0,1
21,21,1,1,1,12,0,1,0,1,48.0,0,1
32,10,2,0,1,3,0,0,2,1,29.0,0,1
9,3,0,0,1,12,0,0,2,1,22.0,0,1
32,10,2,0,1,12,2,1,5,0,26.0,0,1
9,3,0,0,1,12,1,1,5,0,27.0,0,1
16,19,1,0,1,12,1,1,5,3,54.0,0,1
9,3,0,0,1,12,1,0,5,0,46.0,0,1
9,3,0,0,1,12,1,1,4,0,36.0,0,1
9,3,0,0,1,12,1,1,5,1,54.0,0,1
32,10,2,0,1,12,0,0,0,3,56.0,1,1
8,3,0,0,1,12,0,1,2,3,22.0,0,1
31,7,1,0,1,12,1,0,5,1,23.0,0,1
9,3,0,0,1,12,1,0,5,0,32.0,0,1
9,3,0,0,1,12,0,0,5,3,52.0,0,1
10,3,0,0,1,12,1,0,0,1,33.0,0,1
9,3,0,0,1,12,1,1,5,0,27.0,0,1
9,3,0,0,1,12,1,1,1,3,37.0,0,1
9,3,0,0,1,12,1,0,5,3,37.0,0,1
21,21,1,1,1,12,0,1,5,0,15.333333333333334,1,1
9,3,0,0,1,12,0,1,5,0,34.0,0,1
30,28,1,0,1,12,0,0,5,0,21.0,1,1
9,3,0,0,1,12,1,1,4,0,41.0,0,1
9,3,0,0,1,12,1,1,5,0,40.0,0,1
9,3,0,0,1,12,0,1,5,0,18.0,0,1
32,10,2,0,1,12,0,0,5,0,20.0,0,1
16,19,1,0,1,5,1,0,5,3,24.0,0,1
16,19,1,0,1,12,0,1,2,1,22.0,0,1
8,3,0,0,1,12,0,1,5,0,51.0,0,1
16,19,1,0,1,12,0,0,5,0,29.0,1,1
16,19,1,0,1,12,1,0,0,1,28.0,0,1
8,3,0,0,1,12,0,1,5,0,52.0,0,1
10,3,0,0,1,12,1,1,5,0,27.0,0,1
9,3,0,0,1,12,1,1,4,0,47.0,0,1
9,3,0,0,1,12,0,1,4,3,26.0,0,1
9,3,0,0,1,12,1,0,0,1,19.0,0,1
32,10,2,0,1,12,0,0,5,0,20.5,1,1
16,19,1,0,1,12,1,1,5,3,62.0,0,1
8,3,0,0,1,0,0,1,5,3,62.0,0,1
16,19,1,0,1,12,1,1,0,0,29.0,0,1
31,7,1,0,1,12,1,1,0,1,47.0,0,1
31,7,1,0,1,12,1,1,5,1,36.0,0,1
31,7,1,0,1,12,1,1,5,3,25.0,0,1
9,3,0,0,1,12,1,1,5,3,48.0,0,1
9,3,0,0,1,12,1,0,5,0,18.0,0,1
8,3,0,0,1,12,0,0,5,1,40.0,0,1
9,3,0,0,1,12,1,0,0,3,31.0,0,1
10,3,0,0,1,12,1,1,4,0,21.0,0,1
32,10,2,0,1,12,0,0,5,1,33.0,0,1
16,19,1,0,1,5,0,1,0,3,34.0,0,1
16,19,1,0,1,12,0,1,5,1,57.0,0,1
16,19,1,0,1,12,1,1,0,3,39.0,0,1
32,10,2,0,1,12,0,0,5,1,46.0,0,1
9,3,0,0,1,12,1,0,5,1,35.0,0,1
32,10,2,0,1,12,0,1,4,3,26.0,0,1
40,30,2,0,1,5,0,1,5,3,42.0,0,1
9,3,0,0,1,12,1,1,5,0,23.0,0,1
32,10,2,0,1,12,0,1,5,1,32.0,0,1
16,19,1,0,1,12,0,1,5,0,22.0,0,1
16,19,1,0,1,12,1,0,0,1,34.0,0,1
9,3,0,0,1,12,1,1,5,1,32.0,0,1
17,19,1,1,1,12,1,0,0,3,46.0,0,1
33,10,2,0,1,12,0,0,5,0,34.0,1,1
31,7,1,0,1,12,1,1,5,0,33.0,0,1
31,7,1,0,1,12,0,1,2,1,36.0,0,1
9,3,0,0,1,12,1,1,5,0,39.0,0,1
9,3,0,0,1,12,1,1,4,0,31.0,0,1
8,3,0,0,1,12,0,1,5,0,40.0,0,1
9,3,0,0,1,12,1,0,5,0,16.0,0,1
7,25,1,1,1,3,0,1,2,3,19.0,0,1
7,25,1,1,1,12,0,1,5,3,21.0,0,1
32,10,2,0,1,12,0,0,5,0,33.0,0,1
9,3,0,0,1,12,0,1,5,0,44.0,0,1
9,3,0,0,1,12,0,1,5,1,42.0,0,1
31,7,1,0,1,12,1,1,5,1,62.0,0,1
20,19,1,1,1,12,1,0,5,1,16.0,0,1
16,19,1,0,1,12,1,1,5,1,42.0,0,1
9,3,0,0,1,12,0,1,5,1,42.0,0,1
40,30,2,0,1,12,0,1,5,1,32.0,0,1
23,14,1,1,1,12,0,0,5,3,22.0,0,1
32,10,2,0,1,12,0,1,4,3,30.5,1,1
32,10,2,0,1,12,0,1,0,1,31.0,0,1
31,7,1,0,1,12,1,1,5,0,31.0,0,1
16,19,1,0,1,12,0,0,5,0,33.0,0,1
9,3,0,0,1,12,1,1,5,1,25.0,0,1
9,3,0,0,1,12,1,0,5,0,31.0,0,1
30,28,1,0,1,12,0,1,5,0,14.0,0,1
8,3,0,0,1,12,0,1,5,0,28.0,0,1
16,19,1,0,1,12,1,1,5,0,21.0,0,1
32,10,2,0,1,12,0,0,5,0,22.0,0,1
9,3,0,0,1,12,1,1,0,1,51.0,0,1
32,10,2,0,1,12,0,1,5,0,35.5,1,1
9,3,0,0,1,12,1,1,5,0,39.0,0,1
32,10,2,0,1,12,0,0,4,3,32.0,0,1
32,10,2,0,1,12,0,1,2,1,39.0,0,1
32,10,2,0,1,12,0,1,4,0,46.0,0,1
8,3,0,0,1,3,0,1,2,0,53.0,1,1
32,10,2,0,1,12,0,1,2,1,44.0,0,1
8,3,0,0,1,12,0,1,5,1,39.0,0,1
16,19,1,0,1,12,1,1,0,3,41.0,0,1
32,10,2,0,1,12,0,1,5,0,31.0,0,1
9,3,0,0,1,12,1,0,5,1,36.0,0,1
32,10,2,0,1,12,0,0,5,0,36.0,1,1
9,3,0,0,1,12,1,1,5,0,50.0,0,1
32,10,2,0,1,12,0,1,5,3,18.0,0,1
8,3,0,0,1,3,0,1,5,0,46.0,0,1
32,10,2,0,1,12,1,0,4,3,40.0,0,1
9,3,0,0,1,12,1,0,5,0,48.0,0,1
16,19,1,0,1,12,1,1,4,0,33.0,0,1
9,3,0,0,1,12,0,1,5,0,41.0,0,1
32,10,2,0,1,12,0,1,4,3,28.0,0,1
9,3,0,0,1,12,0,1,5,0,31.0,0,1
9,3,0,0,1,12,0,1,5,3,36.0,0,1
9,3,0,0,1,12,1,1,5,0,25.0,0,1
13,5,1,1,1,12,0,0,5,0,31.0,0,1
9,3,0,0,1,12,1,0,5,3,34.0,0,1
31,7,1,0,1,12,0,1,5,0,41.0,0,1
8,3,0,0,1,12,0,1,5,3,19.0,0,1
8,3,0,0,1,12,1,1,5,0,36.0,0,1
9,3,0,0,1,12,1,0,5,1,33.0,0,1
8,3,0,0,1,12,0,1,5,0,17.0,0,1
8,3,0,0,1,12,0,1,5,0,40.0,0,1
32,10,2,0,1,12,0,0,5,1,38.0,0,1
32,10,2,0,1,12,0,1,5,0,40.0,0,1
8,3,0,0,1,12,0,0,2,1,44.0,0,1
32,10,2,0,1,12,0,1,5,1,50.0,0,1
30,28,1,0,1,12,0,1,5,1,54.0,0,1
32,10,2,0,1,12,0,1,2,3,37.0,0,1
8,3,0,0,1,12,0,0,5,1,37.0,0,1
32,10,2,0,1,12,0,0,5,0,34.0,0,1
23,14,1,1,1,12,0,0,5,0,21.0,0,1
16,19,1,0,1,12,1,1,5,0,37.0,0,1
9,3,0,0,1,12,0,1,2,3,62.0,0,1
8,3,0,0,1,12,0,1,5,1,31.0,0,1
16,19,1,0,1,12,1,0,5,1,40.0,0,1
9,3,0,0,1,12,1,1,5,0,24.0,0,1
8,3,0,0,1,12,0,1,5,1,30.0,0,1
9,3,0,0,1,12,0,0,5,1,18.0,0,1
8,3,0,0,1,12,1,0,5,0,27.5,1,1
9,3,0,0,1,12,1,0,4,1,34.0,0,1
9,3,0,0,1,12,2,1,5,0,40.0,0,1
9,3,0,0,1,12,1,0,5,0,43.0,0,1
8,3,0,0,1,12,0,0,4,3,36.0,0,1
8,3,0,0,1,5,0,1,5,0,36.0,0,1
31,7,1,0,1,12,1,0,5,1,24.0,0,1
31,7,1,0,1,12,0,1,5,0,35.0,0,1
8,3,0,0,1,12,0,1,5,0,38.0,0,1
9,3,0,0,1,12,1,0,4,3,39.0,0,1
9,3,0,0,1,12,1,1,2,3,33.0,0,1
9,3,0,0,1,12,0,1,5,0,54.0,0,1
32,10,2,0,1,12,0,1,5,1,38.0,0,1
31,7,1,0,1,12,1,1,5,0,41.0,0,1
16,19,1,0,1,12,0,1,5,0,44.0,0,1
32,10,2,0,1,12,0,1,5,0,58.0,0,1
31,7,1,0,1,12,1,1,5,3,51.0,0,1
8,3,0,0,1,12,0,1,5,0,43.0,0,1
30,28,1,0,1,12,0,0,5,0,29.5,1,1
8,3,0,0,1,12,1,0,0,1,31.0,0,1
9,3,0,0,1,12,1,1,4,3,26.0,0,1
16,19,1,0,1,12,1,0,4,3,42.0,0,1
9,3,0,0,1,12,1,1,2,3,37.0,0,1
9,3,0,0,1,12,1,0,4,0,50.0,0,1
9,3,0,0,1,12,1,1,5,0,36.0,0,1
31,7,1,0,1,12,1,1,5,1,40.0,0,1
30,28,1,0,1,3,0,1,5,3,32.0,0,1
32,10,2,0,1,12,0,1,5,0,54.0,0,1
8,3,0,0,1,3,0,1,5,0,26.0,0,1
9,3,0,0,1,12,1,0,4,3,50.0,0,1
9,3,0,0,1,12,1,1,5,3,38.0,0,1
33,10,2,0,1,12,0,0,5,3,25.0,0,1
9,3,0,0,1,12,2,1,2,1,23.0,0,1
9,3,0,0,1,12,1,1,5,1,39.0,0,1
30,28,1,0,1,3,0,0,5,1,30.0,0,1
32,10,2,0,1,12,0,1,5,0,33.0,0,1
32,10,2,0,1,12,0,1,5,0,20.0,0,1
32,10,2,0,1,12,0,0,5,0,29.0,0,1
9,3,0,0,1,12,1,1,5,0,46.0,0,1
8,3,0,0,1,12,1,1,5,0,28.0,0,1
16,19,1,0,1,5,0,0,5,0,34.0,1,1
13,5,1,1,1,12,0,0,5,0,51.0,0,1
9,3,0,0,1,12,0,1,5,0,23.0,0,1
17,19,1,1,1,12,1,1,5,0,29.0,0,1
8,3,0,0,1,12,0,0,5,1,36.0,0,1
18,19,1,1,1,12,0,1,5,3,28.0,0,1
9,3,0,0,1,12,1,1,0,3,40.0,0,1
9,3,0,0,1,12,1,0,5,0,56.0,0,1
9,3,0,0,1,12,1,0,5,0,31.0,0,1
9,3,0,0,1,12,1,0,5,1,64.0,0,1
20,19,1,1,1,12,1,1,5,0,38.0,0,1
13,5,1,1,1,12,0,1,5,0,32.0,0,1
9,3,0,0,1,12,1,1,5,0,25.0,0,1
8,3,0,0,1,5,0,0,5,3,32.0,0,1
30,28,1,0,1,12,0,1,5,0,31.0,0,1
9,3,0,0,1,12,1,0,2,1,28.0,0,1
32,10,2,0,1,3,0,0,2,1,29.0,0,1
35,23,2,0,1,12,1,0,4,1,33.0,0,1
9,3,0,0,1,12,1,1,0,1,33.0,0,1
23,14,1,1,1,12,1,0,4,0,38.0,0,1
20,19,1,1,1,12,1,1,5,3,48.0,0,1
32,10,2,0,1,12,0,1,5,0,42.0,0,1
9,3,0,0,1,12,1,1,0,3,26.0,0,1
22,6,1,0,1,12,0,0,5,0,27.0,0,1
16,19,1,0,1,12,1,1,4,1,36.0,0,1
16,19,1,0,1,12,0,1,5,1,26.0,0,1
16,19,1,0,1,12,0,0,5,1,41.0,0,1
9,3,0,0,1,12,1,1,5,0,23.0,0,1
9,3,0,0,1,12,0,1,5,0,25.0,0,1
16,19,1,0,1,12,0,1,5,1,34.0,0,1
9,3,0,0,1,12,1,1,0,0,23.0,0,1
16,19,1,0,1,12,1,1,5,0,32.0,0,1
8,3,0,0,1,12,1,1,5,0,29.0,0,1
8,3,0,0,1,12,0,1,5,0,25.0,0,1
32,10,2,0,1,12,0,1,5,0,43.0,0,1
9,3,0,0,1,12,1,1,5,3,39.0,0,1
33,10,2,0,1,12,1,1,5,3,33.0,0,1
9,3,0,0,1,12,1,1,2,1,60.0,0,1
31,7,1,0,1,3,1,1,5,0,47.0,0,1
9,3,0,0,1,12,1,1,2,1,46.0,0,1
13,5,1,1,1,12,0,1,5,3,47.0,0,1
32,10,2,0,1,12,0,1,4,3,40.0,0,1
9,3,0,0,1,12,0,1,5,0,27.0,0,1
33,10,2,0,1,12,0,0,0,1,20.0,0,1
9,3,0,0,1,12,1,1,5,0,25.0,0,1
16,19,1,0,1,12,1,1,5,3,21.0,0,1
7,25,1,1,1,12,0,1,5,0,34.0,0,1
9,3,0,0,1,12,1,1,0,1,32.0,0,1
40,30,2,0,1,12,2,1,5,0,22.0,0,1
16,19,1,0,1,12,1,0,4,3,60.0,0,1
32,10,2,0,1,5,0,0,5,0,37.0,0,1
16,19,1,0,1,12,0,1,5,0,34.5,1,1
16,19,1,0,1,12,1,1,5,3,51.0,0,1
32,10,2,0,1,12,0,0,4,3,31.0,0,1
16,19,1,0,1,12,1,1,5,3,42.0,0,1
32,10,2,0,1,12,2,0,5,1,33.0,0,1
9,3,0,0,1,12,1,1,5,0,24.0,1,1
9,3,0,0,1,12,1,1,5,1,45.0,0,1
9,3,0,0,1,12,1,0,4,3,26.0,0,1
9,3,0,0,1,12,1,0,0,3,27.0,0,1
30,28,1,0,1,3,2,1,5,0,38.0,0,1
31,7,1,0,1,12,1,0,5,3,46.0,0,1
32,10,2,0,1,12,0,1,5,1,46.0,0,1
9,3,0,0,1,12,1,1,5,0,25.0,0,1
20,19,1,1,1,12,1,0,4,3,31.0,0,1
31,7,1,0,1,12,1,1,5,1,28.0,0,1
9,3,0,0,1,12,1,0,5,3,21.0,0,1
32,10,2,0,1,12,0,1,5,0,32.0,0,1
40,30,2,0,1,12,2,1,5,0,19.0,0,1
9,3,0,0,1,12,0,1,5,0,49.0,0,1
9,3,0,0,1,12,1,0,5,3,52.0,0,1
33,10,2,0,1,5,0,1,5,3,56.0,0,1
9,3,0,0,1,12,1,1,2,1,25.0,0,1
32,10,2,0,1,12,0,0,5,0,37.5,1,1
8,3,0,0,1,3,0,1,2,1,58.0,0,1
9,3,0,0,1,12,1,1,5,0,24.0,0,1
9,3,0,0,1,12,0,0,2,3,53.0,0,1
9,3,0,0,1,12,1,1,5,0,28.0,0,1
9,3,0,0,1,12,1,0,5,3,17.0,0,1
8,3,0,0,1,12,0,1,5,1,43.0,0,1
8,3,0,0,1,12,0,1,5,3,44.0,0,1
9,3,0,0,1,12,0,1,5,0,27.0,0,1
9,3,0,0,1,12,0,0,5,0,45.0,0,1
9,3,0,0,1,12,0,1,4,0,37.0,0,1
9,3,0,0,1,12,1,0,0,1,21.0,0,1
9,3,0,0,1,12,0,1,5,0,40.0,0,1
8,3,0,0,1,3,0,1,2,1,47.5,1,1
40,30,2,0,1,4,0,1,4,3,25.0,0,1
8,3,0,0,1,12,0,1,0,1,28.0,0,1
9,3,0,0,1,12,1,1,2,3,26.0,0,1
17,19,1,1,1,12,1,1,4,3,27.0,0,1
9,3,0,0,1,12,1,1,5,0,32.0,0,1
33,10,2,0,1,12,2,1,5,0,32.0,0,1
9,3,0,0,1,12,1,1,5,3,54.0,0,1
9,3,0,0,1,12,1,0,2,3,50.0,0,1
9,3,0,0,1,12,1,0,5,1,37.0,0,1
8,3,0,0,1,12,1,1,5,0,37.0,0,1
8,3,0,0,1,3,0,1,5,1,31.0,0,1
8,3,0,0,1,5,0,1,2,1,17.0,0,1
10,3,0,0,1,12,1,1,5,0,46.0,0,1
9,3,0,0,1,12,1,1,5,0,27.0,0,1
9,3,0,0,1,12,0,1,5,3,36.0,0,1
9,3,0,0,1,12,1,1,2,1,31.0,0,1
2,18,0,0,1,12,0,1,2,3,31.0,0,1
8,3,0,0,1,12,0,1,0,1,23.0,0,1
31,7,1,0,1,12,1,1,5,3,21.0,0,1
9,3,0,0,1,12,1,1,5,3,39.0,0,1
9,3,0,0,1,12,1,1,0,1,27.0,0,1
8,3,0,0,1,12,0,0,5,3,59.0,0,1
31,7,1,0,1,12,1,1,0,3,36.0,0,1
9,3,0,0,1,12,1,1,5,1,18.0,0,1
2,18,0,0,1,12,0,1,5,1,27.0,0,1
9,3,0,0,1,12,1,0,5,0,32.0,0,1
31,7,1,0,1,12,0,0,5,0,39.0,0,1
9,3,0,0,1,12,1,1,5,3,57.0,0,1
8,3,0,0,1,12,0,0,0,1,54.0,0,1
32,10,2,0,1,12,0,0,5,0,25.666666666666668,1,1
9,3,0,0,1,12,0,1,0,3,30.0,0,1
9,3,0,0,1,12,1,1,4,3,25.0,0,1
8,3,0,0,1,12,0,1,5,0,14.0,0,1
9,3,0,0,1,12,0,0,0,3,23.0,0,1
33,10,2,0,1,12,1,0,5,1,25.0,0,1
32,10,2,0,1,3,0,1,5,3,29.0,0,1
9,3,0,0,1,12,1,1,0,0,46.0,0,1
9,3,0,0,1,12,1,0,5,3,43.0,0,1
16,19,1,0,1,12,1,1,5,3,37.0,0,1
9,3,0,0,1,12,1,1,5,0,38.0,0,1
9,3,0,0,1,12,1,0,4,0,21.5,1,1
32,10,2,0,1,12,0,1,2,1,30.0,0,1
31,7,1,0,1,12,1,1,5,3,31.0,0,1
33,10,2,0,1,12,1,1,5,0,49.0,0,1
16,19,1,0,1,12,1,0,5,1,28.0,0,1
9,3,0,0,1,12,1,1,2,1,55.0,0,1
8,3,0,0,1,5,0,1,0,0,53.0,0,1
9,3,0,0,1,12,0,1,2,1,43.0,0,1
8,3,0,0,1,12,0,0,5,0,44.0,0,1
9,3,0,0,1,12,1,0,4,3,21.0,0,1
9,3,0,0,1,12,0,1,5,0,22.0,0,1
16,19,1,0,1,12,1,0,2,3,40.0,0,1
9,3,0,0,1,12,1,0,5,1,30.0,0,1
9,3,0,0,1,12,1,0,4,3,23.666666666666668,1,1
20,19,1,1,1,12,1,0,5,0,39.0,0,1
8,3,0,0,1,12,1,0,5,1,24.0,0,1
9,3,0,0,1,12,1,0,5,0,37.0,0,1
8,3,0,0,1,12,0,0,5,1,43.0,0,1
32,10,2,0,1,12,0,0,0,1,34.0,0,1
30,28,1,0,1,12,0,1,5,1,29.0,0,1
32,10,2,0,1,12,0,1,4,0,42.0,0,1
32,10,2,0,1,3,0,0,5,0,36.0,0,1
32,10,2,0,1,12,0,1,5,0,38.0,0,1
8,3,0,0,1,12,0,1,0,1,21.0,0,1
32,10,2,0,1,12,0,1,5,1,41.0,0,1
18,19,1,1,1,12,0,1,5,1,20.0,1,1
16,19,1,0,1,12,1,0,5,1,45.0,0,1
32,10,2,0,1,12,0,1,5,1,49.0,0,1
33,10,2,0,1,12,0,0,0,3,32.0,0,1
8,3,0,0,1,12,0,1,4,0,44.0,0,1
9,3,0,0,1,12,1,1,5,1,37.0,0,1
32,10,2,0,1,12,0,1,5,3,40.0,0,1
16,19,1,0,1,12,0,1,0,3,29.0,0,1
9,3,0,0,1,12,0,1,5,0,47.0,0,1
33,10,2,0,1,12,1,1,5,0,33.0,0,1
30,28,1,0,1,12,0,1,5,1,37.0,0,1
31,7,1,0,1,12,1,0,0,3,34.0,0,1
13,5,1,1,1,5,0,1,5,0,26.0,0,1
9,3,0,0,1,12,1,0,0,3,24.0,0,1
40,30,2,0,1,12,0,1,5,3,33.0,0,1
9,3,0,0,1,12,1,1,5,1,38.0,0,1
18,19,1,1,1,12,0,1,5,0,51.0,0,1
9,3,0,0,1,12,0,1,5,0,40.0,0,1
10,3,0,0,1,12,1,1,5,1,43.0,0,1
16,19,1,0,1,12,0,1,2,3,24.0,0,1
21,21,1,1,1,12,0,1,5,1,31.0,0,1
16,19,1,0,1,12,1,0,5,1,49.0,1,1
10,3,0,0,1,12,1,1,5,0,36.0,0,1
9,3,0,0,1,12,1,1,2,1,33.0,0,1
31,7,1,0,1,12,1,1,2,3,58.0,0,1
9,3,0,0,1,12,1,1,5,0,27.0,0,1
33,10,2,0,1,12,1,0,5,3,33.5,1,1
30,28,1,0,1,12,0,0,2,0,35.5,1,1
8,3,0,0,1,12,0,1,5,0,23.0,0,1
9,3,0,0,1,12,1,1,1,1,25.0,0,1
9,3,0,0,1,12,0,0,5,1,28.0,0,1
9,3,0,0,1,12,0,0,5,3,46.0,0,1
8,3,0,0,1,12,0,0,4,3,28.0,0,1
30,28,1,0,1,12,0,1,5,1,30.0,0,1
8,3,0,0,1,5,0,1,5,1,21.0,0,1
18,19,1,1,1,12,0,1,5,0,34.0,0,1
30,28,1,0,1,12,0,0,4,0,35.0,1,1
40,30,2,0,1,9,1,1,4,3,22.0,0,1
32,10,2,0,1,12,0,1,4,1,44.0,0,1
32,10,2,0,1,12,2,1,0,0,42.0,0,1
13,5,1,1,1,12,2,1,5,1,29.0,0,1
33,10,2,0,1,12,0,0,5,0,40.0,0,1
32,10,2,0,1,12,0,1,5,1,38.0,0,1
9,3,0,0,1,12,1,0,0,1,41.0,0,1
32,10,2,0,1,12,0,0,4,0,39.0,0,1
40,30,2,0,1,12,1,1,2,0,38.0,0,1
32,10,2,0,1,12,0,1,5,0,44.0,0,1
9,3,0,0,1,12,1,0,4,3,39.0,0,1
32,10,2,0,1,12,0,0,5,0,47.5,1,1
9,3,0,0,1,12,0,1,5,0,46.0,0,1
32,10,2,0,1,12,0,1,5,0,42.0,0,1
0,16,0,0,1,12,2,1,2,3,37.0,0,1
23,14,1,1,1,12,1,1,5,0,38.0,0,1
9,3,0,0,1,12,1,1,5,0,40.0,0,1
13,5,1,1,1,0,0,0,5,0,31.5,1,1
10,3,0,0,1,12,1,1,5,0,37.0,0,1
31,7,1,0,1,12,1,0,5,0,43.0,0,1
32,10,2,0,1,12,0,1,5,0,22.0,0,1
18,19,1,1,1,12,0,1,5,0,27.0,0,1
32,10,2,0,1,3,0,1,2,1,24.0,0,1
21,21,1,1,1,12,0,1,5,0,47.0,0,1
30,28,1,0,1,12,0,1,5,0,40.0,0,1
40,30,2,0,1,0,1,1,5,0,26.333333333333332,1,1
40,30,2,0,1,3,0,1,5,0,16.0,0,1
32,10,2,0,1,12,0,0,4,0,52.0,0,1
33,10,2,0,1,12,0,0,0,0,31.666666666666668,1,1
9,3,0,0,1,12,1,1,5,1,47.0,0,1
9,3,0,0,1,12,1,1,5,0,18.0,0,1
32,10,2,0,1,12,1,1,2,3,35.0,0,1
16,19,1,0,1,12,0,1,5,0,48.0,0,1
9,3,0,0,1,12,1,1,5,0,21.0,0,1
30,28,1,0,1,12,0,1,5,0,31.0,0,1
9,3,0,0,1,12,1,1,5,0,31.0,0,1
9,3,0,0,1,12,0,0,5,1,21.0,0,1
9,3,0,0,1,12,1,0,0,1,23.0,0,1
9,3,0,0,1,12,1,0,4,3,42.0,0,1
10,3,0,0,1,12,0,1,5,0,36.0,0,1
30,28,1,0,1,12,0,0,5,0,27.0,1,1
9,3,0,0,1,12,1,0,5,3,29.0,0,1
32,10,2,0,1,12,0,1,5,0,36.0,0,1
9,3,0,0,1,12,1,0,4,3,27.0,0,1
8,3,0,0,1,12,0,0,0,1,39.0,0,1
30,28,1,0,1,12,0,1,5,1,23.0,0,1
32,10,2,0,1,12,0,1,5,0,41.0,0,1
32,10,2,0,1,12,0,1,0,3,40.0,0,1
9,3,0,0,1,12,0,1,0,1,34.0,0,1
16,19,1,0,1,12,0,0,5,1,18.5,1,1
8,3,0,0,1,12,0,1,0,1,36.0,0,1
18,19,1,1,1,12,0,1,1,1,41.0,0,1
9,3,0,0,1,12,1,1,4,3,31.0,0,1
2,18,0,0,1,12,0,1,4,3,23.0,0,1
16,19,1,0,1,12,1,0,5,0,30.0,0,1
9,3,0,0,1,12,1,1,5,1,47.0,0,1
8,3,0,0,1,12,1,1,5,0,29.0,0,1
32,10,2,0,1,3,0,0,5,3,30.0,1,1
16,19,1,0,1,12,1,0,5,0,27.0,0,1
9,3,0,0,1,12,1,0,2,1,25.0,0,1
8,3,0,0,1,12,0,0,0,1,69.0,0,1
9,3,0,0,1,12,1,1,5,3,24.0,0,1
33,10,2,0,1,12,0,1,2,1,32.0,0,1
8,3,0,0,1,12,1,1,4,3,55.0,0,1
32,10,2,0,1,12,2,1,5,0,31.0,0,1
16,19,1,0,1,12,0,0,0,1,30.0,0,1
8,3,0,0,1,3,0,1,5,3,35.0,0,1
30,28,1,0,1,12,0,1,5,0,29.0,0,1
23,14,1,1,1,12,1,1,2,3,26.0,0,1
9,3,0,0,1,12,1,0,4,3,71.0,0,1
30,28,1,0,1,5,0,1,5,0,39.0,0,1
9,3,0,0,1,12,1,1,2,1,21.0,0,1
32,10,2,0,1,12,0,1,2,1,40.5,1,1
2,18,0,0,1,12,0,1,5,3,45.0,0,1
8,3,0,0,1,5,0,1,5,3,51.0,0,1
9,3,0,0,1,12,1,1,2,1,25.0,0,1
10,3,0,0,1,12,1,1,5,3,49.0,0,1
9,3,0,0,1,12,0,1,4,0,41.0,1,1
32,10,2,0,1,12,2,1,5,3,59.0,0,1
8,3,0,0,1,12,1,1,5,3,40.0,0,1
32,10,2,0,1,12,0,0,2,1,37.0,0,1
9,3,0,0,1,12,1,1,4,3,26.0,0,1
20,19,1,1,1,12,1,0,5,0,64.0,0,1
9,3,0,0,1,12,1,0,0,3,20.0,0,1
8,3,0,0,1,12,0,1,5,0,24.0,0,1
32,10,2,0,1,5,0,1,5,0,23.0,0,1
8,3,0,0,1,12,0,1,5,1,25.0,0,1
8,3,0,0,1,9,0,1,0,3,21.0,0,1
9,3,0,0,1,12,1,1,5,0,36.0,0,1
9,3,0,0,1,12,1,1,4,1,17.0,0,1
9,3,0,0,1,12,1,1,5,3,38.0,0,1
9,3,0,0,1,12,0,0,5,0,18.0,0,1
10,3,0,0,1,12,0,1,5,1,31.0,0,1
8,3,0,0,1,12,0,1,5,1,60.0,0,1
9,3,0,0,1,12,1,1,4,3,30.0,0,1
9,3,0,0,1,12,1,0,5,1,23.0,0,1
8,3,0,0,1,12,0,1,2,3,35.0,0,1
31,7,1,0,1,12,1,0,5,3,24.0,0,1
40,30,2,0,1,12,0,1,5,0,41.0,0,1
31,7,1,0,1,12,1,0,5,3,25.0,0,1
9,3,0,0,1,12,1,1,5,0,30.0,0,1
31,7,1,0,1,12,0,0,5,0,25.0,0,1
9,3,0,0,1,12,1,0,5,0,37.0,0,1
8,3,0,0,1,5,0,1,4,3,15.0,0,1
32,10,2,0,1,12,0,1,5,1,40.0,0,1
8,3,0,0,1,12,0,1,5,0,22.0,0,1
9,3,0,0,1,12,1,1,2,1,29.0,0,1
31,7,1,0,1,12,0,1,5,1,46.0,0,1
9,3,0,0,1,12,1,1,2,1,58.0,0,1
9,3,0,0,1,12,1,0,5,0,21.0,0,1
20,19,1,1,1,12,1,0,5,1,63.0,0,1
9,3,0,0,1,12,1,0,2,1,30.0,0,1
30,28,1,0,1,12,0,1,5,0,47.0,0,1
32,10,2,0,1,12,0,1,2,1,20.0,0,1
8,3,0,0,1,12,0,1,5,1,20.0,0,1
9,3,0,0,1,12,0,0,5,0,46.0,0,1
20,19,1,1,1,12,1,1,5,1,30.0,0,1
16,19,1,0,1,12,0,0,0,1,36.0,0,1
23,14,1,1,1,12,0,0,2,0,41.5,1,1
16,19,1,0,1,5,0,1,0,0,32.5,1,1
9,3,0,0,1,12,1,1,0,0,20.0,0,1
9,3,0,0,1,12,0,1,0,3,28.0,0,1
32,10,2,0,1,12,0,0,5,0,31.0,0,1
9,3,0,0,1,12,1,1,5,0,25.0,0,1
9,3,0,0,1,12,1,1,5,1,27.0,0,1
31,7,1,0,1,12,1,1,5,0,24.0,0,1
9,3,0,0,1,12,1,0,5,0,24.0,0,1
9,3,0,0,1,12,0,1,0,1,42.0,0,1
16,19,1,0,1,12,1,0,5,1,27.0,0,1
6,26,0,0,1,12,0,1,5,1,39.0,0,1
32,10,2,0,1,12,0,1,5,0,18.0,0,1
32,10,2,0,1,12,0,1,5,1,40.0,0,1
10,3,0,0,1,12,1,1,5,0,32.0,0,1
32,10,2,0,1,12,2,1,5,1,35.0,0,1
33,10,2,0,1,12,0,0,0,0,31.0,0,1
9,3,0,0,1,12,1,1,5,1,28.0,0,1
18,19,1,1,1,12,0,0,5,1,39.0,0,1
9,3,0,0,1,12,0,1,5,1,63.0,0,1
8,3,0,0,1,12,0,1,0,1,27.0,0,1
9,3,0,0,1,12,0,1,0,3,31.0,0,1
9,3,0,0,1,12,1,1,5,1,36.0,0,1
8,3,0,0,1,12,0,1,5,0,49.0,0,1
9,3,0,0,1,12,0,1,5,1,33.0,0,1
9,3,0,0,1,12,0,0,5,0,37.0,0,1
32,10,2,0,1,12,0,1,2,3,32.0,0,1
9,3,0,0,1,12,1,1,5,3,25.0,0,1
6,26,0,0,1,12,1,1,0,1,28.0,0,1
9,3,0,0,1,12,1,1,2,1,22.0,0,1
8,3,0,0,1,12,1,1,5,3,33.0,0,1
9,3,0,0,1,12,1,1,4,3,32.0,0,1
9,3,0,0,1,12,1,1,5,0,27.0,0,1
8,3,0,0,1,12,0,1,2,1,21.0,0,1
9,3,0,0,1,12,1,1,4,3,44.0,0,1
9,3,0,0,1,12,1,1,5,0,44.0,0,1
8,3,0,0,1,12,1,1,5,0,41.0,0,1
8,3,0,0,1,12,0,1,5,3,35.0,0,1
9,3,0,0,1,12,1,0,4,3,34.0,0,1
32,10,2,0,1,6,2,0,5,1,46.0,0,1
9,3,0,0,1,12,1,1,5,3,36.0,0,1
9,3,0,0,1,12,1,1,4,3,53.0,0,1
33,10,2,0,1,12,1,0,5,0,29.0,1,1
31,7,1,0,1,12,0,1,4,3,45.0,0,1
8,3,0,0,1,12,0,1,0,3,46.0,0,1
9,3,0,0,1,12,0,0,5,0,31.0,0,1
9,3,0,0,1,12,1,1,0,1,23.0,0,1
2,18,0,0,1,12,0,0,5,1,37.0,0,1
9,3,0,0,1,12,1,0,5,3,20.0,0,1
6,26,0,0,1,12,1,1,5,0,46.0,0,1
32,10,2,0,1,12,0,1,5,0,29.0,0,1
16,19,1,0,1,12,0,1,5,0,41.0,0,1
32,10,2,0,1,12,0,0,5,3,35.0,0,1
32,10,2,0,1,12,0,1,0,1,25.0,0,1
32,10,2,0,1,12,0,1,5,0,32.0,0,1
32,10,2,0,1,12,0,1,4,3,43.0,0,1
32,10,2,0,1,12,0,0,5,0,44.0,0,1
40,30,2,0,1,12,1,1,5,3,20.0,0,1
16,19,1,0,1,12,0,1,5,0,36.0,0,1
9,3,0,0,1,12,1,1,5,0,48.0,0,1
9,3,0,0,1,12,1,1,5,1,56.0,0,1
33,10,2,0,1,12,0,1,2,1,37.0,0,1
16,19,1,0,1,12,0,0,5,1,41.0,0,1
7,25,1,1,1,3,0,1,5,1,23.0,0,1
40,30,2,0,1,3,0,1,5,0,24.0,0,1
31,7,1,0,1,12,1,0,5,0,44.5,1,1
9,3,0,0,1,12,1,1,5,1,28.0,0,1
9,3,0,0,1,12,0,1,5,3,30.0,0,1
40,30,2,0,1,12,0,1,5,0,21.0,0,1
9,3,0,0,1,12,1,0,4,3,27.0,0,1
9,3,0,0,1,12,1,1,2,3,38.0,0,1
9,3,0,0,1,12,1,1,5,0,47.0,0,1
31,7,1,0,1,12,1,0,5,0,33.0,0,1
13,5,1,1,1,12,0,1,0,1,37.0,0,1
32,10,2,0,1,12,0,1,0,0,36.0,0,1
8,3,0,0,1,5,1,0,5,1,37.0,0,1
30,28,1,0,1,3,0,0,4,0,32.5,1,1
13,5,1,1,1,12,0,1,5,0,35.0,0,1
8,3,0,0,1,12,0,0,5,1,33.0,0,1
32,10,2,0,1,12,0,0,5,3,38.0,0,1
30,28,1,0,1,12,1,1,4,0,44.0,0,1
7,25,1,1,1,0,0,0,5,0,34.0,0,1
9,3,0,0,1,12,1,0,4,3,35.0,0,1
16,19,1,0,1,12,0,1,5,3,47.0,0,1
8,3,0,0,1,12,1,0,5,1,52.0,0,1
16,19,1,0,1,3,0,0,3,3,36.0,0,1
8,3,0,0,1,12,0,0,5,0,35.0,0,1
16,19,1,0,1,12,0,1,5,0,34.0,0,1
31,7,1,0,1,12,1,1,2,1,64.0,0,1
9,3,0,0,1,12,1,1,4,3,65.0,0,1
9,3,0,0,1,12,1,0,5,0,39.0,0,1
9,3,0,0,1,12,0,0,0,3,32.0,0,1
10,3,0,0,1,12,1,1,5,0,45.0,0,1
30,28,1,0,1,3,0,1,2,3,18.0,0,1
31,7,1,0,1,12,1,1,2,1,58.0,0,1
40,30,2,0,1,12,1,1,5,3,61.0,0,1
8,3,0,0,1,12,0,1,4,3,63.0,0,1
8,3,0,0,1,12,1,1,5,3,35.0,0,1
9,3,0,0,1,12,1,0,4,0,68.0,0,1
9,3,0,0,1,12,0,0,5,1,21.5,1,1
10,3,0,0,1,12,1,1,5,0,34.0,0,1
13,5,1,1,1,12,0,1,5,0,70.0,0,1
9,3,0,0,1,12,1,1,5,0,36.0,0,1
30,28,1,0,1,12,0,1,2,1,43.0,0,1
33,10,2,0,1,12,1,0,5,0,32.0,0,1
9,3,0,0,1,12,1,0,5,0,49.0,0,1
32,10,2,0,1,12,0,1,4,1,44.0,0,1
16,19,1,0,1,12,1,0,5,0,44.0,0,1
9,3,0,0,1,12,1,1,5,3,51.0,0,1
32,10,2,0,1,12,0,1,5,3,36.0,0,1
8,3,0,0,1,12,0,0,5,0,28.0,0,1
16,19,1,0,1,12,1,1,5,1,36.0,0,1
31,7,1,0,1,12,1,0,5,0,28.0,0,1
16,19,1,0,1,12,1,1,4,0,28.0,0,1
40,30,2,0,1,12,0,1,5,3,49.0,0,1
8,3,0,0,1,12,1,1,4,3,22.0,0,1
9,3,0,0,1,12,1,0,5,0,75.0,0,1
9,3,0,0,1,12,1,0,5,3,41.0,0,1
9,3,0,0,1,12,0,1,5,3,26.0,0,1
8,3,0,0,1,12,0,1,5,3,35.0,0,1
32,10,2,0,1,5,0,1,5,0,39.0,0,1
32,10,2,0,1,5,0,1,5,1,45.0,0,1
16,19,1,0,1,12,0,0,5,0,47.0,0,1
31,7,1,0,1,12,1,1,5,1,42.0,0,1
8,3,0,0,1,12,0,0,5,1,30.0,0,1
8,3,0,0,1,12,0,1,0,1,35.0,0,1
32,10,2,0,1,12,0,0,4,0,31.0,0,1
9,3,0,0,1,12,1,1,5,0,49.0,0,1
10,3,0,0,1,12,1,1,5,3,17.0,0,1
8,3,0,0,1,12,0,0,5,3,27.0,0,1
9,3,0,0,1,12,0,1,5,0,40.0,0,1
10,3,0,0,1,12,1,1,4,0,31.0,0,1
13,5,1,1,1,12,0,1,5,1,67.0,0,1
9,3,0,0,1,12,1,0,5,3,21.0,1,1
9,3,0,0,1,12,1,0,5,1,55.0,0,1
7,25,1,1,1,5,0,1,5,0,33.0,0,1
9,3,0,0,1,12,1,1,2,1,52.0,0,1
23,14,1,1,1,12,1,1,5,1,51.0,0,1
9,3,0,0,1,12,1,0,5,3,32.0,0,1
13,5,1,1,1,12,0,1,5,3,38.0,0,1
8,3,0,0,1,12,0,0,4,3,39.0,0,1
9,3,0,0,1,12,1,1,5,1,28.0,0,1
9,3,0,0,1,12,1,1,5,0,27.0,0,1
9,3,0,0,1,12,0,0,0,1,27.0,0,1
8,3,0,0,1,12,1,1,0,1,32.0,0,1
32,10,2,0,1,3,2,1,5,0,33.0,0,1
32,10,2,0,1,12,2,0,4,3,43.0,0,1
32,10,2,0,1,12,0,0,4,3,35.0,0,1
33,10,2,0,1,12,1,0,5,0,39.0,0,1
9,3,0,0,1,12,1,0,5,0,33.0,0,1
13,5,1,1,1,12,0,0,5,3,38.0,1,1
32,10,2,0,1,12,0,1,0,0,38.0,0,1
32,10,2,0,1,12,2,1,5,0,54.0,0,1
21,21,1,1,1,12,0,1,0,3,41.0,0,1
9,3,0,0,1,12,0,0,5,0,35.0,0,1
33,10,2,0,1,12,1,0,5,0,21.5,1,1
9,3,0,0,1,12,1,1,4,0,34.0,0,1
32,10,2,0,1,0,0,1,5,1,43.0,0,1
8,3,0,0,1,6,0,1,5,3,24.0,0,1
32,10,2,0,1,12,0,1,5,3,22.0,1,1
32,10,2,0,1,12,0,0,0,3,39.0,0,1
32,10,2,0,1,0,0,1,5,0,31.0,0,1
16,19,1,0,1,12,0,1,5,0,20.0,0,1
33,10,2,0,1,12,2,1,5,0,28.0,0,1
9,3,0,0,1,12,1,0,5,3,35.0,0,1
32,10,2,0,1,12,0,0,5,3,39.0,0,1
9,3,0,0,1,12,1,1,0,3,22.0,0,1
10,3,0,0,1,12,1,1,5,1,28.0,0,1
9,3,0,0,1,12,1,1,5,1,57.0,0,1
33,10,2,0,1,12,1,1,5,1,50.0,0,1
8,3,0,0,1,0,0,1,5,3,38.0,0,1
8,3,0,0,1,12,0,1,5,1,17.0,0,1
32,10,2,0,1,12,0,1,5,0,43.0,0,1
33,10,2,0,1,3,2,1,4,3,25.0,0,1
32,10,2,0,1,12,0,0,5,0,46.0,0,1
9,3,0,0,1,12,1,0,5,3,19.0,0,1
8,3,0,0,1,12,0,1,5,1,37.0,0,1
32,10,2,0,1,12,0,1,5,0,54.0,0,1
31,7,1,0,1,12,0,1,5,3,31.0,0,1
16,19,1,0,1,12,0,1,2,1,15.0,0,1
9,3,0,0,1,12,1,1,5,0,51.0,0,1
32,10,2,0,1,12,0,0,4,3,32.0,0,1
9,3,0,0,1,12,0,1,2,0,53.0,0,1
9,3,0,0,1,12,1,0,5,1,58.0,0,1
9,3,0,0,1,12,1,0,5,3,44.0,0,1
32,10,2,0,1,12,0,0,5,1,37.0,0,1
9,3,0,0,1,12,1,0,0,1,24.0,0,1
21,21,1,1,1,12,0,1,5,1,35.0,0,1
9,3,0,0,1,12,0,1,0,1,39.0,0,1
9,3,0,0,1,12,1,0,5,1,12.0,0,1
8,3,0,0,1,12,1,1,2,1,18.0,0,1
32,10,2,0,1,12,0,1,4,0,32.0,0,1
30,28,1,0,1,12,0,1,5,1,36.0,0,1
8,3,0,0,1,12,1,1,5,3,52.0,0,1
31,7,1,0,1,12,0,1,5,0,39.0,0,1
31,7,1,0,1,12,1,1,5,0,47.0,0,1
9,3,0,0,1,12,0,1,5,0,44.0,0,1
30,28,1,0,1,12,0,0,5,0,40.0,0,1
8,3,0,0,1,12,0,1,1,1,24.0,0,1
9,3,0,0,1,12,0,0,4,0,33.0,0,1
17,19,1,1,1,12,1,1,2,3,26.0,0,1
8,3,0,0,1,12,1,0,5,0,41.0,0,1
31,7,1,0,1,12,1,1,5,1,68.0,0,1
9,3,0,0,1,12,1,1,5,0,44.0,0,1
9,3,0,0,1,12,1,1,5,0,33.0,0,1
9,3,0,0,1,12,1,1,5,0,39.0,0,1
9,3,0,0,1,12,0,0,0,1,27.0,0,1
9,3,0,0,1,12,1,1,5,0,20.0,0,1
40,30,2,0,1,12,0,1,4,0,19.0,0,1
9,3,0,0,1,12,0,1,0,1,27.0,0,1
30,28,1,0,1,12,0,1,5,3,37.0,0,1
9,3,0,0,1,12,1,1,5,0,26.0,0,1
31,7,1,0,1,12,1,1,4,3,32.0,0,1
32,10,2,0,1,12,0,0,5,0,40.0,0,1
9,3,0,0,1,12,1,1,5,1,35.0,0,1
33,10,2,0,1,12,0,1,5,3,40.0,0,1
21,21,1,1,1,12,0,0,4,3,30.0,0,1
9,3,0,0,1,12,1,0,4,3,55.0,0,1
8,3,0,0,1,12,1,1,5,3,19.0,0,1
9,3,0,0,1,12,1,1,5,0,24.0,0,1
9,3,0,0,1,12,1,0,5,0,17.0,0,1
9,3,0,0,1,12,1,1,4,3,49.0,0,1
31,7,1,0,1,12,1,1,5,1,29.0,0,1
9,3,0,0,1,12,0,0,5,1,55.0,0,1
30,28,1,0,1,12,0,0,5,0,24.0,0,1
32,10,2,0,1,12,0,0,5,1,34.0,0,1
16,19,1,0,1,12,1,1,5,1,40.0,0,1
21,21,1,1,1,12,0,0,5,0,30.0,0,1
9,3,0,0,1,12,1,1,5,0,35.0,0,1
9,3,0,0,1,12,1,1,5,0,26.0,0,1
9,3,0,0,1,12,1,1,4,3,43.0,0,1
31,7,1,0,1,12,2,1,5,1,46.0,0,1
9,3,0,0,1,12,1,1,5,0,33.0,0,1
8,3,0,0,1,12,0,1,4,3,39.0,0,1
16,19,1,0,1,12,1,0,5,3,31.0,0,1
8,3,0,0,1,12,0,1,5,3,42.0,0,1
33,10,2,0,1,12,0,1,5,0,32.0,0,1
9,3,0,0,1,12,1,1,5,3,61.0,0,1
31,7,1,0,1,3,1,1,5,0,38.0,0,1
30,28,1,0,1,12,0,0,5,1,34.0,0,1
8,3,0,0,1,12,0,1,5,1,32.0,0,1
20,19,1,1,1,12,1,1,5,0,46.0,0,1
30,28,1,0,1,12,0,1,5,1,34.0,0,1
13,5,1,1,1,12,2,1,2,3,32.0,0,1
32,10,2,0,1,12,0,1,5,0,27.0,0,1
9,3,0,0,1,12,0,0,2,1,40.0,0,1
2,18,0,0,1,3,0,0,2,1,31.0,0,1
32,10,2,0,1,12,0,0,5,0,21.0,0,1
8,3,0,0,1,12,0,1,5,0,48.0,0,1
9,3,0,0,1,12,1,1,5,0,42.0,0,1
31,7,1,0,1,12,0,0,5,0,24.0,0,1
32,10,2,0,1,12,0,1,4,3,33.0,0,1
9,3,0,0,1,12,1,0,2,1,19.0,0,1
16,19,1,0,1,12,0,1,5,0,48.0,0,1
7,25,1,1,1,5,0,1,2,1,21.0,0,1
16,19,1,0,1,12,1,1,5,0,49.0,0,1
32,10,2,0,1,12,0,0,5,0,38.0,1,1
16,19,1,0,1,12,1,1,5,0,43.0,0,1
32,10,2,0,1,12,0,0,0,0,22.0,0,1
16,19,1,0,1,12,0,0,5,0,35.0,0,1
10,3,0,0,1,12,1,0,5,1,24.0,0,1
9,3,0,0,1,12,1,1,2,1,31.0,0,1
9,3,0,0,1,12,0,1,2,1,33.0,0,1
9,3,0,0,1,12,1,1,5,3,24.0,0,1
16,19,1,0,1,12,1,1,4,3,31.0,0,1
9,3,0,0,1,12,1,0,5,1,33.0,0,1
31,7,1,0,1,12,0,1,5,0,40.0,0,1
32,10,2,0,1,12,0,1,5,0,44.0,0,1
9,3,0,0,1,12,1,1,4,0,22.0,0,1
32,10,2,0,1,12,0,1,2,1,44.0,0,1
9,3,0,0,1,12,1,1,5,3,38.0,0,1
8,3,0,0,1,12,1,1,4,0,38.0,0,1
31,7,1,0,1,12,1,1,5,0,23.0,0,1
9,3,0,0,1,12,0,1,0,1,24.0,0,1
9,3,0,0,1,12,0,1,2,1,29.0,0,1
21,21,1,1,1,12,0,1,5,1,32.0,0,1
9,3,0,0,1,12,1,1,5,3,24.0,0,1
16,19,1,0,1,12,0,1,5,1,34.0,0,1
9,3,0,0,1,12,0,1,2,3,33.0,0,1
8,3,0,0,1,12,0,1,5,0,24.0,0,1
9,3,0,0,1,12,1,1,5,1,28.0,0,1
8,3,0,0,1,12,0,1,5,0,45.0,0,1
9,3,0,0,1,12,0,1,4,0,46.0,0,1
30,28,1,0,1,12,0,1,5,0,46.0,0,1
32,10,2,0,1,12,0,0,5,0,24.0,0,1
32,10,2,0,1,12,0,0,5,0,30.5,1,1
44,9,2,0,0,12,0,1,5,0,62.0,0,1
2,18,0,0,1,12,0,1,5,1,33.0,0,1
13,5,1,1,1,12,0,1,5,0,36.0,0,1
32,10,2,0,1,12,2,1,5,1,62.0,0,1
32,10,2,0,1,12,2,1,5,0,22.0,0,1
9,3,0,0,1,12,1,1,5,1,37.0,0,1
40,30,2,0,1,3,2,1,5,1,26.0,0,1
32,10,2,0,1,3,2,1,5,0,29.5,1,1
31,7,1,0,1,12,2,1,5,0,23.0,0,1
8,3,0,0,1,0,2,1,5,0,39.0,0,1
16,19,1,0,1,12,1,0,5,0,31.0,0,1
32,10,2,0,1,12,2,0,5,0,59.0,0,1
16,19,1,0,1,12,2,0,5,0,45.0,0,1
8,3,0,0,1,12,1,1,5,0,20.0,0,1
16,19,1,0,1,12,1,0,5,0,44.5,1,1
32,10,2,0,1,12,0,1,5,0,32.0,0,1
9,3,0,0,1,12,2,1,5,0,22.0,0,1
32,10,2,0,1,12,2,0,5,0,30.0,0,1
9,3,0,0,1,12,2,1,2,1,27.0,0,1
32,10,2,0,1,12,2,1,5,0,35.0,0,1
44,9,2,0,0,3,2,1,5,0,33.0,0,1
8,3,0,0,1,12,1,1,5,0,50.0,0,1
32,10,2,0,1,12,2,1,5,1,26.0,0,1
32,10,2,0,1,12,1,1,0,1,40.0,0,1
9,3,0,0,1,12,0,1,0,3,31.0,0,1
32,10,2,0,1,12,0,0,0,2,46.666666666666664,1,1
32,10,2,0,1,12,0,1,5,0,38.0,0,1
44,9,2,0,0,12,0,0,5,1,58.0,0,1
32,10,2,0,1,12,0,1,5,0,51.0,0,1
33,10,2,0,1,12,0,1,0,2,30.0,0,1
8,3,0,0,1,12,0,1,0,2,41.0,0,1
9,3,0,0,1,12,0,1,5,0,67.0,0,1
32,10,2,0,1,12,0,0,5,0,31.0,0,1
32,10,2,0,1,12,0,1,4,2,34.0,0,1
31,7,1,0,1,12,0,1,0,1,32.0,0,1
8,3,0,0,1,3,0,1,5,1,34.0,0,1
9,3,0,0,1,12,0,1,5,2,40.0,0,1
21,21,1,1,1,12,0,1,5,1,26.0,0,1
44,9,2,0,0,12,0,0,0,2,22.0,0,1
32,10,2,0,1,12,0,1,5,0,24.0,0,1
30,28,1,0,1,12,0,1,5,1,35.0,0,1
16,19,1,0,1,12,0,0,5,0,24.0,0,1
16,19,1,0,1,12,0,1,5,1,50.0,0,1
9,3,0,0,1,12,2,0,5,0,14.0,0,1
9,3,0,0,1,12,0,1,5,0,26.0,0,1
31,7,1,0,1,12,1,1,2,1,29.0,0,1
10,3,0,0,1,12,2,1,5,2,13.0,0,1
18,19,1,1,1,1,2,0,5,0,15.0,0,1
27,14,1,1,1,12,0,0,5,0,50.5,1,1
32,10,2,0,1,12,0,0,0,2,28.0,1,1
32,10,2,0,1,12,0,1,5,0,51.0,0,1
9,3,0,0,1,12,0,1,0,2,50.0,0,1
32,10,2,0,1,12,0,0,0,2,35.0,0,1
20,19,1,1,1,12,2,1,5,1,31.0,0,1
31,7,1,0,1,12,2,1,5,1,44.0,0,1
31,7,1,0,1,12,2,0,5,1,31.0,0,1
9,3,0,0,1,12,2,1,5,0,18.0,0,1
32,10,2,0,1,12,2,1,5,1,35.0,0,1
9,3,0,0,1,12,1,0,0,1,15.0,0,1
8,3,0,0,1,12,0,1,0,2,32.0,0,1
32,10,2,0,1,3,0,1,5,0,39.5,1,1
33,10,2,0,1,12,0,1,0,1,23.0,0,1
32,10,2,0,1,12,0,0,5,0,63.0,0,1
32,10,2,0,1,12,0,1,4,3,46.0,0,1
31,7,1,0,1,12,0,0,0,1,60.0,0,1
9,3,0,0,1,12,0,1,5,1,25.0,0,1
23,14,1,1,1,12,1,1,5,3,29.0,0,1
23,14,1,1,1,12,1,1,5,1,41.0,0,1
30,28,1,0,1,12,0,1,5,0,37.0,0,1
8,3,0,0,1,12,1,1,5,1,34.0,0,1
16,19,1,0,1,12,1,0,5,1,48.0,0,1
16,19,1,0,1,12,0,0,5,0,24.0,0,1
9,3,0,0,1,12,0,1,5,0,29.0,0,1
31,7,1,0,1,12,0,1,5,1,49.0,0,1
32,10,2,0,1,12,0,1,4,1,38.0,0,1
32,10,2,0,1,12,1,1,5,1,28.0,0,1
20,19,1,1,1,12,0,0,5,1,43.0,0,1
31,7,1,0,1,12,1,1,4,1,42.0,0,1
9,3,0,0,1,12,0,1,5,3,63.0,0,1
16,19,1,0,1,12,1,1,2,1,32.0,0,1
30,28,1,0,1,12,0,0,5,1,35.0,0,1
9,3,0,0,1,12,0,1,5,0,46.0,0,1
8,3,0,0,1,12,1,1,5,0,33.0,0,1
31,7,1,0,1,12,0,1,0,1,35.0,0,1
30,28,1,0,1,12,0,1,5,0,34.0,0,1
16,19,1,0,1,12,0,0,5,1,20.0,0,1
16,19,1,0,1,12,0,0,5,1,28.5,1,1
8,3,0,0,1,12,0,1,5,1,16.0,0,1
8,3,0,0,1,12,0,1,5,1,31.0,0,1
9,3,0,0,1,12,1,1,0,1,23.0,0,1
40,30,2,0,1,12,0,1,4,1,20.0,0,1
9,3,0,0,1,12,1,0,5,0,55.0,0,1
16,19,1,0,1,12,0,1,5,0,65.0,0,1
9,3,0,0,1,12,0,1,0,1,34.0,0,1
30,28,1,0,1,12,0,1,5,1,27.0,0,1
32,10,2,0,1,12,1,0,5,0,45.0,1,1
16,19,1,0,1,12,0,1,2,1,37.0,0,1
47,29,2,0,0,12,1,0,0,1,24.0,1,1
49,0,2,0,0,12,0,1,5,1,40.0,0,1
16,19,1,0,1,12,2,0,5,3,39.0,0,1
9,3,0,0,1,12,1,1,5,0,45.0,0,1
8,3,0,0,1,12,0,1,5,1,31.0,0,1
16,19,1,0,1,12,1,1,5,1,47.666666666666664,1,1
9,3,0,0,1,12,0,1,5,0,41.0,0,1
16,19,1,0,1,12,1,1,5,0,39.0,0,1
32,10,2,0,1,12,0,1,5,1,35.0,0,1
16,19,1,0,1,12,1,0,2,1,26.0,0,1
16,19,1,0,1,12,1,1,5,0,44.0,0,1
16,19,1,0,1,12,1,0,5,1,37.0,1,1
16,19,1,0,1,12,0,0,5,0,28.5,1,1
16,19,1,0,1,12,1,0,5,0,28.5,1,1
8,3,0,0,1,12,0,1,5,0,21.0,0,1
31,7,1,0,1,12,0,1,5,1,20.0,0,1
8,3,0,0,1,12,2,1,2,1,16.0,0,1
31,7,1,0,1,12,1,1,5,1,36.0,0,1
9,3,0,0,1,12,0,1,5,1,28.0,0,1
31,7,1,0,1,12,1,1,5,1,33.0,0,1
9,3,0,0,1,12,1,1,4,1,23.0,0,1
9,3,0,0,1,12,0,0,5,1,26.0,0,1
8,3,0,0,1,12,1,1,4,1,39.0,0,1
16,19,1,0,1,12,1,1,5,1,35.0,0,1
16,19,1,0,1,12,0,0,0,0,21.0,0,1
31,7,1,0,1,12,1,1,5,1,36.0,0,1
20,19,1,1,1,12,1,1,5,1,26.0,0,1
16,19,1,0,1,12,1,0,5,1,40.0,0,1
9,3,0,0,1,12,0,0,5,1,56.0,0,1
9,3,0,0,1,12,0,0,5,1,23.0,0,1
29,11,1,1,1,12,1,0,5,0,35.0,0,1
9,3,0,0,1,12,1,0,5,1,71.0,0,1
23,14,1,1,1,12,1,1,5,1,63.0,0,1
21,21,1,1,1,12,1,1,5,1,37.0,0,1
10,3,0,0,1,12,1,1,4,1,42.0,0,1
8,3,0,0,1,12,1,1,5,0,42.0,0,1
2,18,0,0,1,12,0,1,5,1,21.0,0,1
32,10,2,0,1,12,2,1,5,1,41.0,0,1
8,3,0,0,1,12,0,0,5,1,36.0,0,1
23,14,1,1,1,12,1,1,5,0,20.0,0,1
9,3,0,0,1,12,0,0,5,0,29.0,0,1
31,7,1,0,1,12,0,1,5,0,31.0,0,1
13,5,1,1,1,12,1,1,5,0,22.0,0,1
16,19,1,0,1,12,1,1,5,0,65.0,0,1
16,19,1,0,1,12,1,0,5,1,25.0,0,1
8,3,0,0,1,12,0,1,5,0,34.5,1,1
9,3,0,0,1,12,0,0,5,1,25.0,0,1
10,3,0,0,1,12,1,1,5,0,37.0,0,1
8,3,0,0,1,12,0,1,2,1,31.0,0,1
2,18,0,0,1,12,0,1,5,1,35.0,0,1
9,3,0,0,1,12,0,1,5,0,29.0,0,1
32,10,2,0,1,12,1,1,5,0,55.0,0,1
9,3,0,0,1,12,1,1,4,0,33.0,0,1
16,19,1,0,1,12,1,0,5,0,46.0,0,1
9,3,0,0,1,12,0,1,5,1,39.0,0,1
21,21,1,1,1,12,1,1,5,0,23.0,0,1
30,28,1,0,1,12,1,1,5,0,23.0,0,1
16,19,1,0,1,12,1,0,4,1,20.0,0,1
8,3,0,0,1,12,1,1,5,0,54.0,0,1
16,19,1,0,1,12,0,1,5,1,41.0,0,1
16,19,1,0,1,12,1,0,5,1,33.0,0,1
16,19,1,0,1,12,1,0,5,1,37.0,0,1
16,19,1,0,1,12,1,0,5,1,28.0,0,1
8,3,0,0,1,12,0,1,0,1,31.0,0,1
9,3,0,0,1,12,1,1,5,3,30.0,0,1
16,19,1,0,1,12,1,0,5,1,20.0,0,1
9,3,0,0,1,12,1,0,5,1,22.0,0,1
2,18,0,0,1,12,0,1,5,1,35.0,0,1
8,3,0,0,1,12,1,0,5,1,65.0,0,1
9,3,0,0,1,12,0,1,5,1,57.0,0,1
16,19,1,0,1,12,1,0,5,0,44.0,1,1
32,10,2,0,1,12,1,0,5,0,47.5,1,1
9,3,0,0,1,12,0,0,5,3,36.0,0,1
8,3,0,0,1,12,2,1,5,0,37.0,0,1
9,3,0,0,1,12,0,1,5,1,26.0,0,1
16,19,1,0,1,12,1,0,5,1,47.0,0,1
21,21,1,1,1,12,1,1,5,1,48.0,0,1
9,3,0,0,1,12,1,1,5,0,21.0,0,1
9,3,0,0,1,12,1,1,5,0,38.0,0,1
9,3,0,0,1,12,0,0,5,3,21.0,0,1
8,3,0,0,1,12,0,0,5,0,15.0,0,1
9,3,0,0,1,12,1,1,5,1,76.0,0,1
30,28,1,0,1,12,0,1,4,1,28.0,0,1
9,3,0,0,1,12,0,1,2,3,33.0,0,1
8,3,0,0,1,12,1,0,5,0,24.0,0,1
16,19,1,0,1,12,0,0,5,0,27.0,1,1
16,19,1,0,1,12,1,0,5,1,35.0,1,1
16,19,1,0,1,12,1,0,5,1,35.0,1,1
16,19,1,0,1,12,1,0,0,1,42.5,1,1
23,14,1,1,1,12,2,1,5,1,59.0,0,1
8,3,0,0,1,12,0,1,5,1,31.0,0,1
32,10,2,0,1,12,0,0,4,3,29.0,1,1
32,10,2,0,1,3,0,1,4,2,20.0,0,1
8,3,0,0,1,12,2,1,0,2,62.0,0,1
32,10,2,0,1,12,0,0,5,0,37.0,0,1
32,10,2,0,1,12,2,1,5,1,45.0,0,1
32,10,2,0,1,12,0,1,5,0,47.0,0,1
44,9,2,0,0,12,0,1,5,0,38.0,0,1
32,10,2,0,1,12,0,1,5,2,28.0,0,1
5,26,0,0,1,12,2,0,0,2,34.0,0,1
8,3,0,0,1,12,0,1,0,2,54.0,0,1
9,3,0,0,1,12,0,0,0,2,30.0,0,1
32,10,2,0,1,12,0,1,5,0,36.0,0,1
32,10,2,0,1,12,0,1,5,2,54.0,0,1
44,9,2,0,0,12,0,1,0,2,31.0,0,1
32,10,2,0,1,12,0,1,5,0,39.0,0,1
32,10,2,0,1,12,0,1,0,2,50.0,0,1
32,10,2,0,1,12,0,1,5,2,31.0,0,1
9,3,0,0,1,12,0,1,0,2,22.0,0,1
17,19,1,1,1,12,0,1,5,0,47.0,0,1
9,3,0,0,1,12,0,1,0,2,39.0,0,1
30,28,1,0,1,0,0,1,4,2,36.5,1,1
10,3,0,0,1,3,0,1,4,2,32.0,0,1
32,10,2,0,1,12,0,1,4,2,27.0,0,1
13,5,1,1,1,12,0,1,0,2,30.0,0,1
40,30,2,0,1,12,0,1,5,2,32.0,0,1
8,3,0,0,1,12,0,1,0,2,18.0,0,1
8,3,0,0,1,12,0,1,5,0,24.0,0,1
8,3,0,0,1,12,0,1,0,1,31.0,1,1
9,3,0,0,1,12,0,1,0,1,26.0,0,1
40,30,2,0,1,12,0,0,4,2,30.0,1,1
32,10,2,0,1,12,0,0,4,2,39.5,1,1
32,10,2,0,1,12,0,1,5,0,57.0,0,1
32,10,2,0,1,12,2,1,4,3,26.0,0,1
32,10,2,0,1,12,0,1,5,2,34.0,0,1
32,10,2,0,1,12,0,0,2,2,49.0,1,1
16,19,1,0,1,12,1,1,5,2,41.0,0,1
44,9,2,0,0,12,2,1,5,2,47.0,0,1
30,28,1,0,1,3,2,1,5,2,45.0,0,1
10,3,0,0,1,12,2,1,5,2,25.0,0,1
9,3,0,0,1,12,1,1,0,1,30.0,0,1
22,6,1,0,1,12,1,1,0,1,36.0,0,1
32,10,2,0,1,12,0,1,4,3,58.0,0,1
9,3,0,0,1,12,1,1,0,1,33.0,0,1
32,10,2,0,1,12,2,0,5,2,58.0,0,1
2,18,0,0,1,12,2,1,5,2,52.0,0,1
9,3,0,0,1,12,2,1,5,0,45.0,0,1
9,3,0,0,1,12,2,1,5,0,30.4,1,1
9,3,0,0,1,12,2,1,5,1,61.0,0,1
9,3,0,0,1,12,2,1,5,0,27.0,0,1
49,0,2,0,0,12,0,1,5,1,55.0,0,1
9,3,0,0,1,12,2,1,5,0,24.0,0,1
9,3,0,0,1,12,2,0,5,1,40.0,0,1
9,3,0,0,1,12,2,0,5,0,36.0,0,1
9,3,0,0,1,12,2,1,5,0,39.0,0,1
9,3,0,0,1,12,1,0,5,0,12.0,0,1
9,3,0,0,1,12,2,1,5,0,24.0,0,1
9,3,0,0,1,12,2,0,5,1,24.0,0,1
8,3,0,0,1,12,2,1,4,3,39.0,0,1
0,16,0,0,1,12,2,1,5,1,43.0,0,1
8,3,0,0,1,12,2,1,5,0,21.333333333333332,1,1
30,28,1,0,1,12,2,1,5,0,21.0,0,1
9,3,0,0,1,12,1,1,5,0,24.0,0,1
9,3,0,0,1,12,2,1,0,1,33.0,0,1
16,19,1,0,1,12,2,0,2,1,19.0,1,1
16,19,1,0,1,12,2,0,5,1,38.0,0,1
40,30,2,0,1,3,0,0,5,0,16.0,0,1
9,3,0,0,1,12,0,1,5,0,38.0,0,1
16,19,1,0,1,12,1,1,5,0,43.0,0,1
30,28,1,0,1,12,1,1,5,0,20.0,0,1
17,19,1,1,1,12,1,0,0,1,25.0,0,1
18,19,1,1,1,12,1,1,5,0,47.0,0,1
8,3,0,0,1,5,2,1,5,0,51.0,0,1
10,3,0,0,1,12,1,1,5,0,58.0,0,1
31,7,1,0,1,5,2,1,5,0,16.666666666666668,1,1
29,11,1,1,1,12,1,1,5,0,51.0,0,1
42,1,2,0,0,12,1,0,2,1,31.0,0,1
40,30,2,0,1,3,2,1,5,1,26.0,0,1
8,3,0,0,1,3,2,1,5,0,31.0,0,1
9,3,0,0,1,12,0,1,0,1,33.0,0,1
9,3,0,0,1,12,2,0,5,1,27.0,0,1
33,10,2,0,1,12,2,0,5,0,56.0,0,1
8,3,0,0,1,12,0,1,5,1,41.0,0,1
32,10,2,0,1,12,0,1,0,1,40.0,0,1
8,3,0,0,1,12,1,1,5,2,24.0,0,1
8,3,0,0,1,12,1,1,5,2,35.0,0,1
32,10,2,0,1,12,0,1,5,2,39.0,0,1
32,10,2,0,1,12,0,0,5,2,29.0,0,1
33,10,2,0,1,12,0,1,5,2,20.0,0,1
32,10,2,0,1,12,0,0,5,2,42.0,0,1
8,3,0,0,1,5,0,1,5,2,48.0,0,1
9,3,0,0,1,12,0,0,5,2,53.0,0,1
9,3,0,0,1,12,0,0,5,2,28.0,0,1
32,10,2,0,1,12,0,1,5,0,33.0,0,1
9,3,0,0,1,12,2,1,5,2,35.0,0,1
8,3,0,0,1,1,0,0,5,2,35.0,0,1
9,3,0,0,1,12,0,1,5,2,44.0,0,1
45,13,0,0,0,12,0,0,2,1,44.5,1,1
8,3,0,0,1,3,0,1,5,0,15.0,0,1
13,5,1,1,1,12,0,0,5,1,23.0,0,1
13,5,1,1,1,12,0,0,5,1,54.0,0,1
13,5,1,1,1,3,0,1,5,1,29.0,0,1
13,5,1,1,1,12,0,1,5,0,29.0,0,1
8,3,0,0,1,12,0,1,5,0,37.0,0,1
16,19,1,0,1,12,1,0,2,1,31.0,1,1
9,3,0,0,1,12,0,1,5,1,36.0,0,1
31,7,1,0,1,12,2,1,5,0,36.0,0,1
9,3,0,0,1,12,0,1,5,0,34.0,0,1
9,3,0,0,1,12,2,0,5,0,32.0,1,1
32,10,2,0,1,12,2,1,5,1,32.0,0,1
13,5,1,1,1,12,2,0,5,1,21.5,1,1
6,26,0,0,1,12,2,1,5,1,48.0,0,1
16,19,1,0,1,12,2,0,5,1,19.0,0,1
9,3,0,0,1,12,2,1,2,1,15.0,0,1
13,5,1,1,1,12,2,1,5,1,39.2,1,1
13,5,1,1,1,12,2,1,5,0,42.0,1,1
40,30,2,0,1,12,2,1,2,1,43.0,0,1
13,5,1,1,1,12,0,1,5,0,41.0,0,1
2,18,0,0,1,1,0,1,5,0,23.0,0,1
32,10,2,0,1,12,0,1,5,0,36.0,0,1
16,19,1,0,1,12,0,0,5,0,51.0,0,1
8,3,0,0,1,12,0,1,5,0,39.0,0,1
8,3,0,0,1,5,0,1,5,0,61.0,0,1
8,3,0,0,1,3,0,1,5,0,35.5,1,1
10,3,0,0,1,12,1,0,5,3,54.0,0,1
16,19,1,0,1,12,2,0,0,1,30.0,0,1
9,3,0,0,1,12,0,1,5,0,32.0,0,1
9,3,0,0,1,12,1,1,5,0,15.0,0,1
8,3,0,0,1,12,0,1,5,0,19.0,0,1
18,19,1,1,1,12,0,1,5,1,41.0,0,1
9,3,0,0,1,12,0,1,5,1,13.0,0,1
31,7,1,0,1,12,0,1,5,0,32.0,0,1
8,3,0,0,1,12,0,1,5,0,27.0,0,1
9,3,0,0,1,12,0,1,5,1,59.0,0,1
49,0,2,0,0,12,0,1,5,0,34.0,0,1
9,3,0,0,1,12,0,1,5,1,25.0,0,1
32,10,2,0,1,12,2,1,5,0,32.0,0,1
13,5,1,1,1,12,0,1,5,0,18.5,1,1
32,10,2,0,1,12,2,1,5,0,21.0,0,1
16,19,1,0,1,12,1,0,5,0,21.0,0,1
9,3,0,0,1,12,0,1,5,0,21.0,0,1
8,3,0,0,1,12,0,1,0,0,29.0,0,1
9,3,0,0,1,12,0,1,5,0,37.0,0,1
32,10,2,0,1,12,2,1,5,0,41.0,0,1
9,3,0,0,1,12,0,1,5,1,19.0,0,1
32,10,2,0,1,12,1,1,5,1,15.0,0,1
9,3,0,0,1,12,0,1,5,0,24.0,0,1
8,3,0,0,1,12,0,1,5,0,32.0,0,1
9,3,0,0,1,12,0,0,5,0,19.0,0,1
9,3,0,0,1,3,2,1,5,1,33.0,0,1
31,7,1,0,1,12,0,1,5,1,18.0,0,1
32,10,2,0,1,12,1,1,5,0,15.0,0,1
31,7,1,0,1,12,0,1,5,0,14.0,0,1
25,14,1,1,1,12,0,0,5,3,27.0,0,1
9,3,0,0,1,12,0,0,5,0,13.0,0,1
30,28,1,0,1,1,0,1,5,0,20.0,0,1
32,10,2,0,1,12,0,1,5,0,43.0,0,1
8,3,0,0,1,8,0,1,5,1,81.0,0,1
8,3,0,0,1,3,0,1,5,0,41.0,0,1
32,10,2,0,1,12,2,1,5,0,44.0,0,1
32,10,2,0,1,12,2,1,5,0,61.0,0,1
32,10,2,0,1,12,1,0,5,0,14.0,0,1
32,10,2,0,1,12,0,1,5,0,41.0,0,1
9,3,0,0,1,12,1,0,5,0,11.5,1,1
32,10,2,0,1,12,1,1,5,1,15.0,0,1
9,3,0,0,1,12,1,1,5,0,13.0,0,1
32,10,2,0,1,12,1,1,5,0,15.0,0,1
32,10,2,0,1,12,0,1,5,1,41.0,0,1
9,3,0,0,1,12,0,1,5,0,17.0,0,1
21,21,1,1,1,12,0,1,5,1,45.0,0,1
20,19,1,1,1,12,0,1,5,0,45.0,0,1
8,3,0,0,1,3,0,1,5,1,19.0,0,1
31,7,1,0,1,12,0,1,5,1,34.0,0,1
8,3,0,0,1,12,0,1,5,0,17.0,0,1
25,14,1,1,1,12,2,0,5,1,26.0,0,1
9,3,0,0,1,12,0,0,5,0,16.0,0,1
30,28,1,0,1,3,0,1,5,1,15.0,0,1
40,30,2,0,1,3,0,1,5,1,58.0,0,1
9,3,0,0,1,12,0,0,5,1,46.0,0,1
9,3,0,0,1,12,0,1,2,1,40.0,0,1
32,10,2,0,1,12,1,0,5,0,17.0,0,1
9,3,0,0,1,12,0,0,5,0,31.0,0,1
9,3,0,0,1,12,0,1,5,1,33.0,0,1
32,10,2,0,1,12,0,0,5,1,55.5,1,1
40,30,2,0,1,3,0,1,2,1,23.0,0,1
32,10,2,0,1,12,1,1,5,0,17.0,0,1
9,3,0,0,1,12,1,0,5,0,11.0,0,1
32,10,2,0,1,12,2,0,5,0,48.0,0,1
32,10,2,0,1,3,0,0,5,1,18.0,0,1
3,26,0,0,1,12,0,1,5,0,45.0,0,1
21,21,1,1,1,10,0,1,5,0,45.0,1,1
32,10,2,0,1,12,2,1,5,1,42.0,0,1
9,3,0,0,1,12,0,0,5,0,37.0,0,1
21,21,1,1,1,12,0,1,5,1,25.0,0,1
9,3,0,0,1,12,0,1,5,0,58.0,0,1
9,3,0,0,1,12,1,1,5,0,13.0,0,1
9,3,0,0,1,12,0,0,5,1,23.0,0,1
9,3,0,0,1,12,1,0,5,0,13.0,0,1
32,10,2,0,1,12,1,0,5,0,13.0,1,1
9,3,0,0,1,12,1,0,5,1,13.0,0,1
9,3,0,0,1,12,0,1,2,1,40.0,0,1
9,3,0,0,1,12,0,1,5,0,34.0,0,1
18,19,1,1,1,12,0,1,5,0,20.0,0,1
9,3,0,0,1,5,0,0,5,0,32.0,0,1
21,21,1,1,1,12,0,1,5,0,52.0,0,1
16,19,1,0,1,12,0,1,5,1,32.0,0,1
9,3,0,0,1,12,0,0,5,0,30.0,0,1
9,3,0,0,1,12,0,0,5,1,13.0,0,1
9,3,0,0,1,12,1,1,5,0,16.0,0,1
32,10,2,0,1,12,1,0,5,0,15.0,0,1
32,10,2,0,1,12,1,1,5,0,14.0,0,1
32,10,2,0,1,12,1,0,5,0,14.0,0,1
32,10,2,0,1,12,1,0,5,0,14.0,0,1
9,3,0,0,1,12,1,0,5,1,17.0,0,1
16,19,1,0,1,12,0,0,5,1,44.0,0,1
9,3,0,0,1,12,0,1,5,0,20.0,0,1
8,3,0,0,1,0,0,1,5,0,49.0,0,1
32,10,2,0,1,12,1,0,5,0,14.0,0,1
16,19,1,0,1,12,0,1,5,1,20.0,0,1
32,10,2,0,1,12,0,1,5,0,34.0,0,1
9,3,0,0,1,12,2,1,5,0,31.0,0,1
9,3,0,0,1,12,0,1,5,0,24.0,0,1
9,3,0,0,1,12,0,1,5,0,18.0,0,1
9,3,0,0,1,12,0,0,5,1,25.0,0,1
16,19,1,0,1,12,0,1,5,0,35.0,0,1
9,3,0,0,1,12,0,1,5,0,42.0,0,1
32,10,2,0,1,12,2,1,5,0,38.0,0,1
8,3,0,0,1,12,0,1,5,0,34.0,0,1
9,3,0,0,1,12,1,0,5,0,15.0,0,1
32,10,2,0,1,12,1,1,5,1,14.0,0,1
9,3,0,0,1,12,0,1,5,0,24.0,0,1
8,3,0,0,1,12,0,1,5,0,21.0,0,1
9,3,0,0,1,12,0,0,5,0,34.0,0,1
43,8,2,0,0,12,1,0,5,0,14.5,1,1
9,3,0,0,1,12,1,0,5,1,15.5,1,1
21,21,1,1,1,12,0,1,5,2,58.0,0,1
16,19,1,0,1,12,0,0,5,1,45.0,0,1
9,3,0,0,1,12,0,1,5,0,39.0,0,1
32,10,2,0,1,12,2,1,5,0,22.0,0,1
32,10,2,0,1,12,2,0,5,0,33.0,0,1
32,10,2,0,1,5,0,0,5,1,33.5,1,1
32,10,2,0,1,12,2,0,5,0,34.0,0,1
32,10,2,0,1,12,1,0,5,0,14.0,0,1
9,3,0,0,1,12,0,1,5,0,49.0,0,1
32,10,2,0,1,12,2,0,5,1,34.0,0,1
43,8,2,0,0,12,1,0,5,0,13.666666666666666,1,1
32,10,2,0,1,0,1,1,5,0,15.0,0,1
9,3,0,0,1,12,0,1,2,1,60.0,0,1
9,3,0,0,1,12,1,1,5,0,14.0,0,1
32,10,2,0,1,12,1,0,5,1,16.0,0,1
9,3,0,0,1,12,0,1,5,1,42.0,0,1
9,3,0,0,1,12,2,1,5,0,24.0,0,1
31,7,1,0,1,12,1,0,5,0,14.0,0,1
31,7,1,0,1,12,1,0,5,0,14.0,0,1
32,10,2,0,1,12,1,1,5,1,13.0,0,1
32,10,2,0,1,12,0,1,5,1,34.0,0,1
32,10,2,0,1,12,0,1,5,0,53.0,0,1
9,3,0,0,1,12,1,1,2,1,15.5,1,1
46,20,2,0,0,12,1,0,5,0,15.4,1,1
31,7,1,0,1,12,0,1,5,1,44.0,0,1
9,3,0,0,1,3,0,1,3,1,16.5,1,1
20,19,1,1,1,12,0,1,2,1,16.0,0,1
9,3,0,0,1,12,2,1,5,1,22.0,0,1
9,3,0,0,1,12,0,1,5,1,45.0,0,1
9,3,0,0,1,12,1,0,5,0,13.0,0,1
9,3,0,0,1,12,1,1,5,0,14.0,0,1
9,3,0,0,1,12,0,1,5,0,60.0,0,1
32,10,2,0,1,12,1,1,5,0,15.0,0,1
8,3,0,0,1,12,0,1,5,0,59.0,0,1
9,3,0,0,1,12,0,0,5,0,13.0,1,1
9,3,0,0,1,12,0,1,5,0,15.0,0,1
9,3,0,0,1,12,0,0,5,1,22.0,0,1
9,3,0,0,1,12,0,1,5,0,38.0,0,1
9,3,0,0,1,12,1,1,5,1,15.0,0,1
9,3,0,0,1,12,1,0,5,0,15.0,0,1
9,3,0,0,1,12,0,1,5,0,33.0,0,1
44,9,2,0,0,12,0,1,5,0,35.0,0,1
13,5,1,1,1,12,0,1,5,0,49.0,0,1
8,3,0,0,1,12,0,0,5,0,29.0,0,1
9,3,0,0,1,12,1,1,5,1,16.0,0,1
9,3,0,0,1,12,1,1,5,0,15.666666666666666,1,1
43,8,2,0,0,12,1,1,5,0,16.0,1,1
32,10,2,0,1,12,0,0,5,1,16.0,0,1
9,3,0,0,1,12,0,1,5,0,9.0,0,1
32,10,2,0,1,12,1,1,2,1,16.0,0,1
16,19,1,0,1,12,2,1,5,1,24.0,0,1
8,3,0,0,1,12,0,1,5,0,52.0,0,1
9,3,0,0,1,12,1,0,5,0,14.0,0,1
9,3,0,0,1,12,1,0,5,0,11.0,0,1
9,3,0,0,1,12,1,0,5,1,14.0,0,1
32,10,2,0,1,12,2,1,5,1,22.0,0,1
9,3,0,0,1,12,0,1,5,0,43.0,0,1
9,3,0,0,1,12,0,0,5,0,39.0,0,1
32,10,2,0,1,12,2,1,5,0,42.0,0,1
9,3,0,0,1,12,0,1,5,0,31.0,0,1
9,3,0,0,1,12,0,0,5,0,27.0,0,1
9,3,0,0,1,12,0,0,5,0,50.0,1,1
9,3,0,0,1,12,0,0,5,0,13.0,0,1
25,14,1,1,1,12,0,1,5,1,41.0,0,1
21,21,1,1,1,12,0,1,5,0,43.0,0,1
9,3,0,0,1,12,2,1,5,1,42.0,0,1
9,3,0,0,1,12,1,1,5,0,12.0,0,1
32,10,2,0,1,12,1,1,5,0,15.0,0,1
9,3,0,0,1,12,0,1,5,0,52.0,0,1
9,3,0,0,1,12,1,0,5,0,13.0,0,1
13,5,1,1,1,12,0,1,5,1,52.0,0,1
9,3,0,0,1,12,1,0,5,0,14.0,0,1
9,3,0,0,1,12,0,0,5,1,36.0,0,1
9,3,0,0,1,12,0,1,5,1,41.0,0,1
9,3,0,0,1,12,0,0,5,1,31.0,0,1
32,10,2,0,1,12,0,1,5,0,25.0,0,1
32,10,2,0,1,12,2,1,5,0,37.0,0,1
8,3,0,0,1,12,0,1,5,0,56.0,0,1
7,25,1,1,1,12,0,1,5,0,28.0,0,1
32,10,2,0,1,12,0,1,5,1,45.0,0,1
9,3,0,0,1,12,0,0,5,0,32.0,0,1
1,16,0,0,1,10,2,1,5,1,17.0,0,1
31,7,1,0,1,12,0,0,5,0,34.0,0,1
31,7,1,0,1,12,0,1,5,0,18.0,0,1
8,3,0,0,1,12,2,1,2,1,44.0,0,1
25,14,1,1,1,12,0,1,5,0,23.0,0,1
25,14,1,1,1,12,0,1,2,1,48.0,0,1
9,3,0,0,1,12,0,1,2,1,39.0,0,1
32,10,2,0,1,12,2,1,5,1,26.0,0,1
9,3,0,0,1,12,1,0,5,1,12.0,0,1
32,10,2,0,1,12,1,0,5,0,15.0,0,1
8,3,0,0,1,5,0,1,5,0,48.0,0,1
9,3,0,0,1,12,0,0,5,0,33.0,0,1
16,19,1,0,1,12,0,0,5,1,23.0,0,1
13,5,1,1,1,12,0,1,5,0,38.0,0,1
9,3,0,0,1,12,1,1,5,0,11.0,0,1
25,14,1,1,1,12,0,1,5,0,20.0,0,1
9,3,0,0,1,12,0,1,5,1,16.0,0,1
9,3,0,0,1,12,0,0,5,1,36.0,0,1
40,30,2,0,1,3,0,1,5,1,25.0,0,1
9,3,0,0,1,12,1,1,5,0,12.0,0,1
32,10,2,0,1,12,2,1,5,1,30.0,0,1
32,10,2,0,1,12,1,0,5,0,15.0,1,1
9,3,0,0,1,12,0,0,5,0,47.0,0,1
9,3,0,0,1,12,0,1,5,0,32.0,0,1
8,3,0,0,1,12,0,0,5,1,32.0,0,1
31,7,1,0,1,12,0,1,5,1,17.0,0,1
25,14,1,1,1,12,0,0,5,0,22.0,0,1
13,5,1,1,1,5,0,1,0,1,23.0,0,1
25,14,1,1,1,12,0,1,5,1,46.0,0,1
31,7,1,0,1,0,0,1,5,0,43.0,0,1
8,3,0,0,1,12,0,1,5,1,39.0,0,1
9,3,0,0,1,12,0,1,5,0,25.0,0,1
21,21,1,1,1,12,0,1,5,1,28.0,0,1
31,7,1,0,1,12,0,1,5,0,43.0,0,1
25,14,1,1,1,12,0,0,5,0,28.0,0,1
32,10,2,0,1,12,2,1,5,0,28.0,0,1
9,3,0,0,1,12,0,1,5,1,41.0,0,1
32,10,2,0,1,12,0,0,5,1,28.0,1,1
32,10,2,0,1,12,2,1,5,0,33.0,0,1
16,19,1,0,1,12,0,1,5,0,42.0,0,1
9,3,0,0,1,12,1,0,5,0,16.0,1,1
16,19,1,0,1,12,0,1,5,0,53.0,0,1
8,3,0,0,1,5,0,0,5,1,65.0,0,1
9,3,0,0,1,12,2,1,5,0,45.0,0,1
9,3,0,0,1,12,0,0,5,1,44.0,0,1
32,10,2,0,1,12,2,0,5,0,29.0,0,1
31,7,1,0,1,12,0,1,5,0,53.0,0,1
32,10,2,0,1,12,0,1,5,1,39.0,0,1
32,10,2,0,1,12,2,1,5,0,32.0,0,1
32,10,2,0,1,12,0,1,5,0,28.0,0,1
21,21,1,1,1,12,0,1,5,1,32.0,0,1
9,3,0,0,1,12,0,0,5,0,22.0,0,1
32,10,2,0,1,12,2,1,5,0,39.0,0,1
9,3,0,0,1,12,0,0,5,1,30.0,0,1
9,3,0,0,1,12,0,0,5,0,32.0,0,1
9,3,0,0,1,12,2,1,5,1,40.0,0,1
8,3,0,0,1,12,0,1,5,1,31.0,0,1
25,14,1,1,1,12,2,1,5,1,30.0,0,1
32,10,2,0,1,12,0,1,4,0,42.0,0,1
9,3,0,0,1,12,0,1,5,0,27.0,0,1
8,3,0,0,1,10,0,1,5,1,33.0,1,1
25,14,1,1,1,12,1,1,5,0,49.0,0,1
32,10,2,0,1,12,0,1,5,0,33.0,0,1
32,10,2,0,1,12,0,1,4,0,38.0,0,1
31,7,1,0,1,12,0,1,5,0,29.0,0,1
13,5,1,1,1,12,0,1,5,0,32.0,0,1
9,3,0,0,1,12,2,1,5,0,34.0,0,1
9,3,0,0,1,12,0,1,5,0,32.0,0,1
32,10,2,0,1,12,2,0,5,0,36.0,0,1
9,3,0,0,1,12,0,0,5,0,29.0,0,1
32,10,2,0,1,12,2,0,5,1,40.0,0,1
31,7,1,0,1,12,0,1,2,1,42.0,0,1
9,3,0,0,1,0,0,0,5,1,28.0,0,1
9,3,0,0,1,12,0,1,5,0,25.0,0,1
47,29,2,0,0,12,0,1,5,0,51.0,1,1
16,19,1,0,1,12,0,1,5,0,27.0,0,1
21,21,1,1,1,12,0,1,5,1,23.0,0,1
32,10,2,0,1,12,0,1,5,0,24.0,0,1
32,10,2,0,1,12,0,1,5,0,26.0,0,1
21,21,1,1,1,12,0,1,5,0,26.0,0,1
9,3,0,0,1,12,2,1,5,0,28.0,0,1
9,3,0,0,1,12,0,0,5,1,22.0,0,1
8,3,0,0,1,12,0,0,5,1,29.0,0,1
32,10,2,0,1,12,2,0,5,0,33.0,0,1
32,10,2,0,1,12,2,1,5,1,29.0,0,1
12,12,1,1,1,12,0,1,5,0,53.0,0,1
9,3,0,0,1,12,1,0,4,1,13.0,0,1
9,3,0,0,1,12,0,1,5,0,27.0,0,1
16,19,1,0,1,12,0,0,5,1,37.0,0,1
18,19,1,1,1,12,0,1,5,0,24.0,0,1
9,3,0,0,1,12,1,1,5,0,15.5,1,1
32,10,2,0,1,12,1,1,5,0,13.5,1,1
32,10,2,0,1,12,2,1,5,0,24.0,0,1
43,8,2,0,0,12,1,0,5,0,14.0,1,1
9,3,0,0,1,12,2,1,2,1,32.0,0,1
32,10,2,0,1,12,0,1,5,0,28.0,0,1
16,19,1,0,1,12,0,0,5,1,25.0,0,1
40,30,2,0,1,12,0,1,5,0,34.0,0,1
9,3,0,0,1,12,0,1,2,1,14.0,0,1
9,3,0,0,1,12,0,1,5,0,34.0,0,1
21,21,1,1,1,12,0,1,5,1,36.0,0,1
9,3,0,0,1,12,1,0,5,1,12.0,0,1
32,10,2,0,1,12,1,1,1,1,17.0,0,1
32,10,2,0,1,12,1,0,5,0,14.0,0,1
8,3,0,0,1,12,0,1,5,0,31.0,0,1
9,3,0,0,1,12,1,0,5,0,12.0,0,1
32,10,2,0,1,12,1,1,5,1,17.0,0,1
25,14,1,1,1,12,0,1,4,0,24.0,0,1
8,3,0,0,1,12,0,1,2,1,43.0,0,1
40,30,2,0,1,12,0,1,5,1,58.0,0,1
9,3,0,0,1,12,1,1,5,0,17.0,0,1
32,10,2,0,1,12,1,0,5,0,16.0,0,1
32,10,2,0,1,12,0,0,5,0,48.0,0,1
25,14,1,1,1,12,0,1,5,0,42.0,0,1
9,3,0,0,1,12,2,1,5,1,27.0,0,1
9,3,0,0,1,12,1,0,5,0,14.0,0,1
8,3,0,0,1,12,0,1,5,0,18.0,0,1
32,10,2,0,1,12,0,0,5,1,29.0,0,1
32,10,2,0,1,12,2,1,5,0,60.0,0,1
32,10,2,0,1,12,0,1,5,0,39.0,0,1
9,3,0,0,1,12,0,1,5,0,13.0,0,1
9,3,0,0,1,12,0,1,5,0,14.0,0,1
9,3,0,0,1,12,1,1,5,0,15.0,0,1
16,19,1,0,1,12,1,0,5,3,32.0,0,1
10,3,0,0,1,12,1,1,5,1,41.0,0,1
9,3,0,0,1,12,1,1,5,0,47.0,0,1
9,3,0,0,1,12,1,1,5,0,19.0,0,1
9,3,0,0,1,12,1,1,5,0,31.0,0,1
9,3,0,0,1,12,1,1,5,3,28.0,0,1
31,7,1,0,1,12,1,1,5,3,28.0,0,1
32,10,2,0,1,12,0,0,5,0,24.0,0,1
9,3,0,0,1,12,1,1,5,0,63.0,0,1
9,3,0,0,1,12,1,0,5,1,28.5,1,1
9,3,0,0,1,12,0,1,5,0,32.0,0,1
9,3,0,0,1,12,1,1,5,1,31.0,0,1
9,3,0,0,1,12,1,1,5,0,19.0,0,1
9,3,0,0,1,12,1,1,5,0,22.0,0,1
8,3,0,0,1,12,0,0,5,1,35.0,0,1
16,19,1,0,1,12,0,0,5,0,34.0,0,1
8,3,0,0,1,12,0,1,5,0,52.0,0,1
9,3,0,0,1,12,1,1,4,3,31.0,0,1
9,3,0,0,1,12,0,0,5,3,51.0,0,1
9,3,0,0,1,12,1,1,4,3,24.0,0,1
21,21,1,1,1,12,0,1,5,3,34.0,0,1
8,3,0,0,1,12,1,1,5,0,43.0,0,1
30,28,1,0,1,3,0,1,2,0,15.0,1,1
9,3,0,0,1,12,1,1,5,1,27.0,0,1
21,21,1,1,1,12,0,1,5,3,34.0,0,1
13,5,1,1,1,12,0,1,5,0,44.0,0,1
13,5,1,1,1,12,2,1,5,3,45.0,0,1
8,3,0,0,1,5,2,1,5,3,28.0,0,1
33,10,2,0,1,12,1,1,5,3,36.0,0,1
8,3,0,0,1,12,0,1,5,0,27.0,0,1
21,21,1,1,1,12,0,1,5,0,33.0,0,1
8,3,0,0,1,12,0,1,5,1,56.0,0,1
32,10,2,0,1,12,0,0,5,1,33.0,0,1
9,3,0,0,1,12,1,1,4,0,40.0,0,1
9,3,0,0,1,12,0,1,4,0,34.0,0,1
30,28,1,0,1,12,0,1,5,0,28.0,0,1
9,3,0,0,1,12,1,0,5,3,37.0,0,1
9,3,0,0,1,12,1,1,5,0,40.0,0,1
16,19,1,0,1,12,1,0,5,0,32.0,1,1
30,28,1,0,1,12,0,1,5,0,30.0,0,1
23,14,1,1,1,12,0,1,5,1,59.0,0,1
9,3,0,0,1,12,1,1,5,1,48.0,0,1
8,3,0,0,1,12,1,1,2,1,61.0,0,1
30,28,1,0,1,12,0,1,5,1,26.0,0,1
20,19,1,1,1,12,1,0,2,1,30.0,0,1
21,21,1,1,1,12,0,1,5,0,16.0,1,1
30,28,1,0,1,12,0,1,4,0,38.0,0,1
9,3,0,0,1,12,1,0,0,3,24.0,0,1
31,7,1,0,1,12,1,1,4,1,23.0,0,1
29,11,1,1,1,12,1,1,5,0,32.0,0,1
13,5,1,1,1,12,0,0,5,0,37.0,1,1
9,3,0,0,1,12,1,0,5,0,44.666666666666664,1,1
7,25,1,1,1,5,0,0,5,0,33.0,0,1
31,7,1,0,1,12,1,1,5,0,45.0,0,1
30,28,1,0,1,12,0,1,5,0,50.0,0,1
9,3,0,0,1,12,0,0,0,1,58.0,0,1
32,10,2,0,1,12,0,0,4,0,42.5,1,1
9,3,0,0,1,12,1,1,5,0,32.0,0,1
8,3,0,0,1,12,1,0,0,1,40.5,1,1
16,19,1,0,1,6,0,0,0,0,25.0,0,1
16,19,1,0,1,12,2,1,5,0,27.0,0,1
32,10,2,0,1,12,0,1,2,1,32.0,0,1
40,30,2,0,1,12,0,1,5,0,24.0,0,1
9,3,0,0,1,12,0,1,4,3,41.0,0,1
16,19,1,0,1,12,0,1,5,0,41.0,0,1
30,28,1,0,1,12,0,1,5,0,27.0,0,1
9,3,0,0,1,12,1,1,2,0,21.0,0,1
9,3,0,0,1,12,1,1,5,1,58.0,0,1
9,3,0,0,1,12,0,0,5,0,40.0,0,1
16,19,1,0,1,12,0,1,5,0,34.0,0,1
9,3,0,0,1,12,1,1,5,1,18.0,0,1
31,7,1,0,1,12,0,1,0,1,29.0,0,1
9,3,0,0,1,12,0,1,5,0,28.0,0,1
9,3,0,0,1,12,0,1,5,1,83.0,0,1
9,3,0,0,1,12,1,0,4,0,13.0,0,1
6,26,0,0,1,12,1,1,5,3,64.0,0,1
33,10,2,0,1,12,1,0,5,0,47.0,0,1
40,30,2,0,1,5,2,1,2,3,24.0,0,1
9,3,0,0,1,12,0,0,5,0,43.0,0,1
30,28,1,0,1,12,0,0,5,3,43.0,0,1
33,10,2,0,1,12,0,0,5,0,27.0,0,1
31,7,1,0,1,12,1,1,5,0,54.0,0,1
9,3,0,0,1,12,1,1,5,1,29.0,0,1
16,19,1,0,1,12,1,1,5,1,32.0,0,1
16,19,1,0,1,12,0,1,5,1,31.0,0,1
8,3,0,0,1,3,0,1,4,3,49.0,0,1
8,3,0,0,1,12,0,0,4,1,16.0,1,1
16,19,1,0,1,12,0,1,5,0,45.0,0,1
8,3,0,0,1,5,0,1,5,0,18.0,0,1
9,3,0,0,1,12,0,1,2,3,42.0,0,1
9,3,0,0,1,12,1,0,5,1,23.0,0,1
9,3,0,0,1,12,1,1,5,1,33.0,0,1
31,7,1,0,1,12,1,1,2,1,53.0,0,1
13,5,1,1,1,12,0,1,5,3,28.0,0,1
9,3,0,0,1,12,0,1,5,1,31.0,0,1
32,10,2,0,1,12,0,1,5,0,26.0,0,1
32,10,2,0,1,12,0,1,5,0,32.5,1,1
33,10,2,0,1,12,2,1,2,3,19.0,0,1
8,3,0,0,1,12,0,1,2,3,45.0,0,1
32,10,2,0,1,12,0,1,5,1,19.0,0,1
32,10,2,0,1,12,1,0,5,1,77.0,0,1
32,10,2,0,1,12,0,0,5,0,32.0,0,1
16,19,1,0,1,12,1,0,5,0,37.0,0,1
13,5,1,1,1,12,0,1,5,1,58.0,0,1
32,10,2,0,1,12,0,1,5,3,20.0,0,1
31,7,1,0,1,12,1,1,5,0,64.0,0,1
9,3,0,0,1,12,1,0,5,1,38.0,0,1
9,3,0,0,1,12,1,1,5,0,34.0,0,1
9,3,0,0,1,12,1,1,5,1,21.0,0,1
9,3,0,0,1,12,1,1,5,3,37.0,0,1
32,10,2,0,1,12,0,1,5,0,40.0,0,1
9,3,0,0,1,12,1,1,0,3,28.0,0,1
21,21,1,1,1,12,0,1,5,0,20.0,0,1
9,3,0,0,1,12,1,1,5,1,29.0,0,1
9,3,0,0,1,12,1,0,0,1,39.0,0,1
9,3,0,0,1,12,1,1,5,0,31.0,0,1
31,7,1,0,1,12,0,1,5,1,34.0,0,1
16,19,1,0,1,12,0,1,5,0,38.0,0,1
9,3,0,0,1,12,1,0,5,1,40.0,0,1
10,3,0,0,1,12,1,1,5,1,36.0,0,1
30,28,1,0,1,12,0,1,5,1,36.0,1,1
40,30,2,0,1,12,1,1,5,0,17.0,0,1
16,19,1,0,1,12,0,0,5,0,38.0,0,1
32,10,2,0,1,12,0,0,0,1,36.0,0,1
9,3,0,0,1,12,1,1,5,0,56.0,0,1
9,3,0,0,1,12,1,1,5,0,18.0,0,1
9,3,0,0,1,12,1,1,4,3,36.0,0,1
7,25,1,1,1,12,0,1,2,1,43.0,0,1
9,3,0,0,1,12,1,1,5,0,24.0,0,1
13,5,1,1,1,3,0,1,5,0,35.0,0,1
9,3,0,0,1,12,1,0,4,0,31.0,1,1
30,28,1,0,1,12,0,1,2,3,43.0,0,1
8,3,0,0,1,12,0,0,2,1,47.0,0,1
9,3,0,0,1,5,1,1,5,1,52.0,0,1
8,3,0,0,1,12,0,1,5,0,38.0,0,1
9,3,0,0,1,12,1,1,4,1,32.0,0,1
31,7,1,0,1,12,1,1,5,1,34.0,0,1
9,3,0,0,1,12,1,1,0,1,41.0,0,1
9,3,0,0,1,12,1,0,5,0,38.0,0,1
16,19,1,0,1,12,1,1,5,3,42.0,0,1
9,3,0,0,1,12,1,1,5,0,34.0,0,1
9,3,0,0,1,12,1,0,5,0,38.0,1,1
9,3,0,0,1,12,0,1,2,1,33.0,0,1
9,3,0,0,1,12,1,0,0,3,49.0,0,1
31,7,1,0,1,12,1,1,4,3,48.0,0,1
21,21,1,1,1,12,0,1,0,3,27.0,0,1
9,3,0,0,1,12,1,1,5,0,27.0,0,1
9,3,0,0,1,12,0,1,4,0,32.0,0,1
10,3,0,0,1,12,1,1,5,1,40.0,0,1
8,3,0,0,1,12,0,1,5,0,27.0,0,1
16,19,1,0,1,12,0,1,2,1,23.0,0,1
9,3,0,0,1,12,0,1,2,3,34.0,0,1
9,3,0,0,1,12,0,1,5,0,36.0,0,1
31,7,1,0,1,12,1,0,2,1,28.0,0,1
30,28,1,0,1,12,0,1,5,1,32.0,0,1
40,30,2,0,1,3,2,0,0,3,26.0,1,1
16,19,1,0,1,12,1,0,4,0,35.0,0,1
9,3,0,0,1,12,1,0,2,1,18.0,0,1
10,3,0,0,1,12,1,1,2,1,29.0,0,1
16,19,1,0,1,12,1,1,5,0,32.0,0,1
16,19,1,0,1,12,1,0,5,3,33.0,0,1
8,3,0,0,1,0,2,1,2,1,45.0,0,1
9,3,0,0,1,12,0,1,5,0,29.0,0,1
8,3,0,0,1,12,0,0,5,1,22.0,0,1
32,10,2,0,1,12,0,1,5,0,34.0,0,1
40,30,2,0,1,3,0,1,2,1,23.0,0,1
8,3,0,0,1,12,1,0,5,0,66.0,0,1
31,7,1,0,1,12,1,1,4,3,41.0,0,1
32,10,2,0,1,12,2,1,5,0,37.0,0,1
16,19,1,0,1,12,1,1,5,1,45.0,0,1
7,25,1,1,1,12,0,0,5,1,20.0,0,1
32,10,2,0,1,12,0,1,5,0,25.0,0,1
9,3,0,0,1,12,1,0,5,0,31.0,0,1
16,19,1,0,1,5,1,1,0,0,43.0,0,1
16,19,1,0,1,12,0,1,5,3,32.0,0,1
32,10,2,0,1,12,0,1,0,1,45.0,0,1
16,19,1,0,1,12,1,0,4,0,27.0,0,1
16,19,1,0,1,12,1,0,4,3,36.0,0,1
9,3,0,0,1,12,0,1,5,0,30.0,0,1
9,3,0,0,1,12,0,1,5,3,55.0,0,1
16,19,1,0,1,12,1,1,4,3,40.0,0,1
16,19,1,0,1,12,0,0,5,0,26.5,1,1
9,3,0,0,1,12,1,1,0,1,30.0,0,1
9,3,0,0,1,12,1,1,5,0,33.0,0,1
9,3,0,0,1,12,0,1,5,0,31.0,0,1
9,3,0,0,1,12,1,0,5,3,44.0,0,1
8,3,0,0,1,12,1,1,5,0,22.0,0,1
9,3,0,0,1,3,0,1,2,1,38.0,0,1
9,3,0,0,1,12,0,1,5,3,21.0,0,1
32,10,2,0,1,12,0,0,5,0,34.0,0,1
31,7,1,0,1,12,1,1,5,3,26.0,0,1
1,16,0,0,1,12,0,1,5,0,62.0,0,1
16,19,1,0,1,12,1,0,5,1,23.0,0,1
31,7,1,0,1,12,1,0,5,1,27.0,0,1
16,19,1,0,1,12,0,1,5,3,29.0,0,1
9,3,0,0,1,12,1,0,4,3,32.0,0,1
10,3,0,0,1,12,1,1,4,3,47.0,0,1
9,3,0,0,1,12,1,1,5,1,29.0,0,1
32,10,2,0,1,12,0,0,0,1,28.0,0,1
9,3,0,0,1,12,1,0,5,0,33.0,0,1
0,16,0,0,1,12,0,1,5,0,48.5,1,1
16,19,1,0,1,12,1,1,5,0,32.0,0,1
8,3,0,0,1,3,0,0,1,0,20.0,1,1
9,3,0,0,1,12,0,1,5,0,34.0,0,1
8,3,0,0,1,12,0,0,5,0,28.0,1,1
9,3,0,0,1,12,1,0,5,0,58.666666666666664,1,1
9,3,0,0,1,12,1,1,2,1,13.0,0,1
9,3,0,0,1,12,0,0,5,1,43.0,0,1
40,30,2,0,1,0,2,1,0,1,38.0,0,1
30,28,1,0,1,1,0,1,5,1,36.0,0,1
33,10,2,0,1,12,2,0,4,0,34.0,0,1
16,19,1,0,1,12,1,0,5,0,15.333333333333334,1,1
33,10,2,0,1,12,2,1,5,1,57.0,0,1
10,3,0,0,1,12,1,1,2,1,13.0,0,1
32,10,2,0,1,12,1,0,5,0,16.5,1,1
32,10,2,0,1,12,0,1,5,1,60.0,0,1
16,19,1,0,1,12,1,0,5,0,46.0,0,1
16,19,1,0,1,12,1,1,5,0,15.0,1,1
31,7,1,0,1,0,1,1,5,0,63.0,0,1
31,7,1,0,1,12,0,1,5,3,12.0,0,1
16,19,1,0,1,12,0,1,2,1,35.0,0,1
9,3,0,0,1,3,1,1,5,1,25.0,0,1
16,19,1,0,1,12,0,1,5,1,29.0,0,1
9,3,0,0,1,12,1,1,5,1,14.0,0,1
16,19,1,0,1,12,1,1,1,0,30.0,0,1
8,3,0,0,1,12,1,0,5,0,13.0,0,1
8,3,0,0,1,12,2,0,5,0,20.0,0,1
10,3,0,0,1,12,1,1,2,1,12.0,0,1
32,10,2,0,1,12,0,1,5,1,14.0,0,1
16,19,1,0,1,12,1,0,5,1,16.0,1,1
16,19,1,0,1,12,1,1,5,1,35.0,0,1
9,3,0,0,1,12,1,1,5,0,36.0,0,1
9,3,0,0,1,12,2,1,5,1,31.0,0,1
8,3,0,0,1,12,2,0,5,1,20.0,0,1
21,21,1,1,1,12,1,1,5,0,48.0,0,1
9,3,0,0,1,12,0,1,5,1,37.0,0,1
8,3,0,0,1,0,1,1,5,1,35.0,0,1
9,3,0,0,1,12,2,1,5,0,43.0,0,1
9,3,0,0,1,12,1,0,5,0,13.0,0,1
33,10,2,0,1,12,2,0,5,1,35.0,0,1
10,3,0,0,1,12,1,1,5,1,43.0,0,1
32,10,2,0,1,12,0,1,5,0,34.0,1,1
16,19,1,0,1,12,1,0,5,0,17.5,1,1
13,5,1,1,1,12,1,1,5,1,26.0,0,1
9,3,0,0,1,12,1,1,5,0,29.0,0,1
32,10,2,0,1,12,1,1,5,0,18.0,0,1
40,30,2,0,1,5,2,1,5,1,14.0,0,1
9,3,0,0,1,12,0,1,5,0,46.0,0,1
8,3,0,0,1,5,0,1,5,0,31.5,1,1
31,7,1,0,1,12,0,0,2,1,42.0,0,1
16,19,1,0,1,0,0,1,5,1,27.0,0,1
8,3,0,0,1,12,1,1,5,1,33.0,0,1
20,19,1,1,1,12,1,0,5,1,37.0,0,1
32,10,2,0,1,12,0,1,5,0,39.0,0,1
8,3,0,0,1,12,0,1,5,1,38.0,0,1
9,3,0,0,1,12,1,1,5,1,23.0,0,1
8,3,0,0,1,12,0,1,5,2,52.0,0,1
9,3,0,0,1,12,0,1,2,1,29.0,0,1
9,3,0,0,1,12,2,1,5,0,47.0,0,1
10,3,0,0,1,12,1,1,5,1,14.0,0,1
8,3,0,0,1,5,1,0,0,3,44.0,0,1
16,19,1,0,1,12,2,1,5,0,35.0,0,1
20,19,1,1,1,12,0,1,1,1,33.0,0,1
9,3,0,0,1,12,2,0,5,0,25.0,0,1
16,19,1,0,1,12,1,0,2,1,22.5,1,1
9,3,0,0,1,12,2,1,5,0,39.0,0,1
9,3,0,0,1,12,0,0,2,1,17.0,0,1
8,3,0,0,1,12,1,1,5,0,18.0,0,1
21,21,1,1,1,12,2,1,1,1,33.0,0,1
16,19,1,0,1,12,2,1,5,1,23.0,0,1
16,19,1,0,1,12,0,0,5,0,21.0,0,1
31,7,1,0,1,12,0,0,5,0,22.0,1,1
9,3,0,0,1,12,0,1,5,0,36.0,0,1
40,30,2,0,1,0,2,1,5,1,25.0,0,1
9,3,0,0,1,5,0,1,5,1,34.0,0,1
9,3,0,0,1,12,2,1,5,1,44.0,0,1
32,10,2,0,1,12,2,0,0,1,27.0,1,1
42,1,2,0,0,12,1,1,5,0,47.0,0,1
16,19,1,0,1,12,1,1,5,1,33.0,0,1
20,19,1,1,1,12,1,1,5,0,48.0,0,1
9,3,0,0,1,12,1,1,5,0,31.0,0,1
32,10,2,0,1,5,1,1,5,0,11.0,0,1
32,10,2,0,1,12,2,1,5,1,38.0,0,1
40,30,2,0,1,3,2,1,5,0,52.0,0,1
31,7,1,0,1,12,1,0,5,0,41.0,0,1
9,3,0,0,1,12,0,1,5,1,29.0,0,1
40,30,2,0,1,3,0,1,5,1,54.0,0,1
32,10,2,0,1,12,1,0,5,1,31.0,0,1
33,10,2,0,1,12,2,1,5,1,57.0,0,1
32,10,2,0,1,12,0,1,5,1,27.0,0,1
9,3,0,0,1,12,1,1,5,1,51.0,0,1
9,3,0,0,1,12,1,0,5,0,13.0,0,1
40,30,2,0,1,0,2,1,5,1,41.0,0,1
8,3,0,0,1,12,0,1,5,0,35.0,0,1
9,3,0,0,1,12,1,1,5,1,12.0,0,1
9,3,0,0,1,12,0,0,5,0,28.0,0,1
9,3,0,0,1,12,1,1,5,0,15.0,0,1
16,19,1,0,1,12,1,1,5,0,36.0,0,1
9,3,0,0,1,12,0,1,5,0,33.0,0,1
9,3,0,0,1,12,1,1,5,1,17.0,1,1
16,19,1,0,1,12,1,0,5,2,18.0,1,1
8,3,0,0,1,12,1,1,5,1,22.0,0,1
16,19,1,0,1,12,1,0,5,1,28.5,1,1
9,3,0,0,1,12,0,1,2,1,20.0,0,1
32,10,2,0,1,5,2,1,1,0,30.0,0,1
8,3,0,0,1,12,1,1,5,0,13.0,0,1
9,3,0,0,1,12,0,1,2,1,37.0,0,1
30,28,1,0,1,12,1,1,5,0,12.0,0,1
9,3,0,0,1,12,1,1,5,1,13.0,0,1
9,3,0,0,1,12,1,1,5,0,12.0,0,1
16,19,1,0,1,12,2,1,4,0,53.0,0,1
33,10,2,0,1,12,2,1,5,1,29.0,0,1
9,3,0,0,1,12,0,1,5,1,15.0,1,1
9,3,0,0,1,12,2,1,5,0,59.0,0,1
32,10,2,0,1,12,1,1,2,1,45.0,0,1
9,3,0,0,1,12,0,1,5,0,14.0,0,1
9,3,0,0,1,12,0,0,0,0,28.0,0,1
8,3,0,0,1,12,1,1,5,0,13.0,0,1
9,3,0,0,1,12,2,1,5,1,58.0,0,1
9,3,0,0,1,12,0,1,0,1,42.5,1,1
9,3,0,0,1,12,0,0,5,1,53.0,0,1
16,19,1,0,1,12,1,0,5,0,25.0,0,1
16,19,1,0,1,12,0,0,5,1,52.0,0,1
9,3,0,0,1,12,1,0,5,0,16.0,1,1
32,10,2,0,1,12,1,0,5,1,12.0,0,1
30,28,1,0,1,12,0,1,5,0,28.0,0,1
9,3,0,0,1,12,1,0,5,1,15.0,0,1
16,19,1,0,1,12,2,1,1,0,51.0,0,1
16,19,1,0,1,0,1,1,1,0,30.0,0,1
6,26,0,0,1,12,1,1,5,0,40.0,0,1
9,3,0,0,1,12,1,0,5,1,24.0,0,1
21,21,1,1,1,12,2,0,5,0,44.0,0,1
31,7,1,0,1,12,0,1,5,0,20.0,0,1
31,7,1,0,1,12,1,0,5,1,28.0,0,1
8,3,0,0,1,12,0,0,5,1,43.0,0,1
9,3,0,0,1,12,2,0,0,0,15.0,0,1
9,3,0,0,1,12,1,1,5,1,83.0,0,1
32,10,2,0,1,12,1,0,2,0,15.0,0,1
16,19,1,0,1,12,1,1,1,0,66.0,0,1
32,10,2,0,1,12,0,1,5,0,48.0,0,1
32,10,2,0,1,12,1,1,5,0,16.0,0,1
9,3,0,0,1,12,1,1,0,1,53.0,0,1
16,19,1,0,1,12,0,1,5,0,41.0,0,1
32,10,2,0,1,12,2,1,5,0,48.0,0,1
9,3,0,0,1,12,0,1,5,1,83.0,0,1
40,30,2,0,1,5,1,0,5,3,12.0,0,1
31,7,1,0,1,12,1,0,5,1,24.0,0,1
9,3,0,0,1,12,2,1,5,0,41.0,0,1
9,3,0,0,1,12,1,1,5,0,28.0,0,1
31,7,1,0,1,12,0,1,5,1,42.0,0,1
33,10,2,0,1,12,2,1,2,0,50.0,0,1
33,10,2,0,1,12,1,1,5,1,40.0,0,1
31,7,1,0,1,12,1,1,5,2,91.0,0,1
9,3,0,0,1,12,1,0,5,0,16.0,0,1
32,10,2,0,1,12,1,0,5,0,16.0,0,1
32,10,2,0,1,12,1,1,5,0,15.0,0,1
16,19,1,0,1,12,0,1,1,0,30.0,0,1
9,3,0,0,1,12,2,0,5,1,11.0,0,1
31,7,1,0,1,12,1,1,2,1,11.5,1,1
9,3,0,0,1,12,2,1,5,0,34.0,0,1
33,10,2,0,1,12,2,1,5,1,34.0,0,1
33,10,2,0,1,12,2,1,1,0,51.0,0,1
9,3,0,0,1,12,2,1,5,3,41.0,0,1
16,19,1,0,1,12,2,1,5,0,39.0,0,1
9,3,0,0,1,12,1,1,5,1,15.0,0,1
9,3,0,0,1,12,1,0,5,1,39.0,0,1
8,3,0,0,1,12,2,0,5,0,30.0,0,1
32,10,2,0,1,12,2,0,5,1,24.0,0,1
8,3,0,0,1,1,1,1,5,1,22.0,1,1
9,3,0,0,1,12,0,1,5,1,54.0,0,1
9,3,0,0,1,12,2,1,5,0,50.0,0,1
32,10,2,0,1,12,2,1,5,1,42.0,0,1
32,10,2,0,1,12,0,1,5,0,42.0,0,1
9,3,0,0,1,12,1,1,5,1,35.0,0,1
9,3,0,0,1,12,2,1,5,1,35.0,0,1
9,3,0,0,1,12,0,0,5,0,34.0,0,1
9,3,0,0,1,12,1,1,5,0,65.0,0,1
9,3,0,0,1,12,1,1,2,1,30.0,0,1
9,3,0,0,1,12,0,1,5,1,30.0,0,1
9,3,0,0,1,12,0,1,0,1,39.0,0,1
32,10,2,0,1,12,1,0,5,0,23.0,0,1
9,3,0,0,1,12,2,1,5,1,40.0,0,1
16,19,1,0,1,12,1,1,0,1,53.0,0,1
32,10,2,0,1,12,1,1,5,0,12.0,1,1
9,3,0,0,1,12,0,1,5,0,21.0,0,1
9,3,0,0,1,12,1,0,2,1,17.0,0,1
9,3,0,0,1,12,0,1,5,0,40.0,0,1
6,26,0,0,1,12,0,1,5,0,29.0,0,1
23,14,1,1,1,12,2,1,5,0,42.0,0,1
8,3,0,0,1,12,2,1,5,1,31.0,0,1
16,19,1,0,1,12,1,0,5,1,23.0,0,1
40,30,2,0,1,8,0,1,5,0,31.0,0,1
32,10,2,0,1,12,2,0,5,0,30.0,0,1
9,3,0,0,1,12,2,1,2,1,30.0,0,1
30,28,1,0,1,12,0,1,5,1,40.0,0,1
16,19,1,0,1,12,2,1,5,0,37.0,0,1
9,3,0,0,1,12,1,0,5,1,12.0,0,1
9,3,0,0,1,12,0,1,5,0,30.0,0,1
9,3,0,0,1,12,0,0,2,1,25.0,0,1
8,3,0,0,1,12,0,1,5,0,33.0,0,1
9,3,0,0,1,12,1,1,2,0,16.0,1,1
9,3,0,0,1,12,0,1,2,1,20.0,0,1
42,1,2,0,0,12,1,0,0,1,22.0,0,1
16,19,1,0,1,12,0,0,5,1,25.0,0,1
9,3,0,0,1,12,0,1,5,0,23.0,0,1
7,25,1,1,1,1,0,0,2,1,20.5,1,1
9,3,0,0,1,12,0,1,5,0,39.0,0,1
40,30,2,0,1,12,0,1,2,1,23.0,0,1
16,19,1,0,1,12,1,1,5,3,30.0,0,1
16,19,1,0,1,12,1,1,2,3,28.0,0,1
16,19,1,0,1,12,1,0,5,1,27.5,1,1
16,19,1,0,1,12,1,0,5,1,43.5,1,1
9,3,0,0,1,12,0,1,5,1,34.0,0,1
9,3,0,0,1,12,0,1,5,0,52.0,0,1
16,19,1,0,1,12,0,1,5,0,30.0,0,1
9,3,0,0,1,12,0,0,1,0,20.0,1,1
9,3,0,0,1,12,0,1,0,1,39.0,0,1
9,3,0,0,1,12,0,1,5,1,42.0,0,1
16,19,1,0,1,12,1,0,5,1,30.0,0,1
9,3,0,0,1,12,0,1,5,0,28.0,0,1
9,3,0,0,1,12,1,1,5,1,16.0,0,1
20,19,1,1,1,12,1,1,5,1,52.0,0,1
30,28,1,0,1,12,2,0,5,1,32.0,0,1
8,3,0,0,1,12,0,0,5,1,28.0,0,1
9,3,0,0,1,12,0,0,0,1,36.0,0,1
32,10,2,0,1,12,1,1,5,1,14.0,0,1
9,3,0,0,1,12,2,1,5,1,26.0,0,1
23,14,1,1,1,12,0,0,5,1,42.0,0,1
9,3,0,0,1,12,2,1,5,0,44.0,0,1
16,19,1,0,1,12,0,0,5,1,22.0,0,1
9,3,0,0,1,12,0,0,5,0,52.0,0,1
31,7,1,0,1,12,1,0,5,1,19.0,0,1
31,7,1,0,1,12,0,1,5,0,21.0,0,1
32,10,2,0,1,12,2,1,5,1,36.0,0,1
30,28,1,0,1,12,0,0,5,0,29.5,1,1
32,10,2,0,1,12,2,0,5,0,34.0,0,1
8,3,0,0,1,12,0,1,5,1,31.0,0,1
32,10,2,0,1,0,2,0,5,1,30.0,0,1
9,3,0,0,1,12,0,1,5,1,56.0,0,1
9,3,0,0,1,12,1,0,5,0,12.5,1,1
8,3,0,0,1,12,0,1,0,1,55.0,0,1
9,3,0,0,1,12,0,0,5,1,53.0,0,1
9,3,0,0,1,12,2,0,5,0,40.0,0,1
9,3,0,0,1,12,1,1,5,0,12.0,0,1
9,3,0,0,1,12,0,1,5,1,21.0,0,1
16,19,1,0,1,12,1,1,5,1,44.0,0,1
16,19,1,0,1,12,0,1,5,0,30.0,0,1
42,1,2,0,0,12,1,0,5,1,20.0,0,1
42,1,2,0,0,12,1,1,4,3,87.0,0,1
32,10,2,0,1,12,1,1,5,1,14.0,0,1
8,3,0,0,1,12,1,0,2,1,24.0,0,1
16,19,1,0,1,12,2,0,2,1,32.0,0,1
9,3,0,0,1,12,1,0,5,0,13.0,0,1
40,30,2,0,1,10,0,0,5,0,16.0,0,1
9,3,0,0,1,12,0,1,5,0,42.0,0,1
30,28,1,0,1,12,0,1,5,1,31.0,0,1
9,3,0,0,1,12,1,0,5,1,12.0,0,1
40,30,2,0,1,5,1,1,5,1,14.0,0,1
16,19,1,0,1,12,2,1,5,0,26.0,0,1
9,3,0,0,1,12,0,1,5,1,30.0,0,1
32,10,2,0,1,12,2,1,1,1,33.0,0,1
13,5,1,1,1,12,0,1,5,1,31.0,0,1
16,19,1,0,1,12,1,1,5,0,40.0,0,1
8,3,0,0,1,12,0,1,5,3,54.0,0,1
9,3,0,0,1,12,1,0,5,1,20.0,0,1
43,8,2,0,0,12,1,1,5,0,16.5,1,1
31,7,1,0,1,12,0,1,2,1,54.0,0,1
6,26,0,0,1,12,1,1,5,0,16.0,0,1
9,3,0,0,1,12,1,1,5,0,15.333333333333334,1,1
9,3,0,0,1,12,1,1,2,1,14.0,1,1
9,3,0,0,1,12,1,1,5,0,15.0,1,1
9,3,0,0,1,12,0,1,5,1,30.0,0,1
32,10,2,0,1,12,1,0,5,1,15.0,0,1
16,19,1,0,1,12,1,1,2,1,40.0,0,1
16,19,1,0,1,12,1,0,5,0,22.0,0,1
18,19,1,1,1,12,1,1,5,1,29.0,0,1
18,19,1,1,1,12,1,1,5,1,29.0,0,1
16,19,1,0,1,12,1,1,5,1,38.0,0,1
16,19,1,0,1,12,1,0,5,1,40.0,1,1
29,11,1,1,1,12,1,0,5,1,29.0,0,1
9,3,0,0,1,12,1,1,5,1,19.0,0,1
32,10,2,0,1,12,1,0,4,3,33.5,1,1
32,10,2,0,1,12,1,0,5,3,35.0,0,1
40,30,2,0,1,8,1,1,5,0,34.0,0,1
16,19,1,0,1,12,1,0,5,3,13.0,1,1
16,19,1,0,1,12,1,1,5,3,64.0,0,1
16,19,1,0,1,12,1,1,5,0,16.5,1,1
16,19,1,0,1,12,1,1,2,1,31.0,0,1
9,3,0,0,1,12,2,1,2,1,42.0,0,1
9,3,0,0,1,12,1,0,5,1,56.0,0,1
16,19,1,0,1,12,1,0,2,0,26.0,1,1
32,10,2,0,1,12,2,1,5,1,62.0,0,1
16,19,1,0,1,12,0,0,5,0,16.0,0,1
9,3,0,0,1,12,1,1,5,1,71.0,0,1
9,3,0,0,1,12,0,0,5,1,37.0,0,1
9,3,0,0,1,12,1,1,5,0,14.5,1,1
9,3,0,0,1,12,2,1,5,0,42.0,0,1
23,14,1,1,1,12,1,1,2,2,63.0,0,1
32,10,2,0,1,12,1,1,5,1,14.0,0,1
9,3,0,0,1,12,2,0,5,1,37.0,0,1
9,3,0,0,1,12,1,0,2,0,15.0,1,1
32,10,2,0,1,12,2,1,2,1,44.0,0,1
16,19,1,0,1,12,0,1,5,1,14.0,0,1
9,3,0,0,1,12,0,0,2,0,37.0,0,1
8,3,0,0,1,1,0,1,5,0,33.0,0,1
8,3,0,0,1,12,1,0,0,0,29.0,0,1
9,3,0,0,1,12,1,1,5,0,16.0,0,1
9,3,0,0,1,12,0,1,5,0,43.0,0,1
20,19,1,1,1,12,1,0,2,1,24.0,0,1
32,10,2,0,1,12,1,1,5,1,15.0,0,1
16,19,1,0,1,12,1,0,2,1,13.0,0,1
32,10,2,0,1,12,0,1,5,1,39.0,0,1
9,3,0,0,1,12,0,1,0,1,35.0,0,1
16,19,1,0,1,12,1,1,5,0,45.0,0,1
29,11,1,1,1,12,1,0,5,0,41.0,0,1
8,3,0,0,1,12,0,1,2,0,32.5,1,1
9,3,0,0,1,12,2,0,5,0,29.0,0,1
32,10,2,0,1,12,2,1,5,0,22.0,0,1
9,3,0,0,1,12,1,1,5,1,15.0,0,1
8,3,0,0,1,12,2,1,5,1,19.0,0,1
31,7,1,0,1,12,1,0,5,0,14.0,0,1
32,10,2,0,1,12,1,1,5,3,14.0,0,1
9,3,0,0,1,12,2,1,5,0,49.0,0,1
9,3,0,0,1,12,0,1,5,1,19.0,0,1
9,3,0,0,1,0,2,1,2,1,40.0,0,1
20,19,1,1,1,12,2,1,5,1,37.666666666666664,1,1
16,19,1,0,1,12,0,0,5,0,25.0,0,1
9,3,0,0,1,1,0,1,5,1,41.0,0,1
9,3,0,0,1,12,0,0,5,1,33.0,0,1
8,3,0,0,1,5,0,0,5,0,30.0,0,1
9,3,0,0,1,12,0,1,5,1,58.0,0,1
11,2,1,0,1,12,1,1,5,1,14.0,1,1
31,7,1,0,1,12,0,1,5,0,14.0,0,1
16,19,1,0,1,12,0,1,5,1,27.0,0,1
31,7,1,0,1,12,0,1,5,2,32.0,0,1
30,28,1,0,1,12,1,0,5,0,15.0,0,1
9,3,0,0,1,12,0,0,5,0,48.0,0,1
9,3,0,0,1,12,2,1,5,0,39.0,0,1
32,10,2,0,1,12,1,1,5,1,15.0,0,1
40,30,2,0,1,12,0,1,5,1,38.0,0,1
9,3,0,0,1,12,2,1,5,0,44.0,0,1
32,10,2,0,1,12,1,1,5,1,14.0,0,1
32,10,2,0,1,12,1,1,5,1,15.0,0,1
16,19,1,0,1,12,2,1,5,0,36.0,0,1
8,3,0,0,1,3,1,1,5,3,23.0,0,1
32,10,2,0,1,12,0,0,5,3,22.0,0,1
9,3,0,0,1,12,1,1,2,1,43.0,0,1
16,19,1,0,1,12,0,1,5,0,26.0,0,1
9,3,0,0,1,12,0,1,5,1,55.0,0,1
9,3,0,0,1,12,1,1,4,3,15.0,0,1
16,19,1,0,1,12,1,1,5,2,27.0,0,1
9,3,0,0,1,12,1,1,5,0,36.5,1,1
9,3,0,0,1,12,2,1,5,1,32.0,0,1
9,3,0,0,1,12,1,1,5,3,29.0,0,1
9,3,0,0,1,12,1,0,5,0,29.0,0,1
9,3,0,0,1,12,0,0,5,0,22.0,0,1
16,19,1,0,1,12,1,1,5,0,61.0,0,1
9,3,0,0,1,12,0,1,5,1,46.0,0,1
9,3,0,0,1,12,0,1,5,1,38.0,0,1
8,3,0,0,1,6,2,1,5,0,26.0,0,1
9,3,0,0,1,12,0,1,5,1,18.0,0,1
9,3,0,0,1,12,2,1,5,1,17.0,0,1
16,19,1,0,1,12,1,1,0,1,52.0,0,1
22,6,1,0,1,12,1,1,5,1,38.0,0,1
9,3,0,0,1,12,0,1,5,0,41.0,0,1
32,10,2,0,1,12,1,1,5,1,16.0,0,1
32,10,2,0,1,12,1,1,1,1,33.0,0,1
33,10,2,0,1,12,1,0,5,0,29.0,0,1
9,3,0,0,1,12,2,1,5,0,39.0,0,1
16,19,1,0,1,12,1,0,5,0,31.0,1,1
9,3,0,0,1,12,0,1,5,1,42.0,0,1
9,3,0,0,1,12,1,1,5,0,48.0,0,1
31,7,1,0,1,12,0,0,5,0,36.0,0,1
9,3,0,0,1,0,0,0,5,1,29.5,1,1
29,11,1,1,1,12,1,1,5,1,18.0,0,1
9,3,0,0,1,12,0,0,2,0,37.0,0,1
9,3,0,0,1,12,0,0,5,0,29.0,0,1
9,3,0,0,1,12,1,1,5,0,34.0,0,1
9,3,0,0,1,12,0,0,5,1,55.0,0,1
16,19,1,0,1,12,1,1,2,1,37.0,0,1
8,3,0,0,1,12,1,0,1,1,37.0,0,1
30,28,1,0,1,12,0,1,2,1,40.5,1,1
20,19,1,1,1,12,1,1,5,1,27.0,0,1
33,10,2,0,1,12,1,0,5,1,32.0,0,1
32,10,2,0,1,12,1,1,5,1,14.5,1,1
31,7,1,0,1,12,0,0,5,1,49.0,0,1
16,19,1,0,1,12,1,0,5,0,38.0,0,1
16,19,1,0,1,12,0,1,5,1,43.0,0,1
13,5,1,1,1,12,0,1,2,1,25.0,0,1
9,3,0,0,1,12,1,1,5,1,15.0,0,1
32,10,2,0,1,12,1,0,5,0,14.0,0,1
9,3,0,0,1,12,0,0,5,0,26.0,0,1
16,19,1,0,1,12,0,1,5,1,14.0,1,1
16,19,1,0,1,12,0,1,5,1,14.0,0,1
40,30,2,0,1,12,1,1,5,1,14.0,0,1
32,10,2,0,1,12,1,1,5,0,15.0,0,1
32,10,2,0,1,12,1,0,5,0,15.0,0,1
20,19,1,1,1,12,1,1,2,1,41.0,0,1
32,10,2,0,1,12,1,1,5,1,14.0,0,1
16,19,1,0,1,12,1,1,5,0,17.0,0,1
9,3,0,0,1,12,2,0,5,1,38.0,0,1
20,19,1,1,1,12,1,0,5,1,33.0,0,1
9,3,0,0,1,12,1,1,5,0,14.0,0,1
9,3,0,0,1,12,0,1,0,1,19.0,0,1
9,3,0,0,1,12,0,0,5,0,37.0,0,1
9,3,0,0,1,12,0,0,0,2,26.0,0,1
9,3,0,0,1,12,2,1,0,1,53.0,0,1
9,3,0,0,1,12,0,1,5,0,36.0,0,1
16,19,1,0,1,12,2,1,5,1,28.0,0,1
16,19,1,0,1,12,0,1,5,3,35.0,0,1
16,19,1,0,1,12,1,0,5,0,26.0,0,1
16,19,1,0,1,12,1,0,5,1,32.0,0,1
16,19,1,0,1,12,1,1,5,1,19.0,0,1
9,3,0,0,1,12,2,1,5,1,34.0,0,1
16,19,1,0,1,12,1,0,5,2,36.0,0,1
16,19,1,0,1,12,2,1,5,1,36.0,0,1
9,3,0,0,1,12,1,1,5,0,27.5,1,1
8,3,0,0,1,12,0,0,5,0,31.0,0,1
33,10,2,0,1,12,2,0,5,1,26.0,0,1
8,3,0,0,1,12,2,1,5,1,32.0,0,1
9,3,0,0,1,12,1,0,2,0,42.0,1,1
16,19,1,0,1,12,0,1,5,1,37.0,0,1
8,3,0,0,1,12,0,1,5,0,28.0,0,1
9,3,0,0,1,12,1,1,5,1,41.0,0,1
16,19,1,0,1,12,1,1,5,0,41.0,0,1
16,19,1,0,1,12,1,1,5,0,41.0,0,1
23,14,1,1,1,12,1,0,4,3,27.0,0,1
16,19,1,0,1,12,1,1,5,1,33.0,0,1
9,3,0,0,1,12,0,0,0,1,36.0,0,1
20,19,1,1,1,12,1,0,5,0,33.0,0,1
9,3,0,0,1,12,1,1,5,0,16.0,1,1
9,3,0,0,1,12,1,1,2,1,24.0,0,1
31,7,1,0,1,12,0,0,2,1,30.0,0,1
32,10,2,0,1,12,0,1,5,0,30.0,0,1
29,11,1,1,1,12,2,1,5,0,53.0,0,1
16,19,1,0,1,12,1,1,5,1,31.0,0,1
16,19,1,0,1,12,1,0,0,0,22.5,1,1
47,29,2,0,0,5,2,1,2,0,27.0,1,1
30,28,1,0,1,4,0,1,5,0,29.0,0,1
8,3,0,0,1,12,0,1,5,0,19.0,1,1
32,10,2,0,1,12,1,1,5,1,48.0,0,1
9,3,0,0,1,12,1,1,5,1,14.0,0,1
16,19,1,0,1,12,1,1,4,3,72.0,0,1
8,3,0,0,1,12,2,1,5,0,45.0,0,1
9,3,0,0,1,12,1,0,5,0,26.0,0,1
16,19,1,0,1,12,1,1,5,0,41.0,0,1
16,19,1,0,1,12,1,1,2,3,15.0,0,1
16,19,1,0,1,12,0,1,2,3,15.0,0,1
9,3,0,0,1,12,1,1,5,1,33.0,0,1
7,25,1,1,1,5,1,1,5,0,30.0,0,1
20,19,1,1,1,12,1,1,2,1,13.0,0,1
33,10,2,0,1,12,2,1,5,1,24.0,0,1
31,7,1,0,1,12,1,1,5,1,37.0,0,1
9,3,0,0,1,12,2,1,5,1,28.0,0,1
31,7,1,0,1,12,1,1,5,0,33.0,0,1
9,3,0,0,1,12,1,1,5,0,15.0,1,1
9,3,0,0,1,12,0,1,5,0,33.0,0,1
16,19,1,0,1,12,1,1,5,0,30.0,0,1
16,19,1,0,1,12,1,1,5,0,30.0,0,1
9,3,0,0,1,12,0,1,5,1,32.0,0,1
16,19,1,0,1,12,1,1,5,1,54.0,0,1
9,3,0,0,1,12,2,1,5,0,33.0,0,1
16,19,1,0,1,12,1,1,0,1,53.0,0,1
9,3,0,0,1,12,1,0,5,1,38.5,1,1
7,25,1,1,1,5,1,1,5,0,30.0,0,1
9,3,0,0,1,5,2,1,5,0,30.0,0,1
9,3,0,0,1,12,1,1,5,0,46.0,0,1
32,10,2,0,1,12,0,0,5,1,53.0,0,1
9,3,0,0,1,12,1,1,5,1,16.0,0,1
8,3,0,0,1,3,0,1,5,0,31.0,0,1
16,19,1,0,1,12,1,1,0,1,49.0,1,1
16,19,1,0,1,12,1,1,5,1,54.0,0,1
16,19,1,0,1,12,1,1,2,1,21.0,0,1
9,3,0,0,1,12,0,0,5,1,64.0,0,1
8,3,0,0,1,12,0,1,2,1,21.0,0,1
16,19,1,0,1,12,1,1,5,1,13.0,1,1
8,3,0,0,1,12,0,1,2,1,40.0,0,1
33,10,2,0,1,12,2,1,5,3,39.0,0,1
9,3,0,0,1,12,0,1,5,0,28.0,0,1
16,19,1,0,1,12,1,1,5,1,28.0,0,1
8,3,0,0,1,5,2,0,5,1,25.0,0,1
16,19,1,0,1,12,1,0,5,0,25.0,0,1
40,30,2,0,1,12,1,1,5,0,33.0,0,1
20,19,1,1,1,12,0,0,5,0,41.0,1,1
9,3,0,0,1,12,0,1,5,0,37.0,0,1
16,19,1,0,1,12,1,1,5,0,26.0,0,1
9,3,0,0,1,12,0,1,5,1,29.0,0,1
9,3,0,0,1,12,1,1,5,1,33.0,0,1
9,3,0,0,1,12,2,1,2,2,63.0,0,1
16,19,1,0,1,12,1,1,5,0,22.0,0,1
9,3,0,0,1,12,0,1,5,0,50.0,0,1
33,10,2,0,1,12,0,1,5,1,33.0,0,1
9,3,0,0,1,12,1,1,5,0,29.0,0,1
9,3,0,0,1,12,1,1,5,0,13.0,0,1
9,3,0,0,1,12,1,1,5,1,33.0,0,1
16,19,1,0,1,12,1,1,5,0,48.0,0,1
16,19,1,0,1,12,1,1,5,0,51.0,0,1
16,19,1,0,1,12,1,1,1,0,37.0,0,1
16,19,1,0,1,12,1,1,5,0,17.0,0,1
42,1,2,0,0,12,1,1,5,0,62.0,0,1
23,14,1,1,1,12,1,0,5,1,64.0,0,1
40,30,2,0,1,4,0,1,2,1,25.0,0,1
8,3,0,0,1,5,1,1,5,1,17.0,0,1
31,7,1,0,1,12,1,1,5,1,37.0,0,1
9,3,0,0,1,12,1,1,5,1,18.0,0,1
16,19,1,0,1,12,1,1,5,1,34.0,0,1
49,0,2,0,0,12,2,1,5,0,38.0,0,1
40,30,2,0,1,5,1,1,0,1,12.0,0,1
8,3,0,0,1,12,1,1,5,0,16.0,0,1
40,30,2,0,1,5,1,0,5,0,13.0,0,1
9,3,0,0,1,12,2,1,5,1,35.0,0,1
9,3,0,0,1,12,0,1,5,1,43.0,0,1
32,10,2,0,1,5,0,1,5,1,37.0,0,1
32,10,2,0,1,12,1,0,5,0,13.5,1,1
9,3,0,0,1,12,2,1,5,1,28.0,0,1
9,3,0,0,1,12,0,1,5,1,34.0,0,1
8,3,0,0,1,3,0,0,2,1,49.0,0,1
9,3,0,0,1,12,2,1,5,1,28.0,0,1
40,30,2,0,1,5,1,0,5,0,14.5,1,1
9,3,0,0,1,12,0,1,5,1,36.0,0,1
10,3,0,0,1,12,1,1,5,0,14.0,0,1
16,19,1,0,1,12,2,0,5,0,24.0,0,1
9,3,0,0,1,12,0,0,5,1,55.0,0,1
31,7,1,0,1,12,0,0,5,0,35.0,0,1
21,21,1,1,1,12,2,1,2,1,38.0,0,1
9,3,0,0,1,12,2,1,2,1,39.0,0,1
40,30,2,0,1,12,1,1,5,1,14.0,0,1
9,3,0,0,1,12,2,1,5,0,27.0,0,1
9,3,0,0,1,12,0,1,2,1,36.0,0,1
9,3,0,0,1,12,2,1,5,0,24.0,0,1
9,3,0,0,1,12,0,1,2,3,31.0,0,1
8,3,0,0,1,5,1,1,5,0,26.0,0,1
9,3,0,0,1,12,1,0,5,1,30.5,1,1
9,3,0,0,1,12,2,1,5,2,49.0,0,1
9,3,0,0,1,12,1,1,2,1,40.0,0,1
32,10,2,0,1,12,2,0,0,1,31.0,0,1
8,3,0,0,1,12,0,0,5,0,20.0,0,1
9,3,0,0,1,12,0,1,5,0,21.0,1,1
30,28,1,0,1,12,2,1,5,1,34.0,0,1
8,3,0,0,1,12,0,1,5,1,34.0,0,1
9,3,0,0,1,12,0,0,1,0,33.0,0,1
8,3,0,0,1,0,0,1,5,0,57.0,0,1
40,30,2,0,1,3,1,1,5,0,26.0,0,1
9,3,0,0,1,12,0,0,5,0,34.0,0,1
40,30,2,0,1,3,1,1,5,1,54.0,0,1
33,10,2,0,1,12,2,1,2,1,49.0,0,1
16,19,1,0,1,12,0,1,5,0,32.0,0,1
16,19,1,0,1,12,0,1,5,0,37.0,0,1
32,10,2,0,1,12,2,1,5,1,32.0,0,1
18,19,1,1,1,12,0,1,5,3,22.0,0,1
31,7,1,0,1,12,1,0,5,1,15.0,0,1
16,19,1,0,1,12,0,0,5,0,35.0,0,1
6,26,0,0,1,0,0,1,2,1,20.0,0,1
16,19,1,0,1,12,1,1,5,1,25.0,0,1
10,3,0,0,1,12,0,1,5,1,17.0,0,1
16,19,1,0,1,12,1,1,5,1,34.0,0,1
40,30,2,0,1,5,1,1,5,0,14.0,0,1
31,7,1,0,1,12,1,1,5,1,46.0,0,1
9,3,0,0,1,12,1,1,5,1,46.0,0,1
9,3,0,0,1,12,2,1,5,0,39.0,0,1
9,3,0,0,1,12,1,1,5,0,25.0,0,1
16,19,1,0,1,12,1,0,2,1,28.0,1,1
8,3,0,0,1,3,0,1,5,1,27.0,0,1
29,11,1,1,1,12,1,0,5,0,24.0,0,1
9,3,0,0,1,12,0,0,2,1,43.0,0,1
9,3,0,0,1,12,2,1,5,0,33.0,0,1
9,3,0,0,1,12,1,1,2,0,39.0,0,1
32,10,2,0,1,12,0,1,5,1,53.0,0,1
8,3,0,0,1,12,0,1,5,0,39.0,0,1
21,21,1,1,1,12,0,1,5,2,33.0,0,1
16,19,1,0,1,12,0,1,0,0,33.0,0,1
9,3,0,0,1,12,0,1,5,1,31.0,0,1
29,11,1,1,1,12,1,1,5,1,17.0,0,1
9,3,0,0,1,12,1,1,5,0,41.0,0,1
8,3,0,0,1,12,2,0,5,0,25.0,0,1
8,3,0,0,1,3,1,1,2,1,45.0,0,1
9,3,0,0,1,12,0,1,5,1,21.0,0,1
33,10,2,0,1,12,0,0,4,0,34.0,0,1
31,7,1,0,1,12,0,1,5,0,27.0,0,1
13,5,1,1,1,12,0,1,2,1,36.0,0,1
16,19,1,0,1,12,1,1,5,0,61.0,0,1
8,3,0,0,1,5,2,1,5,1,38.0,0,1
8,3,0,0,1,5,0,1,5,0,26.0,0,1
9,3,0,0,1,12,1,1,5,3,40.0,0,1
9,3,0,0,1,12,0,1,5,1,34.0,0,1
9,3,0,0,1,12,0,1,0,1,64.0,0,1
9,3,0,0,1,12,0,1,5,1,34.0,0,1
30,28,1,0,1,12,0,1,5,1,27.0,0,1
9,3,0,0,1,12,0,1,5,0,39.0,0,1
9,3,0,0,1,12,1,1,5,1,20.0,0,1
9,3,0,0,1,12,0,1,5,1,21.0,0,1
9,3,0,0,1,12,2,1,5,1,30.0,0,1
31,7,1,0,1,12,0,0,5,3,15.0,0,1
16,19,1,0,1,12,0,1,5,0,12.5,1,1
13,5,1,1,1,12,0,1,5,1,37.0,0,1
16,19,1,0,1,12,1,0,5,1,67.0,0,1
8,3,0,0,1,12,1,0,2,1,33.0,0,1
9,3,0,0,1,12,1,1,5,0,24.0,0,1
8,3,0,0,1,3,0,1,5,0,44.0,0,1
8,3,0,0,1,12,0,0,5,0,51.5,1,1
9,3,0,0,1,12,1,1,5,0,49.0,0,1
9,3,0,0,1,12,1,1,5,0,49.0,0,1
8,3,0,0,1,12,1,1,5,0,21.0,0,1
16,19,1,0,1,12,0,0,5,0,45.5,1,1
31,7,1,0,1,12,1,1,1,0,48.0,0,1
33,10,2,0,1,12,2,1,5,0,24.0,0,1
33,10,2,0,1,12,2,1,5,1,29.0,0,1
9,3,0,0,1,12,1,0,5,0,20.0,0,1
9,3,0,0,1,12,1,1,0,1,22.0,0,1
32,10,2,0,1,5,0,0,5,0,34.5,1,1
9,3,0,0,1,12,0,1,5,0,25.0,0,1
49,0,2,0,0,12,0,0,2,3,35.0,1,1
16,19,1,0,1,12,1,1,1,0,52.0,0,1
9,3,0,0,1,12,1,0,1,1,70.0,0,1
16,19,1,0,1,12,2,1,5,1,25.0,0,1
31,7,1,0,1,12,2,1,5,0,34.0,0,1
9,3,0,0,1,12,1,0,5,1,23.0,0,1
16,19,1,0,1,12,1,1,5,1,41.0,0,1
9,3,0,0,1,12,1,0,2,0,27.0,1,1
9,3,0,0,1,12,2,1,2,1,36.0,1,1
16,19,1,0,1,12,1,1,1,0,30.0,0,1
33,10,2,0,1,12,2,0,5,1,25.0,0,1
9,3,0,0,1,12,0,1,5,0,43.0,0,1
8,3,0,0,1,12,0,1,5,1,60.0,0,1
9,3,0,0,1,12,0,1,5,1,18.0,0,1
8,3,0,0,1,5,0,1,5,0,38.0,0,1
9,3,0,0,1,12,1,0,5,0,27.5,1,1
9,3,0,0,1,12,0,1,0,0,33.0,0,1
9,3,0,0,1,12,1,0,5,0,28.0,0,1
32,10,2,0,1,12,2,1,0,1,37.0,0,1
32,10,2,0,1,12,0,1,5,3,32.0,0,1
31,7,1,0,1,12,0,1,2,1,16.0,0,1
9,3,0,0,1,12,2,1,5,0,35.0,0,1
8,3,0,0,1,0,0,0,2,1,34.0,0,1
9,3,0,0,1,12,0,0,5,1,29.0,0,1
9,3,0,0,1,12,2,1,4,3,33.0,0,1
20,19,1,1,1,12,1,1,5,0,38.0,0,1
16,19,1,0,1,12,0,1,5,1,32.0,0,1
32,10,2,0,1,12,0,1,2,1,45.0,0,1
9,3,0,0,1,12,1,1,5,0,22.0,0,1
9,3,0,0,1,12,2,1,5,0,35.0,0,1
9,3,0,0,1,12,1,1,5,1,35.0,0,1
9,3,0,0,1,12,2,0,2,1,33.0,0,1
16,19,1,0,1,12,0,0,5,0,27.5,1,1
8,3,0,0,1,3,0,1,5,0,36.0,0,1
9,3,0,0,1,12,2,1,2,1,36.0,0,1
21,21,1,1,1,12,1,1,5,0,12.0,1,1
8,3,0,0,1,12,2,0,2,1,33.0,0,1
16,19,1,0,1,12,1,0,5,1,27.0,0,1
16,19,1,0,1,12,1,1,5,3,34.0,0,1
16,19,1,0,1,12,1,1,5,1,35.0,0,1
9,3,0,0,1,12,2,0,5,1,14.0,0,1
32,10,2,0,1,12,1,0,1,0,40.0,0,1
9,3,0,0,1,12,2,1,5,0,49.0,0,1
9,3,0,0,1,12,0,0,5,1,14.0,0,1
9,3,0,0,1,12,0,1,2,1,36.0,0,1
9,3,0,0,1,12,2,1,5,1,68.0,0,1
9,3,0,0,1,12,1,1,2,1,14.0,0,1
32,10,2,0,1,12,2,1,5,0,78.0,0,1
9,3,0,0,1,12,0,1,5,0,38.0,0,1
9,3,0,0,1,12,2,1,1,0,52.0,0,1
8,3,0,0,1,0,0,1,5,1,44.0,0,1
9,3,0,0,1,12,1,1,5,0,40.5,1,1
33,10,2,0,1,12,1,1,5,0,29.0,0,1
32,10,2,0,1,12,0,1,5,0,40.0,0,1
9,3,0,0,1,12,0,0,5,0,43.0,0,1
8,3,0,0,1,12,0,0,2,1,44.0,0,1
20,19,1,1,1,12,1,1,2,1,42.0,0,1
9,3,0,0,1,12,1,1,5,1,25.0,0,1
32,10,2,0,1,12,2,1,2,1,42.0,0,1
9,3,0,0,1,12,0,1,2,1,21.0,0,1
21,21,1,1,1,12,0,1,5,1,13.0,0,1
8,3,0,0,1,6,0,1,5,1,41.0,0,1
32,10,2,0,1,12,0,1,5,1,73.0,0,1
9,3,0,0,1,12,0,1,5,0,43.0,0,1
21,21,1,1,1,12,0,1,5,1,15.0,0,1
16,19,1,0,1,12,1,1,5,1,42.0,0,1
31,7,1,0,1,12,1,1,2,1,38.0,0,1
49,0,2,0,0,12,2,1,5,0,19.0,0,1
16,19,1,0,1,12,1,0,5,0,35.0,0,1
20,19,1,1,1,12,2,0,5,1,22.0,0,1
13,5,1,1,1,12,1,1,5,0,20.0,0,1
33,10,2,0,1,10,2,1,5,1,47.0,0,1
9,3,0,0,1,12,0,1,5,1,48.0,0,1
16,19,1,0,1,12,1,1,5,1,24.0,0,1
8,3,0,0,1,0,0,1,5,1,19.0,0,1
32,10,2,0,1,12,0,0,5,0,25.0,0,1
16,19,1,0,1,12,1,0,5,1,41.0,0,1
9,3,0,0,1,12,1,1,4,3,57.0,0,1
16,19,1,0,1,12,1,1,5,1,34.0,0,1
9,3,0,0,1,12,0,1,5,0,36.0,0,1
9,3,0,0,1,12,0,1,5,0,15.0,0,1
20,19,1,1,1,12,1,1,5,1,13.0,0,1
32,10,2,0,1,12,2,1,5,3,54.0,0,1
20,19,1,1,1,12,1,1,5,3,44.0,0,1
31,7,1,0,1,12,1,1,5,1,32.0,0,1
31,7,1,0,1,12,1,1,5,0,24.0,0,1
9,3,0,0,1,12,0,1,2,1,36.0,0,1
9,3,0,0,1,12,0,1,5,1,44.0,0,1
16,19,1,0,1,12,1,0,5,0,14.0,0,1
32,10,2,0,1,12,0,1,5,1,37.0,0,1
9,3,0,0,1,12,2,1,5,3,34.0,0,1
16,19,1,0,1,12,0,1,2,0,33.0,0,1
9,3,0,0,1,12,2,1,2,0,33.0,0,1
9,3,0,0,1,12,0,1,0,1,29.0,0,1
32,10,2,0,1,12,0,0,5,0,24.0,0,1
32,10,2,0,1,12,2,1,5,2,35.0,0,1
9,3,0,0,1,12,0,1,5,3,57.0,0,1
9,3,0,0,1,12,1,0,5,1,35.0,0,1
9,3,0,0,1,12,0,1,5,0,30.0,0,1
9,3,0,0,1,12,0,1,5,1,46.0,0,1
31,7,1,0,1,6,1,1,5,1,37.0,0,1
32,10,2,0,1,12,0,1,5,0,21.0,0,1
9,3,0,0,1,12,1,0,5,1,15.0,0,1
9,3,0,0,1,12,1,1,5,0,15.0,0,1
32,10,2,0,1,12,1,1,5,0,12.0,0,1
9,3,0,0,1,12,1,1,5,0,40.0,0,1
9,3,0,0,1,12,1,0,2,0,15.0,0,1
9,3,0,0,1,12,1,1,5,0,10.0,0,1
33,10,2,0,1,12,2,1,5,3,36.0,0,1
33,10,2,0,1,12,2,1,5,1,33.0,0,1
9,3,0,0,1,12,1,0,5,0,18.0,0,1
16,19,1,0,1,12,1,0,5,1,43.0,0,1
31,7,1,0,1,12,1,1,5,0,26.0,0,1
8,3,0,0,1,12,1,0,5,0,32.0,0,1
16,19,1,0,1,12,1,1,5,1,44.0,0,1
8,3,0,0,1,12,2,1,4,1,37.0,0,1
8,3,0,0,1,12,2,1,5,0,46.0,0,1
9,3,0,0,1,12,2,0,5,0,20.0,0,1
16,19,1,0,1,12,1,1,5,0,17.0,0,1
32,10,2,0,1,12,2,1,1,0,33.0,0,1
9,3,0,0,1,12,1,0,5,1,36.0,0,1
9,3,0,0,1,12,2,1,5,0,24.0,0,1
16,19,1,0,1,12,1,0,5,0,25.0,0,1
31,7,1,0,1,12,1,1,5,0,48.0,0,1
8,3,0,0,1,12,1,1,5,1,62.0,0,1
16,19,1,0,1,12,1,1,5,1,19.0,0,1
33,10,2,0,1,12,2,0,5,1,46.0,0,1
9,3,0,0,1,12,1,0,5,0,11.0,0,1
9,3,0,0,1,12,1,0,2,1,15.0,0,1
32,10,2,0,1,12,1,1,2,1,12.0,0,1
42,1,2,0,0,12,1,0,5,0,39.0,0,1
9,3,0,0,1,12,2,0,5,1,46.0,0,1
9,3,0,0,1,12,2,1,2,1,52.0,0,1
9,3,0,0,1,12,2,0,5,0,32.0,0,1
9,3,0,0,1,12,0,1,5,0,40.0,0,1
9,3,0,0,1,6,1,1,5,3,34.0,0,1
20,19,1,1,1,12,1,1,5,0,32.0,0,1
32,10,2,0,1,12,2,1,2,1,40.0,0,1
9,3,0,0,1,12,1,0,5,0,27.0,0,1
8,3,0,0,1,12,0,1,5,1,38.0,0,1
9,3,0,0,1,12,1,1,5,1,15.0,0,1
20,19,1,1,1,12,1,1,5,0,36.0,0,1
9,3,0,0,1,12,1,1,5,1,14.0,0,1
8,3,0,0,1,5,0,1,5,1,25.0,0,1
31,7,1,0,1,12,2,1,5,3,30.0,0,1
9,3,0,0,1,12,1,1,5,1,61.0,0,1
32,10,2,0,1,12,1,0,5,2,14.0,0,1
32,10,2,0,1,12,1,1,0,1,18.0,0,1
9,3,0,0,1,12,1,1,5,0,19.666666666666668,1,1
9,3,0,0,1,12,2,1,2,1,36.0,0,1
8,3,0,0,1,12,0,1,5,0,67.0,0,1
9,3,0,0,1,12,1,1,5,3,14.0,0,1
8,3,0,0,1,5,1,0,5,1,13.0,0,1
32,10,2,0,1,12,1,1,5,0,12.0,0,1
9,3,0,0,1,12,1,1,5,0,26.0,1,1
31,7,1,0,1,12,0,1,5,1,32.0,0,1
31,7,1,0,1,0,1,1,5,1,44.0,0,1
9,3,0,0,1,12,0,0,5,1,37.0,0,1
32,10,2,0,1,12,1,1,5,3,14.0,0,1
9,3,0,0,1,12,1,0,2,1,13.0,0,1
16,19,1,0,1,12,1,0,5,0,44.0,0,1
9,3,0,0,1,12,2,1,2,1,42.0,0,1
16,19,1,0,1,12,1,1,5,0,17.0,0,1
9,3,0,0,1,12,1,1,5,1,16.0,0,1
9,3,0,0,1,12,1,1,5,0,13.0,0,1
9,3,0,0,1,12,1,1,5,1,16.0,0,1
16,19,1,0,1,12,1,0,0,1,15.0,0,1
9,3,0,0,1,12,1,1,5,1,16.0,0,1
32,10,2,0,1,12,1,0,5,0,15.0,0,1
9,3,0,0,1,12,0,1,5,0,36.0,0,1
9,3,0,0,1,12,1,0,5,0,14.0,0,1
9,3,0,0,1,12,1,1,5,0,15.0,0,1
16,19,1,0,1,12,1,1,5,1,32.0,0,1
9,3,0,0,1,12,1,0,5,1,12.0,0,1
16,19,1,0,1,12,0,1,5,0,29.0,0,1
8,3,0,0,1,12,0,1,5,1,26.0,0,1
32,10,2,0,1,12,2,1,5,0,40.0,0,1
10,3,0,0,1,12,1,0,5,0,34.0,0,1
9,3,0,0,1,12,1,1,2,1,26.0,0,1
9,3,0,0,1,12,0,1,5,0,28.0,0,1
9,3,0,0,1,12,0,0,5,0,25.0,0,1
9,3,0,0,1,12,0,0,2,0,27.5,1,1
31,7,1,0,1,12,0,1,5,0,28.0,0,1
9,3,0,0,1,12,1,1,5,3,71.0,0,1
20,19,1,1,1,12,1,1,5,0,14.0,0,1
8,3,0,0,1,5,0,1,5,1,44.0,0,1
9,3,0,0,1,12,2,1,5,0,45.0,0,1
32,10,2,0,1,12,1,0,5,1,15.0,0,1
32,10,2,0,1,12,1,1,5,1,15.0,0,1
9,3,0,0,1,12,0,0,5,1,35.0,0,1
16,19,1,0,1,12,1,1,5,1,33.0,0,1
16,19,1,0,1,1,0,1,5,0,22.0,1,1
8,3,0,0,1,12,0,0,5,0,21.0,0,1
13,5,1,1,1,5,2,1,5,1,43.5,1,1
7,25,1,1,1,0,1,1,5,3,37.0,0,1
9,3,0,0,1,12,1,0,5,3,14.0,0,1
0,16,0,0,1,3,1,1,5,3,33.0,0,1
32,10,2,0,1,12,1,1,5,1,15.0,0,1
9,3,0,0,1,12,0,1,5,0,21.0,0,1
9,3,0,0,1,12,0,1,5,1,51.0,0,1
8,3,0,0,1,12,1,1,5,3,35.0,0,1
9,3,0,0,1,12,0,1,5,0,12.0,0,1
9,3,0,0,1,12,1,1,5,1,11.0,0,1
16,19,1,0,1,12,0,1,5,0,16.0,0,1
9,3,0,0,1,12,1,0,5,0,16.0,0,1
16,19,1,0,1,12,0,1,5,0,29.0,0,1
9,3,0,0,1,12,0,1,5,1,33.0,0,1
16,19,1,0,1,12,1,1,5,1,76.0,0,1
9,3,0,0,1,12,1,1,0,1,52.0,0,1
40,30,2,0,1,4,2,1,4,3,21.0,0,1
16,19,1,0,1,12,0,1,4,3,21.0,0,1
9,3,0,0,1,12,1,1,5,0,39.0,0,1
9,3,0,0,1,12,2,1,2,1,38.0,0,1
42,1,2,0,0,12,1,1,5,0,41.0,0,1
49,0,2,0,0,12,2,1,5,0,26.0,0,1
8,3,0,0,1,5,0,1,5,0,37.0,0,1
32,10,2,0,1,12,0,1,5,3,63.0,0,1
3,26,0,0,1,12,1,1,5,3,32.0,0,1
9,3,0,0,1,12,1,1,5,1,15.0,1,1
29,11,1,1,1,12,1,1,5,1,27.0,0,1
49,0,2,0,0,12,2,0,4,3,39.0,0,1
49,0,2,0,0,12,2,1,5,0,36.0,0,1
9,3,0,0,1,12,1,0,5,0,14.0,0,1
32,10,2,0,1,12,1,1,5,0,29.0,0,1
32,10,2,0,1,12,1,0,4,3,38.333333333333336,1,1
13,5,1,1,1,12,2,0,5,2,44.0,1,1
8,3,0,0,1,12,2,1,3,3,67.0,0,1
